{
    "time": [
        37.02361898171886,
        37.03361898171886,
        37.04361898171886,
        37.053618981718856,
        37.063618981718854,
        37.07361898171885,
        37.08361898171885,
        37.09361898171885,
        37.103618981718846,
        37.113618981718844,
        37.12361898171884,
        37.13361898171884,
        37.14361898171884,
        37.153618981718836,
        37.163618981718834,
        37.17361898171883,
        37.18361898171883,
        37.19361898171883,
        37.194514661412036
    ],
    "frequency": [
        11668.750103417484,
        11207.691388438612,
        10518.984473085671,
        9637.893785732911,
        9649.869336771328,
        9674.305106768372,
        9702.24805919134,
        9751.027993597909,
        9862.799803289789,
        11232.182446610419,
        11375.91563930406,
        11430.837504639258,
        11766.152933714842,
        12039.765508255528,
        12101.877783995122,
        12193.470558580695,
        12340.171058801287,
        12486.871559021878,
        12500.011224924987
    ]
}