{
    "time": [
        13.92923695134602,
        13.93923695134602,
        13.94923695134602,
        13.95923695134602,
        13.96923695134602,
        13.979236951346019,
        13.989236951346019,
        13.999236951346019,
        14.009236951346018,
        14.019236951346018,
        14.029236951346018,
        14.039236951346018,
        14.049236951346018,
        14.059236951346017,
        14.069236951346017,
        14.079236951346017,
        14.089236951346017,
        14.099236951346017,
        14.109236951346016,
        14.119236951346016,
        14.129236951346016,
        14.139236951346016,
        14.149236951346015,
        14.159236951346015,
        14.169236951346015,
        14.179236951346015,
        14.189236951346015,
        14.199236951346014,
        14.209236951346014,
        14.219236951346014,
        14.229236951346014,
        14.239236951346014,
        14.249236951346013,
        14.259236951346013,
        14.269236951346013,
        14.279236951346013,
        14.289236951346012,
        14.299236951346012,
        14.309236951346012,
        14.319236951346012,
        14.329236951346012,
        14.339236951346011,
        14.349236951346011,
        14.359236951346011,
        14.36923695134601,
        14.37923695134601,
        14.38923695134601,
        14.39923695134601,
        14.40923695134601,
        14.41923695134601,
        14.42923695134601,
        14.438177797046087
    ],
    "frequency": [
        12398.194112638183,
        12789.7426497517,
        13181.291186865223,
        13519.398094508098,
        13732.162634892251,
        13881.258812820983,
        13952.791718639794,
        14024.324624458603,
        14062.054719650085,
        14077.950920943156,
        14093.847122236226,
        14098.634762996513,
        14057.758816814334,
        14016.882870632156,
        13969.560930742124,
        13898.028024923313,
        13826.495119104502,
        13754.962213285693,
        13683.429307466879,
        13600.63729113908,
        13512.072741077694,
        13423.508191016306,
        13334.94364095492,
        13246.379090893532,
        13157.814540832143,
        13074.422714115677,
        12993.352087521029,
        12912.281460926377,
        12834.376753355262,
        12757.043882199789,
        12679.711011044317,
        12602.378139888844,
        12525.04526873337,
        12443.34102889257,
        12358.561288662866,
        12273.781548433162,
        12189.001808203458,
        12119.13714083737,
        12054.280639561646,
        11989.424138285925,
        11929.969964259348,
        11892.878827908851,
        11855.787691558357,
        11818.022926893895,
        11779.872043790529,
        11741.721160687164,
        11703.570277583796,
        11665.41939448043,
        11599.572161446078,
        11519.455306929009,
        11439.33845241194,
        11367.707208990669
    ]
}