{
    "time": [
        17.364454242969373,
        17.374454242969374,
        17.384454242969376,
        17.394454242969378,
        17.40445424296938,
        17.41445424296938,
        17.424454242969382,
        17.434454242969384,
        17.444454242969385,
        17.454454242969387,
        17.46445424296939,
        17.47445424296939,
        17.48445424296939,
        17.494454242969393,
        17.504454242969395,
        17.514454242969396,
        17.524454242969398,
        17.5344542429694,
        17.5444542429694,
        17.554454242969403,
        17.564454242969404,
        17.574454242969406,
        17.584454242969407,
        17.59445424296941,
        17.60445424296941,
        17.614454242969412,
        17.624454242969414,
        17.634454242969415,
        17.644454242969417,
        17.65445424296942,
        17.66445424296942,
        17.66912063770176
    ],
    "frequency": [
        11569.75065899211,
        11453.480063169754,
        11394.066166518038,
        11376.449409575256,
        11358.542806460238,
        11319.785941186128,
        11281.029075912014,
        11242.272210637902,
        11203.515345363792,
        11146.441261564,
        11083.020936569992,
        11019.600611575988,
        10894.66584177823,
        10762.540164707396,
        10630.414487636535,
        10527.191423784441,
        10455.466056231699,
        10383.740688678958,
        10312.015321126213,
        10253.91654509571,
        10209.874652738763,
        10165.832760381818,
        10121.79086802487,
        10077.748975667924,
        10024.009077451989,
        9953.542049680867,
        9883.07502190975,
        9780.015497610939,
        9669.02992887143,
        9558.044360131922,
        9280.146200054132,
        9146.971278340288
    ]
}