{
    "time": [
        59.066447189301854,
        59.07644718930185,
        59.08644718930185,
        59.09644718930185,
        59.106447189301846,
        59.116447189301844,
        59.12644718930184,
        59.13644718930184,
        59.14644718930184,
        59.156447189301836,
        59.166447189301834,
        59.17644718930183,
        59.18644718930183,
        59.19644718930183,
        59.20336972816989
    ],
    "frequency": [
        11235.466669346937,
        11202.881522697615,
        11170.296376048293,
        11138.913735430895,
        11116.569634871365,
        11094.225534311834,
        11071.881433752304,
        11066.771188046738,
        11077.943238326505,
        11089.11528860627,
        11100.287338886033,
        11169.131389406668,
        11243.611724605104,
        11318.09205980354,
        11369.651361335287
    ]
}