{
    "time": [
        28.13678205933575,
        28.146782059335752,
        28.156782059335754,
        28.166782059335755,
        28.176782059335757,
        28.18678205933576,
        28.19678205933576,
        28.20678205933576,
        28.216782059335763,
        28.226782059335765,
        28.236782059335766,
        28.246782059335768,
        28.25678205933577,
        28.26678205933577,
        28.276782059335773,
        28.286782059335774,
        28.296782059335776,
        28.306782059335777,
        28.31678205933578,
        28.32678205933578,
        28.336782059335782,
        28.346782059335784,
        28.356782059335785,
        28.366782059335787,
        28.37678205933579,
        28.38678205933579,
        28.39678205933579,
        28.406782059335793,
        28.416782059335794,
        28.426782059335796,
        28.436782059335798,
        28.4467820593358,
        28.44991402305217
    ],
    "frequency": [
        6509.807552692151,
        6678.4518105699735,
        6847.096068447797,
        7015.740326325619,
        7184.3845842034425,
        7534.3395135468645,
        7888.654613030587,
        8173.841467168948,
        8640.057288765762,
        9218.15034581815,
        9796.24340287054,
        10374.336459922928,
        10940.811066498398,
        11407.705817474947,
        11768.794752665293,
        12036.085090872311,
        12299.966347918293,
        12550.191325509022,
        12684.872503675366,
        12767.237939213355,
        12787.440115938301,
        12783.067234509965,
        12734.582010370083,
        12686.096786230204,
        12580.010677169108,
        12453.025566326578,
        12314.024079030554,
        12144.830848959109,
        11975.637618887664,
        11806.44438881622,
        11637.251158744773,
        11468.057928673328,
        11415.067222909409
    ]
}