{
    "time": [
        9.51873083588855,
        9.528730835888549,
        9.538730835888549,
        9.548730835888549,
        9.558730835888548,
        9.568730835888548,
        9.578730835888548,
        9.588730835888548,
        9.598730835888547,
        9.608730835888547,
        9.618730835888547,
        9.628730835888547,
        9.638730835888547,
        9.648730835888546,
        9.658730835888546,
        9.668730835888546,
        9.678730835888546,
        9.688730835888546,
        9.698730835888545,
        9.708730835888545,
        9.718704172776963
    ],
    "frequency": [
        11747.82056462274,
        11786.024534148175,
        11824.228503673612,
        11906.903444368436,
        12033.990109002229,
        12161.013301831577,
        12192.879565439953,
        12224.745829048326,
        12257.558039288337,
        12291.312420428352,
        12325.019459166115,
        12323.262304368029,
        12321.505149569943,
        12312.30933987628,
        12295.724294998014,
        12279.050771045584,
        12218.220290473102,
        12157.38980990062,
        12086.064467826694,
        12004.341748368239,
        11922.836927108552
    ]
}