{
    "time": [
        55.804820056842864,
        55.81482005684286,
        55.82482005684286,
        55.83482005684286,
        55.844820056842856,
        55.854820056842854,
        55.86482005684285,
        55.87482005684285,
        55.88482005684285,
        55.894820056842846,
        55.904820056842844,
        55.90931424828316
    ],
    "frequency": [
        11628.040186175815,
        11526.838574987161,
        11425.259464197416,
        11323.350149434038,
        11262.04284441458,
        11240.175866181318,
        11246.403657639083,
        11256.348632305715,
        11279.702850272324,
        11347.846688205518,
        11498.405592862195,
        11582.372254046842
    ]
}