{
    "time": [
        12.230369284095456,
        12.240369284095456,
        12.250369284095456,
        12.260369284095455,
        12.270369284095455,
        12.280369284095455,
        12.290369284095455,
        12.300369284095455,
        12.310369284095454,
        12.318357552326358
    ],
    "frequency": [
        8980.507296180276,
        9095.475764936948,
        9210.444233693617,
        9316.559101629677,
        9299.498028128892,
        9282.436954628109,
        9265.918705071996,
        9252.905069353495,
        9239.891433634995,
        9229.49579235713
    ]
}