{
    "time": [
        20.921782038945928,
        20.93178203894593,
        20.94178203894593,
        20.951782038945932,
        20.961782038945934,
        20.971782038945936,
        20.981782038945937,
        20.99178203894594,
        21.00178203894594,
        21.01178203894594,
        21.021782038945943,
        21.031782038945945,
        21.041782038945946,
        21.051782038945948,
        21.06178203894595,
        21.07178203894595,
        21.081782038945953,
        21.091782038945954,
        21.101782038945956,
        21.111782038945957,
        21.12178203894596,
        21.13178203894596,
        21.141782038945962,
        21.151782038945964,
        21.161782038945965,
        21.171782038945967,
        21.18178203894597,
        21.19178203894597,
        21.20178203894597,
        21.211782038945973,
        21.221782038945975,
        21.231782038945976,
        21.241782038945978,
        21.25178203894598,
        21.26178203894598,
        21.268741313055635
    ],
    "frequency": [
        11460.555197746993,
        11306.952672816016,
        11153.35014788504,
        10999.747622954064,
        10842.454584586423,
        10657.072226911088,
        10514.524139434572,
        10405.280964375912,
        10336.687827622889,
        10310.20463366927,
        10293.945419062917,
        10331.02189059798,
        10368.098362133043,
        10405.174833668107,
        10455.90156364957,
        10542.259804802668,
        10628.618045955769,
        10714.976287108871,
        10801.33452826197,
        10887.69276941507,
        10973.873202231696,
        11059.678750641415,
        11145.484299051132,
        11231.289847460846,
        11317.095395870563,
        11402.900944280278,
        11488.706492689997,
        11584.982014248702,
        11683.12561537093,
        11781.269216493158,
        11879.412817615384,
        11975.859554257157,
        12070.205932716919,
        12164.552311176678,
        12258.898689636437,
        12324.556920531893
    ]
}