{
    "time": [
        45.806214649268576,
        45.816214649268574,
        45.82621464926857,
        45.83621464926857,
        45.84621464926857,
        45.856214649268566,
        45.866214649268564,
        45.87621464926856,
        45.88621464926856,
        45.89621464926856,
        45.906214649268556,
        45.916214649268554,
        45.92621464926855,
        45.93621464926855,
        45.94621464926855,
        45.956214649268546,
        45.966214649268544,
        45.97621464926854,
        45.98621464926854,
        45.99621464926854,
        46.006214649268536,
        46.016214649268534,
        46.019865738599485
    ],
    "frequency": [
        10698.396512664985,
        10662.200314879214,
        10626.004117093442,
        10589.80791930767,
        10553.611721521898,
        10515.419705066271,
        10459.214429001408,
        10403.009152936545,
        10346.803876871683,
        10290.598600806823,
        10253.736496399168,
        10230.232471862953,
        10206.728447326735,
        10183.22442279052,
        10154.250074695452,
        10111.159363045717,
        10068.06865139598,
        10024.977939746244,
        9986.51089047853,
        9949.575994778766,
        9912.641099079,
        9875.706203379235,
        9862.220943016311
    ]
}