{
    "time": [
        10.214638048260234,
        10.224638048260234,
        10.234638048260233,
        10.244638048260233,
        10.254638048260233,
        10.264638048260233,
        10.274638048260233,
        10.284638048260232,
        10.294638048260232,
        10.302626316491136
    ],
    "frequency": [
        8766.865804586952,
        8913.952372516304,
        9061.038940445653,
        9198.236982561892,
        9197.860663564295,
        9197.4843445667,
        9194.64784199207,
        9175.927748629356,
        9157.207655266644,
        9142.25354255775
    ]
}