{
    "time": [
        51.891834859105145,
        51.90183485910514,
        51.91183485910514,
        51.92183485910514,
        51.93183485910514,
        51.941834859105136,
        51.95183485910513,
        51.96183485910513,
        51.97183485910513,
        51.98183485910513,
        51.991834859105126,
        52.001834859105124,
        52.01183485910512,
        52.01233640370797
    ],
    "frequency": [
        12366.588140493634,
        12179.946877646842,
        12100.018362485816,
        12171.31402233473,
        12271.205322253478,
        12381.360132625357,
        12495.803233878603,
        12562.295293902913,
        12615.44937458303,
        12660.409164361097,
        12685.885367751045,
        12792.723383160443,
        13043.875593765693,
        13056.116664001667
    ]
}