{
    "time": [
        53.66484468737502,
        53.67484468737502,
        53.68484468737502,
        53.69484468737502,
        53.704844687375015,
        53.71484468737501,
        53.72484468737501,
        53.73484468737501,
        53.74484468737501,
        53.754844687375005,
        53.764844687375,
        53.774844687375,
        53.784844687375,
        53.794844687375,
        53.804844687374995,
        53.81484468737499,
        53.82484468737499,
        53.83484468737499,
        53.84484468737499,
        53.854844687374985,
        53.86484468737498,
        53.87484468737498,
        53.88484468737498,
        53.89484468737498,
        53.904844687374975,
        53.91484468737497,
        53.92484468737497,
        53.93484468737497,
        53.94484468737497,
        53.954844687374965,
        53.96484468737496,
        53.97484468737496,
        53.98484468737496,
        53.99484468737496,
        54.004844687374955,
        54.01484468737495,
        54.02484468737495,
        54.03484468737495,
        54.04484468737495,
        54.054844687374946,
        54.06484468737494,
        54.07484468737494,
        54.08484468737494,
        54.09484468737494,
        54.104844687374936,
        54.114844687374934,
        54.12484468737493,
        54.13484468737493,
        54.14484468737493,
        54.154844687374926,
        54.158493153293854
    ],
    "frequency": [
        13865.932332334209,
        13914.238483773664,
        13962.544635213122,
        13966.529683784709,
        13921.96998714063,
        13877.41029049655,
        13850.808296892166,
        13825.06195567592,
        13785.480312477424,
        13727.691367180798,
        13669.902421884171,
        13538.341945796044,
        13399.399572906887,
        13284.091199793473,
        13206.329697650697,
        13128.56819550792,
        13004.113120225762,
        12872.28038497502,
        12712.650834575572,
        12499.258526729802,
        12285.866218884032,
        12117.733066233855,
        11959.664690051804,
        11810.93293804415,
        11684.478237098474,
        11558.023536152796,
        11524.481826089239,
        11518.28814189395,
        11505.048763616081,
        11470.655819566558,
        11436.262875517037,
        11414.88919761373,
        11398.40166941016,
        11378.654410130566,
        11346.216951853936,
        11313.779493577307,
        11281.342035300677,
        11239.527619837641,
        11195.010476313802,
        11154.437650750155,
        11136.564570412582,
        11118.691490075013,
        11114.142391858764,
        11121.901403895166,
        11129.660415931567,
        11157.556901008029,
        11187.901799980777,
        11248.216960624313,
        11392.355230744824,
        11536.493500865334,
        11589.081857480141
    ]
}