{
    "time": [
        19.58688276725302,
        19.59688276725302,
        19.606882767253023,
        19.616882767253024,
        19.626882767253026,
        19.636882767253027,
        19.64688276725303,
        19.65688276725303,
        19.666882767253032,
        19.676882767253034,
        19.686882767253035,
        19.696882767253037,
        19.70688276725304,
        19.71688276725304,
        19.72688276725304,
        19.736882767253043,
        19.746882767253044,
        19.756882767253046,
        19.766882767253048,
        19.77688276725305,
        19.78688276725305,
        19.796882767253052,
        19.806882767253054,
        19.816882767253055,
        19.826882767253057,
        19.83688276725306,
        19.84688276725306,
        19.85688276725306,
        19.866882767253063,
        19.870089387447255
    ],
    "frequency": [
        12486.136200831854,
        12606.183996037746,
        12879.279908937584,
        13266.862790602343,
        13654.445672267102,
        14042.028553931861,
        14429.61143559662,
        14704.91428736148,
        14896.990759690929,
        15089.067232020376,
        15240.895124110177,
        15376.949292010208,
        15457.633605037676,
        15497.649536772971,
        15518.625192471098,
        15514.834209464594,
        15511.04322645809,
        15507.252243451589,
        15503.461260445087,
        15481.213659147728,
        15457.204100106548,
        15433.19454106537,
        15409.184982024191,
        15360.003125326175,
        15295.977634549694,
        15231.952143773216,
        15167.926652996737,
        15079.822071694703,
        14946.054528465254,
        14903.160357920566
    ]
}