{
    "time": [
        37.37416825883911,
        37.38416825883911,
        37.39416825883911,
        37.40416825883911,
        37.414168258839105,
        37.4241682588391,
        37.4341682588391,
        37.4441682588391,
        37.4541682588391,
        37.464168258839095,
        37.47416825883909,
        37.48416825883909,
        37.49416825883909,
        37.50416825883909,
        37.514168258839085,
        37.52416825883908,
        37.53416825883908,
        37.54416825883908,
        37.55416825883908,
        37.564168258839075,
        37.57416825883907,
        37.58416825883907,
        37.59416825883907,
        37.60416825883907,
        37.614168258839065,
        37.62416825883906,
        37.63416825883906,
        37.64416825883906,
        37.65416825883906,
        37.664168258839055,
        37.67416825883905,
        37.68416825883905,
        37.69416825883905,
        37.70416825883905,
        37.714168258839045,
        37.72416825883904,
        37.73416825883904,
        37.74416825883904,
        37.75416825883904,
        37.764168258839035,
        37.77416825883903,
        37.78416825883903,
        37.79416825883903,
        37.80416825883903,
        37.814168258839025,
        37.82416825883902,
        37.83416825883902,
        37.84416825883902,
        37.85416825883902,
        37.864168258839015,
        37.87416825883901,
        37.88416825883901,
        37.89416825883901,
        37.90416825883901,
        37.914168258839005,
        37.924168258839,
        37.934168258839,
        37.944168258839,
        37.954168258839,
        37.964168258838995,
        37.97416825883899,
        37.98416825883899,
        37.99416825883899,
        38.00416825883899,
        38.014168258838986,
        38.02416825883898,
        38.03416825883898,
        38.04416825883898,
        38.05416825883898,
        38.064168258838976,
        38.074168258838974,
        38.08416825883897,
        38.09416825883897,
        38.10416825883897,
        38.114168258838966,
        38.124168258838964,
        38.13416825883896,
        38.14416825883896,
        38.15416825883896,
        38.164168258838956,
        38.174168258838954,
        38.18416825883895,
        38.19416825883895,
        38.20416825883895,
        38.214168258838946,
        38.224168258838944,
        38.23416825883894,
        38.24416825883894,
        38.25031505036198
    ],
    "frequency": [
        7073.522566883444,
        7297.1717144128215,
        7520.820861942199,
        7696.593376780331,
        7808.417950545025,
        7920.242524309719,
        8032.067098074411,
        8143.891671839105,
        8255.716245603797,
        8343.658718432074,
        8399.571005314414,
        8455.483292196755,
        8511.395579079097,
        8567.307865961438,
        8623.22015284378,
        8679.13243972612,
        8735.044726608461,
        8790.957013490804,
        8850.615512284736,
        8910.913076569614,
        8971.21064085449,
        9031.50820513937,
        9091.805769424245,
        9152.340487738757,
        9222.23084634168,
        9292.1212049446,
        9362.01156354752,
        9598.402043794402,
        9669.503602143526,
        9712.990936385344,
        9756.478270627162,
        9799.965604868978,
        9843.452939110797,
        10861.92625149759,
        11792.73538947212,
        12131.597734213672,
        12366.627345624189,
        12501.230999229821,
        12635.834652835452,
        12722.172122317783,
        12742.430197275155,
        12762.688272232526,
        12782.946347189896,
        12728.326756489369,
        12592.130160237535,
        12432.83251598751,
        12204.100433286963,
        11191.102105672207,
        9794.870694975167,
        9363.267076935972,
        8931.663458896779,
        8445.183432495869,
        7803.293162789445,
        7316.209656730431,
        7415.609277854599,
        7515.008898978767,
        7610.561178089509,
        7703.748322893413,
        7796.935467697317,
        7890.122612501221,
        7975.7904093670095,
        8054.067611002287,
        8132.344812637564,
        8210.622014272842,
        8305.285821381329,
        8458.770530470108,
        8612.255239558886,
        8762.672502692845,
        8906.037340852692,
        9049.402179012537,
        9192.767017172384,
        9336.131855332233,
        9763.39248701228,
        10422.83207971318,
        10545.140207268303,
        10667.448334823428,
        11101.578668922873,
        11229.710993028239,
        11357.843317133607,
        11485.975641238976,
        11818.508645013862,
        12653.904830464735,
        12933.466264876472,
        12946.047186474847,
        12834.466812689161,
        12681.373646225638,
        12498.560707121069,
        12235.942389946367,
        12074.516385365789
    ]
}