{
    "time": [
        39.09878682842288,
        39.10878682842288,
        39.11878682842288,
        39.128786828422875,
        39.13878682842287,
        39.14878682842287,
        39.15878682842287,
        39.16878682842287,
        39.178786828422865,
        39.18878682842286,
        39.19878682842286,
        39.20878682842286,
        39.21878682842286,
        39.228786828422855,
        39.23878682842285,
        39.24878682842285,
        39.25878682842285,
        39.26878682842285,
        39.274763364884684
    ],
    "frequency": [
        10920.328440440986,
        10937.74663321817,
        10955.164825995353,
        10981.436954516315,
        11017.0712675121,
        11052.705580507885,
        11096.135179600798,
        11139.788517852301,
        11167.840338185568,
        11177.44026351158,
        11187.040188837595,
        11205.848962275704,
        11225.201978507232,
        11247.356186860268,
        11273.219857543781,
        11299.083528227293,
        11331.937917669718,
        11365.430904737404,
        11385.448110579995
    ]
}