{
    "time": [
        32.227702972936946,
        32.237702972936944,
        32.24770297293694,
        32.25770297293694,
        32.26770297293694,
        32.277702972936936,
        32.287702972936934,
        32.29770297293693,
        32.30770297293693,
        32.31770297293693,
        32.327702972936926,
        32.337702972936924,
        32.34770297293692,
        32.35770297293692,
        32.36770297293692,
        32.377702972936916,
        32.387702972936914,
        32.39770297293691,
        32.40770297293691,
        32.41770297293691,
        32.42767630982536
    ],
    "frequency": [
        8047.945840959125,
        8202.736968235224,
        8357.528095511321,
        8473.451671648,
        8550.559478621082,
        8627.61168220705,
        8621.303287742629,
        8614.994893278203,
        8624.136011963872,
        8648.66497730232,
        8673.24045733995,
        8732.660098592858,
        8792.079739845765,
        8855.707229810527,
        8923.51461307453,
        8991.320206761458,
        9058.232682181431,
        9125.145157601406,
        9275.791532236577,
        9509.394023053828,
        9742.373656944024
    ]
}