{
    "time": [
        9.949432389198257,
        9.959432389198257,
        9.969432389198257,
        9.979432389198257,
        9.989432389198257,
        9.999432389198256,
        10.009432389198256,
        10.019432389198256,
        10.029432389198256,
        10.039432389198256,
        10.049432389198255,
        10.059432389198255,
        10.069432389198255,
        10.079432389198255,
        10.089432389198254,
        10.099432389198254,
        10.109432389198254,
        10.119432389198254,
        10.129432389198254,
        10.139432389198253,
        10.149432389198253,
        10.159432389198253,
        10.169432389198253,
        10.179432389198253,
        10.189432389198252,
        10.199432389198252,
        10.209432389198252,
        10.219432389198252,
        10.229432389198251,
        10.239432389198251,
        10.249432389198251,
        10.25943238919825,
        10.26943238919825,
        10.27943238919825,
        10.28943238919825,
        10.29943238919825,
        10.30943238919825,
        10.31943238919825,
        10.32943238919825,
        10.33943238919825,
        10.349432389198249,
        10.359432389198249,
        10.369432389198249,
        10.379432389198248,
        10.389432389198248,
        10.399432389198248,
        10.409432389198248,
        10.419432389198247,
        10.429432389198247,
        10.439432389198247,
        10.449432389198247,
        10.459432389198247,
        10.469432389198246,
        10.479432389198246,
        10.489432389198246,
        10.499432389198246,
        10.509432389198246,
        10.519432389198245,
        10.529432389198245,
        10.539432389198245,
        10.549432389198245,
        10.559432389198244,
        10.569432389198244,
        10.579432389198244,
        10.589432389198244,
        10.599432389198244,
        10.609432389198243,
        10.619432389198243,
        10.629432389198243,
        10.639432389198243,
        10.647202779213252
    ],
    "frequency": [
        7299.07515650716,
        6662.355784322127,
        6268.073894347038,
        6176.590469431078,
        6085.10704451512,
        5993.6236195991605,
        5981.003279705486,
        5974.186867652925,
        5967.031952705047,
        5954.504492716556,
        5941.977032728066,
        5929.449572739574,
        5916.922112751083,
        5904.394652762592,
        5891.867192774102,
        5868.181494731791,
        5841.845357255983,
        5815.509219780177,
        5786.670400238964,
        5732.869433681248,
        5679.068467123531,
        5625.267500565815,
        5571.466534008098,
        5517.7803247369175,
        5464.297707093745,
        5410.815089450572,
        5357.332471807399,
        5303.849854164225,
        5273.184793705176,
        5243.280534377809,
        5213.376275050443,
        5183.472015723077,
        5153.56775639571,
        5143.43665951609,
        5140.6103423235645,
        5137.784025131039,
        5134.9577079385135,
        5132.131390745988,
        5129.3050735534625,
        5126.478756360936,
        5233.317402557016,
        5367.02394666496,
        5408.6043163041895,
        5390.498221789574,
        5372.3921272749585,
        5354.286032760343,
        5336.179938245727,
        5318.7377348184355,
        5303.94467036394,
        5289.151605909445,
        5274.358541454951,
        5259.565477000455,
        5244.772412545959,
        5229.979348091465,
        5215.186283636969,
        5200.168286427041,
        5184.508961441426,
        5168.849636455812,
        5153.190311470198,
        5137.530986484584,
        5121.87166149897,
        5106.288684463127,
        5099.667027040638,
        5093.04536961815,
        5086.423712195662,
        5079.802054773174,
        5073.180397350686,
        5070.431265551352,
        5104.513325814161,
        5138.595386076969,
        5165.078476152676
    ]
}