{
    "time": [
        9.547327418681142,
        9.557327418681142,
        9.567327418681142,
        9.577327418681142,
        9.587327418681141,
        9.597327418681141,
        9.607327418681141,
        9.61732741868114,
        9.62732741868114,
        9.63732741868114,
        9.64732741868114,
        9.65732741868114,
        9.66732741868114,
        9.67732741868114,
        9.68732741868114,
        9.69732741868114,
        9.707327418681139,
        9.717327418681139,
        9.727327418681138,
        9.737327418681138,
        9.747327418681138,
        9.757327418681138,
        9.767327418681138,
        9.777327418681137,
        9.787327418681137,
        9.797327418681137,
        9.807327418681137,
        9.817327418681137,
        9.827327418681136,
        9.837327418681136,
        9.847327418681136,
        9.857327418681136,
        9.867327418681135,
        9.877327418681135,
        9.887327418681135,
        9.897327418681135,
        9.907327418681135,
        9.917327418681134,
        9.927327418681134,
        9.937327418681134,
        9.947327418681134,
        9.957327418681134,
        9.967327418681133,
        9.977327418681133,
        9.987327418681133,
        9.997327418681133,
        10.007327418681133,
        10.017327418681132,
        10.027327418681132,
        10.037327418681132,
        10.047327418681132,
        10.057327418681131,
        10.067327418681131,
        10.077327418681131,
        10.08732741868113,
        10.09732741868113,
        10.10732741868113,
        10.11732741868113,
        10.12732741868113,
        10.13732741868113,
        10.14732741868113,
        10.15732741868113,
        10.167327418681129,
        10.177327418681129,
        10.187327418681129,
        10.197327418681128,
        10.207327418681128,
        10.217327418681128,
        10.227327418681128,
        10.237327418681128,
        10.247327418681127,
        10.257327418681127,
        10.267327418681127,
        10.277327418681127,
        10.287327418681127,
        10.297327418681126,
        10.307327418681126,
        10.317327418681126,
        10.327327418681126,
        10.337327418681125,
        10.347327418681125,
        10.357327418681125,
        10.367327418681125,
        10.375190593275203
    ],
    "frequency": [
        12428.498369836285,
        12408.168719854963,
        12387.839069873638,
        12367.509419892314,
        12347.179769910992,
        12326.850119929668,
        12306.520469948344,
        12286.190819967022,
        12265.861169985697,
        12245.531520004373,
        12231.321678612972,
        12227.543015409921,
        12223.76435220687,
        12219.98568900382,
        12216.20702580077,
        12212.42836259772,
        12208.64969939467,
        12204.87103619162,
        12201.092372988569,
        12197.313709785518,
        12193.535046582469,
        12189.756383379417,
        12185.977720176368,
        12182.199056973317,
        12178.420393770266,
        12174.641730567215,
        12160.30794728354,
        12143.75380372732,
        12127.1996601711,
        12110.645516614879,
        12094.091373058658,
        12077.537229502435,
        12060.983085946218,
        12044.428942389997,
        12027.874798833776,
        12011.320655277555,
        11994.177842100871,
        11974.393621753194,
        11954.609401405514,
        11934.825181057837,
        11915.04096071016,
        11895.25674036248,
        11875.472520014804,
        11853.543730541076,
        11825.356945566971,
        11797.170160592867,
        11768.98337561876,
        11740.796590644655,
        11712.609805670549,
        11684.359696024057,
        11640.405590719609,
        11596.451485415164,
        11552.497380110715,
        11508.543274806267,
        11456.07060908506,
        11330.535020450392,
        11195.54590670821,
        10947.233753364904,
        10698.921600021597,
        10356.360159673473,
        10058.809713621538,
        9835.328775612545,
        9639.444379423983,
        9584.554324474413,
        9529.664269524841,
        9474.774214575269,
        9422.501338607082,
        9370.355786404989,
        9318.210234202896,
        9286.514592303125,
        9269.960448746904,
        9253.406305190683,
        9236.852161634462,
        9220.29801807824,
        9087.323047983848,
        8891.183332100918,
        8607.923542361137,
        8235.77091572828,
        8169.8981354438365,
        8133.685046432752,
        8117.130902876532,
        8100.576759320311,
        8084.022615764091,
        8082.193204343667
    ]
}