{
    "time": [
        14.801724302329143,
        14.811724302329143,
        14.821724302329143,
        14.831724302329143,
        14.841724302329142,
        14.851724302329142,
        14.861724302329142,
        14.871724302329142,
        14.881724302329141,
        14.891724302329141,
        14.901724302329141,
        14.91172430232914,
        14.92172430232914,
        14.93172430232914,
        14.94172430232914,
        14.95172430232914,
        14.96172430232914,
        14.97172430232914,
        14.98172430232914,
        14.991724302329139,
        15.001724302329139,
        15.011724302329139,
        15.021724302329138,
        15.031724302329138,
        15.041724302329138,
        15.051724302329138,
        15.061724302329138,
        15.071724302329137,
        15.081724302329137,
        15.091724302329137,
        15.101724302329137,
        15.111724302329137,
        15.121724302329136,
        15.131724302329136,
        15.141724302329136,
        15.151724302329136,
        15.161724302329135,
        15.171724302329135,
        15.181724302329135,
        15.191724302329135,
        15.201724302329135,
        15.211724302329134,
        15.221724302329134,
        15.231724302329134,
        15.241724302329134,
        15.251724302329134,
        15.261724302329133,
        15.271724302329133,
        15.281724302329133,
        15.291724302329133,
        15.301724302329132,
        15.311724302329132,
        15.321724302329132,
        15.331724302329132,
        15.341724302329132,
        15.351724302329131,
        15.361724302329131,
        15.371724302329131,
        15.374470457813606
    ],
    "frequency": [
        13936.000611921561,
        13808.533706538667,
        13681.066801155768,
        13553.599895772872,
        13429.541479657884,
        13307.56357976994,
        13185.585679881995,
        12970.887848850582,
        12623.250834169967,
        12074.428583286823,
        11362.600410369341,
        10494.881438838705,
        9162.076442913421,
        8841.180737054383,
        8520.285031195344,
        8326.650990935585,
        8136.011337723625,
        7945.371684511663,
        7754.732031299702,
        7564.092378087741,
        7420.169591971673,
        7292.702686588775,
        7165.235781205875,
        7037.768875822978,
        6910.301970440079,
        6864.472722690722,
        6858.678772446046,
        6852.8848222013685,
        6856.6755118754,
        6883.71394635056,
        6910.752380825721,
        6937.790815300881,
        6964.82924977604,
        7025.217590928923,
        7201.555207071274,
        7377.892823213626,
        7554.230439355976,
        7726.2672008267955,
        7889.861090088261,
        8053.454979349728,
        8167.8868658804995,
        8225.82636832727,
        8276.392765083367,
        8260.591082597883,
        8244.789400112399,
        8228.987717626916,
        8245.131514002236,
        8312.727600190135,
        8380.323686378038,
        8447.91977256594,
        8495.567390815415,
        8502.383802867978,
        8509.200214920538,
        8509.133527980248,
        8500.856456202138,
        8492.579384424029,
        8484.30231264592,
        8476.025240867808,
        8473.752228261923
    ]
}