{
    "time": [
        43.2311533088771,
        43.241153308877095,
        43.25115330887709,
        43.26115330887709,
        43.27115330887709,
        43.28115330887709,
        43.291153308877085,
        43.30115330887708,
        43.31115330887708,
        43.32115330887708,
        43.33115330887708,
        43.341153308877075,
        43.35115330887707,
        43.36115330887707,
        43.37115330887707,
        43.38115330887707,
        43.391153308877065,
        43.40115330887706,
        43.41115330887706,
        43.42115330887706,
        43.42159511973287
    ],
    "frequency": [
        11505.948371962162,
        11587.590735931803,
        11669.233099901445,
        11750.875463871085,
        11830.128105749458,
        11876.780885160682,
        11923.433664571905,
        11970.08644398313,
        12016.739223394354,
        12061.958169550815,
        12099.280393079793,
        12136.602616608774,
        12173.924840137754,
        12211.247063666731,
        12247.946847953333,
        12282.665195422149,
        12317.383542890966,
        12352.101890359783,
        12386.8202378286,
        12421.538585297418,
        12423.072479578173
    ]
}