{
    "time": [
        56.645023668762285,
        56.65502366876228,
        56.66502366876228,
        56.67502366876228,
        56.68502366876228,
        56.695023668762275,
        56.70502366876227,
        56.71502366876227,
        56.72502366876227,
        56.73502366876227,
        56.745023668762265,
        56.75502366876226,
        56.76502366876226,
        56.77502366876226,
        56.78502366876226,
        56.795023668762255,
        56.79764813891817
    ],
    "frequency": [
        9522.185623715348,
        9418.947931792998,
        9315.710239870648,
        9350.81778506421,
        9463.320398056501,
        9575.823011048795,
        9741.69889216001,
        10025.671004954365,
        10309.643117748723,
        10593.615230543079,
        10862.863292036245,
        11095.627318916866,
        11328.391345797485,
        11561.155372678106,
        11832.882147689616,
        12213.345529809063,
        12313.197008988183
    ]
}