{
    "time": [
        22.477003066257836,
        22.487003066257838,
        22.49700306625784,
        22.50700306625784,
        22.517003066257843,
        22.527003066257844,
        22.537003066257846,
        22.547003066257847,
        22.55700306625785,
        22.56700306625785,
        22.577003066257852,
        22.587003066257854,
        22.597003066257855,
        22.607003066257857,
        22.61700306625786,
        22.62700306625786,
        22.63700306625786,
        22.647003066257863,
        22.65297960271964
    ],
    "frequency": [
        10372.50326369712,
        10351.355835399005,
        10330.208407100889,
        10360.294944061097,
        10444.556465796959,
        10528.817987532822,
        10597.46760587276,
        10665.669133650528,
        10759.61333337512,
        10884.003357823505,
        11008.393382271888,
        11142.861544475998,
        11277.925324479154,
        11418.691725637842,
        11567.009789604166,
        11715.327853570492,
        11872.129406697113,
        12029.705921057071,
        12123.882099416254
    ]
}