{
    "time": [
        52.66497800293295,
        52.674978002932946,
        52.684978002932944,
        52.69497800293294,
        52.70497800293294,
        52.71497800293294,
        52.724978002932936,
        52.734978002932934,
        52.74497800293293,
        52.75497800293293,
        52.76497800293293,
        52.774978002932926,
        52.784978002932924,
        52.79497800293292,
        52.80497800293292,
        52.81497800293292,
        52.824978002932916,
        52.834978002932914,
        52.84497800293291,
        52.85497800293291,
        52.86497800293291,
        52.874978002932906,
        52.884978002932904,
        52.8949780029329,
        52.9049780029329,
        52.9149780029329,
        52.924978002932896,
        52.934978002932894,
        52.94497800293289,
        52.95497800293289,
        52.96497800293289,
        52.974978002932886,
        52.984978002932884,
        52.99497800293288,
        53.00497800293288,
        53.01497800293288,
        53.024978002932876,
        53.034978002932874,
        53.04497800293287,
        53.05497800293287,
        53.06497800293287,
        53.06865055399824
    ],
    "frequency": [
        13016.281052278424,
        13075.668557816705,
        13135.05606335499,
        13193.968341579632,
        13252.492310276924,
        13312.878634440405,
        13389.905289696691,
        13466.93194495298,
        13532.04799647222,
        13590.778227679402,
        13640.880589287963,
        13656.751449727071,
        13672.622310166176,
        13684.828216985483,
        13695.82308999958,
        13710.718501000818,
        13734.630784805988,
        13758.543068611161,
        13778.231608144179,
        13797.188111285253,
        13805.98150091774,
        13799.69511848642,
        13793.408736055098,
        13777.460441554831,
        13761.034998906744,
        13748.245275053872,
        13739.04407788478,
        13730.340206845005,
        13730.418719368321,
        13730.497231891637,
        13726.429719421478,
        13719.643036916896,
        13698.222277538887,
        13596.560737098265,
        13494.899196657643,
        13323.46100837714,
        13122.765478257863,
        12891.106404217142,
        12568.937263762411,
        12246.768123307682,
        11801.948175430538,
        11627.690168522655
    ]
}