{
    "time": [
        8.286757767054006,
        8.296757767054006,
        8.306757767054005,
        8.316757767054005,
        8.326757767054005,
        8.336757767054005,
        8.346757767054005,
        8.356757767054004,
        8.366757767054004,
        8.376757767054004,
        8.386757767054004,
        8.396757767054003,
        8.406757767054003,
        8.416757767054003,
        8.426757767054003,
        8.436757767054003,
        8.446757767054002,
        8.456757767054002,
        8.466757767054002,
        8.476757767054002,
        8.486757767054002,
        8.496757767054001,
        8.506757767054001,
        8.516757767054001,
        8.526757767054,
        8.536757767054,
        8.546757767054,
        8.556757767054,
        8.566757767054,
        8.576757767054,
        8.586757767054,
        8.596757767054,
        8.606757767053999,
        8.616757767053999,
        8.626757767053999,
        8.636757767053998,
        8.646757767053998,
        8.656757767053998,
        8.666757767053998,
        8.676757767053997,
        8.686757767053997,
        8.696757767053997,
        8.706757767053997,
        8.716757767053997,
        8.726757767053996,
        8.736757767053996,
        8.746757767053996,
        8.756757767053996,
        8.766757767053996,
        8.776757767053995,
        8.786757767053995,
        8.796757767053995,
        8.806757767053995,
        8.816757767053994,
        8.826757767053994,
        8.836757767053994,
        8.846757767053994,
        8.856757767053994,
        8.866757767053993,
        8.876757767053993,
        8.886757767053993,
        8.896757767053993,
        8.906757767053993,
        8.916757767053992,
        8.926757767053992,
        8.936757767053992,
        8.946757767053992,
        8.956757767053992,
        8.966757767053991,
        8.976757767053991,
        8.98675776705399,
        8.99675776705399,
        9.00675776705399,
        9.01675776705399,
        9.02675776705399,
        9.03675776705399,
        9.04675776705399,
        9.05675776705399,
        9.06675776705399,
        9.076757767053989,
        9.08121915972168
    ],
    "frequency": [
        14416.164436241623,
        14573.986932512376,
        14734.319956330302,
        15025.684564830175,
        15311.165916855829,
        15446.056939309467,
        16713.05473264134,
        19338.75483985387,
        19666.837418797262,
        19745.472343025504,
        19624.070422817225,
        18909.70479889997,
        16986.001938677568,
        16140.645120519035,
        14293.461366427025,
        13035.156043665751,
        12941.976374367281,
        12997.159065371043,
        12962.300927354772,
        12839.967454316522,
        12633.584189962463,
        12431.194946706197,
        12245.045335720173,
        12058.89572473415,
        11869.92436377773,
        11671.266676164185,
        11470.098039398305,
        11217.177372297732,
        10964.25670519716,
        10466.389865736382,
        9847.240072674203,
        9534.58085760483,
        9361.149543021573,
        9187.718228438318,
        9149.01862264621,
        9123.003925458725,
        9100.638343756615,
        9100.638343756616,
        9100.638343756615,
        9079.86943404806,
        9023.215204617536,
        8966.560975187009,
        8923.144072823468,
        8900.0198975457,
        8876.895722267933,
        8853.771546990165,
        8753.328081174923,
        8400.15885875087,
        8061.726123808812,
        7976.744779663015,
        7882.362643005974,
        7669.90928264149,
        7349.372820732482,
        6918.741339602977,
        6514.068272242068,
        6180.365434642101,
        5998.262554329687,
        5816.159674017274,
        5813.65684834865,
        5822.328414077812,
        5849.909988341703,
        5971.311908549977,
        6092.713828758249,
        6260.6343476350075,
        6460.590451507459,
        6660.54655537991,
        6883.71248333191,
        7187.217283852613,
        7482.9148978759895,
        7754.283895988603,
        8025.652894101215,
        8297.021892213828,
        8502.093370940029,
        8697.685353497802,
        8893.277336055575,
        9077.496618153944,
        9236.25297534939,
        9395.009332544836,
        9502.102767488217,
        9590.39507309423,
        9629.785737578653
    ]
}