{
    "time": [
        3.4367800741670873,
        3.446780074167087,
        3.456780074167087,
        3.4667800741670867,
        3.4767800741670865,
        3.4867800741670862,
        3.496780074167086,
        3.506780074167086,
        3.5167800741670856,
        3.5267800741670854,
        3.536780074167085,
        3.546780074167085,
        3.5567800741670847,
        3.5667800741670845,
        3.5767800741670843,
        3.586780074167084,
        3.596780074167084,
        3.6067800741670837,
        3.6167800741670835,
        3.6267800741670833,
        3.636780074167083,
        3.646780074167083,
        3.6567800741670826,
        3.6667800741670824,
        3.676780074167082,
        3.686780074167082,
        3.6967800741670818,
        3.7067800741670816,
        3.7167800741670813,
        3.726780074167081,
        3.736780074167081,
        3.7467800741670807,
        3.7567800741670805,
        3.7667800741670803,
        3.77678007416708,
        3.78678007416708,
        3.7967800741670796,
        3.8067800741670794,
        3.816780074167079,
        3.826780074167079,
        3.836780074167079,
        3.8467800741670786,
        3.8567800741670784,
        3.866780074167078,
        3.876780074167078,
        3.8867800741670777,
        3.8967800741670775,
        3.9067800741670773,
        3.916780074167077,
        3.926780074167077,
        3.9367800741670766,
        3.9467800741670764,
        3.9567800741670762,
        3.966780074167076,
        3.976780074167076,
        3.9867800741670756,
        3.9967800741670754,
        4.006780074167075,
        4.016780074167075,
        4.026780074167075,
        4.0367800741670745,
        4.046780074167074,
        4.056780074167074,
        4.066780074167074,
        4.076780074167074,
        4.0867800741670735,
        4.096780074167073,
        4.106780074167073,
        4.116780074167073,
        4.126780074167073,
        4.1300653163368155
    ],
    "frequency": [
        10307.832752300668,
        9573.162265085964,
        8838.491777871259,
        8103.821290656553,
        7824.226950087667,
        7578.831859512856,
        7382.442030175758,
        7268.833191946676,
        7187.6283392382575,
        7173.645712994679,
        7159.663086751099,
        7145.680460507521,
        7172.927320902592,
        7200.193442077572,
        7262.219045358806,
        7368.25396103928,
        7474.288876719753,
        7792.9758375536985,
        8471.59929790874,
        9150.222758263782,
        9828.846218618826,
        10274.5013995816,
        10370.894563180289,
        10422.830032085008,
        10433.942434853425,
        10444.040998251565,
        10401.441091918974,
        10333.275788981526,
        10265.11048604408,
        10065.707925578276,
        9780.062846602304,
        9266.809375624245,
        8869.178441822467,
        8471.547508020692,
        8380.230742495842,
        8289.343671912578,
        8198.456601329317,
        8158.532684001494,
        8143.384838904283,
        8128.236993807072,
        8152.364619179068,
        8202.352507999862,
        8252.340396820658,
        8302.328285641453,
        8352.316174462247,
        8459.046619609802,
        8625.672915679117,
        8657.334701568303,
        8682.122084454648,
        8761.804747905013,
        9185.944410626906,
        9505.126365848804,
        9632.232277628595,
        9670.10189037162,
        9707.971503114646,
        9749.698627571686,
        9795.142162863318,
        9840.58569815495,
        9894.673200877853,
        9949.205443227811,
        10003.73768557777,
        10059.450884391117,
        10124.370220522022,
        10189.289556652924,
        10254.208892783827,
        10326.498179723174,
        10405.266974228669,
        10484.035768734164,
        10562.804563239659,
        10697.352384041802,
        10749.604940510599
    ]
}