{
    "time": [
        41.56245833888815,
        41.57245833888815,
        41.582458338888145,
        41.59245833888814,
        41.60245833888814,
        41.61245833888814,
        41.62245833888814,
        41.632458338888135,
        41.64245833888813,
        41.65245833888813,
        41.66245833888813,
        41.67245833888813,
        41.682458338888125,
        41.69245833888812,
        41.70245833888812,
        41.71245833888812,
        41.72245833888812,
        41.732458338888115,
        41.74245833888811,
        41.75245833888811,
        41.76245833888811,
        41.77245833888811,
        41.782458338888105,
        41.7924583388881,
        41.8024583388881,
        41.8124583388881,
        41.8224583388881,
        41.832458338888095,
        41.84245833888809,
        41.85245833888809,
        41.86245833888809,
        41.87245833888809,
        41.88241567790962
    ],
    "frequency": [
        11426.841341597219,
        11396.355831522178,
        11365.870321447135,
        11349.23932501225,
        11344.467954692318,
        11341.164610432863,
        11355.316125140958,
        11369.467639849052,
        11371.209243715355,
        11365.226863243124,
        11358.277335859259,
        11346.061683953101,
        11333.846032046944,
        11338.074809045016,
        11349.55605816804,
        11362.290774454035,
        11379.157762438666,
        11396.024750423294,
        11399.360019510437,
        11398.68814866983,
        11399.164558818728,
        11402.19302915893,
        11405.221499499135,
        11413.34209342113,
        11422.367595692083,
        11424.822602025215,
        11416.909339712056,
        11408.996077398897,
        11379.083470311356,
        11347.430421058723,
        11326.827682320254,
        11318.914420007095,
        11311.034916445251
    ]
}