{
    "time": [
        28.916144514064793,
        28.926144514064795,
        28.936144514064797,
        28.946144514064798,
        28.9561445140648,
        28.9661445140648,
        28.976144514064803,
        28.986144514064804,
        28.996144514064806,
        29.006144514064808,
        29.01614451406481,
        29.02614451406481,
        29.036144514064812,
        29.046144514064814,
        29.056144514064815,
        29.066144514064817,
        29.07614451406482,
        29.08614451406482,
        29.09614451406482,
        29.106144514064823,
        29.116144514064825,
        29.126144514064826,
        29.136144514064828,
        29.14614451406483,
        29.15614451406483,
        29.166144514064833,
        29.176144514064834,
        29.186144514064836,
        29.196144514064837,
        29.20614451406484,
        29.21614451406484,
        29.220103986135186
    ],
    "frequency": [
        7893.0908987472085,
        7961.917847264604,
        8030.7447957819995,
        8092.784075531858,
        8147.076538344073,
        8201.369001156287,
        8297.23863560012,
        8396.04585211038,
        8484.49801703285,
        8557.483012146917,
        8630.468007260984,
        8619.707512048168,
        8596.213483519054,
        8579.665685231656,
        8576.905310917742,
        8574.14493660383,
        8550.128532421284,
        8520.865252514914,
        8485.667103474787,
        8434.343638547656,
        8383.020173620525,
        8393.242916679035,
        8425.538018333762,
        8460.159914741876,
        8503.914824305246,
        8547.669733868617,
        8528.695364199633,
        8478.830631200482,
        8430.324094940146,
        8390.369706043697,
        8350.41531714725,
        8334.59548845493
    ]
}