{
    "time": [
        19.423988613739827,
        19.433988613739828,
        19.44398861373983,
        19.45398861373983,
        19.463988613739833,
        19.473988613739834,
        19.483988613739836,
        19.493988613739837,
        19.50398861373984,
        19.51398861373984,
        19.523988613739842,
        19.533988613739844,
        19.543988613739845,
        19.553988613739847,
        19.56398861373985,
        19.57398861373985,
        19.58398861373985,
        19.593988613739853,
        19.603988613739855,
        19.613988613739856,
        19.623988613739858,
        19.63398861373986,
        19.64398861373986,
        19.653988613739863,
        19.663988613739864,
        19.673988613739866,
        19.683988613739867,
        19.69398861373987,
        19.70398861373987,
        19.713988613739872,
        19.723988613739873,
        19.733988613739875,
        19.743988613739877,
        19.753988613739878,
        19.76398861373988,
        19.77398861373988,
        19.783988613739883,
        19.793988613739884,
        19.803988613739886,
        19.813988613739888,
        19.82398861373989,
        19.83398861373989,
        19.843988613739892,
        19.853988613739894,
        19.863988613739895,
        19.873988613739897,
        19.8839886137399,
        19.8939886137399,
        19.9039886137399,
        19.913988613739903,
        19.923988613739905,
        19.933988613739906,
        19.943988613739908,
        19.95398861373991,
        19.96398861373991,
        19.973988613739913,
        19.983988613739914,
        19.993988613739916,
        20.003988613739917,
        20.01398861373992,
        20.02398861373992,
        20.033988613739922,
        20.043988613739923,
        20.053988613739925,
        20.063988613739927,
        20.073988613739928,
        20.08398861373993,
        20.09398861373993,
        20.103988613739933,
        20.113988613739934,
        20.123988613739936,
        20.133988613739938,
        20.14398861373994,
        20.15398861373994,
        20.163988613739942,
        20.173988613739944,
        20.183988613739945,
        20.193988613739947,
        20.20398861373995,
        20.21398861373995,
        20.22398861373995,
        20.233988613739953,
        20.243988613739955,
        20.253988613739956,
        20.263988613739958,
        20.264224243213164
    ],
    "frequency": [
        14186.295466980035,
        14224.085274895018,
        14261.87508281,
        14299.664890724984,
        14337.454698639965,
        14369.854543897762,
        14400.446293162266,
        14431.038042426773,
        14461.62979169128,
        14477.8577298409,
        14494.053361804465,
        14510.24899376803,
        14526.44462573159,
        14688.663198351944,
        14900.4522317216,
        15112.241265091252,
        15222.555747030456,
        15229.615381476111,
        15236.675015921766,
        15243.734650367423,
        15250.794284813077,
        15257.853919258734,
        15264.91355370439,
        15271.973188150045,
        15279.032822595702,
        15286.092457041359,
        15293.152091487013,
        15300.21172593267,
        15307.271360378325,
        15317.308176370647,
        15330.418926055434,
        15343.529675740225,
        15356.640425425012,
        15369.751175109803,
        15382.86192479459,
        15395.97267447938,
        15409.08342416417,
        15422.194173848957,
        15454.18673909223,
        15492.828948689505,
        15531.471158286782,
        15570.113367884058,
        15608.755577481334,
        15601.65300631179,
        15594.005068995662,
        15586.357131679537,
        15578.70919436341,
        15571.061257047282,
        15563.413319731157,
        15555.765382415027,
        15548.117445098902,
        15540.469507782776,
        15490.103260149572,
        15439.11701137539,
        15388.130762601208,
        15337.144513827025,
        15269.014009444587,
        15182.63730563892,
        15096.260601833252,
        15009.883898027585,
        14922.248040785116,
        14830.47279299158,
        14589.567743760988,
        14294.29085955575,
        13999.013975350514,
        13703.737091145273,
        13408.460206940037,
        13113.183322734798,
        13006.327113130237,
        12903.07995936252,
        12799.832805594804,
        12696.585651827088,
        12593.338498059371,
        12490.091344291654,
        12393.995003644803,
        12298.048153678843,
        12202.101303712887,
        12106.154453746929,
        12010.20760378097,
        11904.556903517336,
        11788.308256312199,
        11672.059609107062,
        11555.810961901929,
        11362.047009122954,
        11139.164264481555,
        11133.912490110899
    ]
}