{
    "time": [
        55.98709521207512,
        55.997095212075116,
        56.007095212075114,
        56.01709521207511,
        56.02709521207511,
        56.03709521207511,
        56.04709521207511,
        56.057095212075104,
        56.0670952120751,
        56.0770952120751,
        56.0870952120751,
        56.0970952120751,
        56.107095212075095,
        56.11709521207509,
        56.12709521207509,
        56.13709521207509,
        56.14709521207509,
        56.157095212075085,
        56.16709521207508,
        56.17709521207508,
        56.18709521207508,
        56.19709521207508,
        56.207095212075075,
        56.21709521207507,
        56.22709521207507,
        56.23709521207507,
        56.24709521207507,
        56.257095212075065,
        56.26709521207506,
        56.27709521207506,
        56.28709521207506,
        56.29709521207506,
        56.307095212075055,
        56.31709521207505,
        56.32709521207505,
        56.33709521207505,
        56.34709521207505,
        56.357095212075045,
        56.36709521207504,
        56.37709521207504,
        56.38709521207504,
        56.39709521207504,
        56.407095212075035,
        56.41709521207503,
        56.42709521207503,
        56.43709521207503,
        56.44709521207503,
        56.457095212075025,
        56.46709521207502,
        56.47709521207502,
        56.48709521207502,
        56.49709521207502,
        56.507095212075015,
        56.51709521207501,
        56.52709521207501,
        56.53709521207501,
        56.54709521207501,
        56.557095212075005,
        56.567095212075,
        56.577095212075,
        56.587095212075,
        56.597095212075,
        56.607095212074995,
        56.61709521207499,
        56.62709521207499,
        56.63709521207499,
        56.64709521207499,
        56.657095212074985,
        56.66709521207498,
        56.67709521207498,
        56.68709521207498,
        56.69709521207498,
        56.707095212074975,
        56.71709521207497,
        56.72574123411251
    ],
    "frequency": [
        11469.189147763125,
        11335.264102895186,
        11201.339058027244,
        11067.414013159303,
        10933.488968291362,
        10784.600545534735,
        10634.655758457713,
        10484.710971380693,
        10334.766184303673,
        10184.821397226651,
        10034.87661014963,
        9884.93182307261,
        9734.987035995588,
        9606.044346678018,
        9516.036280808987,
        9426.028214939954,
        9336.020149070922,
        9246.012083201891,
        9156.004017332858,
        9066.998045438673,
        9016.123921251823,
        8965.249797064975,
        8914.375672878125,
        8863.501548691274,
        8812.627424504426,
        8761.753300317576,
        8716.105529706609,
        8672.689005727123,
        8629.272481747641,
        8585.855957768157,
        8542.439433788673,
        8499.02290980919,
        8455.606385829706,
        8412.189861850224,
        8368.773337870738,
        8325.356813891256,
        8281.94028991177,
        8238.523765932288,
        8200.13026120172,
        8163.60524896501,
        8127.080236728299,
        8090.555224491587,
        8054.0302122548765,
        8004.947708387525,
        7927.600623650965,
        7850.253538914406,
        7772.906454177845,
        7657.888159244877,
        7499.971194574385,
        7342.054229903892,
        7184.137265233401,
        7026.220300562909,
        6868.303335892417,
        6710.3863712219245,
        6552.469406551432,
        6480.93858837966,
        6432.725572227205,
        6384.51255607475,
        6336.299539922295,
        6288.086523769841,
        6242.592305328733,
        6213.756769352381,
        6184.921233376028,
        6156.085697399675,
        6127.250161423322,
        6113.094451533915,
        6101.560237143377,
        6090.026022752838,
        6078.491808362298,
        6110.913701879646,
        6178.344493701274,
        6245.7752855229,
        6339.341399524909,
        6448.916436235033,
        6543.655254451034
    ]
}