{
    "time": [
        47.84172070631735,
        47.85172070631735,
        47.86172070631735,
        47.87172070631735,
        47.881720706317346,
        47.891720706317344,
        47.90172070631734,
        47.91172070631734,
        47.92172070631734,
        47.931720706317336,
        47.941720706317334,
        47.95172070631733,
        47.96172070631733,
        47.97172070631733,
        47.981720706317326,
        47.991720706317324,
        48.00172070631732,
        48.01172070631732,
        48.02172070631732,
        48.031720706317316,
        48.041720706317314,
        48.05172070631731,
        48.06172070631731,
        48.07172070631731,
        48.081720706317306,
        48.091720706317304,
        48.1017207063173,
        48.1117207063173,
        48.1217207063173,
        48.131720706317296,
        48.141720706317294,
        48.15172070631729,
        48.16172070631729,
        48.17172070631729,
        48.181720706317286,
        48.191720706317284,
        48.19514914809841
    ],
    "frequency": [
        14663.494753389254,
        14576.85696045752,
        14171.320787143288,
        13137.85568574346,
        12104.390584343633,
        11477.839354253549,
        11399.077724315628,
        11331.289971792357,
        11331.28997179236,
        11331.28997179236,
        11331.289971792357,
        11331.289971792357,
        11331.289971792357,
        11331.28997179236,
        11319.074614991217,
        11305.537459845636,
        11292.000304700054,
        11278.463149554475,
        11264.925994408892,
        11251.38883926331,
        11239.958402307017,
        11234.862061546326,
        11229.765720785637,
        11224.669380024949,
        11219.573039264258,
        11214.476698503568,
        11209.380357742877,
        11204.422396578435,
        11200.090506931849,
        11195.758617285264,
        11191.426727638678,
        11186.339270799392,
        11149.208788114363,
        11112.078305429339,
        11074.94782274431,
        11037.817340059284,
        11025.087370240213
    ]
}