{
    "time": [
        43.05025996533796,
        43.060259965337956,
        43.070259965337954,
        43.08025996533795,
        43.09025996533795,
        43.10025996533795,
        43.110259965337946,
        43.120259965337944,
        43.13025996533794,
        43.14025996533794,
        43.15025996533794,
        43.160259965337936,
        43.170259965337934,
        43.18025996533793,
        43.19025996533793,
        43.20025996533793,
        43.210259965337926,
        43.220259965337924,
        43.23025996533792,
        43.24025996533792,
        43.25025996533792,
        43.260259965337916,
        43.270259965337914,
        43.28025996533791,
        43.29025996533791,
        43.30025996533791,
        43.310259965337906,
        43.320259965337904,
        43.3302599653379,
        43.3402599653379,
        43.3502599653379,
        43.360259965337896,
        43.370259965337894,
        43.38025996533789,
        43.386215171310496
    ],
    "frequency": [
        9555.460055476326,
        9502.887826626278,
        9450.31559777623,
        9385.480788710349,
        9312.48181897666,
        9244.064629615934,
        9193.90149681098,
        9143.738364006029,
        9094.800781799915,
        9046.16775136545,
        9000.666235164637,
        8959.837021430088,
        8918.998399048505,
        8872.28799685508,
        8825.577594661656,
        8782.890909067391,
        8742.865312679167,
        8696.234897629136,
        8623.550932893486,
        8550.866968157836,
        8462.51523714303,
        8370.309027413941,
        8298.967470333946,
        8258.550062564655,
        8218.289302557052,
        8226.83084737691,
        8235.372392196768,
        8201.783989035805,
        8140.518434273793,
        8069.52714553469,
        7960.548882751524,
        7851.570619968357,
        7817.960578990678,
        7802.705298927589,
        7793.620465433041
    ]
}