{
    "time": [
        9.166777762964939,
        9.176777762964939,
        9.186777762964939,
        9.196777762964938,
        9.206777762964938,
        9.216777762964938,
        9.226777762964938,
        9.236777762964937,
        9.246777762964937,
        9.256777762964937,
        9.266777762964937,
        9.276777762964937,
        9.286777762964936,
        9.296777762964936,
        9.306777762964936,
        9.316777762964936,
        9.326777762964936,
        9.334755365951207
    ],
    "frequency": [
        7892.839620378905,
        7915.994807906112,
        7939.14999543332,
        7975.210174065285,
        8019.8622166395235,
        8063.6300613348,
        8103.8752146797415,
        8144.1203680246845,
        8222.614992722976,
        8310.614687449659,
        8385.904295113054,
        8442.230115068389,
        8498.484677034896,
        8510.268315803341,
        8522.051954571785,
        8511.852217622603,
        8487.113752014966,
        8467.37838630424
    ]
}