{
    "time": [
        49.83480063010482,
        49.84480063010482,
        49.85480063010482,
        49.86480063010482,
        49.874800630104815,
        49.88480063010481,
        49.89480063010481,
        49.90480063010481,
        49.91480063010481,
        49.924800630104805,
        49.9348006301048,
        49.9448006301048,
        49.9548006301048,
        49.9648006301048,
        49.974800630104795,
        49.98480063010479,
        49.99480063010479,
        50.00480063010479,
        50.01480063010479,
        50.024800630104785,
        50.03480063010478,
        50.04480063010478,
        50.05480063010478,
        50.06480063010478,
        50.074800630104775,
        50.08480063010477,
        50.09480063010477,
        50.10480063010477,
        50.11480063010477,
        50.124800630104765,
        50.13480063010476,
        50.14480063010476,
        50.15480063010476,
        50.16480063010476,
        50.174800630104755,
        50.18480063010475,
        50.19480063010475,
        50.20480063010475,
        50.21369021354437
    ],
    "frequency": [
        15658.140550751972,
        15525.081096538013,
        15392.021642324053,
        15258.962188110094,
        15125.902733896135,
        14992.843279682176,
        14859.783825468217,
        14726.72437125426,
        14593.664917040302,
        14460.605462826343,
        14327.546008612382,
        14199.078323794449,
        14070.71508561158,
        13942.351847428712,
        13813.988609245844,
        13685.625371062975,
        13557.262132880105,
        13445.840295869515,
        13344.705623361791,
        13243.57095085407,
        13142.436278346344,
        13041.30160583862,
        12940.166933330896,
        12839.032260823173,
        12737.897588315449,
        12633.52168134499,
        12526.552316192598,
        12419.582951040207,
        12312.613585887819,
        12202.317416141877,
        12073.954177959007,
        11945.590939776137,
        11887.0248258356,
        11856.821710969045,
        11826.61859610249,
        11796.41548123593,
        11768.728998245218,
        11743.056350608644,
        11720.234436280516
    ]
}