{
    "time": [
        54.40592012063349,
        54.41592012063349,
        54.425920120633485,
        54.43592012063348,
        54.44592012063348,
        54.45592012063348,
        54.46592012063348,
        54.475920120633475,
        54.4816980373214
    ],
    "frequency": [
        10706.16450248672,
        10737.740405635204,
        10769.316308783687,
        10832.467955903558,
        10903.513737987647,
        10974.559520071736,
        11116.057113992403,
        11373.598074047226,
        11522.403095139773
    ]
}