{
    "time": [
        27.151111416723246,
        27.161111416723248,
        27.17111141672325,
        27.18111141672325,
        27.191111416723253,
        27.201111416723254,
        27.211111416723256,
        27.221111416723257,
        27.23111141672326,
        27.24111141672326,
        27.251111416723262,
        27.261111416723264,
        27.271111416723265,
        27.281111416723267,
        27.29111141672327,
        27.30111141672327,
        27.31111141672327,
        27.321111416723273,
        27.331111416723274,
        27.341111416723276,
        27.351111416723278,
        27.36111141672328,
        27.37111141672328,
        27.381111416723282,
        27.391111416723284,
        27.401111416723285,
        27.411111416723287,
        27.42111141672329,
        27.43111141672329,
        27.44111141672329,
        27.451111416723293,
        27.461111416723295,
        27.471111416723296,
        27.481111416723298,
        27.4911114167233,
        27.5011114167233,
        27.508138485305718
    ],
    "frequency": [
        6026.161056783124,
        6416.969306810094,
        6807.777556837064,
        7051.575263392106,
        7286.844444010398,
        7522.113624628691,
        7685.409501457494,
        7801.923762335119,
        7918.438023212744,
        8034.952284090368,
        8151.466544967992,
        8267.980805845616,
        8384.495066723242,
        8501.009327600867,
        8617.523588478492,
        8720.078050565373,
        8813.936760716791,
        8907.795470868208,
        9001.654181019625,
        9095.512891171044,
        9186.638313364332,
        9268.19829597867,
        9349.758278593003,
        9431.31826120734,
        9512.878243821673,
        9594.43822643601,
        9675.998209050344,
        9757.55819166468,
        9828.803723808338,
        9890.39850234521,
        9951.993280882078,
        10013.588059418948,
        10075.18283795582,
        10136.777616492689,
        10198.372395029559,
        10259.967173566429,
        10303.25024687616
    ]
}