{
    "time": [
        9.276108554728477,
        9.286108554728477,
        9.296108554728477,
        9.306108554728477,
        9.316108554728476,
        9.326108554728476,
        9.336108554728476,
        9.346108554728476,
        9.356108554728475,
        9.366108554728475,
        9.376108554728475,
        9.386108554728475,
        9.396108554728475,
        9.406108554728474,
        9.416108554728474,
        9.426108554728474,
        9.436108554728474,
        9.446108554728474,
        9.456108554728473,
        9.466108554728473,
        9.476108554728473,
        9.486108554728473,
        9.496108554728472,
        9.506108554728472,
        9.516108554728472,
        9.526108554728472,
        9.536108554728472,
        9.546108554728471,
        9.556108554728471,
        9.566108554728471,
        9.57610855472847,
        9.58610855472847,
        9.59610855472847,
        9.60610855472847,
        9.61610855472847,
        9.62610855472847,
        9.63610855472847,
        9.64610855472847,
        9.656108554728469,
        9.666108554728469,
        9.676108554728469,
        9.686108554728468,
        9.696108554728468,
        9.706108554728468,
        9.716108554728468,
        9.726108554728468,
        9.736108554728467,
        9.746108554728467,
        9.756108554728467,
        9.766108554728467,
        9.776108554728467,
        9.786108554728466,
        9.796108554728466,
        9.806108554728466,
        9.816108554728466,
        9.826108554728465,
        9.836108554728465,
        9.846108554728465,
        9.856108554728465,
        9.866108554728465,
        9.876108554728464,
        9.886108554728464,
        9.896108554728464,
        9.906108554728464,
        9.916108554728464,
        9.926108554728463,
        9.927723228967807
    ],
    "frequency": [
        10752.721771945598,
        10797.01659667748,
        10841.31142140936,
        10884.39076139168,
        10913.920644546266,
        10943.450527700854,
        10972.98041085544,
        11002.510294010028,
        11014.987332807712,
        11020.356402472182,
        11025.725472136653,
        11031.094541801122,
        11036.463611465595,
        11041.832681130063,
        11057.453158381475,
        11135.511171195696,
        11213.569184009923,
        11291.627196824145,
        11369.68520963837,
        11447.743222452593,
        11525.801235266817,
        11628.986565975463,
        11737.710226680992,
        11846.43388738652,
        11955.157548092047,
        12063.881208797575,
        12172.604869503102,
        12281.328530208631,
        12390.052190914159,
        12497.367466395212,
        12584.868790926987,
        12672.370115458762,
        12759.871439990537,
        12847.372764522312,
        12934.874089054087,
        13022.375413585862,
        13109.876738117635,
        13197.37806264941,
        13280.772650873161,
        13309.765627061302,
        13338.758603249442,
        13367.751579437583,
        13396.744555625723,
        13427.340994373664,
        13464.065430878642,
        13500.78986738362,
        13537.514303888598,
        13574.238740393575,
        13610.963176898553,
        13651.051073751189,
        13713.869188825493,
        13776.687303899798,
        13839.505418974099,
        13902.323534048404,
        13957.855139105475,
        13993.290998890981,
        14028.72685867649,
        14064.162718461994,
        14079.657650616735,
        14082.879092415416,
        14086.1005342141,
        14089.321976012781,
        14064.549049803369,
        14038.967011990302,
        14013.384974177237,
        13987.802936364173,
        13983.672270619505
    ]
}