{
    "time": [
        23.451412470500337,
        23.46141247050034,
        23.47141247050034,
        23.48141247050034,
        23.491412470500343,
        23.501412470500345,
        23.511412470500346,
        23.521412470500348,
        23.53141247050035,
        23.54141247050035,
        23.551412470500352,
        23.561412470500354,
        23.571412470500356,
        23.581412470500357,
        23.59141247050036,
        23.60141247050036,
        23.611412470500362,
        23.621412470500363,
        23.631412470500365,
        23.641412470500367,
        23.651412470500368,
        23.66141247050037,
        23.67141247050037,
        23.681412470500373,
        23.691412470500374,
        23.701412470500376,
        23.711412470500377,
        23.72141247050038,
        23.73141247050038,
        23.741412470500382,
        23.751412470500384,
        23.761412470500385,
        23.771412470500387,
        23.78141247050039,
        23.79141247050039,
        23.80141247050039,
        23.811412470500393,
        23.821412470500395,
        23.831412470500396,
        23.841412470500398,
        23.8514124705004,
        23.8614124705004,
        23.871412470500402,
        23.881412470500404,
        23.891412470500406,
        23.901412470500407,
        23.91141247050041,
        23.92141247050041,
        23.931412470500412,
        23.941412470500413,
        23.951412470500415,
        23.961412470500417,
        23.971412470500418,
        23.98141247050042,
        23.99141247050042,
        24.001412470500423,
        24.011412470500424,
        24.021412470500426,
        24.031412470500428,
        24.04141247050043,
        24.05141247050043,
        24.061412470500432,
        24.071412470500434,
        24.081412470500435,
        24.091412470500437,
        24.10141247050044,
        24.11141247050044,
        24.12141247050044,
        24.131412470500443,
        24.141412470500445,
        24.151412470500446,
        24.161412470500448,
        24.17141247050045,
        24.18141247050045,
        24.191412470500453,
        24.201412470500454,
        24.211412470500456,
        24.212771630449275
    ],
    "frequency": [
        8374.737771876902,
        8434.388883189584,
        8494.039994502265,
        8553.691105814947,
        8613.342217127629,
        8672.99332844031,
        8732.644439752992,
        8792.295551065674,
        8851.946662378356,
        8911.597773691037,
        8971.248885003719,
        9030.8999963164,
        9088.093012637482,
        9144.701156531362,
        9201.309300425242,
        9257.91744431912,
        9314.525588213,
        9371.133732106882,
        9415.513702143931,
        9447.639147648928,
        9479.764593153923,
        9511.89003865892,
        9563.929246525933,
        9627.510857421235,
        9691.092468316536,
        9754.674079211836,
        9818.255690107137,
        9881.837301002437,
        9945.418911897737,
        10009.00052279304,
        10072.58213368834,
        10136.16374458364,
        10212.284465831019,
        10290.35676944199,
        10368.429073052966,
        10446.501376663939,
        10524.573680274912,
        10602.645983885885,
        10680.718287496858,
        10758.790591107832,
        10834.110217375817,
        10888.257137622142,
        10942.404057868465,
        10996.550978114788,
        11050.697898361112,
        11104.844818607433,
        11158.991738853756,
        11213.774024238337,
        11268.708536051876,
        11323.643047865415,
        11378.577559678954,
        11433.512071492492,
        11470.947438482192,
        11501.555733862553,
        11532.164029242915,
        11562.772324623274,
        11608.685656875808,
        11662.437429245803,
        11714.713717168,
        11744.535220357007,
        11774.356723546014,
        11829.049283641469,
        11912.703744344668,
        11996.358205047865,
        12044.302436508098,
        12086.546574424587,
        12135.569677901396,
        12203.619028881183,
        12271.668379860972,
        12322.767033877522,
        12365.251424933247,
        12410.03803468584,
        12488.840314085981,
        12567.642593486125,
        12631.222924677284,
        12677.200703158836,
        12723.17848164039,
        12729.427597145172
    ]
}