{
    "time": [
        19.715251070335782,
        19.725251070335784,
        19.735251070335785,
        19.745251070335787,
        19.755251070335788,
        19.76525107033579,
        19.77525107033579,
        19.785251070335793,
        19.795251070335794,
        19.805251070335796,
        19.815251070335798,
        19.8252510703358,
        19.8352510703358,
        19.845251070335802,
        19.855251070335804,
        19.865251070335805,
        19.875251070335807,
        19.88525107033581,
        19.89525107033581,
        19.90525107033581,
        19.915251070335813,
        19.925251070335815,
        19.935251070335816,
        19.945251070335818,
        19.95525107033582,
        19.96525107033582,
        19.975251070335823,
        19.985251070335824,
        19.994038712940654
    ],
    "frequency": [
        13715.757325682185,
        13635.485541926866,
        13555.21375817155,
        13474.941974416233,
        13394.670190660914,
        13314.398406905597,
        13234.126623150281,
        13153.854839394962,
        13073.583055639645,
        12993.311271884326,
        12913.03948812901,
        12832.767704373693,
        12752.495920618378,
        12672.224136863057,
        12591.952353107741,
        12511.680569352424,
        12431.408785597105,
        12351.13700184179,
        12270.86521808647,
        12190.593434331153,
        12097.173052808112,
        11988.59522497152,
        11880.017397134925,
        11771.439569298333,
        11662.86174146174,
        11559.00618258506,
        11477.621720639074,
        11396.237258693089,
        11324.719502176331
    ]
}