{
    "time": [
        47.24205456330402,
        47.25205456330402,
        47.26205456330402,
        47.27205456330402,
        47.282054563304015,
        47.29205456330401,
        47.30205456330401,
        47.31205456330401,
        47.32205456330401,
        47.332054563304006,
        47.342054563304,
        47.352054563304,
        47.362054563304,
        47.372054563304,
        47.382054563303996,
        47.392054563303994,
        47.40205456330399,
        47.41205456330399,
        47.42205456330399,
        47.432054563303986,
        47.442054563303984,
        47.44855046867438
    ],
    "frequency": [
        10503.188790128637,
        10599.01330921306,
        10694.837828297485,
        10751.749372532797,
        10777.416654430417,
        10803.083936328037,
        10828.751218225654,
        10851.017818642571,
        10872.155580205312,
        10893.293341768054,
        10914.431103330797,
        10940.759324213408,
        11001.280073108846,
        11061.800822004287,
        11122.321570899725,
        11182.842319795165,
        11243.363068690604,
        11335.375062960215,
        11428.381213836277,
        11521.38736471234,
        11614.393515588405,
        11674.809431083955
    ]
}