{
    "time": [
        59.93937430479954,
        59.94937430479954,
        59.95937430479954,
        59.96937430479954,
        59.979374304799535,
        59.98937430479953,
        59.99937430479953,
        60.00168347921676
    ],
    "frequency": [
        11924.912683690656,
        11915.253530311089,
        11905.594376931524,
        11895.935223551955,
        11886.276070172387,
        11876.616916792818,
        11866.957763413253,
        11864.727296425632
    ]
}