{
    "time": [
        35.54614802964282,
        35.55614802964282,
        35.56614802964282,
        35.576148029642816,
        35.586148029642814,
        35.59614802964281,
        35.60614802964281,
        35.61614802964281,
        35.626148029642806,
        35.636148029642804,
        35.6461480296428,
        35.6561480296428,
        35.6661480296428,
        35.676148029642796,
        35.686148029642794,
        35.69614802964279,
        35.70614802964279,
        35.71614802964279,
        35.726148029642786,
        35.736148029642784,
        35.74614802964278,
        35.75614802964278,
        35.76614802964278,
        35.776148029642776,
        35.786148029642774,
        35.79614802964277,
        35.80614802964277,
        35.81614802964277,
        35.826148029642766,
        35.836148029642764,
        35.84614802964276,
        35.85614802964276,
        35.86614802964276,
        35.876148029642756,
        35.886148029642754,
        35.89614802964275,
        35.90614802964275,
        35.91614802964275,
        35.92614802964275,
        35.936148029642744,
        35.94614802964274,
        35.95614802964274,
        35.96614802964274,
        35.97614802964274,
        35.986148029642735,
        35.99614802964273,
        36.00614802964273,
        36.01614802964273,
        36.02614802964273,
        36.036148029642725,
        36.04614802964272,
        36.05614802964272,
        36.06614802964272,
        36.07614802964272,
        36.086148029642715,
        36.09614802964271,
        36.10614802964271,
        36.11256099556379
    ],
    "frequency": [
        12377.249908600166,
        12384.38853134196,
        12391.52715408375,
        12398.66577682554,
        12405.804399567332,
        12412.943022309126,
        12443.359872068238,
        12486.755183998594,
        12530.150495928949,
        12573.545807859302,
        12616.941119789657,
        12673.16811458406,
        12732.716892353827,
        12795.671761948819,
        12892.868197392774,
        12990.064632836727,
        13077.589722448196,
        13160.785801518545,
        13216.310391774512,
        13204.452286351516,
        13192.594180928518,
        13222.03011609994,
        13256.495236668607,
        13299.543922044038,
        13351.464086034932,
        13402.178523847026,
        13441.003311238808,
        13479.828098630589,
        13536.508509271782,
        13601.12158897014,
        13682.158703046422,
        13802.881549478974,
        13923.604395911529,
        14077.04951033385,
        14234.414099095146,
        14381.951136583812,
        14519.395786859295,
        14656.840437134779,
        14806.748368938286,
        14960.82364311527,
        15114.898917292257,
        15268.974191469244,
        15437.68291842187,
        15685.03619642493,
        15932.38947442799,
        16094.270780446861,
        16200.45779373101,
        16306.64480701516,
        16406.038618171257,
        16418.623429660372,
        16357.296170651347,
        16295.968911642323,
        16101.323521041351,
        15853.970243038293,
        15618.215432752233,
        15441.047795615097,
        15263.88015847796,
        15150.263156550076
    ]
}