{
    "time": [
        29.548060258632184,
        29.558060258632185,
        29.568060258632187,
        29.57806025863219,
        29.58806025863219,
        29.59806025863219,
        29.608060258632193,
        29.618060258632195,
        29.628060258632196,
        29.638060258632198,
        29.6480602586322,
        29.6580602586322,
        29.668060258632202,
        29.678060258632204,
        29.688060258632206,
        29.698060258632207,
        29.70806025863221,
        29.71806025863221,
        29.728060258632212,
        29.738060258632213,
        29.748060258632215,
        29.758060258632216,
        29.768060258632218,
        29.77806025863222,
        29.78806025863222,
        29.798060258632223,
        29.808060258632224,
        29.818060258632226,
        29.828060258632227,
        29.83806025863223,
        29.84806025863223,
        29.858060258632232,
        29.868060258632234,
        29.878060258632235,
        29.888060258632237,
        29.89806025863224,
        29.90806025863224,
        29.91806025863224,
        29.928060258632243,
        29.938060258632245,
        29.948060258632246,
        29.958060258632248,
        29.96806025863225,
        29.97806025863225,
        29.988060258632252,
        29.998060258632254,
        30.008060258632256,
        30.018060258632257,
        30.02806025863226,
        30.03806025863226,
        30.048060258632262,
        30.058060258632263,
        30.068060258632265,
        30.078060258632267,
        30.088060258632268,
        30.09806025863227,
        30.10806025863227,
        30.118060258632273,
        30.128060258632274,
        30.138060258632276,
        30.148060258632277,
        30.15806025863228,
        30.163978136248502
    ],
    "frequency": [
        16273.066801227886,
        16379.490255850747,
        16485.913710473607,
        16553.413910141353,
        16594.99984857098,
        16635.661290898497,
        16672.639491612586,
        16709.61769232667,
        16742.516470429888,
        16774.401503866335,
        16786.72377476197,
        16769.857884006353,
        16752.951528033915,
        16710.791504690133,
        16668.631481346354,
        16649.922644812308,
        16646.723275346532,
        16645.321026794536,
        16651.007750917473,
        16656.694475040407,
        16641.81492061605,
        16621.875788363122,
        16602.968158694224,
        16585.58935102195,
        16568.19834997441,
        16547.008604477043,
        16525.818858979685,
        16485.467150844404,
        16432.527044899496,
        16381.491656517186,
        16337.895753604807,
        16294.29985069243,
        16275.085881965344,
        16261.80975496854,
        16244.777676138718,
        16222.215657678786,
        16199.457543237924,
        16136.036748354327,
        16072.615953470733,
        16012.081883761792,
        15953.431594614012,
        15894.781305466233,
        15836.131016318455,
        15777.480727170674,
        15718.830438022895,
        15660.180148875117,
        15586.699561748723,
        15491.52856835418,
        15396.357574959637,
        15283.971662250879,
        15165.529969671867,
        15049.559074841129,
        14964.75341476281,
        14879.947754684494,
        14809.585565885562,
        14760.254849508756,
        14710.92413313195,
        14654.195989669377,
        14594.880011358131,
        14542.455506248572,
        14575.613482283392,
        14608.77145831821,
        14628.39394273578
    ]
}