{
    "time": [
        15.523765310306228,
        15.533765310306228,
        15.543765310306227,
        15.553765310306227,
        15.563765310306227,
        15.573765310306227,
        15.583765310306227,
        15.593765310306226,
        15.603765310306226,
        15.613765310306226,
        15.623765310306226,
        15.633765310306226,
        15.643765310306225,
        15.653765310306225,
        15.663765310306225,
        15.673765310306225,
        15.682845080162412
    ],
    "frequency": [
        9584.71442231654,
        9575.992326037785,
        9567.270229759031,
        9558.548133480277,
        9549.826037201523,
        9535.891806566138,
        9507.908414338468,
        9479.925022110798,
        9451.941629883127,
        9423.958237655457,
        9398.554489591113,
        9393.757336637798,
        9388.960183684483,
        9384.16303073117,
        9379.365877777855,
        9378.463074268362,
        9378.463074268362
    ]
}