{
    "time": [
        15.381949073456873,
        15.391949073456873,
        15.401949073456873,
        15.411949073456872,
        15.421949073456872,
        15.431949073456872,
        15.441949073456872,
        15.451949073456872,
        15.461949073456871,
        15.471949073456871,
        15.481949073456871,
        15.49194907345687,
        15.50194907345687,
        15.51194907345687,
        15.52194907345687,
        15.53194907345687,
        15.54194907345687,
        15.55194907345687,
        15.56194907345687,
        15.571949073456869,
        15.581949073456869,
        15.591949073456869,
        15.601949073456868,
        15.611949073456868,
        15.621949073456868,
        15.631949073456868,
        15.641949073456868,
        15.651949073456867,
        15.65391281162512
    ],
    "frequency": [
        10507.37545967504,
        10436.600360437707,
        10365.825261200373,
        10301.479993168747,
        10242.891782099337,
        10187.555408183809,
        10187.872210375528,
        10188.189012567249,
        10224.626933897756,
        10286.921561352783,
        10352.594205001455,
        10445.48416661173,
        10538.374128222003,
        10630.493718728309,
        10722.176224643435,
        10809.279168873314,
        10873.309701556667,
        10937.340234240019,
        10959.700718100936,
        10963.62010356952,
        10982.23541534552,
        11052.706698484479,
        11123.177981623438,
        11259.85176309004,
        11418.779223896754,
        11550.04637577992,
        11608.763968327756,
        11667.481560875589,
        11679.012158638992
    ]
}