{
    "time": [
        32.70389275216101,
        32.71389275216101,
        32.72389275216101,
        32.733892752161005,
        32.743892752161,
        32.753892752161,
        32.763892752161,
        32.773892752161,
        32.783892752160995,
        32.79389275216099,
        32.80389275216099,
        32.81389275216099,
        32.82389275216099,
        32.833892752160985,
        32.84389275216098,
        32.85389275216098,
        32.86389275216098,
        32.87389275216098,
        32.883892752160975,
        32.89389275216097,
        32.90389275216097,
        32.91389275216097,
        32.92389275216097,
        32.933892752160965,
        32.94389275216096,
        32.95389275216096,
        32.96389275216096,
        32.97389275216096,
        32.983892752160955,
        32.99389275216095,
        33.00389275216095,
        33.01389275216095,
        33.02389275216095,
        33.033892752160945,
        33.04389275216094,
        33.05389275216094,
        33.06389275216094,
        33.07389275216094,
        33.083892752160935,
        33.09389275216093,
        33.10389275216093,
        33.11389275216093,
        33.12389275216093,
        33.133892752160925,
        33.14389275216092,
        33.15389275216092,
        33.16389275216092,
        33.17389275216092,
        33.183892752160915,
        33.19389275216091,
        33.20389275216091,
        33.21389275216091,
        33.22389275216091,
        33.233892752160905,
        33.2438927521609,
        33.2538927521609,
        33.2638927521609,
        33.2738927521609,
        33.283892752160895,
        33.29389275216089,
        33.30389275216089,
        33.31389275216089,
        33.32389275216089,
        33.333892752160885,
        33.34389275216088,
        33.35389275216088,
        33.36389275216088,
        33.37389275216088,
        33.383892752160875,
        33.39389275216087,
        33.40106250017489
    ],
    "frequency": [
        10223.796648470967,
        10427.215124108156,
        10630.633599745343,
        10817.67412622727,
        10987.960047120509,
        11158.245968013744,
        11328.531888906982,
        11459.28723099527,
        11588.261182914408,
        11717.235134833541,
        11845.284631301769,
        11966.842580985556,
        12088.40053066934,
        12209.958480353129,
        12308.298546425001,
        12377.06786063189,
        12445.837174838782,
        12514.606489045673,
        12583.375803252564,
        12628.425435570582,
        12664.398580742058,
        12700.371725913534,
        12736.34487108501,
        12772.318016256488,
        12808.291161427964,
        12844.26430659944,
        12880.237451770916,
        12916.210596942394,
        12952.18374211387,
        12993.574398081942,
        13035.936853034105,
        13078.29930798627,
        13120.661762938435,
        13163.0242178906,
        13205.386672842762,
        13247.749127794927,
        13280.05591349888,
        13311.49331427917,
        13342.930715059461,
        13374.368115839752,
        13405.805516620043,
        13437.242917400336,
        13468.680318180626,
        13500.117718960915,
        13532.00241540683,
        13569.26155707236,
        13606.520698737888,
        13643.779840403418,
        13681.038982068949,
        13718.298123734476,
        13755.557265400004,
        13794.480223642386,
        13835.485529007981,
        13876.490834373577,
        13917.49613973917,
        13958.501445104768,
        13999.506750470362,
        14040.51205583596,
        14102.463263447156,
        14175.011111401669,
        14247.558959356176,
        14320.106807310685,
        14392.654655265196,
        14465.202503219705,
        14567.276305156858,
        14672.067641091182,
        14776.858977025506,
        14891.665986661757,
        15015.510292765905,
        15139.354598870052,
        15228.14784564379
    ]
}