{
    "time": [
        9.686833990197043,
        9.696833990197042,
        9.706833990197042,
        9.716833990197042,
        9.726833990197042,
        9.736833990197042,
        9.746833990197041,
        9.756833990197041,
        9.766833990197041,
        9.77683399019704,
        9.78683399019704,
        9.79683399019704,
        9.80683399019704,
        9.81683399019704,
        9.82683399019704,
        9.83683399019704,
        9.84683399019704,
        9.848257129501711
    ],
    "frequency": [
        8130.034680614103,
        8842.410611939898,
        9514.60733059689,
        10093.412774799132,
        10672.218219001372,
        11251.023663203612,
        11564.646303791586,
        11849.596676321891,
        12078.372780440835,
        12291.16039629141,
        12739.787053708938,
        13437.742768297017,
        13895.698724149348,
        14232.447029095405,
        14649.21978253723,
        14780.98864455513,
        14824.603497493448,
        14830.810498641848
    ]
}