{
    "time": [
        58.21481554756806,
        58.224815547568056,
        58.234815547568054,
        58.24481554756805,
        58.25481554756805,
        58.26481554756805,
        58.274815547568046,
        58.284815547568044,
        58.29481554756804,
        58.30481554756804,
        58.31481554756804,
        58.324815547568036,
        58.334815547568034,
        58.34481554756803,
        58.35481554756803,
        58.36481554756803,
        58.374815547568026,
        58.384815547568024,
        58.39481554756802,
        58.40481554756802,
        58.41481554756802,
        58.424815547568016,
        58.434815547568014,
        58.44481554756801,
        58.45481554756801,
        58.46481554756801,
        58.47481554756801,
        58.484815547568004,
        58.494815547568,
        58.504815547568,
        58.514815547568,
        58.524815547568,
        58.534815547567995,
        58.54481554756799,
        58.55481554756799,
        58.56481554756799,
        58.57481554756799,
        58.584815547567985,
        58.59481554756798,
        58.60481554756798,
        58.61076660599256
    ],
    "frequency": [
        9384.600302508326,
        9502.17440574213,
        9619.748508975932,
        9737.322612209733,
        9854.896715443536,
        9972.470818677337,
        10101.754221663086,
        10261.5590232013,
        10421.363824739517,
        10581.168626277731,
        10740.973427815945,
        10908.687461199332,
        11076.848069353897,
        11295.159224956327,
        11621.427361430222,
        11947.695497904118,
        12110.78064885682,
        12243.359447169983,
        12615.132131016688,
        12723.775261212273,
        12781.141087405489,
        12826.918268238547,
        12871.308490888045,
        12940.955440661508,
        13032.182055490332,
        13527.398848243098,
        13625.057338072022,
        13722.715827900947,
        13813.59690082747,
        13891.687693054473,
        13928.975480080051,
        13975.778923694817,
        14026.958239220136,
        14096.529048975799,
        14478.28496376147,
        14860.040878547145,
        15004.951712577287,
        15120.672430932544,
        15236.393149287804,
        15352.113867643062,
        15420.979943229708
    ]
}