{
    "time": [
        32.62598777632418,
        32.63598777632418,
        32.645987776324176,
        32.655987776324174,
        32.66598777632417,
        32.67598777632417,
        32.68598777632417,
        32.695987776324166,
        32.69761872385463
    ],
    "frequency": [
        12966.697950158017,
        12758.209905459618,
        12549.72186076122,
        12371.933810874138,
        12232.941781075255,
        12093.949751276374,
        11954.95772147749,
        11815.96569167861,
        11793.29682090312
    ]
}