{
    "time": [
        33.279542736628635,
        33.28954273662863,
        33.29954273662863,
        33.30954273662863,
        33.31954273662863,
        33.329542736628625,
        33.33954273662862,
        33.34954273662862,
        33.35954273662862,
        33.36954273662862,
        33.379542736628615,
        33.38954273662861,
        33.39954273662861,
        33.40954273662861,
        33.416715598988915
    ],
    "frequency": [
        10844.909492588966,
        10863.614450509325,
        10882.319408429685,
        10926.160841497578,
        11000.980673178998,
        11075.800504860414,
        11196.321887640323,
        11350.36271757269,
        11504.403547505055,
        11706.431006090766,
        11903.424689079317,
        12066.66795820245,
        12192.575016928884,
        12283.427669684883,
        12348.595027013645
    ]
}