{
    "time": [
        8.710838554859354,
        8.720838554859354,
        8.730838554859353,
        8.740838554859353,
        8.750838554859353,
        8.760838554859353,
        8.770838554859353,
        8.780838554859352,
        8.790838554859352,
        8.800838554859352,
        8.810838554859352,
        8.820838554859352,
        8.830838554859351,
        8.840838554859351,
        8.850838554859351,
        8.86083855485935,
        8.87083855485935,
        8.88083855485935,
        8.89083855485935,
        8.90083855485935,
        8.91083855485935,
        8.92083855485935,
        8.93083855485935,
        8.940838554859349,
        8.950838554859349,
        8.960838554859349,
        8.970838554859348,
        8.980838554859348,
        8.990838554859348,
        9.000838554859348,
        9.010838554859347,
        9.020838554859347,
        9.030838554859347,
        9.040838554859347,
        9.050838554859347,
        9.060838554859346,
        9.070838554859346,
        9.080838554859346,
        9.090838554859346,
        9.100838554859346,
        9.110838554859345,
        9.120838554859345,
        9.130838554859345,
        9.140838554859345,
        9.150838554859344,
        9.160838554859344,
        9.170838554859344,
        9.180838554859344,
        9.190838554859344,
        9.200838554859343,
        9.210838554859343,
        9.220838554859343,
        9.230838554859343,
        9.240838554859343,
        9.250838554859342,
        9.260838554859342,
        9.270838554859342,
        9.280838554859342,
        9.290838554859342,
        9.300838554859341,
        9.310838554859341,
        9.318449847712614
    ],
    "frequency": [
        7724.670415015888,
        7748.832367755895,
        7772.994320495902,
        7829.470439560264,
        7910.3682229919805,
        7994.464601060393,
        8098.355717246119,
        8202.246833431846,
        8306.44937841511,
        8410.779953334544,
        8514.07457075081,
        8614.68161732499,
        8715.288663899171,
        8810.97759991582,
        8905.783442715954,
        8986.07955711004,
        9046.117316704385,
        9106.155076298728,
        9148.238493232788,
        9190.083287598285,
        9254.596791618227,
        9337.180507556437,
        9415.528546233549,
        9464.494030301095,
        9513.45951436864,
        9579.453927691151,
        9652.902153792464,
        9724.186896172587,
        9789.474208262649,
        9854.76152035271,
        9913.237260740783,
        9970.363658819588,
        10023.436117538018,
        10070.53329426385,
        10117.630470989683,
        10202.25610664607,
        10287.892724324958,
        10382.48281575507,
        10484.598550209861,
        10586.627288192298,
        10687.972305193809,
        10789.317322195318,
        10906.492479732784,
        11031.03415008813,
        11153.795042624828,
        11271.269767374175,
        11388.744492123524,
        11502.378630613499,
        11615.178503121448,
        11720.127777045345,
        11812.854350139907,
        11905.580923234467,
        12000.940781331596,
        12096.408499654983,
        12190.41982995233,
        12283.140715163194,
        12376.699299970001,
        12477.817245285734,
        12578.935190601469,
        12684.694088408407,
        12792.745908427678,
        12874.98731297726
    ]
}