{
    "time": [
        24.201430410365038,
        24.21143041036504,
        24.22143041036504,
        24.231430410365043,
        24.241430410365044,
        24.251430410365046,
        24.261430410365048,
        24.27143041036505,
        24.28143041036505,
        24.291430410365052,
        24.301430410365054,
        24.311430410365055,
        24.321430410365057,
        24.33143041036506,
        24.34143041036506,
        24.35143041036506,
        24.361430410365063,
        24.371430410365065,
        24.381430410365066,
        24.391430410365068,
        24.40143041036507,
        24.41143041036507,
        24.421430410365073,
        24.431430410365074,
        24.441430410365076,
        24.451430410365077,
        24.46143041036508,
        24.47143041036508,
        24.481430410365082,
        24.491430410365084,
        24.501430410365085,
        24.511430410365087,
        24.521430410365088,
        24.53143041036509,
        24.54143041036509,
        24.551430410365093,
        24.561430410365094,
        24.571430410365096,
        24.581430410365098,
        24.5914304103651,
        24.6014304103651,
        24.611430410365102,
        24.621430410365104,
        24.631430410365105,
        24.641430410365107,
        24.65143041036511,
        24.66143041036511,
        24.67143041036511,
        24.681430410365113,
        24.691430410365115,
        24.701430410365116,
        24.711430410365118,
        24.72143041036512,
        24.73143041036512,
        24.741430410365123,
        24.751430410365124,
        24.761430410365126,
        24.771430410365127,
        24.78143041036513,
        24.79143041036513,
        24.801430410365132,
        24.811430410365134,
        24.821430410365135,
        24.831430410365137,
        24.834605785310647
    ],
    "frequency": [
        12898.842955233247,
        12816.056945070286,
        12733.270934907327,
        12650.484924744367,
        12567.698914581406,
        12484.912904418446,
        12402.126894255485,
        12311.543900682349,
        12211.642415481263,
        12111.74093028018,
        12011.839445079098,
        11911.937959878014,
        11812.03647467693,
        11712.134989475848,
        11612.233504274765,
        11496.609434133446,
        11360.860945419026,
        11225.112456704603,
        11089.363967990183,
        10953.61547927576,
        10817.86699056134,
        10681.141921448481,
        10544.022235878369,
        10406.902550308254,
        10259.725734910462,
        10086.21659432365,
        9912.70745373684,
        9739.198313150031,
        9565.68917256322,
        9392.18003197641,
        9218.670891389598,
        9004.919237575523,
        8786.473393667264,
        8568.027549759005,
        8349.581705850744,
        8148.235385140468,
        8043.172058494177,
        7938.108731847886,
        7833.045405201594,
        7727.982078555303,
        7622.918751909013,
        7521.806831006112,
        7457.396662915938,
        7392.986494825764,
        7328.576326735589,
        7264.166158645414,
        7199.755990555239,
        7135.345822465065,
        7073.317131294534,
        7011.613272787982,
        6949.909414281432,
        6888.20555577488,
        6826.501697268329,
        6761.543294432905,
        6678.648211792786,
        6595.753129152667,
        6512.858046512547,
        6429.962963872428,
        6347.06788123231,
        6237.260644771065,
        6118.692446072191,
        6000.124247373317,
        5887.9654464311025,
        5976.157961132169,
        6067.5933080922105
    ]
}