{
    "time": [
        36.67441441275889,
        36.68441441275889,
        36.69441441275889,
        36.70441441275889,
        36.714414412758885,
        36.72441441275888,
        36.73441441275888,
        36.74441441275888,
        36.75441441275888,
        36.764414412758875,
        36.77441441275887,
        36.78441441275887,
        36.79441441275887,
        36.80441441275887,
        36.814414412758865,
        36.82441441275886,
        36.83441441275886,
        36.84441441275886,
        36.85441441275886,
        36.85811546803472
    ],
    "frequency": [
        9895.825595458302,
        9811.650495001399,
        9727.475394544499,
        9643.300294087598,
        9544.64999038102,
        9383.206464376475,
        9221.762938371934,
        9092.416396572804,
        8985.578769069827,
        8908.902517625831,
        8861.419127624495,
        8813.93573762316,
        8809.596493218503,
        8809.596493218503,
        8822.110854149028,
        8914.28449356337,
        9006.45813297771,
        9147.181782429818,
        9495.393309106186,
        9624.26831989835
    ]
}