{
    "time": [
        12.813339741526015,
        12.823339741526015,
        12.833339741526014,
        12.843339741526014,
        12.853339741526014,
        12.863339741526014,
        12.873339741526014,
        12.883339741526013,
        12.893339741526013,
        12.903339741526013,
        12.913339741526013,
        12.923339741526013,
        12.933339741526012,
        12.943339741526012,
        12.953339741526012,
        12.963339741526012,
        12.973339741526011,
        12.983339741526011,
        12.993339741526011,
        13.00333974152601,
        13.01333974152601,
        13.02333974152601,
        13.03333974152601,
        13.04333974152601,
        13.05333974152601,
        13.06333974152601,
        13.07333974152601,
        13.083339741526009,
        13.093339741526009,
        13.103339741526009,
        13.113339741526008,
        13.123339741526008,
        13.133339741526008,
        13.143339741526008,
        13.153339741526008,
        13.163339741526007,
        13.173339741526007,
        13.183339741526007,
        13.193339741526007,
        13.203339741526007,
        13.213339741526006,
        13.223339741526006,
        13.233339741526006,
        13.243339741526006,
        13.253339741526005,
        13.257718635805418
    ],
    "frequency": [
        9264.615125677135,
        9354.623695130373,
        9444.632264583608,
        9534.640834036843,
        9624.649403490079,
        9714.657972943314,
        9804.66654239655,
        9894.675111849785,
        9982.022385763194,
        10066.681608711458,
        10151.340831659727,
        10236.00005460799,
        10320.659277556257,
        10405.318500504522,
        10489.977723452786,
        10574.636946401053,
        10666.005501489768,
        10780.41639421699,
        10894.827286944219,
        11009.238179671442,
        11123.649072398668,
        11312.195042957723,
        11467.280011095478,
        11547.287628387247,
        11627.295245679012,
        11707.302862970779,
        11787.310480262546,
        11867.318097554313,
        11947.325714846078,
        12075.173388841062,
        12486.879252821585,
        12551.778236747305,
        12613.172970849664,
        12674.567704952027,
        12735.96243905439,
        12797.357173156754,
        12858.751907259113,
        12921.380015770683,
        13001.863868879662,
        13082.34772198864,
        13162.831575097622,
        13244.36474515541,
        13367.154213360134,
        13489.943681564859,
        13612.733149769583,
        13666.501359758959
    ]
}