{
    "time": [
        8.840861747210147,
        8.850861747210146,
        8.860861747210146,
        8.870861747210146,
        8.880861747210146,
        8.890861747210145,
        8.900861747210145,
        8.910861747210145,
        8.920861747210145,
        8.930861747210145,
        8.940861747210144,
        8.950861747210144,
        8.960861747210144,
        8.970861747210144,
        8.980861747210144,
        8.990861747210143,
        9.000861747210143,
        9.010861747210143,
        9.020861747210143,
        9.030861747210142,
        9.040861747210142,
        9.050861747210142,
        9.060861747210142,
        9.070861747210142,
        9.080861747210141,
        9.090861747210141,
        9.100861747210141,
        9.11086174721014,
        9.12086174721014,
        9.13086174721014,
        9.14086174721014,
        9.15086174721014,
        9.16086174721014,
        9.17086174721014,
        9.18086174721014,
        9.190861747210139,
        9.200861747210139,
        9.20252076073624
    ],
    "frequency": [
        10415.108118675798,
        10693.706071745331,
        10972.304024814866,
        11265.147368223676,
        11554.475011765477,
        11645.483676434862,
        11730.541790819909,
        11795.547979869465,
        11860.554168919021,
        11930.99950700721,
        12001.91534960673,
        11980.937973505628,
        11937.600514139256,
        11894.263054772877,
        11872.36435560911,
        11852.362451286168,
        11832.360546963228,
        11812.358642640285,
        11792.356738317343,
        11744.54488421691,
        11694.21751204951,
        11643.890139882109,
        11593.56276771471,
        11543.23539554731,
        11492.908023379909,
        11387.260795298538,
        11278.917146882606,
        11170.573498466672,
        10918.648301487025,
        10517.776802348058,
        10061.299307139536,
        9355.517826029956,
        8678.19489184456,
        8006.464271665807,
        7311.8816328981775,
        6971.210700007912,
        6750.189657239405,
        6713.521967288811
    ]
}