{
    "time": [
        25.194162681380295,
        25.204162681380296,
        25.214162681380298,
        25.2241626813803,
        25.2341626813803,
        25.244162681380303,
        25.254162681380304,
        25.264162681380306,
        25.274162681380307,
        25.28416268138031,
        25.29416268138031,
        25.304162681380312,
        25.314162681380314,
        25.324162681380315,
        25.334162681380317,
        25.34416268138032,
        25.35416268138032,
        25.36416268138032,
        25.374162681380323,
        25.384162681380324,
        25.394162681380326,
        25.404162681380328,
        25.41416268138033,
        25.42416268138033,
        25.434162681380332,
        25.444162681380334,
        25.454162681380335,
        25.464162681380337,
        25.47416268138034,
        25.48416268138034,
        25.49416268138034,
        25.504162681380343,
        25.514162681380345,
        25.524162681380346,
        25.534162681380348,
        25.54416268138035,
        25.55416268138035,
        25.564162681380353,
        25.574162681380354,
        25.584162681380356,
        25.594162681380357,
        25.60416268138036,
        25.61416268138036,
        25.624162681380362,
        25.634162681380364,
        25.644162681380365,
        25.654162681380367,
        25.66416268138037,
        25.67416268138037,
        25.68416268138037,
        25.694162681380373,
        25.704162681380375,
        25.714162681380376,
        25.724162681380378,
        25.73416268138038,
        25.74416268138038,
        25.754162681380382,
        25.764162681380384,
        25.774162681380385,
        25.784162681380387,
        25.79416268138039,
        25.80416268138039,
        25.81416268138039,
        25.824162681380393,
        25.834162681380395,
        25.844162681380396,
        25.854162681380398,
        25.8641626813804,
        25.868550859885353
    ],
    "frequency": [
        6547.862748174633,
        6618.730449357803,
        6690.745709032748,
        6769.141511234242,
        6847.537313435735,
        6908.21735654505,
        6962.114470558577,
        7011.692585332083,
        7050.89048643283,
        7090.088387533576,
        7154.2039209446575,
        7222.224344638137,
        7279.5906782258735,
        7323.130970355075,
        7366.691724096741,
        7413.695367819955,
        7460.699011543171,
        7510.428342596084,
        7562.159139255553,
        7615.2815594292915,
        7676.460120502227,
        7737.638681575164,
        7830.859394432549,
        7936.6654752489285,
        8040.216541658352,
        8138.211294410219,
        8236.206047162086,
        8376.308137143433,
        8523.300266271233,
        8687.150381941852,
        8873.3404121704,
        9059.486551754686,
        9188.526003287161,
        9317.565454819634,
        9497.923628384004,
        9716.765549120628,
        9954.506466672543,
        10306.293358269602,
        10658.080249866664,
        10955.921955921203,
        11232.033566885522,
        11481.910814865121,
        11665.499706983075,
        11849.088599101033,
        11961.377533232673,
        12061.500408254004,
        12166.855075516483,
        12279.289972072833,
        12391.724868629182,
        12465.391176605126,
        12538.887241169026,
        12640.13160795657,
        12762.625048896403,
        12877.73369684628,
        12946.330023772589,
        13014.926350698897,
        13104.32825992379,
        13202.323012675644,
        13294.32343319877,
        13370.787209840193,
        13447.250986481618,
        13643.48591484722,
        13861.006396461398,
        14013.952593487984,
        14077.649182776697,
        14141.34577206541,
        14200.189230649556,
        14258.986082300677,
        14284.78719035811
    ]
}