{
    "time": [
        55.30050145580761,
        55.31050145580761,
        55.32050145580761,
        55.33050145580761,
        55.340501455807605,
        55.3505014558076,
        55.3605014558076,
        55.3705014558076,
        55.3805014558076,
        55.390501455807595,
        55.40050145580759,
        55.41050145580759,
        55.42050145580759,
        55.43050145580759,
        55.440501455807585,
        55.45050145580758,
        55.46050145580758,
        55.47050145580758,
        55.48050145580758,
        55.490501455807575,
        55.50050145580757,
        55.51050145580757,
        55.52050145580757,
        55.53050145580757,
        55.540501455807565,
        55.55050145580756,
        55.56050145580756,
        55.57050145580756,
        55.58050145580756,
        55.590501455807555,
        55.594159628133866
    ],
    "frequency": [
        9920.400915014918,
        9984.538855372888,
        10054.355404457845,
        10136.81847063238,
        10189.37419751146,
        10223.581099035717,
        10257.788000559976,
        10296.400643126712,
        10340.380945086461,
        10384.36124704621,
        10440.04732163804,
        10528.258528069031,
        10769.03531130386,
        10842.335814570117,
        10915.636317836374,
        10988.93682110263,
        11079.17455884327,
        11181.795263416028,
        11284.415967988783,
        11387.036672561542,
        11489.6573771343,
        11590.37932591539,
        11686.586236452345,
        11782.793146989305,
        11879.00005752626,
        11983.59808506403,
        12088.96755850929,
        12194.33703195455,
        12299.979125556445,
        12405.857630274373,
        12444.589811865415
    ]
}