{
    "time": [
        50.185308625516605,
        50.1953086255166,
        50.2053086255166,
        50.2153086255166,
        50.2253086255166,
        50.235308625516595,
        50.24530862551659,
        50.25530862551659,
        50.26530862551659,
        50.27530862551659,
        50.285308625516585,
        50.29530862551658,
        50.30530862551658,
        50.31530862551658,
        50.32530862551658,
        50.335308625516575,
        50.34530862551657,
        50.35530862551657,
        50.36530862551657,
        50.37530862551657,
        50.385308625516565,
        50.39530862551656,
        50.40530862551656,
        50.41530862551656,
        50.4252766297827
    ],
    "frequency": [
        16490.966993791477,
        16306.326637556635,
        16121.68628132179,
        16051.326234295899,
        16057.05154525557,
        16070.747685392986,
        16116.200032673254,
        16161.652379953523,
        16203.05943888,
        16243.461235570752,
        16282.784509328752,
        16320.498598206006,
        16358.221286238999,
        16401.310564054293,
        16444.399841869585,
        16471.40888550584,
        16487.78324935047,
        16505.513220046498,
        16528.590554881586,
        16551.667889716675,
        16603.387462680505,
        16662.15340685193,
        16764.100488470132,
        16930.047674200672,
        17095.46389973233
    ]
}