{
    "time": [
        5.6392481002533,
        5.6492481002533,
        5.6592481002533,
        5.6692481002532995,
        5.679248100253299,
        5.689248100253299,
        5.699248100253299,
        5.709248100253299,
        5.719248100253298,
        5.729248100253298,
        5.739248100253298,
        5.749248100253298,
        5.759248100253298,
        5.769248100253297,
        5.779248100253297,
        5.789248100253297,
        5.799248100253297,
        5.8092481002532965,
        5.819248100253296,
        5.829248100253296,
        5.839248100253296,
        5.849248100253296,
        5.8592481002532955,
        5.869248100253295,
        5.879248100253295,
        5.889248100253295,
        5.899248100253295,
        5.909248100253294,
        5.919248100253294,
        5.929248100253294,
        5.939248100253294,
        5.9492481002532935,
        5.959205439274764
    ],
    "frequency": [
        11556.260132310585,
        11638.403252120741,
        11720.5463719309,
        11792.293317106345,
        11855.141014903242,
        11916.824834244497,
        11964.670115670571,
        12012.515397096646,
        12035.913008732066,
        12044.094280702917,
        12048.82239794533,
        12034.74805345653,
        12020.673708967728,
        11999.033356290453,
        11974.056173626372,
        11951.774169242935,
        11938.377287071513,
        11924.980404900092,
        11887.740996977336,
        11843.44111598104,
        11787.660432107261,
        11706.363606927436,
        11625.066781747613,
        11549.819499470701,
        11475.647266098651,
        11394.115536094381,
        11300.970491219396,
        11207.825446344408,
        11079.99376194853,
        10949.417900823679,
        10838.865498691739,
        10751.30676814144,
        10664.121571703541
    ]
}