{
    "time": [
        44.51406479136116,
        44.524064791361155,
        44.53406479136115,
        44.54406479136115,
        44.55406479136115,
        44.56406479136115,
        44.574064791361145,
        44.58406479136114,
        44.59406479136114,
        44.60406479136114,
        44.61406479136114,
        44.624064791361135,
        44.63406479136113,
        44.64406479136113,
        44.65406479136113,
        44.66406479136113,
        44.674064791361126,
        44.68406479136112,
        44.69406479136112,
        44.70406479136112,
        44.71406479136112,
        44.724064791361116,
        44.734064791361114,
        44.74406479136111,
        44.75406479136111,
        44.76406479136111,
        44.774064791361106,
        44.784064791361104,
        44.7940647913611,
        44.8040647913611,
        44.8140647913611,
        44.824064791361096,
        44.834064791361094,
        44.842021063858155
    ],
    "frequency": [
        13340.900780896078,
        13318.021342979297,
        13295.141905062515,
        13214.45546726742,
        13070.453229566785,
        12926.450991866152,
        12864.406774718107,
        12806.267710465061,
        12742.749391662872,
        12672.151956498437,
        12601.554521334003,
        12564.932475277532,
        12531.71015284722,
        12496.88361910198,
        12459.508506367882,
        12422.13339363378,
        12391.930620298534,
        12362.861088172012,
        12329.545542705071,
        12288.017639667178,
        12246.489736629288,
        12215.153722085317,
        12186.084189958794,
        12150.88233660551,
        12101.048852960028,
        12051.215369314546,
        11966.089236740672,
        11870.575059753526,
        11757.421840686748,
        11591.310228535189,
        11425.19861638363,
        11388.927615319944,
        11401.385986231311,
        11411.298205615343
    ]
}