{
    "time": [
        30.849872023982844,
        30.859872023982845,
        30.869872023982847,
        30.87987202398285,
        30.88987202398285,
        30.89987202398285,
        30.909872023982853,
        30.919872023982855,
        30.929872023982856,
        30.939872023982858,
        30.94987202398286,
        30.95987202398286,
        30.969872023982862,
        30.979872023982864,
        30.989872023982866,
        30.999872023982867,
        31.00987202398287,
        31.01987202398287,
        31.029872023982872,
        31.039872023982873,
        31.049872023982875,
        31.059872023982876,
        31.069872023982878,
        31.07987202398288,
        31.08987202398288,
        31.099872023982883,
        31.109872023982884,
        31.119872023982886,
        31.129872023982887,
        31.13987202398289,
        31.14987202398289,
        31.159872023982892,
        31.169872023982894,
        31.179872023982895,
        31.189872023982897,
        31.1998720239829,
        31.2098720239829,
        31.2198720239829,
        31.229872023982903,
        31.239872023982905,
        31.249872023982906,
        31.259872023982908,
        31.26987202398291,
        31.27987202398291,
        31.289872023982912,
        31.299872023982914,
        31.309872023982916,
        31.319872023982917,
        31.32987202398292,
        31.333962987817344
    ],
    "frequency": [
        8510.546186025416,
        8466.787679195371,
        8423.029172365326,
        8379.27066553528,
        8350.465637445532,
        8334.286021474754,
        8318.106405503979,
        8370.863763950467,
        8433.89685116994,
        8496.929938389412,
        8564.432356738043,
        8673.006095489296,
        8781.579834240547,
        8889.546298628395,
        8992.691350442068,
        9095.836402255742,
        9198.088867142322,
        9299.73906313263,
        9401.389259122941,
        9503.03945511325,
        10551.652047758536,
        10955.759013012928,
        11087.8279388109,
        11173.78214865564,
        11259.736358500382,
        11339.830074203675,
        11418.416780347434,
        11559.352956997063,
        11742.721937999158,
        11940.986667297726,
        12187.087141800564,
        12433.187616303401,
        12675.506480092947,
        12906.55139615561,
        13137.596312218278,
        13368.641228280945,
        13585.292764137861,
        13771.619309349677,
        13957.94585456149,
        14144.272399773308,
        14330.59894498512,
        14521.018931040944,
        14716.451660793198,
        14911.884390545452,
        15085.0429390294,
        15232.393013048946,
        15364.40350498772,
        15453.391392826976,
        15542.379280666233,
        15578.783903751457
    ]
}