{
    "time": [
        56.176509798693516,
        56.186509798693514,
        56.19650979869351,
        56.20650979869351,
        56.21650979869351,
        56.226509798693506,
        56.236509798693504,
        56.2465097986935,
        56.2565097986935,
        56.2665097986935,
        56.276509798693496,
        56.286509798693494,
        56.29650979869349,
        56.30650979869349,
        56.31650979869349,
        56.326509798693486,
        56.336509798693484,
        56.34650979869348,
        56.35248633515532
    ],
    "frequency": [
        8864.462985641037,
        8883.411627667381,
        8902.360269693725,
        8936.003123279284,
        8985.183690635366,
        9034.364257991445,
        9092.820925561296,
        9151.543834399394,
        9220.21297766035,
        9300.645519473292,
        9381.078061286235,
        9462.928602913895,
        9544.862948310587,
        9635.742318459965,
        9738.467085471086,
        9841.191852482207,
        9830.221109989,
        9808.864356432205,
        9796.100414798335
    ]
}