{
    "time": [
        28.078215155880432,
        28.088215155880434,
        28.098215155880435,
        28.108215155880437,
        28.11821515588044,
        28.12821515588044,
        28.13821515588044,
        28.148215155880443,
        28.158215155880445,
        28.168215155880446,
        28.178215155880448,
        28.18821515588045,
        28.19821515588045,
        28.208215155880453,
        28.218215155880454,
        28.228215155880456,
        28.238215155880457,
        28.24821515588046,
        28.25821515588046,
        28.268215155880462,
        28.278215155880464,
        28.288215155880465,
        28.298215155880467,
        28.308215155880468,
        28.31821515588047,
        28.32821515588047,
        28.338215155880473,
        28.348215155880474,
        28.358215155880476,
        28.3651033862615
    ],
    "frequency": [
        8376.932099759611,
        8395.129979592159,
        8413.327859424706,
        8431.525739257253,
        8449.304640308195,
        8466.592626149115,
        8483.880611990035,
        8535.71538762996,
        8604.867330993638,
        8717.659720287904,
        8841.14533343733,
        8964.630946586753,
        9088.11655973618,
        9217.103958211717,
        9346.763852018606,
        9458.43620903762,
        9524.53733137055,
        9590.63845370348,
        9654.969209519631,
        9705.816226698804,
        9756.663243877974,
        9807.510261057145,
        9897.608282274145,
        9989.81087342572,
        10087.809775691487,
        10217.469669498378,
        10347.129563305269,
        10504.354341336457,
        10684.437527179365,
        10808.482974362792
    ]
}