{
    "time": [
        35.173929507824916,
        35.183929507824914,
        35.19392950782491,
        35.20392950782491,
        35.21392950782491,
        35.223929507824906,
        35.233929507824904,
        35.2439295078249,
        35.2539295078249,
        35.2639295078249,
        35.273929507824896,
        35.283929507824894,
        35.29392950782489,
        35.30392950782489,
        35.31392950782489,
        35.323929507824886,
        35.333929507824884,
        35.34392950782488,
        35.35392950782488,
        35.36392950782488,
        35.373929507824876,
        35.383929507824874,
        35.39392950782487,
        35.40392950782487,
        35.41392950782487,
        35.423929507824866,
        35.433929507824864,
        35.44392950782486,
        35.45392950782486,
        35.46392950782486,
        35.473929507824856,
        35.483929507824854,
        35.49392950782485,
        35.50392950782485,
        35.51392950782485,
        35.523929507824846,
        35.533929507824844,
        35.54392950782484,
        35.55392950782484,
        35.56392950782484,
        35.573929507824836,
        35.583929507824834,
        35.59392950782483,
        35.60392950782483,
        35.61392950782483,
        35.623929507824826,
        35.633929507824824,
        35.64392950782482,
        35.65392950782482,
        35.66392950782482,
        35.673929507824816,
        35.683929507824814,
        35.69392950782481,
        35.70392950782481,
        35.71392950782481,
        35.723929507824806,
        35.733929507824804,
        35.7439295078248,
        35.7539295078248,
        35.7639295078248,
        35.773929507824796,
        35.783929507824794,
        35.79392950782479,
        35.80392950782479,
        35.81392950782479,
        35.823929507824786,
        35.833929507824784,
        35.84392950782478,
        35.85392950782478,
        35.86392950782478,
        35.873929507824776,
        35.883929507824774,
        35.89392950782477,
        35.90392950782477,
        35.91392950782477,
        35.92169225130979
    ],
    "frequency": [
        15197.677985668633,
        15156.794499645719,
        15115.911013622806,
        15075.027527599894,
        15034.14404157698,
        14993.260555554065,
        14952.37706953115,
        14911.493583508238,
        14870.610097485323,
        14829.72661146241,
        14788.843125439496,
        14345.779330737418,
        13908.469130645939,
        13635.172268906023,
        13188.009140530328,
        12740.846012154638,
        12472.117200084534,
        12399.168234827981,
        12326.219269571426,
        12265.643262314727,
        12240.539367388374,
        12215.43547246202,
        12190.331577535668,
        12161.905075638737,
        12131.78040172712,
        12101.655727815503,
        12028.885266663417,
        11417.719175872144,
        11370.02177551208,
        11322.324375152013,
        11274.626974791949,
        11226.929574431882,
        11179.232174071816,
        11110.586460426912,
        11015.191659706768,
        10903.278244097955,
        10777.636311442178,
        10651.994378786401,
        10526.352446130622,
        10400.710513474845,
        10275.068580819066,
        10149.426648163288,
        10023.784715507512,
        9906.388449285663,
        9791.256793244129,
        9676.125137202594,
        9560.99348116106,
        9445.861825119526,
        9328.87991940789,
        9207.468354855015,
        9086.056790302137,
        8964.64522574926,
        8843.426743516788,
        8723.501851182931,
        8603.576958849077,
        8483.652066515218,
        8363.727174181364,
        8243.80228184751,
        8123.877389513652,
        8059.601060498038,
        8050.061580426025,
        8040.52210035401,
        8030.982620281996,
        8041.464006685769,
        8059.8091606704065,
        8078.154314655045,
        8096.499468639683,
        8114.844622624321,
        8140.2825960797945,
        8167.538253428405,
        8191.891752419939,
        8199.229814013794,
        8206.56787560765,
        8213.905937201507,
        8221.243998795362,
        8226.940347778405
    ]
}