{
    "time": [
        27.16864739086634,
        27.17864739086634,
        27.188647390866343,
        27.198647390866345,
        27.208647390866346,
        27.218647390866348,
        27.22864739086635,
        27.23864739086635,
        27.248647390866353,
        27.258647390866354,
        27.268647390866356,
        27.278647390866357,
        27.28864739086636,
        27.29864739086636,
        27.308647390866362,
        27.318647390866364,
        27.328647390866365,
        27.338647390866367,
        27.34864739086637,
        27.35864739086637,
        27.36864739086637,
        27.378647390866373,
        27.388647390866375,
        27.398647390866376,
        27.408647390866378,
        27.41864739086638,
        27.42864739086638,
        27.438647390866382,
        27.448647390866384,
        27.458647390866386,
        27.468647390866387,
        27.470506534462004
    ],
    "frequency": [
        10750.04515448432,
        10861.740408584736,
        10973.435662685151,
        11085.130916785565,
        11196.826170885979,
        11298.383568795125,
        11364.987035129077,
        11431.590501463033,
        11498.193967796988,
        11564.797434130942,
        11631.400900464894,
        11697.17332224242,
        11754.03636069355,
        11810.899399144673,
        11867.7624375958,
        11924.625476046927,
        11981.488514498053,
        12025.790567470101,
        12055.194104446962,
        12084.597641423825,
        12114.001178400686,
        12143.404715377548,
        12172.808252354409,
        12202.211789331272,
        12218.157921288437,
        12230.871202242957,
        12243.584483197475,
        12256.297764151994,
        12269.011045106514,
        12281.724326061034,
        12294.437607015554,
        12296.80118850214
    ]
}