{
    "time": [
        49.140916557860336,
        49.150916557860334,
        49.16091655786033,
        49.17091655786033,
        49.18091655786033,
        49.19091655786033,
        49.200916557860324,
        49.21091655786032,
        49.22091655786032,
        49.23091655786032,
        49.24091655786032,
        49.250916557860315,
        49.26091655786031,
        49.27091655786031,
        49.28091655786031,
        49.29091655786031,
        49.300916557860305,
        49.3109165578603,
        49.3209165578603,
        49.3309165578603,
        49.3409165578603,
        49.350916557860295,
        49.36091655786029,
        49.37091655786029,
        49.38091655786029,
        49.39091655786029,
        49.400916557860285,
        49.41091655786028,
        49.42091655786028,
        49.43091655786028,
        49.44091655786028,
        49.450916557860275,
        49.46091655786027,
        49.47091655786027,
        49.48091655786027,
        49.49091655786027,
        49.500916557860265,
        49.51091655786026,
        49.52091655786026,
        49.53091655786026,
        49.54091655786026,
        49.550916557860255,
        49.56091655786025,
        49.57091655786025,
        49.58091655786025,
        49.59091655786025,
        49.600916557860245,
        49.61091655786024,
        49.62091655786024,
        49.63091655786024,
        49.64091655786024,
        49.650916557860235,
        49.66091655786023,
        49.67091655786023,
        49.68091655786023,
        49.69091655786023,
        49.700916557860225,
        49.71091655786022,
        49.72091655786022,
        49.73091655786022,
        49.74091655786022,
        49.750916557860215,
        49.76091655786021,
        49.77091655786021,
        49.78091655786021,
        49.79091655786021,
        49.800916557860205,
        49.8109165578602,
        49.8209165578602,
        49.8309165578602,
        49.8409165578602,
        49.850916557860195,
        49.86091655786019,
        49.87091655786019,
        49.88091655786019,
        49.89091655786019,
        49.900916557860185,
        49.90288575019123
    ],
    "frequency": [
        10246.565263164302,
        10332.985845093877,
        10419.40642702345,
        10505.827008953025,
        10592.2475908826,
        10678.668172812175,
        10772.203623996475,
        10896.750933247906,
        11021.298242499339,
        11145.845551750772,
        11270.392861002203,
        11394.940170253634,
        11519.487479505067,
        11666.5669746009,
        11832.630053602805,
        11998.693132604709,
        12164.756211606611,
        12330.819290608515,
        12562.149436906966,
        12844.795575453083,
        13127.4417139992,
        13410.087852545315,
        13692.733991091432,
        13975.38012963755,
        14258.026268183667,
        14539.530090705559,
        14818.278830458716,
        15097.02757021187,
        15279.103236851937,
        15437.258550187089,
        15475.515140896638,
        15505.169262146981,
        15462.567880911587,
        15328.60102726298,
        15194.634173614373,
        15060.667319965763,
        14693.080423286025,
        14302.96398372598,
        13912.847544165934,
        13522.73110460589,
        13132.614665045841,
        12743.651544741206,
        12357.300707879596,
        11970.949871017987,
        11584.599034156376,
        11198.248197294764,
        10935.039753821797,
        10678.828146218866,
        10422.616538615937,
        10155.879122175598,
        9887.015089505836,
        9851.446045405359,
        9785.48494152674,
        9672.376663655938,
        9680.284429322695,
        9722.609563384503,
        9817.502751385595,
        9971.164974772448,
        10177.557658674807,
        10347.94017388662,
        10474.464424554742,
        10600.988675222865,
        10727.51292589099,
        10865.324563119484,
        11007.664345121124,
        11150.004127122764,
        11292.3439091244,
        11476.38261707392,
        11661.424333676036,
        11846.46605027815,
        12031.507766880266,
        12216.54948348238,
        12507.874363618424,
        12821.73050641328,
        13130.13336741683,
        13438.53622842038,
        13746.93908942393,
        13807.669544300028
    ]
}