{
    "time": [
        2.2959511096667473,
        2.305951109666747,
        2.315951109666747,
        2.3259511096667467,
        2.3359511096667465,
        2.3459511096667462,
        2.355951109666746,
        2.365951109666746,
        2.3759511096667456,
        2.3859511096667454,
        2.395951109666745,
        2.405951109666745,
        2.4159511096667448,
        2.4259511096667445,
        2.4359511096667443,
        2.445951109666744,
        2.455951109666744,
        2.4659511096667437,
        2.4759511096667435,
        2.4859511096667433,
        2.495951109666743,
        2.499520439286019
    ],
    "frequency": [
        12305.50686067604,
        12250.438960320007,
        10980.06774556299,
        10843.28912552932,
        10776.906397619645,
        10824.898895877071,
        10872.8913941345,
        10920.883892391927,
        10973.39210434849,
        11075.520140640298,
        11177.648176932104,
        11279.776213223911,
        11381.90424951572,
        11484.032285807525,
        11591.756702824343,
        11706.938698642169,
        11822.120694459996,
        11937.302690277824,
        12071.079336897652,
        12328.057350294246,
        12585.03536369084,
        12676.759287162758
    ]
}