{
    "time": [
        28.175752301122547,
        28.185752301122548,
        28.19575230112255,
        28.20575230112255,
        28.215752301122553,
        28.225752301122554,
        28.235752301122556,
        28.245752301122558,
        28.25575230112256,
        28.26575230112256,
        28.275752301122562,
        28.285752301122564,
        28.295752301122565,
        28.305752301122567,
        28.31575230112257,
        28.32575230112257,
        28.33575230112257,
        28.345752301122573,
        28.355752301122575,
        28.365752301122576,
        28.375752301122578,
        28.38575230112258,
        28.39575230112258,
        28.405752301122583,
        28.415752301122584,
        28.425752301122586,
        28.435752301122587,
        28.44575230112259,
        28.45575230112259,
        28.465752301122592,
        28.475752301122593,
        28.485752301122595,
        28.495752301122597,
        28.505752301122598,
        28.513223979807247
    ],
    "frequency": [
        14536.625600705462,
        14252.761076979481,
        13968.8965532535,
        13685.03202952752,
        13401.167505801537,
        13117.302982075556,
        12917.798781049178,
        12740.624180080446,
        12597.034652074877,
        12532.070631719673,
        12467.106611364468,
        12413.76437964459,
        12368.78928862945,
        12323.814197614312,
        12121.262075632845,
        11976.429655345026,
        11976.429655345026,
        11976.429655345028,
        11987.380911385793,
        12001.301772890478,
        12015.222634395162,
        12038.573280167111,
        12067.807089326954,
        12203.039918046974,
        12471.175735904992,
        12513.254703635064,
        12555.333671365137,
        12597.412639095211,
        12639.491606825286,
        12681.57057455536,
        12723.649542285435,
        12765.728510015508,
        12807.80747774558,
        12849.886445475657,
        12881.326498101733
    ]
}