{
    "time": [
        5.963627949582523,
        5.973627949582522,
        5.983627949582522,
        5.993627949582522,
        6.003627949582522,
        6.013627949582522,
        6.023627949582521,
        6.033627949582521,
        6.043627949582521,
        6.053627949582521,
        6.0636279495825205,
        6.07362794958252,
        6.08362794958252,
        6.09362794958252,
        6.10362794958252,
        6.113627949582519,
        6.123627949582519,
        6.133627949582519,
        6.143627949582519,
        6.153627949582519,
        6.163627949582518,
        6.173627949582518,
        6.183627949582518,
        6.193627949582518,
        6.2036279495825175,
        6.213627949582517,
        6.223627949582517,
        6.233627949582517,
        6.243627949582517,
        6.253627949582516,
        6.263627949582516,
        6.273627949582516,
        6.283627949582516,
        6.293627949582516,
        6.303627949582515,
        6.313627949582515,
        6.323627949582515,
        6.333627949582515,
        6.3436279495825145,
        6.353627949582514,
        6.363627949582514,
        6.368990729126052
    ],
    "frequency": [
        9836.333768072425,
        9683.210325509071,
        9530.086882945718,
        9376.963440382362,
        9219.886235829195,
        8958.300354783458,
        8696.71447373772,
        8419.940618491295,
        8059.65016540105,
        7699.359712310804,
        7347.095350457098,
        7074.875897011132,
        6802.656443565165,
        6650.58613229107,
        6507.670919231936,
        6364.755706172803,
        6221.840493113669,
        6100.354996092682,
        6007.842916210655,
        5915.330836328627,
        5822.818756446601,
        5730.3066765645735,
        5637.7945966825455,
        5572.653614835677,
        5521.612467314559,
        5470.57131979344,
        5419.530172272322,
        5368.489024751204,
        5366.534485863492,
        5395.245131344122,
        5423.9557768247505,
        5452.66642230538,
        5481.377067786009,
        5510.087713266638,
        5535.556444311118,
        5560.454565053126,
        5585.352685795136,
        5610.250806537145,
        5635.148927279153,
        5660.0470480211625,
        5684.945168763172,
        5698.297482021951
    ]
}