{
    "time": [
        33.98507577439961,
        33.99507577439961,
        34.00507577439961,
        34.015075774399605,
        34.0250757743996,
        34.0350757743996,
        34.0450757743996,
        34.0550757743996,
        34.065075774399595,
        34.07507577439959,
        34.08507577439959,
        34.09507577439959,
        34.10507577439959,
        34.115075774399585,
        34.12507577439958,
        34.13507577439958,
        34.14507577439958,
        34.15507577439958,
        34.165075774399575,
        34.17507577439957,
        34.18507577439957,
        34.19507577439957,
        34.20507577439957,
        34.215075774399565,
        34.22507577439956,
        34.23507577439956,
        34.24507577439956,
        34.25507577439956,
        34.265075774399556,
        34.27507577439955,
        34.28507577439955,
        34.29507577439955,
        34.30143219609776
    ],
    "frequency": [
        7465.856517326653,
        7558.829761617068,
        7651.803005907483,
        7744.776250197898,
        7837.749494488311,
        7904.242192839231,
        7954.83693508099,
        8005.431677322747,
        8056.026419564507,
        8106.621161806265,
        8157.215904048024,
        8207.810646289783,
        8254.120763897232,
        8293.702355618529,
        8333.283947339827,
        8372.865539061124,
        8412.44713078242,
        8452.028722503717,
        8491.610314225014,
        8531.191905946313,
        8570.77349766761,
        8610.355089388906,
        8661.744219433955,
        8716.13356734385,
        8770.522915253745,
        8824.912263163642,
        8879.301611073535,
        8933.690958983432,
        8988.11678679744,
        9043.055522059956,
        9097.994257322473,
        9152.932992584989,
        9187.85436947447
    ]
}