{
    "time": [
        26.273860748595244,
        26.283860748595245,
        26.293860748595247,
        26.30386074859525,
        26.31386074859525,
        26.32386074859525,
        26.333860748595253,
        26.343860748595255,
        26.353860748595256,
        26.363860748595258,
        26.37386074859526,
        26.38386074859526,
        26.393860748595262,
        26.403860748595264,
        26.413860748595265,
        26.423860748595267,
        26.43386074859527,
        26.44386074859527,
        26.45386074859527,
        26.463860748595273,
        26.473860748595275,
        26.483860748595276,
        26.493860748595278,
        26.50386074859528,
        26.51386074859528,
        26.523860748595283,
        26.533860748595284,
        26.543860748595286,
        26.553860748595287,
        26.56386074859529,
        26.57386074859529,
        26.583860748595292,
        26.593860748595294,
        26.603860748595295,
        26.613860748595297,
        26.6238607485953,
        26.6338607485953,
        26.6438607485953,
        26.653860748595303,
        26.663860748595305,
        26.673860748595306,
        26.683860748595308,
        26.69386074859531,
        26.70386074859531,
        26.713860748595312,
        26.723860748595314,
        26.733860748595315,
        26.743860748595317,
        26.75386074859532,
        26.76386074859532,
        26.77386074859532,
        26.783860748595323,
        26.793860748595325,
        26.803860748595326,
        26.813860748595328,
        26.82386074859533,
        26.83386074859533,
        26.843860748595333,
        26.853860748595334,
        26.863860748595336,
        26.873860748595337,
        26.88386074859534,
        26.89386074859534,
        26.903860748595342,
        26.913860748595344,
        26.923860748595345,
        26.933860748595347,
        26.94386074859535,
        26.95386074859535,
        26.96386074859535,
        26.968424561616608
    ],
    "frequency": [
        17471.76343476853,
        17536.412362588693,
        17601.061290408856,
        17665.710218229022,
        17730.35914604918,
        17795.008073869347,
        17867.989880840094,
        17947.99292901755,
        18027.995977195,
        18107.999025372457,
        18188.002073549913,
        18268.005121727365,
        18348.008169904817,
        18433.693143252996,
        18535.030337611104,
        18636.367531969212,
        18737.70472632732,
        18754.656969351585,
        18767.990810714495,
        18781.3246520774,
        18794.65849344031,
        18807.992334803217,
        18821.326176166127,
        18810.992610071527,
        18755.523830001825,
        18700.05504993212,
        18644.58626986242,
        18583.24375297197,
        18499.762311395498,
        18416.280869819027,
        18332.799428242557,
        18128.503860315326,
        17747.53696423222,
        17366.57006814911,
        16985.603172066003,
        16604.636275982895,
        16223.66937989979,
        15842.702483816682,
        15461.735587733572,
        15080.768691650466,
        14699.80179556736,
        14318.834899484253,
        13907.766725031084,
        13496.322477261321,
        13200.15939683038,
        12960.150252298019,
        12722.26042622933,
        12562.254329874459,
        12442.011573292073,
        12388.676207840437,
        12335.340842388803,
        12282.005476937165,
        12228.670111485531,
        12175.334746033892,
        12156.291323399912,
        12148.671985478248,
        12160.602956278071,
        12197.937712094217,
        12235.272467910363,
        12285.151697129879,
        12420.914445552226,
        12556.67719397457,
        12692.439942396917,
        12860.939667711533,
        13063.614056427748,
        13166.975540983276,
        13250.78825812156,
        13327.99347584328,
        13399.107296445458,
        13470.221117047642,
        13502.67613509319
    ]
}