{
    "time": [
        15.84029429017317,
        15.850294290173169,
        15.860294290173169,
        15.870294290173169,
        15.880294290173168,
        15.890294290173168,
        15.900294290173168,
        15.910294290173168,
        15.920294290173167,
        15.930294290173167,
        15.940294290173167,
        15.950294290173167,
        15.960294290173167,
        15.970294290173166,
        15.980294290173166,
        15.990294290173166,
        16.000294290173166,
        16.010294290173164,
        16.020294290173165,
        16.030294290173167,
        16.040294290173165,
        16.050294290173163,
        16.060294290173164,
        16.070294290173166,
        16.080294290173164,
        16.090294290173162,
        16.100294290173164,
        16.110294290173165,
        16.120294290173163,
        16.13029429017316,
        16.140294290173163,
        16.150294290173164,
        16.160294290173162,
        16.17029429017316,
        16.180294290173162,
        16.190294290173163,
        16.20029429017316,
        16.21029429017316,
        16.22029429017316,
        16.230294290173163,
        16.24029429017316,
        16.25029429017316,
        16.26029429017316,
        16.27029429017316,
        16.28029429017316,
        16.290294290173158,
        16.30029429017316,
        16.31029429017316,
        16.32029429017316,
        16.330294290173157,
        16.34029429017316,
        16.35029429017316,
        16.360294290173158,
        16.370294290173156,
        16.380294290173158,
        16.39029429017316,
        16.400294290173157,
        16.410294290173155,
        16.420294290173157,
        16.43029429017316,
        16.440294290173156,
        16.450294290173154,
        16.460294290173156,
        16.470294290173157,
        16.480294290173156,
        16.490294290173154,
        16.500294290173155,
        16.510294290173157,
        16.520294290173155,
        16.530294290173153,
        16.540294290173154,
        16.550294290173156,
        16.560294290173154,
        16.570294290173152,
        16.580294290173153,
        16.590294290173155,
        16.600294290173153,
        16.61029429017315,
        16.620294290173153,
        16.630294290173154,
        16.640294290173152,
        16.65029429017315,
        16.65768401658903
    ],
    "frequency": [
        13806.043933618248,
        13797.331240213269,
        13788.618546808291,
        13779.905853403312,
        13771.193159998333,
        13762.480466593353,
        13753.767773188374,
        13745.055079783397,
        13729.610143534268,
        13713.83716409422,
        13698.064184654175,
        13682.291205214126,
        13666.518225774078,
        13650.74524633403,
        13634.972266893983,
        13619.199287453934,
        13603.426308013884,
        13587.65332857384,
        13571.88034913379,
        13552.871987487371,
        13525.399530805009,
        13497.92707412265,
        13470.454617440279,
        13442.982160757907,
        13415.509704075545,
        13388.037247393184,
        13360.564790710814,
        13287.292913079436,
        13204.468543674091,
        13121.644174268748,
        13038.819804863375,
        12955.995435458002,
        12845.898425852381,
        12693.426291265292,
        12540.954156678144,
        12388.482022090999,
        12252.08851183139,
        12143.66388279167,
        12035.239253751908,
        11955.88125958184,
        11931.679333456901,
        11907.477407331964,
        11883.275481207016,
        11860.634123595937,
        11849.743256839716,
        11838.852390083493,
        11827.961523327267,
        11817.070656571042,
        11806.179789814822,
        11789.67328118228,
        11767.084816798997,
        11744.496352415714,
        11721.90788803244,
        11699.319423649165,
        11676.73095926588,
        11654.142494882599,
        11631.554030499323,
        11608.96556611605,
        11586.377101732767,
        11563.788637349486,
        11547.446724763995,
        11535.1257441913,
        11522.804763618602,
        11510.483783045904,
        11498.162802473207,
        11485.841821900513,
        11473.520841327814,
        11415.890222129354,
        11356.595503123255,
        11297.300784117157,
        11238.006065111038,
        11170.637748974848,
        11050.50818839107,
        10930.378627807295,
        10810.249067223474,
        10690.119506639656,
        10425.669279244765,
        10100.395392125636,
        9843.368870264638,
        9616.970852241288,
        9390.572834218015,
        9164.174816194743,
        8996.87287476576
    ]
}