{
    "time": [
        40.800502001224544,
        40.81050200122454,
        40.82050200122454,
        40.83050200122454,
        40.840502001224536,
        40.850502001224534,
        40.86050200122453,
        40.87050200122453,
        40.88050200122453,
        40.890502001224526,
        40.900502001224524,
        40.91050200122452,
        40.92050200122452,
        40.93050200122452,
        40.940502001224516,
        40.950502001224514,
        40.96050200122451,
        40.97050200122451,
        40.98050200122451,
        40.990502001224506,
        41.000502001224504,
        41.0105020012245,
        41.016050839767445
    ],
    "frequency": [
        11100.52341412418,
        11202.125493514903,
        11303.727572905627,
        11405.32965229635,
        11512.039205434772,
        11628.85705516904,
        11745.67490490331,
        11862.49275463758,
        11955.730904412794,
        12020.815134979015,
        12085.899365545234,
        12149.033689448084,
        12205.35658128425,
        12261.679473120415,
        12318.002364956581,
        12374.325256792747,
        12433.429708026351,
        12546.075491698668,
        12658.721275370983,
        12771.367059043298,
        12956.178782008279,
        13188.980068264378,
        13318.157743266853
    ]
}