{
    "time": [
        16.38181575789895,
        16.39181575789895,
        16.40181575789895,
        16.411815757898953,
        16.421815757898955,
        16.431815757898956,
        16.441815757898958,
        16.45181575789896,
        16.46181575789896,
        16.471815757898963,
        16.481815757898964,
        16.491815757898966,
        16.501815757898967,
        16.51181575789897,
        16.52181575789897,
        16.531815757898972,
        16.541815757898974,
        16.551815757898975,
        16.561815757898977,
        16.571815757898978,
        16.58181575789898,
        16.59181575789898,
        16.601815757898983,
        16.611815757898984,
        16.621815757898986,
        16.631815757898988,
        16.64181575789899,
        16.65181575789899,
        16.661815757898992,
        16.671815757898994,
        16.681815757898995,
        16.691815757898997,
        16.701815757899,
        16.711815757899,
        16.721815757899,
        16.731815757899003,
        16.741815757899005,
        16.751815757899006,
        16.761815757899008,
        16.77181575789901,
        16.78181575789901,
        16.791815757899013,
        16.801815757899014,
        16.811815757899016,
        16.821815757899017,
        16.83181575789902,
        16.84181575789902,
        16.851815757899022,
        16.861815757899024,
        16.871815757899025,
        16.881815757899027,
        16.89181575789903,
        16.90181575789903,
        16.91181575789903,
        16.921815757899033,
        16.931815757899034,
        16.941815757899036,
        16.951815757899038,
        16.96181575789904,
        16.97181575789904,
        16.981815757899042,
        16.991815757899044,
        17.001815757899045,
        17.011815757899047,
        17.02181575789905,
        17.03181575789905,
        17.04181575789905,
        17.051815757899053,
        17.061815757899055,
        17.071815757899056,
        17.081815757899058,
        17.09181575789906,
        17.10181575789906,
        17.111815757899063,
        17.117201577424087
    ],
    "frequency": [
        8201.667951982148,
        8308.797218926748,
        8643.118354750706,
        9406.405617024408,
        9506.593232934034,
        9605.82354937286,
        9696.185440133842,
        9786.547330894824,
        9823.258088099437,
        9830.586915279075,
        9860.764767114306,
        9985.354829168165,
        10109.944891222023,
        10136.444067737195,
        10129.115240557556,
        10298.249861265876,
        10894.661518166457,
        10738.000175994148,
        10996.84769258734,
        10814.209201955444,
        10504.023536058707,
        10145.388158326185,
        9607.827310384582,
        8449.557874770038,
        7949.585452887206,
        8215.392104613487,
        8321.099450118209,
        8362.565131863232,
        8340.578650324316,
        8318.5921687854,
        8296.605687246485,
        8274.619205707568,
        8253.609518712003,
        8238.951864352726,
        8224.29420999345,
        8209.636555634172,
        8194.978901274895,
        8180.321246915617,
        8165.663592556341,
        8151.005938197066,
        8176.334076985093,
        8212.978212883289,
        8240.00291444418,
        8247.331741623817,
        8254.660568803456,
        8315.536203131498,
        8383.932210050354,
        8442.80001134984,
        8488.806463403054,
        8534.812915456268,
        8648.950531532424,
        8764.886834396902,
        8886.04519934698,
        9011.966465198715,
        9140.094229464004,
        9296.786712932528,
        9453.47919640105,
        9624.824379144431,
        9805.134230514373,
        9986.824876122972,
        10175.298613304683,
        10363.772350486393,
        10594.705471320984,
        10842.327331219023,
        11111.629074108505,
        11440.58232390865,
        11769.535573708794,
        12104.388044687403,
        12440.577150102057,
        12953.556970163732,
        13775.447958473338,
        14597.338946782942,
        15144.009250183975,
        15664.35597993833,
        15944.605337627636
    ]
}