{
    "time": [
        15.0088116374398,
        15.0188116374398,
        15.0288116374398,
        15.0388116374398,
        15.0488116374398,
        15.0588116374398,
        15.068811637439799,
        15.078811637439799,
        15.088811637439798,
        15.098811637439798,
        15.108811637439798,
        15.118811637439798,
        15.128811637439798,
        15.138811637439797,
        15.148811637439797,
        15.158811637439797,
        15.168811637439797,
        15.178811637439797,
        15.188811637439796,
        15.198811637439796,
        15.208811637439796,
        15.218811637439796,
        15.228811637439795,
        15.238811637439795,
        15.248811637439795,
        15.258811637439795,
        15.268811637439795,
        15.278811637439794,
        15.288811637439794,
        15.298811637439794,
        15.308811637439794,
        15.318811637439794,
        15.328811637439793,
        15.338811637439793,
        15.348811637439793,
        15.358811637439793,
        15.368811637439793,
        15.378811637439792,
        15.388811637439792,
        15.398811637439792,
        15.408811637439792,
        15.418811637439791,
        15.428811637439791,
        15.438811637439791,
        15.44881163743979,
        15.45881163743979,
        15.46881163743979,
        15.47881163743979,
        15.48881163743979,
        15.49881163743979,
        15.50881163743979,
        15.514143709682118
    ],
    "frequency": [
        12721.422375664286,
        12627.593369764512,
        12533.764363864739,
        12348.016906221357,
        12014.03032569717,
        11949.503878003856,
        11892.326827533678,
        11835.149777063503,
        11840.096997159832,
        11865.509019591018,
        11890.921042022204,
        11906.213316944224,
        11912.566322552022,
        11918.919328159816,
        11922.732201240218,
        11920.884054154312,
        11919.035907068412,
        11917.187759982506,
        11915.339612896601,
        11913.491465810697,
        11911.643318724791,
        11909.795171638887,
        11907.947024552983,
        11906.098877467077,
        11904.250730381174,
        11902.840067774501,
        11902.840067774501,
        11902.840067774501,
        11902.840067774501,
        11902.840067774501,
        11902.840067774501,
        11902.840067774501,
        11902.840067774501,
        11902.840067774503,
        11904.475463911278,
        11913.7161993408,
        11922.956934770324,
        11932.197670199846,
        11941.438405629371,
        11950.679141058894,
        11959.919876488417,
        11962.065917603484,
        11957.999994014493,
        11953.934070425503,
        11949.868146836516,
        11945.802223247525,
        11941.736299658533,
        11937.670376069544,
        11933.604452480553,
        11929.538528891562,
        11925.472605302573,
        11923.304625471745
    ]
}