{
    "time": [
        6.70769385158909,
        6.71769385158909,
        6.727693851589089,
        6.737693851589089,
        6.747693851589089,
        6.757693851589089,
        6.7676938515890885,
        6.777693851589088,
        6.787693851589088,
        6.797693851589088,
        6.807693851589088,
        6.8176938515890875,
        6.827693851589087,
        6.837693851589087,
        6.847693851589087,
        6.857693851589087,
        6.867693851589086,
        6.877693851589086,
        6.887693851589086,
        6.897693851589086,
        6.9076938515890856,
        6.917693851589085,
        6.927693851589085,
        6.937693851589085,
        6.947693851589085,
        6.9576938515890845,
        6.967693851589084,
        6.977693851589084,
        6.987693851589084,
        6.997693851589084,
        7.007693851589083,
        7.017693851589083,
        7.027693851589083,
        7.037693851589083,
        7.047693851589083,
        7.057693851589082,
        7.067693851589082,
        7.077693851589082,
        7.087693851589082,
        7.0976938515890815,
        7.107693851589081,
        7.117693851589081,
        7.127693851589081,
        7.137693851589081,
        7.14769385158908,
        7.15769385158908,
        7.16769385158908,
        7.17769385158908,
        7.18769385158908,
        7.197693851589079,
        7.207693851589079,
        7.217693851589079,
        7.227693851589079,
        7.2376938515890785,
        7.247693851589078,
        7.257185619414762
    ],
    "frequency": [
        7040.860365940549,
        7066.380939701108,
        7091.9015134616675,
        7352.689032699956,
        7658.935917826675,
        7965.182802953395,
        8348.876908233791,
        10071.515637071514,
        11075.63355516332,
        11252.256000585263,
        11277.77657434582,
        11251.769988097225,
        11183.715124735734,
        11145.420837957618,
        11153.927695877803,
        11181.550916220349,
        11274.353002622382,
        11478.850530742018,
        12027.54286659403,
        12775.1945582464,
        13006.120819302676,
        13176.257977706406,
        13058.24142258432,
        12573.581926023184,
        11871.730086884581,
        11423.702236421426,
        10975.674385958275,
        10527.646535495121,
        10079.618685031968,
        9631.590834568815,
        9183.56298410566,
        8710.218139370245,
        8227.647290079676,
        8000.871757255109,
        7858.84421632678,
        7716.816675398451,
        7574.789134470121,
        7501.316906367423,
        7472.150536355357,
        7442.984166343287,
        7413.81779633122,
        7401.956185153787,
        7393.789601550408,
        7385.623017947029,
        7377.456434343652,
        7368.464560818911,
        7357.719056077622,
        7346.973551336334,
        7336.228046595045,
        7298.495631677135,
        7257.662713660238,
        7216.8297956433435,
        7175.996877626449,
        7132.695645667142,
        7085.580740263034,
        7040.860365940548
    ]
}