{
    "time": [
        8.008457970835435,
        8.018457970835435,
        8.028457970835435,
        8.038457970835434,
        8.048457970835434,
        8.058457970835434,
        8.068457970835434,
        8.078457970835434,
        8.088457970835433,
        8.098457970835433,
        8.108457970835433,
        8.118457970835433,
        8.128457970835433,
        8.138457970835432,
        8.148457970835432,
        8.158457970835432,
        8.168457970835432,
        8.178457970835431,
        8.188457970835431,
        8.198457970835431,
        8.20845797083543,
        8.21845797083543,
        8.22845797083543,
        8.23845797083543,
        8.24845797083543,
        8.25845797083543,
        8.26428692503624
    ],
    "frequency": [
        11013.375200549002,
        11060.490105953111,
        11107.60501135722,
        11154.719916761329,
        11201.834822165438,
        11248.949727569548,
        11296.064632973656,
        11343.179538377768,
        11391.956630026398,
        11440.77859722051,
        11489.600564414624,
        11538.422531608736,
        11537.957066592178,
        11527.396829174017,
        11516.836591755855,
        11506.276354337693,
        11495.716116919531,
        11491.548282492615,
        11491.548282492615,
        11491.548282492615,
        11491.548282492615,
        11491.548282492615,
        11499.345056836682,
        11538.233550186105,
        11577.122043535532,
        11616.010536884954,
        11638.678461552186
    ]
}