{
    "time": [
        10.70671623317914,
        10.71671623317914,
        10.72671623317914,
        10.73671623317914,
        10.74671623317914,
        10.756716233179139,
        10.766716233179139,
        10.776716233179139,
        10.786716233179138,
        10.796716233179138,
        10.806716233179138,
        10.816716233179138,
        10.826716233179138,
        10.836716233179137,
        10.846716233179137,
        10.856716233179137,
        10.866716233179137,
        10.876716233179136,
        10.886716233179136,
        10.896716233179136,
        10.906716233179136,
        10.916716233179136,
        10.926716233179135,
        10.936716233179135,
        10.946716233179135,
        10.956716233179135,
        10.966716233179135,
        10.976716233179134,
        10.986716233179134,
        10.996716233179134,
        11.006716233179134,
        11.016716233179134,
        11.026716233179133,
        11.036716233179133,
        11.046716233179133,
        11.056716233179133,
        11.066716233179132,
        11.076716233179132,
        11.086716233179132,
        11.096716233179132,
        11.106716233179132,
        11.116716233179131,
        11.126716233179131,
        11.136716233179131,
        11.14671623317913,
        11.15671623317913,
        11.16671623317913,
        11.17671623317913,
        11.18671623317913,
        11.19671623317913,
        11.20671623317913,
        11.21671623317913,
        11.226716233179129,
        11.236716233179129,
        11.246716233179129,
        11.256716233179128,
        11.266716233179128,
        11.276716233179128,
        11.286716233179128,
        11.296716233179128,
        11.306716233179127,
        11.316716233179127,
        11.326716233179127,
        11.336716233179127,
        11.346716233179126,
        11.356716233179126,
        11.366716233179126,
        11.376716233179126,
        11.386716233179126,
        11.396716233179125,
        11.406716233179125,
        11.416716233179125,
        11.426716233179125,
        11.436716233179125,
        11.446716233179124,
        11.456716233179124,
        11.466716233179124,
        11.476716233179124,
        11.486716233179123,
        11.496716233179123,
        11.506716233179123,
        11.510741500152653
    ],
    "frequency": [
        8062.461478763956,
        8539.939878442761,
        8914.3006601861,
        9182.882260005426,
        9298.796217686535,
        9412.7399267008,
        9526.683635715064,
        9640.62734472933,
        10019.001851052719,
        10445.977727688572,
        10872.95360432443,
        11299.929480960283,
        11726.905357596137,
        12798.44966928838,
        13904.607961877646,
        14960.324074197506,
        15661.620473725749,
        16060.555228522688,
        16272.767850602168,
        16469.390378465218,
        16664.722451061098,
        16758.316500402707,
        16834.278973078883,
        16839.258136755503,
        16776.52320048417,
        16587.52133394464,
        16395.191595703673,
        15985.924395978956,
        15576.657196254237,
        15139.027548361457,
        14654.917504242669,
        14170.80746012388,
        13686.697416005092,
        12913.821961460679,
        12125.18721621466,
        11229.915216816855,
        10334.643217419049,
        9439.371218021242,
        8880.492341217207,
        8585.389188994917,
        8487.723152696975,
        8442.697874812637,
        8505.523980033533,
        8568.350085254431,
        8631.176190475326,
        8705.080798482655,
        8782.67103843046,
        8860.261278378266,
        8937.851518326072,
        8973.175289103552,
        9007.830979402821,
        9042.486669702092,
        9077.14236000136,
        9111.798050300631,
        9145.744965400538,
        9175.587365380463,
        9205.42976536039,
        9235.272165340313,
        9296.858014173418,
        9409.945003571034,
        9523.031992968648,
        9636.118982366263,
        9668.41687999427,
        9680.98210103845,
        9693.54732208263,
        9721.262345368856,
        9800.84207864866,
        9880.421811928467,
        9960.001545208272,
        10072.874805078834,
        10192.244404998539,
        10311.614004918241,
        10402.63191284339,
        10412.579379503364,
        10422.526846163342,
        10432.474312823315,
        10442.421779483291,
        10483.653700829558,
        10535.87790079443,
        10588.102100759303,
        10689.15787310357,
        10737.207323923594
    ]
}