{
    "time": [
        10.305645081269633,
        10.315645081269633,
        10.325645081269633,
        10.335645081269632,
        10.345645081269632,
        10.355645081269632,
        10.365645081269632,
        10.375645081269631,
        10.385645081269631,
        10.395645081269631,
        10.40564508126963,
        10.41564508126963,
        10.42564508126963,
        10.42803768631244
    ],
    "frequency": [
        11501.420422540634,
        10614.67482313712,
        9727.929223733605,
        8841.18362433009,
        7966.3426694701,
        7339.65226989167,
        7021.285067376356,
        6966.191405874953,
        6930.713636181293,
        7089.873102740894,
        7249.032569300496,
        8053.990203267045,
        8459.84684299403,
        8556.952307280866
    ]
}