{
    "time": [
        10.535366586119208,
        10.545366586119208,
        10.555366586119208,
        10.565366586119207,
        10.575366586119207,
        10.585366586119207,
        10.595366586119207,
        10.605366586119207,
        10.615366586119206,
        10.625366586119206,
        10.635366586119206,
        10.645366586119206,
        10.655366586119206,
        10.665366586119205,
        10.675366586119205,
        10.685366586119205,
        10.695366586119205,
        10.705366586119204,
        10.715366586119204,
        10.725366586119204,
        10.735366586119204,
        10.745366586119204,
        10.755366586119203,
        10.765366586119203,
        10.775366586119203,
        10.785366586119203,
        10.795366586119203,
        10.805366586119202,
        10.815366586119202,
        10.825366586119202,
        10.835366586119202,
        10.845366586119201,
        10.855366586119201,
        10.865366586119201,
        10.8753665861192,
        10.8853665861192,
        10.8953665861192,
        10.9053665861192,
        10.9153665861192,
        10.9253665861192,
        10.932671811719702
    ],
    "frequency": [
        14333.504258592015,
        13856.025858913212,
        13432.877731433506,
        13419.614442553539,
        13406.351153673571,
        13393.087864793604,
        13377.630999248202,
        13361.353326531878,
        13345.075653815555,
        13328.797981099233,
        13299.39065151766,
        13260.676186678837,
        13221.961721840013,
        13183.24725700119,
        13144.532792162365,
        13105.818327323543,
        13067.10386248472,
        13013.118957274095,
        12949.703857316756,
        12886.288757359413,
        12822.873657402073,
        12759.458557444732,
        12696.04345748739,
        12628.943203728302,
        12559.310937108472,
        12489.678670488645,
        12420.046403868819,
        12352.025419535541,
        12304.277579567659,
        12256.529739599777,
        12208.781899631897,
        12161.034059664014,
        12116.862935553025,
        12078.881699214937,
        12040.900462876849,
        12002.91922653876,
        11937.830412295061,
        11778.670945735455,
        11619.511479175851,
        11460.352012616248,
        11344.08243164889
    ]
}