{
    "time": [
        19.65032385752306,
        19.66032385752306,
        19.670323857523062,
        19.680323857523064,
        19.690323857523065,
        19.700323857523067,
        19.71032385752307,
        19.72032385752307,
        19.73032385752307,
        19.740323857523073,
        19.750323857523075,
        19.760323857523076,
        19.770323857523078,
        19.78032385752308,
        19.79032385752308,
        19.800323857523082,
        19.810323857523084,
        19.820323857523086,
        19.830323857523087,
        19.84032385752309,
        19.85032385752309,
        19.860323857523092,
        19.870323857523093,
        19.880323857523095,
        19.890323857523097,
        19.900323857523098,
        19.9103238575231,
        19.9203238575231,
        19.930323857523103,
        19.940323857523104,
        19.950323857523106,
        19.960323857523107,
        19.97032385752311,
        19.98032385752311,
        19.990323857523112,
        20.000323857523114,
        20.010323857523115,
        20.020323857523117,
        20.03032385752312,
        20.04032385752312,
        20.05032385752312,
        20.060323857523123,
        20.070323857523125,
        20.080323857523126,
        20.090323857523128,
        20.10032385752313,
        20.11032385752313,
        20.120323857523132,
        20.130323857523134,
        20.140323857523136,
        20.14825925698544
    ],
    "frequency": [
        11583.863256492728,
        11488.93852402505,
        11406.972171455596,
        11336.07159967419,
        11276.56210936031,
        11281.958347381727,
        11287.354585403147,
        11292.750823424563,
        11298.147061445983,
        11303.5432994674,
        11347.372480121943,
        11440.18777409033,
        11533.003068058715,
        11625.8183620271,
        11718.633655995485,
        11809.463794757403,
        11886.809873064387,
        11964.15595137137,
        12041.502029678351,
        12118.848107985334,
        12187.218185045529,
        12238.782237250189,
        12290.346289454848,
        12341.910341659506,
        12393.474393864166,
        12414.28728405491,
        12411.709081444676,
        12409.130878834445,
        12406.552676224212,
        12403.974473613978,
        12401.396271003745,
        12321.5126750967,
        12188.515150202971,
        12055.517625309247,
        11922.52010041552,
        11789.522575521796,
        11653.300116749408,
        11498.607960135434,
        11343.91580352146,
        11189.223646907485,
        11034.531490293513,
        10879.839333679538,
        10644.995923561706,
        10407.68409239254,
        10171.575746931727,
        9958.87403158754,
        9746.172316243355,
        9608.925472495284,
        9510.755450028715,
        9412.585427562144,
        9334.683593212589
    ]
}