{
    "time": [
        22.075068435367232,
        22.085068435367234,
        22.095068435367235,
        22.105068435367237,
        22.115068435367238,
        22.12506843536724,
        22.13506843536724,
        22.145068435367243,
        22.155068435367244,
        22.165068435367246,
        22.175068435367248,
        22.18506843536725,
        22.19506843536725,
        22.205068435367252,
        22.215068435367254,
        22.225068435367255,
        22.235068435367257,
        22.24506843536726,
        22.25506843536726,
        22.26506843536726,
        22.275068435367263,
        22.285068435367265,
        22.295068435367266,
        22.305068435367268,
        22.31506843536727,
        22.32506843536727,
        22.335068435367273,
        22.345068435367274,
        22.355068435367276,
        22.365068435367277,
        22.37506843536728,
        22.38506843536728,
        22.395068435367282,
        22.405068435367284,
        22.40843502828526
    ],
    "frequency": [
        12778.68751409704,
        12507.458456040922,
        12236.229397984802,
        11978.433116212664,
        11813.686577245222,
        11648.940038277779,
        11484.193499310337,
        11319.446960342895,
        11243.161795219545,
        11186.906879474569,
        11130.651963729593,
        11074.397047984618,
        11018.142132239642,
        10961.887216494666,
        10939.88207268801,
        10981.704240370133,
        11023.526408052257,
        11065.34857573438,
        11107.170743416507,
        11148.99291109863,
        11190.815078780755,
        11245.97632575304,
        11331.067794947121,
        11416.159264141203,
        11501.250733335284,
        11586.342202529366,
        11671.43367172345,
        11756.52514091753,
        11841.616610111612,
        11945.488822443382,
        12049.745036951444,
        12154.001251459507,
        12258.25746596757,
        12362.513680475635,
        12397.612503817429
    ]
}