{
    "time": [
        38.45887215037995,
        38.46887215037995,
        38.47887215037995,
        38.48887215037995,
        38.498872150379945,
        38.50887215037994,
        38.51887215037994,
        38.52887215037994,
        38.53887215037994,
        38.548872150379935,
        38.55172911791361
    ],
    "frequency": [
        10373.052265632572,
        10439.18900743012,
        10505.325749227666,
        10573.701901397206,
        10644.924267536366,
        10716.146633675524,
        10892.398261417997,
        11082.879557512895,
        11424.629195997246,
        12276.001878321205,
        13205.561558067186
    ]
}