{
    "time": [
        28.205923459002634,
        28.215923459002635,
        28.225923459002637,
        28.23592345900264,
        28.24592345900264,
        28.25592345900264,
        28.265923459002643,
        28.275923459002644,
        28.285923459002646,
        28.295923459002648,
        28.30592345900265,
        28.31592345900265,
        28.325923459002652,
        28.335923459002654,
        28.345923459002655,
        28.355923459002657,
        28.36592345900266,
        28.37592345900266,
        28.38592345900266,
        28.395923459002663,
        28.405923459002665,
        28.415923459002666,
        28.425923459002668,
        28.43592345900267,
        28.44592345900267,
        28.455923459002673,
        28.465923459002674,
        28.475923459002676,
        28.485923459002677,
        28.49592345900268,
        28.50592345900268,
        28.515923459002682,
        28.525923459002684,
        28.535923459002685,
        28.545923459002687,
        28.55592345900269,
        28.56592345900269,
        28.57592345900269,
        28.585923459002693,
        28.595923459002694,
        28.605923459002696,
        28.615923459002698,
        28.6259234590027,
        28.6359234590027,
        28.645923459002702,
        28.655923459002704,
        28.665923459002705,
        28.675923459002707,
        28.68592345900271,
        28.69592345900271,
        28.70592345900271,
        28.715923459002713,
        28.725923459002715,
        28.735923459002716,
        28.745923459002718,
        28.75592345900272,
        28.76592345900272,
        28.775923459002723,
        28.785923459002724,
        28.795923459002726,
        28.805923459002727,
        28.81592345900273,
        28.82592345900273,
        28.835923459002732,
        28.845923459002734,
        28.854063310435905
    ],
    "frequency": [
        13744.01291437403,
        13524.347231400814,
        13304.681548427594,
        13085.015865454374,
        12865.350182481157,
        12645.684499507937,
        12436.110382004194,
        12231.821296839102,
        12027.532211674008,
        11836.728704642921,
        11697.043860085592,
        11557.359015528262,
        11505.940214680848,
        11507.916887009489,
        11509.893559338128,
        11511.870231666771,
        11513.846903995414,
        11515.823576324054,
        11517.800248652697,
        11519.776920981336,
        11521.753593309977,
        11563.288554798522,
        11646.483204865754,
        11729.677854932987,
        11812.87250500022,
        11896.067155067452,
        11979.261805134685,
        12036.60016389889,
        12078.505617266084,
        12120.41107063328,
        12162.316524000475,
        12204.221977367673,
        12260.974266046323,
        12335.517620593744,
        12410.060975141165,
        12484.604329688587,
        12559.147684236006,
        12633.691038783425,
        12708.234393330848,
        12782.777747878268,
        12857.321102425689,
        12932.674238387837,
        13008.865971782741,
        13085.057705177645,
        13161.249438572548,
        13237.441171967454,
        13313.632905362356,
        13389.824638757262,
        13466.016372152164,
        13542.20810554707,
        13618.509353638201,
        13705.140819733851,
        13791.772285829504,
        13878.403751925154,
        13965.035218020806,
        14051.666684116457,
        14138.298150212107,
        14224.92961630776,
        14311.561082403412,
        14398.320260652863,
        14487.677477391735,
        14577.034694130609,
        14666.391910869483,
        14755.749127608357,
        14845.10634434723,
        14917.841791220828
    ]
}