{
    "time": [
        5.406826791505155,
        5.416826791505155,
        5.426826791505155,
        5.436826791505155,
        5.4468267915051545,
        5.456826791505154,
        5.466826791505154,
        5.476826791505154,
        5.486826791505154,
        5.496826791505153,
        5.506826791505153,
        5.516826791505153,
        5.526826791505153,
        5.536826791505153,
        5.546826791505152,
        5.556826791505152,
        5.566826791505152,
        5.576826791505152,
        5.5868267915051515,
        5.596826791505151,
        5.606826791505151,
        5.616826791505151,
        5.626826791505151,
        5.63682679150515,
        5.64682679150515,
        5.65682679150515,
        5.66682679150515,
        5.67682679150515,
        5.686826791505149,
        5.696826791505149,
        5.706826791505149,
        5.716826791505149,
        5.7268267915051485,
        5.736826791505148,
        5.746826791505148,
        5.756826791505148,
        5.766826791505148,
        5.776826791505147,
        5.786826791505147,
        5.796826791505147,
        5.806826791505147,
        5.816826791505147,
        5.826826791505146,
        5.836826791505146,
        5.846826791505146,
        5.856826791505146,
        5.8668267915051455,
        5.876826791505145,
        5.886826791505145,
        5.896826791505145,
        5.906826791505145,
        5.9168267915051445,
        5.926826791505144,
        5.936826791505144,
        5.946826791505144,
        5.956826791505144,
        5.966826791505143,
        5.976826791505143,
        5.986826791505143,
        5.996826791505143,
        6.0068267915051425,
        6.016826791505142,
        6.026826791505142,
        6.036826791505142,
        6.046826791505142,
        6.0568267915051415,
        6.066826791505141,
        6.076826791505141,
        6.086826791505141,
        6.096826791505141,
        6.10682679150514,
        6.11682679150514,
        6.12682679150514,
        6.13682679150514,
        6.1368849686094515
    ],
    "frequency": [
        11383.890183417936,
        11334.030042027629,
        11284.169900637322,
        11234.309759247017,
        11184.449617856708,
        11134.589476466403,
        11102.221524798146,
        11073.136442320465,
        11044.051359842786,
        11014.966277365105,
        10982.862239761456,
        10916.38205124105,
        10849.901862720639,
        10783.42167420023,
        10716.941485679821,
        10631.459629874376,
        10544.204382441338,
        10456.949135008299,
        10270.571550624945,
        10049.452662720105,
        9828.333774815266,
        9607.214886910428,
        9341.978418058443,
        8872.462086633052,
        8402.945755207662,
        7933.4294237822705,
        7463.91309235688,
        7072.245865662215,
        6789.70506445048,
        6506.570339790175,
        6207.409491448321,
        5991.336734136921,
        5877.370696673361,
        5763.404659209801,
        5718.5015871059395,
        5707.421555685871,
        5696.341524265803,
        5685.261492845735,
        5674.1814614256655,
        5667.571160789326,
        5670.687419626221,
        5673.803678463115,
        5676.919937300008,
        5680.0361961369035,
        5683.152454973797,
        5686.26871381069,
        5688.262882323968,
        5690.218181986334,
        5692.173481648699,
        5694.128781311065,
        5696.084080973429,
        5698.039380635794,
        5699.994680298159,
        5701.949979960524,
        5703.905279622889,
        5705.860579285254,
        5707.815878947619,
        5709.771178609984,
        5711.726478272349,
        5713.681777934714,
        5715.637077597079,
        5717.592377259445,
        5719.547676921809,
        5721.502976584175,
        5723.45827624654,
        5725.413575908905,
        5727.808795063475,
        5730.365725391183,
        5732.922655718891,
        5735.479586046599,
        5738.036516374306,
        5740.593446702014,
        5743.150377029723,
        5745.707307357431,
        5745.7221828376705
    ]
}