{
    "time": [
        51.59508721719312,
        51.605087217193116,
        51.615087217193114,
        51.62508721719311,
        51.63508721719311,
        51.64508721719311,
        51.655087217193106,
        51.665087217193104,
        51.6750872171931,
        51.6850872171931,
        51.6950872171931,
        51.705087217193096,
        51.715087217193094,
        51.72508721719309,
        51.73508721719309,
        51.74508721719309,
        51.755087217193086,
        51.765087217193084,
        51.77508721719308,
        51.78508721719308,
        51.79508721719308,
        51.805087217193076,
        51.815087217193074,
        51.82508721719307,
        51.83508721719307,
        51.84508721719307,
        51.855087217193066,
        51.865087217193064,
        51.87508721719306,
        51.88508721719306,
        51.89508721719306,
        51.905087217193056,
        51.915087217193054,
        51.916420842255675
    ],
    "frequency": [
        15359.532524879178,
        15518.618162917377,
        15648.946460829718,
        15719.13130114069,
        15789.316141451656,
        15859.500981762623,
        15901.203671805404,
        15942.03848798633,
        15982.873304167259,
        16023.708120348187,
        16056.5803409554,
        16075.296298371655,
        16035.738692756207,
        15969.193066387288,
        15902.64744001837,
        15836.101813649451,
        15746.13847205526,
        15653.89553907514,
        15561.65260609502,
        15469.4096731149,
        15313.036049617813,
        15156.62411978193,
        15000.212189946047,
        14842.929294637985,
        14676.56522871569,
        14510.201162793393,
        14343.837096871097,
        14176.363280565103,
        14006.47997478676,
        13836.596669008413,
        13666.71336323007,
        13496.830057451723,
        13326.946751673378,
        13304.290688242683
    ]
}