{
    "time": [
        52.009065457938945,
        52.01906545793894,
        52.02906545793894,
        52.03906545793894,
        52.04906545793894,
        52.059065457938935,
        52.06906545793893,
        52.07906545793893,
        52.08906545793893,
        52.09906545793893,
        52.109065457938925,
        52.11906545793892,
        52.12906545793892,
        52.13906545793892,
        52.14906545793892,
        52.159065457938915,
        52.16906545793891,
        52.17906545793891,
        52.18906545793891,
        52.19906545793891,
        52.209065457938905,
        52.2190654579389,
        52.2290654579389,
        52.2390654579389,
        52.2490654579389,
        52.259065457938895,
        52.26906545793889,
        52.27906545793889,
        52.28906545793889,
        52.29906545793889,
        52.309065457938885,
        52.31906545793888,
        52.32906545793888,
        52.33906545793888,
        52.34906545793888,
        52.359065457938875,
        52.36906545793887,
        52.37906545793887,
        52.38906545793887,
        52.39906545793887,
        52.409065457938866,
        52.41701106519131
    ],
    "frequency": [
        12522.629083921427,
        12460.024491268756,
        12397.419898616085,
        12335.0387672484,
        12272.806411570778,
        12210.124565461341,
        12145.651925578342,
        12081.179285695347,
        12032.992364664835,
        11988.852477297265,
        11950.264873440254,
        11919.961424150044,
        11889.680354228332,
        11873.365875220901,
        11857.051396213468,
        11838.099936755829,
        11817.404507503192,
        11796.106769824239,
        11772.43314973055,
        11748.75952963686,
        11719.340028406554,
        11688.506964059383,
        11651.118055700137,
        11604.012527443272,
        11556.90459281055,
        11509.046971830914,
        11461.189350851279,
        11409.702286717873,
        11355.830870046462,
        11302.062173951581,
        11248.6946860209,
        11195.327198090217,
        11150.114551103336,
        11106.887889087766,
        11062.382349977443,
        11015.993902501128,
        10969.540156576788,
        10909.546051895615,
        10849.551947214442,
        10777.269678905075,
        10696.968564887866,
        10633.164453496396
    ]
}