{
    "time": [
        35.88330602182724,
        35.893306021827236,
        35.903306021827234,
        35.91330602182723,
        35.92330602182723,
        35.93330602182723,
        35.943306021827226,
        35.953306021827224,
        35.96330602182722,
        35.97330602182722,
        35.98330602182722,
        35.993306021827216,
        36.003306021827214,
        36.01330602182721,
        36.02330602182721,
        36.03330602182721,
        36.043306021827206,
        36.053306021827204,
        36.0633060218272,
        36.0733060218272,
        36.0833060218272,
        36.093306021827196,
        36.103306021827194,
        36.11330602182719,
        36.12330602182719,
        36.13330602182719,
        36.143306021827186,
        36.153306021827184,
        36.16330602182718,
        36.17330602182718,
        36.18330602182718,
        36.193306021827176,
        36.203306021827174,
        36.21330602182717,
        36.22330602182717,
        36.23330602182717,
        36.243306021827166,
        36.253306021827164,
        36.26330602182716,
        36.27330602182716,
        36.28330602182716,
        36.293306021827156,
        36.303306021827154,
        36.31330602182715,
        36.32330602182715,
        36.33330602182715,
        36.343306021827146,
        36.353306021827144,
        36.36330602182714,
        36.37330602182714,
        36.38330602182714,
        36.39330602182714,
        36.403306021827134,
        36.41330602182713,
        36.42330602182713,
        36.43330602182713,
        36.44330602182713,
        36.453306021827125,
        36.46330602182712,
        36.47330602182712,
        36.48330602182712,
        36.49330602182712,
        36.503306021827115,
        36.51330602182711,
        36.52330602182711,
        36.53330602182711,
        36.54330602182711,
        36.553306021827105,
        36.5633060218271,
        36.5733060218271,
        36.5833060218271,
        36.5933060218271,
        36.603306021827095,
        36.61330602182709,
        36.62330602182709,
        36.63330602182709,
        36.64330602182709,
        36.653306021827085,
        36.66330602182708,
        36.67330602182708,
        36.68330602182708,
        36.69330602182708,
        36.703306021827075,
        36.71330602182707,
        36.72330602182707,
        36.73330602182707,
        36.74330602182707,
        36.753306021827065,
        36.76186400311917
    ],
    "frequency": [
        14030.962132458279,
        13680.157295528614,
        13335.58410508509,
        13115.561773151076,
        12895.539441217055,
        12703.710246044777,
        12628.854163417098,
        12553.998080789419,
        12479.14199816174,
        12477.559136344917,
        12485.010873077084,
        12492.462609809252,
        12499.914346541418,
        12507.366083273586,
        12567.11796509507,
        12641.271833063949,
        12715.425701032827,
        12789.579569001708,
        12863.733436970586,
        12937.887304939466,
        13070.565910822415,
        13238.109797994053,
        13405.653685165693,
        13573.197572337333,
        13740.741459508969,
        13954.71317166773,
        14170.068363227345,
        14385.42355478696,
        14600.778746346574,
        15014.260282273814,
        15655.109641240171,
        16295.959000206529,
        16756.603463733565,
        17199.981799297577,
        17557.848096967828,
        17766.21151696381,
        17821.633808909297,
        17877.05610085478,
        17932.47839280027,
        17987.900684745753,
        17983.15155540642,
        17946.373628954112,
        17909.5957025018,
        17872.81777604949,
        17836.039849597182,
        17621.21851304954,
        17405.863321489895,
        17190.508129930244,
        16975.152938370593,
        16668.87807248968,
        16268.5707752377,
        15868.263477985725,
        15467.956180733747,
        15029.233437320157,
        14576.806564295704,
        14124.379691271253,
        13671.952818246802,
        13219.52594522235,
        12767.0990721979,
        12341.730666701149,
        11952.308424883075,
        11562.886183065,
        11173.463941246928,
        10840.432033248484,
        10601.550644291594,
        10362.669255334706,
        10123.787866377817,
        9884.906477420927,
        9655.298732838415,
        9494.838001872427,
        9334.37727090644,
        9173.916539940454,
        9013.455808974466,
        8890.57393072398,
        8791.433433330782,
        8692.292935937585,
        8613.57311614409,
        8643.131671848352,
        8672.690227552612,
        8702.248783256873,
        8731.807338961135,
        8802.240711055269,
        8894.371274289337,
        8986.501837523401,
        9097.685191652636,
        9244.366746275315,
        9391.048300897992,
        9576.665607912826,
        9769.398230189965
    ]
}