{
    "time": [
        19.95370794724147,
        19.96370794724147,
        19.973707947241472,
        19.983707947241474,
        19.993707947241475,
        20.003707947241477,
        20.01370794724148,
        20.02370794724148,
        20.03370794724148,
        20.043707947241483,
        20.053707947241485,
        20.063707947241486,
        20.073707947241488,
        20.08370794724149,
        20.09370794724149,
        20.103707947241492,
        20.113707947241494,
        20.123707947241495,
        20.133707947241497,
        20.1437079472415,
        20.1537079472415,
        20.1637079472415,
        20.173707947241503,
        20.183707947241505,
        20.193707947241506,
        20.203707947241508,
        20.21370794724151,
        20.22370794724151,
        20.233707947241513,
        20.243707947241514,
        20.253707947241516,
        20.263707947241517,
        20.27370794724152,
        20.28370794724152,
        20.293707947241522,
        20.303707947241524,
        20.313707947241525,
        20.323707947241527,
        20.33370794724153,
        20.34370794724153,
        20.35370794724153,
        20.363707947241533,
        20.373707947241535,
        20.383707947241536,
        20.393707947241538,
        20.40370794724154,
        20.41370794724154,
        20.423707947241542,
        20.433707947241544,
        20.443707947241545,
        20.453707947241547,
        20.46370794724155,
        20.47370794724155,
        20.48370794724155,
        20.493707947241553,
        20.503707947241555,
        20.513707947241556,
        20.523707947241558,
        20.53370794724156,
        20.54370794724156,
        20.553707947241563,
        20.563707947241564,
        20.573707947241566,
        20.57709689831481
    ],
    "frequency": [
        6588.573042790422,
        6727.2746675229755,
        6854.469303727638,
        6961.16286121419,
        7067.856418700742,
        7141.062965621395,
        7189.07506649035,
        7237.087167359305,
        7280.849806923969,
        7314.191543638517,
        7347.533280353067,
        7380.875017067616,
        7414.216753782164,
        7448.716412306354,
        7510.954320840181,
        7573.192229374006,
        7635.430137907833,
        7700.183486529652,
        7786.872001987485,
        7873.560517445319,
        7960.249032903152,
        8046.937548360986,
        8133.626063818819,
        8249.79920693032,
        8371.041885892317,
        8492.284564854313,
        8617.991016324535,
        8757.513360730038,
        8897.035705135542,
        9036.558049541043,
        9176.080393946546,
        9326.984279574346,
        9478.133486013638,
        9629.282692452933,
        9782.533232541662,
        9984.065507794065,
        10185.597783046465,
        10389.446335558285,
        10617.059258196288,
        10844.67218083429,
        11059.999822710502,
        11268.052259809285,
        11476.104696908069,
        11677.295633220743,
        11865.578381726446,
        12053.861130232146,
        12232.334133579494,
        12403.043825557983,
        12573.753517536474,
        12731.448508299538,
        12855.213034983946,
        12978.977561668358,
        13102.742088352768,
        13224.606836592377,
        13337.576485695798,
        13450.54613479922,
        13563.51578390264,
        13676.485433006064,
        13789.455082109484,
        13901.32953024608,
        14012.468652627911,
        14123.607775009743,
        14234.746897391578,
        14272.411402199104
    ]
}