{
    "time": [
        29.131985303841404,
        29.141985303841405,
        29.151985303841407,
        29.16198530384141,
        29.17198530384141,
        29.18198530384141,
        29.191985303841413,
        29.201985303841415,
        29.211985303841416,
        29.221985303841418,
        29.23198530384142,
        29.24198530384142,
        29.251985303841423,
        29.261985303841424,
        29.271985303841426,
        29.281985303841427,
        29.29198530384143,
        29.30198530384143,
        29.311985303841432,
        29.321985303841434,
        29.331985303841435,
        29.341985303841437,
        29.35198530384144,
        29.36198530384144,
        29.37198530384144,
        29.381985303841443,
        29.391985303841444,
        29.401985303841446,
        29.411985303841448,
        29.42198530384145,
        29.43198530384145,
        29.435355709099454
    ],
    "frequency": [
        10596.97704309306,
        10487.404425869434,
        10454.129591646502,
        10497.440680527483,
        10594.838562504032,
        10692.236444480586,
        11007.556183103383,
        11182.872370661175,
        11203.665593031139,
        11236.131553689991,
        11268.597514348843,
        11301.063475007697,
        11334.036506267876,
        11367.026111453484,
        11400.015716639093,
        11435.788752659313,
        11475.633340740635,
        11515.477928821958,
        11555.32251690328,
        11595.167104984603,
        11640.949307007644,
        11697.764738160642,
        11740.45916690854,
        11747.099931588757,
        11753.740696268978,
        11781.583894102441,
        11816.368851951214,
        11884.360237550585,
        12016.760483362474,
        12149.160729174362,
        12281.56097498625,
        12326.185223450779
    ]
}