{
    "time": [
        31.272906550273486,
        31.282906550273488,
        31.29290655027349,
        31.30290655027349,
        31.312906550273492,
        31.322906550273494,
        31.332906550273496,
        31.342906550273497,
        31.3529065502735,
        31.3629065502735,
        31.372906550273502,
        31.382906550273503,
        31.392906550273505,
        31.402906550273507,
        31.412906550273508,
        31.42290655027351,
        31.43290655027351,
        31.442906550273513,
        31.452906550273514,
        31.462906550273516,
        31.472906550273517,
        31.48290655027352,
        31.49290655027352,
        31.502906550273522,
        31.512906550273524,
        31.522906550273525,
        31.532906550273527,
        31.54290655027353,
        31.55290655027353,
        31.56290655027353,
        31.572906550273533,
        31.582906550273535,
        31.592906550273536,
        31.602906550273538,
        31.61290655027354,
        31.62290655027354,
        31.632906550273542,
        31.642906550273544,
        31.652906550273546,
        31.662906550273547,
        31.67290655027355,
        31.68290655027355,
        31.692906550273552,
        31.702906550273553,
        31.712906550273555,
        31.722906550273557,
        31.732906550273558,
        31.74290655027356,
        31.75290655027356,
        31.762906550273563,
        31.772906550273564,
        31.782906550273566,
        31.792906550273567,
        31.80290655027357,
        31.81290655027357,
        31.822906550273572,
        31.832906550273574,
        31.842906550273575,
        31.852906550273577,
        31.86290655027358,
        31.87290655027358,
        31.88290655027358,
        31.892906550273583,
        31.902906550273585,
        31.912906550273586,
        31.922906550273588,
        31.93290655027359,
        31.94290655027359,
        31.952906550273593,
        31.962906550273594,
        31.972906550273596,
        31.982906550273597,
        31.9929065502736,
        32.0029065502736,
        32.0129065502736,
        32.0229065502736,
        32.03290655027361,
        32.04290655027361,
        32.052906550273605,
        32.06290655027361,
        32.072906550273615,
        32.08290655027361,
        32.09290655027361,
        32.102906550273616,
        32.11206660736237
    ],
    "frequency": [
        11368.363303791743,
        11315.836272856985,
        11263.309241922227,
        11210.78221098747,
        11158.255180052714,
        11105.728149117955,
        11097.463872376096,
        11110.804070708731,
        11124.14426904137,
        11141.986780533616,
        11161.997078032571,
        11182.007375531532,
        11188.450706739028,
        11188.45070673903,
        11188.450706739028,
        11188.45070673903,
        11188.45070673903,
        11187.634342087274,
        11139.609628089784,
        11091.584914092293,
        11043.560200094802,
        10987.287258059701,
        10927.25636556283,
        10867.225473065959,
        10807.194580569088,
        10776.444568617082,
        10758.788423765061,
        10741.132278913043,
        10723.476134061026,
        10705.819989209005,
        10688.598713525877,
        10685.439192868147,
        10682.279672210416,
        10679.120151552685,
        10675.960630894955,
        10672.801110237226,
        10669.641589579494,
        10658.655211477988,
        10644.362141835876,
        10630.069072193766,
        10615.776002551655,
        10601.482932909545,
        10587.189863267433,
        10572.896793625323,
        10556.574116512806,
        10539.422432942272,
        10522.270749371739,
        10505.119065801206,
        10487.967382230672,
        10470.815698660139,
        10453.664015089604,
        10436.51233151907,
        10419.360647948537,
        10403.036525436246,
        10388.02880231203,
        10373.021079187813,
        10358.013356063595,
        10343.00563293938,
        10327.997909815162,
        10312.990186690946,
        10287.086917096589,
        10257.071470848156,
        10227.05602459972,
        10197.040578351287,
        10164.281049239817,
        10091.386394065048,
        10018.49173889028,
        9945.597083715511,
        9872.702428540744,
        9804.978945930154,
        9744.948053433289,
        9684.917160936424,
        9619.76790652994,
        9547.098931402154,
        9474.429956274394,
        9401.76098114658,
        9329.09200601877,
        9256.42303089101,
        9181.618364956044,
        9081.566877461224,
        8981.515389966404,
        8885.78583298094,
        8839.095138816725,
        8792.404444652475,
        8749.635502246676
    ]
}