{
    "time": [
        24.504560286111627,
        24.514560286111628,
        24.52456028611163,
        24.53456028611163,
        24.544560286111633,
        24.554560286111634,
        24.564560286111636,
        24.574560286111637,
        24.58456028611164,
        24.59456028611164,
        24.604560286111642,
        24.614560286111644,
        24.624560286111645,
        24.634560286111647,
        24.64456028611165,
        24.65456028611165,
        24.66456028611165,
        24.674560286111653,
        24.684560286111655,
        24.694560286111656,
        24.704560286111658,
        24.71456028611166,
        24.72456028611166,
        24.734560286111662,
        24.744560286111664,
        24.754560286111666,
        24.764560286111667,
        24.77456028611167,
        24.78456028611167,
        24.794560286111672,
        24.804560286111673,
        24.814560286111675,
        24.824560286111677,
        24.834560286111678,
        24.84456028611168,
        24.85456028611168,
        24.864560286111683,
        24.874560286111684,
        24.884560286111686,
        24.894560286111687,
        24.90456028611169,
        24.91456028611169,
        24.924560286111692,
        24.934560286111694,
        24.944560286111695,
        24.954560286111697,
        24.9645602861117,
        24.9745602861117,
        24.9845602861117,
        24.994560286111703,
        25.004560286111705,
        25.014560286111706,
        25.024560286111708,
        25.03456028611171,
        25.04456028611171,
        25.054560286111712,
        25.056956318704714
    ],
    "frequency": [
        9710.440779121307,
        9865.595879277598,
        10020.750979433888,
        10164.313896959677,
        10267.75063039719,
        10371.187363834702,
        10441.135569673039,
        10469.867995627907,
        10498.600421582774,
        10527.332847537642,
        10556.06527349251,
        10584.797699447376,
        10595.745437197038,
        10595.745437197038,
        10595.745437197038,
        10595.745437197038,
        10595.745437197038,
        10595.745437197038,
        10595.745437197038,
        10595.745437197038,
        10592.240641861676,
        10580.213114717779,
        10568.18558757388,
        10556.158060429982,
        10544.130533286083,
        10532.103006142186,
        10520.075478998288,
        10508.04795185439,
        10496.020424710492,
        10483.992897566593,
        10471.965370422697,
        10459.937843278798,
        10451.470485748518,
        10449.465897891203,
        10447.461310033887,
        10445.45672217657,
        10443.452134319254,
        10441.447546461935,
        10439.44295860462,
        10437.438370747304,
        10435.433782889988,
        10433.429195032673,
        10431.424607175355,
        10429.42001931804,
        10436.106935761323,
        10454.84547442754,
        10473.584013093758,
        10492.322551759973,
        10511.06109042619,
        10529.799629092407,
        10548.987687786332,
        10580.744579631186,
        10612.50147147604,
        10644.258363320892,
        10676.015255165745,
        10707.772147010599,
        10715.381201801865
    ]
}