{
    "time": [
        21.322404639456963,
        21.332404639456964,
        21.342404639456966,
        21.352404639456967,
        21.36240463945697,
        21.37240463945697,
        21.382404639456972,
        21.392404639456974,
        21.402404639456975,
        21.412404639456977,
        21.42240463945698,
        21.43240463945698,
        21.44240463945698,
        21.452404639456983,
        21.462404639456985,
        21.472404639456986,
        21.482404639456988,
        21.49240463945699,
        21.50240463945699,
        21.512404639456992,
        21.522404639456994,
        21.532404639456995,
        21.542404639456997,
        21.552404639457,
        21.562404639457,
        21.572404639457,
        21.582404639457003,
        21.592404639457005,
        21.602404639457006,
        21.612404639457008,
        21.62240463945701,
        21.63240463945701,
        21.642404639457013,
        21.652404639457014,
        21.662404639457016,
        21.672404639457017,
        21.68240463945702,
        21.69240463945702,
        21.702404639457022,
        21.712404639457024,
        21.722404639457025,
        21.732404639457027,
        21.74240463945703,
        21.75240463945703,
        21.76240463945703,
        21.772404639457033,
        21.782404639457035,
        21.792404639457036,
        21.802404639457038,
        21.81240463945704,
        21.82240463945704,
        21.832404639457042,
        21.842404639457044,
        21.852404639457045,
        21.862404639457047,
        21.87240463945705,
        21.88240463945705,
        21.89240463945705,
        21.902404639457053,
        21.912404639457055,
        21.922404639457056,
        21.932404639457058,
        21.94240463945706,
        21.95240463945706,
        21.962404639457063,
        21.972404639457064,
        21.982404639457066,
        21.992404639457067,
        21.999808277306634
    ],
    "frequency": [
        17067.608873093435,
        16680.30673927428,
        16293.004605455126,
        15905.70247163597,
        15518.400337816816,
        15131.098203997659,
        14743.796070178503,
        14356.493936359348,
        13969.191802540192,
        13581.889668721036,
        13194.58753490188,
        12807.118097410588,
        12416.071904295657,
        12025.025711180726,
        11633.979518065795,
        11277.756982396837,
        10947.220838506668,
        10727.275984854758,
        10591.77669605505,
        10457.296988112133,
        10416.31263532704,
        10375.328282541948,
        10334.343929756855,
        10293.359576971761,
        10255.690686454587,
        10255.690686454585,
        10255.690686454585,
        10255.690686454585,
        10255.690686454587,
        10241.119395957949,
        10212.890377458007,
        10184.66135895807,
        10156.43234045813,
        10128.20332195819,
        10101.552222564214,
        10077.231837395037,
        10052.91145222586,
        10028.591067056683,
        10004.270681887505,
        9892.149128756284,
        9782.475419983433,
        9752.364466916835,
        9722.253513850237,
        9692.142560783639,
        9647.142629098837,
        9589.658082335325,
        9532.173535571814,
        9474.688988808299,
        9385.018595717454,
        9266.456718017722,
        9147.89484031799,
        8954.722140578499,
        8712.94889977904,
        8471.175658979579,
        8206.95760288324,
        7920.433065108851,
        7633.908527334462,
        7346.372502828824,
        7058.104408029467,
        6769.836313230109,
        6528.49916921446,
        6338.800164894892,
        6224.481245760061,
        6150.7094107468865,
        6076.937575733712,
        6048.7903249338315,
        6025.077949393883,
        6001.365573853935,
        5983.809789748867
    ]
}