{
    "time": [
        19.582335456516965,
        19.592335456516967,
        19.60233545651697,
        19.61233545651697,
        19.62233545651697,
        19.632335456516973,
        19.642335456516975,
        19.652335456516976,
        19.662335456516978,
        19.67233545651698,
        19.68233545651698,
        19.692335456516982,
        19.702335456516984,
        19.712335456516985,
        19.722335456516987,
        19.73233545651699,
        19.74233545651699,
        19.75233545651699,
        19.762335456516993,
        19.772335456516995,
        19.782335456516996,
        19.792335456516998,
        19.802335456517,
        19.812335456517,
        19.822335456517003,
        19.832335456517004,
        19.842335456517006,
        19.852335456517007,
        19.86233545651701,
        19.87233545651701,
        19.882335456517012,
        19.892335456517014,
        19.902335456517015,
        19.912335456517017,
        19.92233545651702,
        19.93233545651702,
        19.94233545651702,
        19.952335456517023,
        19.962335456517025,
        19.972335456517026,
        19.982335456517028,
        19.99233545651703,
        20.00233545651703,
        20.012335456517032,
        20.022335456517034,
        20.032335456517036,
        20.042335456517037,
        20.05233545651704,
        20.06233545651704,
        20.07233545651704,
        20.082335456517043,
        20.092335456517045,
        20.102335456517046,
        20.112335456517048,
        20.12233545651705,
        20.13233545651705,
        20.142335456517053,
        20.152335456517054,
        20.162335456517056,
        20.172335456517057,
        20.18233545651706,
        20.19233545651706,
        20.202335456517062,
        20.212335456517064,
        20.222335456517065,
        20.232335456517067,
        20.24233545651707,
        20.25233545651707,
        20.26233545651707,
        20.272335456517073,
        20.282335456517075,
        20.292335456517076,
        20.302335456517078,
        20.31233545651708,
        20.32233545651708,
        20.332335456517082,
        20.342335456517084,
        20.352335456517086,
        20.362335456517087,
        20.37233545651709,
        20.38233545651709,
        20.392335456517092,
        20.402335456517093,
        20.403984073854843
    ],
    "frequency": [
        17731.482255689603,
        17435.714990890254,
        17139.947726090904,
        16844.18046129156,
        16548.41319649221,
        16252.64593169286,
        15945.278091371474,
        15615.36677951131,
        15285.455467651147,
        14955.544155790987,
        14620.633494578104,
        14255.067705003927,
        13889.501915429752,
        13471.333027120738,
        12871.845590594248,
        12318.556827995428,
        11960.463489606926,
        11701.783029171143,
        11405.502803618809,
        11089.337796419499,
        10827.003993265966,
        10702.796311866234,
        10578.588630466502,
        10526.985492277126,
        10503.033597792331,
        10479.081703307536,
        10455.129808822743,
        10431.177914337948,
        10407.226019853153,
        10395.408350065052,
        10388.821579081734,
        10382.234808098414,
        10375.648037115094,
        10357.495329110547,
        10314.381919037918,
        10271.268508965288,
        10228.155098892656,
        10185.041688820025,
        10141.928278747395,
        10097.359156533843,
        10049.247090220902,
        10001.135023907962,
        9953.022957595022,
        9905.823527244424,
        9867.665681547958,
        9829.50783585149,
        9791.349990155024,
        9753.192144458557,
        9715.03429876209,
        9649.555257959126,
        9577.10077714262,
        9504.646296326115,
        9432.191815509608,
        9352.63896871351,
        9263.058883340374,
        9173.47879796724,
        9083.898712594106,
        8994.31862722097,
        8904.738541847835,
        8767.438442051829,
        8626.920661074357,
        8486.402880096884,
        8345.885099119412,
        8205.095841354314,
        8025.456632718353,
        7845.817424082392,
        7666.178215446431,
        7486.539006810469,
        7340.279207910131,
        7194.356896895066,
        7048.434585880001,
        6902.512274864934,
        6767.179297441202,
        6664.8906186414315,
        6562.601939841659,
        6468.652645349223,
        6426.49731105598,
        6384.341976762738,
        6395.162418530763,
        6485.495277730566,
        6575.82813693037,
        6970.984772173781,
        8061.1811026626165,
        8321.798658891863
    ]
}