{
    "time": [
        0.3137430438552995,
        0.3237430438552995,
        0.3337430438552995,
        0.3437430438552995,
        0.35374304385529953,
        0.36374304385529954,
        0.37374304385529955,
        0.38374304385529956,
        0.39374304385529957,
        0.4037430438552996,
        0.4137430438552996,
        0.4237430438552996,
        0.4337430438552996,
        0.4437430438552996,
        0.4537430438552996,
        0.46374304385529963,
        0.47374304385529964,
        0.48374304385529965,
        0.49374304385529966,
        0.5037430438552997,
        0.5137430438552997,
        0.5237430438552997,
        0.5337430438552997,
        0.5437430438552997,
        0.5537430438552997,
        0.5637430438552997,
        0.5737430438552997,
        0.5837430438552997,
        0.5937430438552997,
        0.6037430438552998,
        0.6137430438552998,
        0.6237430438552998,
        0.6337430438552998,
        0.6437430438552998,
        0.6537430438552998,
        0.6637430438552998,
        0.6737430438552998,
        0.6837430438552998,
        0.6937430438552998,
        0.7037430438552998,
        0.7137430438552999,
        0.7237430438552999,
        0.7337430438552999,
        0.7437430438552999,
        0.7537430438552999,
        0.7637430438552999,
        0.7737430438552999,
        0.7837430438552999,
        0.7937430438552999,
        0.8037430438552999,
        0.8137430438552999,
        0.8237430438553,
        0.8337430438553,
        0.8437430438553,
        0.8537430438553,
        0.8637430438553,
        0.8737430438553,
        0.8837430438553,
        0.8937430438553,
        0.9037430438553,
        0.9137430438553,
        0.9237430438553,
        0.9337430438553,
        0.9437430438553001,
        0.9537430438553001,
        0.9637430438553001,
        0.9737430438553001,
        0.9837430438553001,
        0.9937430438553001,
        1.0037430438553,
        1.0137430438553001,
        1.0237430438553001,
        1.0337430438553001,
        1.0375943333534414
    ],
    "frequency": [
        7203.7282079960905,
        6962.465733992354,
        6772.470777453804,
        6662.17936076638,
        6608.664872137175,
        6638.223313110863,
        6705.034459758052,
        6771.845606405241,
        6838.656753052429,
        6909.257657152,
        6980.027982859763,
        7050.798308567526,
        7121.568634275288,
        7319.633776970613,
        7526.430183259532,
        7733.226589548451,
        7938.240726406608,
        8135.271746842993,
        8332.302767279378,
        8529.333787715763,
        8726.364808152146,
        8923.395828588533,
        9120.426849024918,
        9299.246437192654,
        9471.93957647954,
        9644.632715766424,
        9817.32585505331,
        9990.018994340195,
        10142.570315924486,
        10284.489418279625,
        10426.408520634766,
        10568.327622989902,
        10703.766375749747,
        10778.825812106465,
        10853.885248463184,
        10880.74120420841,
        10885.33667990372,
        10889.932155599028,
        10894.527631294339,
        10899.123106989646,
        10903.796321679778,
        10909.82788352987,
        10915.859445379963,
        10921.891007230057,
        10927.922569080149,
        10933.954130930242,
        10939.985692780338,
        10946.017254630431,
        10952.048816480523,
        10968.31581593175,
        10995.888670103604,
        11023.46152427546,
        11051.034378447317,
        11080.138271158816,
        11109.83211411312,
        11139.525957067424,
        11169.80536607309,
        11201.973695940256,
        11234.142025807421,
        11234.131308952701,
        11227.238095409739,
        11220.344881866775,
        11212.479714359079,
        11191.800073730188,
        11171.120433101294,
        11150.440792472402,
        11140.69371286268,
        11154.48013994861,
        11168.266567034538,
        11182.052994120466,
        11202.90678016149,
        11229.226322780078,
        11255.545865398666,
        11265.682283206952
    ]
}