{
    "time": [
        20.59752797038332,
        20.607527970383323,
        20.617527970383325,
        20.627527970383326,
        20.637527970383328,
        20.64752797038333,
        20.65752797038333,
        20.667527970383333,
        20.677527970383334,
        20.687527970383336,
        20.697527970383337,
        20.70752797038334,
        20.71752797038334,
        20.727527970383342,
        20.737527970383344,
        20.747527970383345,
        20.757527970383347,
        20.767527970383348,
        20.77752797038335,
        20.78752797038335,
        20.797527970383353,
        20.807527970383354,
        20.817527970383356,
        20.827527970383358,
        20.83752797038336,
        20.84752797038336,
        20.857527970383362,
        20.867527970383364,
        20.877527970383365,
        20.887527970383367,
        20.89752797038337,
        20.90752797038337,
        20.91752797038337,
        20.927527970383373,
        20.937527970383375,
        20.947527970383376,
        20.957527970383378,
        20.96752797038338,
        20.97752797038338,
        20.987527970383383,
        20.997527970383384,
        21.007527970383386,
        21.017527970383387,
        21.02752797038339,
        21.03752797038339,
        21.047527970383392,
        21.057527970383394,
        21.067527970383395,
        21.077527970383397,
        21.087527970383398,
        21.0975279703834,
        21.1075279703834,
        21.117527970383403,
        21.127527970383404,
        21.137527970383406,
        21.147527970383408,
        21.15752797038341,
        21.16752797038341,
        21.177527970383412,
        21.187527970383414,
        21.197527970383415,
        21.207527970383417,
        21.21752797038342,
        21.22752797038342,
        21.23752797038342,
        21.247527970383423,
        21.257527970383425,
        21.267527970383426,
        21.277527970383428,
        21.28752797038343,
        21.29752797038343,
        21.307527970383433,
        21.317527970383434,
        21.327527970383436,
        21.337527970383437,
        21.34752797038344,
        21.35752797038344,
        21.367527970383442,
        21.377527970383444,
        21.387527970383445,
        21.397527970383447,
        21.40752797038345,
        21.41752797038345,
        21.42752797038345,
        21.437527970383453,
        21.447527970383454,
        21.457527970383456,
        21.461171961496248
    ],
    "frequency": [
        8697.031440359257,
        8879.434329128087,
        9061.83721789692,
        9253.760753716873,
        9523.371951294055,
        10039.190013424137,
        10210.446058990427,
        10377.480033496466,
        10480.233660836242,
        10582.987288176017,
        10685.740915515795,
        10778.775734898165,
        10857.816986697993,
        10936.858238497822,
        11015.899490297652,
        11171.98129829132,
        11352.647016690904,
        11537.263377000232,
        11737.501214893136,
        11937.739052786039,
        12147.736309334308,
        12369.051814373819,
        12590.367319413333,
        12811.682824452844,
        13032.998329492359,
        13311.116496568526,
        13595.665003047905,
        13880.213509527286,
        14211.529572366328,
        14685.777083165263,
        15146.339754113036,
        15563.102718148466,
        15974.916547336396,
        16340.101091835295,
        16511.35713740158,
        16682.61318296787,
        16713.671889899644,
        16616.1354810142,
        16458.05297741453,
        16196.205457132486,
        15880.040449933223,
        15530.67177694049,
        15097.074052781427,
        14663.476328622368,
        14229.878604463305,
        13796.280880304246,
        13362.683156145185,
        12929.085431986125,
        12259.425892222753,
        11561.228167990965,
        10826.087460590476,
        10088.49520876302,
        9392.932192924605,
        8920.148663214884,
        8831.590929100346,
        8775.132892100468,
        8733.116145843678,
        8789.574182843557,
        8846.032219843433,
        9167.140794459028,
        9591.40999189382,
        9786.688378693381,
        9981.966765492947,
        10165.586101959578,
        10299.348220390053,
        10433.11033882053,
        10514.166009804787,
        10583.327105129632,
        10652.488200454474,
        10749.768281117726,
        10850.366237953882,
        11461.962266306107,
        11608.753162505789,
        11755.544058705469,
        11888.04678888165,
        12010.999847236933,
        12133.952905592218,
        12263.594518698335,
        12407.930717637146,
        12552.266916575954,
        12696.603115514763,
        12877.025652519842,
        13339.98155591884,
        13802.937459317836,
        14200.638443473437,
        14546.443920097658,
        14892.249396721878,
        15018.26060507921
    ]
}