{
    "time": [
        5.267385761029489,
        5.277385761029489,
        5.287385761029489,
        5.2973857610294885,
        5.307385761029488,
        5.317385761029488,
        5.327385761029488,
        5.337385761029488,
        5.3473857610294875,
        5.357385761029487,
        5.367385761029487,
        5.377385761029487,
        5.387385761029487,
        5.397385761029486,
        5.407385761029486,
        5.417385761029486,
        5.427385761029486,
        5.437385761029486,
        5.447385761029485,
        5.457385761029485,
        5.467385761029485,
        5.477385761029485,
        5.4873857610294845,
        5.497385761029484,
        5.507385761029484,
        5.517385761029484,
        5.527385761029484,
        5.537385761029483,
        5.547385761029483,
        5.557385761029483,
        5.567385761029483,
        5.577385761029483,
        5.587385761029482,
        5.597385761029482,
        5.607385761029482,
        5.617385761029482,
        5.6273857610294815,
        5.637385761029481,
        5.647385761029481,
        5.657385761029481,
        5.667385761029481,
        5.6773857610294804,
        5.68738576102948,
        5.69738576102948,
        5.70738576102948,
        5.71738576102948,
        5.727385761029479,
        5.737385761029479,
        5.747385761029479,
        5.757385761029479,
        5.7673857610294785,
        5.777385761029478,
        5.787385761029478,
        5.797385761029478,
        5.807385761029478,
        5.8173857610294775,
        5.827385761029477,
        5.837385761029477,
        5.847385761029477,
        5.857385761029477,
        5.867385761029476,
        5.877385761029476,
        5.887385761029476,
        5.897385761029476,
        5.9073857610294755,
        5.917385761029475,
        5.927385761029475,
        5.937385761029475,
        5.947385761029475,
        5.9573857610294745,
        5.967385761029474,
        5.977385761029474,
        5.987385761029474,
        5.997385761029474,
        6.007385761029473,
        6.017385761029473,
        6.027385761029473,
        6.037385761029473,
        6.047385761029473,
        6.055089105440082
    ],
    "frequency": [
        14976.467574273182,
        14398.925831606133,
        13821.384088939087,
        13320.218332834887,
        12985.411525491683,
        12650.604718148477,
        12391.647166426286,
        12177.37080972663,
        11963.094453026973,
        11782.892232151085,
        11693.610416859563,
        11604.328601568042,
        11515.046786276518,
        11431.808929203642,
        11367.23904493031,
        11302.669160656977,
        11238.099276383644,
        11173.529392110311,
        11108.959507836977,
        11044.389623563642,
        11009.22439345824,
        10974.697441450971,
        10940.170489443703,
        10905.643537436436,
        10871.116585429168,
        10836.5896334219,
        10802.062681414629,
        10787.274835375927,
        10776.884279285965,
        10766.493723196001,
        10756.10316710604,
        10745.712611016079,
        10735.322054926117,
        10728.341820196103,
        10728.341820196103,
        10728.341820196103,
        10728.341820196103,
        10728.341820196103,
        10728.341820196103,
        10728.341820196103,
        10728.341820196101,
        10712.547397752576,
        10695.807057385417,
        10679.066717018257,
        10662.326376651095,
        10645.586036283936,
        10622.743795336017,
        10595.350511098844,
        10574.355091991321,
        10604.487704652209,
        10634.620317313096,
        10616.50228587557,
        10591.391775324828,
        10566.281264774087,
        10534.795364215921,
        10487.922411187872,
        10441.049458159823,
        10394.176505131774,
        10332.81919820568,
        10270.475861665907,
        10208.132525126137,
        10145.789188586366,
        10083.445852046596,
        10021.102515506824,
        9893.42724413341,
        9684.816848788798,
        9476.206453444187,
        9169.16696347653,
        8777.442998884977,
        8322.496080213723,
        7719.843826995944,
        7151.308511299421,
        6659.503202355673,
        6386.874802090501,
        6179.932952251862,
        6016.714633672039,
        5869.480031000012,
        5766.39572272594,
        5788.716176548821,
        5805.9103908686975
    ]
}