{
    "time": [
        37.60150069639428,
        37.61150069639428,
        37.62150069639428,
        37.631500696394276,
        37.641500696394274,
        37.65150069639427,
        37.66150069639427,
        37.67150069639427,
        37.68150069639427,
        37.691500696394264,
        37.70150069639426,
        37.71150069639426,
        37.72150069639426,
        37.73150069639426,
        37.741500696394255,
        37.75150069639425,
        37.76150069639425,
        37.77150069639425,
        37.78150069639425,
        37.791500696394245,
        37.80150069639424,
        37.81150069639424,
        37.82150069639424,
        37.83150069639424,
        37.841500696394235,
        37.85150069639423,
        37.86150069639423,
        37.87150069639423,
        37.88150069639423,
        37.891500696394225,
        37.90150069639422,
        37.91150069639422,
        37.92150069639422,
        37.93150069639422,
        37.941500696394215,
        37.95150069639421,
        37.96150069639421,
        37.97150069639421,
        37.98150069639421,
        37.991500696394205,
        38.0015006963942,
        38.0115006963942,
        38.0215006963942,
        38.0315006963942,
        38.041500696394195,
        38.05150069639419,
        38.06150069639419,
        38.07150069639419,
        38.08150069639419,
        38.091500696394185,
        38.10150069639418,
        38.11150069639418,
        38.12150069639418,
        38.13150069639418,
        38.141500696394175,
        38.15150069639417,
        38.16150069639417,
        38.17150069639417,
        38.18150069639417,
        38.191500696394165,
        38.20150069639416,
        38.21150069639416,
        38.22150069639416,
        38.23150069639416,
        38.241500696394155,
        38.25150069639415,
        38.26150069639415,
        38.27150069639415,
        38.28150069639415,
        38.291500696394145,
        38.30150069639414,
        38.31150069639414,
        38.32150069639414,
        38.33150069639414,
        38.341500696394135,
        38.35150069639413,
        38.36150069639413,
        38.37150069639413,
        38.38150069639413,
        38.391500696394125,
        38.40150069639412,
        38.41150069639412,
        38.42150069639412,
        38.43150069639412,
        38.441500696394115,
        38.45150069639411,
        38.46150069639411,
        38.46766559675119
    ],
    "frequency": [
        18846.108303826306,
        19002.480869671435,
        19158.394165904836,
        19300.16050307216,
        19441.926840239485,
        19599.601484923525,
        19771.611307353196,
        19875.41426130491,
        19954.80341011863,
        20021.664766762897,
        20087.82239077431,
        20076.694395665072,
        20046.160107659805,
        20009.20925359739,
        19965.104170923107,
        19920.999088248816,
        19807.346788048704,
        19675.031540025855,
        19644.816309559654,
        19637.03305967596,
        19629.249809792265,
        19620.169723131592,
        19610.718633987104,
        19599.038630504696,
        19581.396597434985,
        19563.754564365277,
        19509.822269578643,
        19430.43312076495,
        19280.00102225032,
        19111.59979749396,
        18907.275538428486,
        18677.588143155506,
        18016.011903041326,
        17470.175599270355,
        16843.962842395915,
        15740.32903227006,
        15505.430459955267,
        14055.03297918394,
        13996.226202284925,
        13095.17218561408,
        12434.827112896895,
        12368.66948888548,
        12326.863997827953,
        12311.297498060561,
        12295.730998293171,
        12286.998770235492,
        12286.998770235492,
        12291.060650322632,
        12327.146627056121,
        12362.119058178178,
        12390.472325611643,
        12418.825593045107,
        12452.116728344461,
        12488.202705077967,
        12513.749532040856,
        12534.105724044368,
        12539.892974106451,
        12517.840432769306,
        12490.384465300212,
        12440.76624729166,
        12391.148029283107,
        12203.977758538242,
        11740.874390458182,
        10908.206423892789,
        9997.71062817442,
        8790.333989965697,
        7594.199402566419,
        6537.91961190739,
        5889.574896595567,
        5376.700666768107,
        5023.8600053738555,
        4841.9558167868745,
        4690.738390475061,
        4575.304327491711,
        4528.6048281895355,
        4481.905328887362,
        4440.395546046713,
        4410.992157597192,
        4447.469854890103,
        4513.627478901518,
        4543.934447187856,
        4543.934447187856,
        4543.934447187856,
        4543.934447187856,
        4543.934447187856,
        4537.06304382078,
        4497.368469413933,
        4472.897159820446
    ]
}