{
    "time": [
        9.242990657354664,
        9.252990657354664,
        9.262990657354663,
        9.272990657354663,
        9.282990657354663,
        9.292990657354663,
        9.302990657354663,
        9.312990657354662,
        9.322990657354662,
        9.332990657354662,
        9.342990657354662,
        9.352990657354662,
        9.362990657354661,
        9.372990657354661,
        9.38299065735466,
        9.39299065735466,
        9.40299065735466,
        9.41299065735466,
        9.42299065735466,
        9.43299065735466,
        9.44299065735466,
        9.45299065735466,
        9.46299065735466,
        9.472990657354659,
        9.482990657354659,
        9.492990657354659,
        9.502990657354658,
        9.512990657354658,
        9.522990657354658,
        9.532990657354658,
        9.542990657354657,
        9.552990657354657,
        9.562990657354657,
        9.572990657354657,
        9.582990657354657,
        9.592990657354656,
        9.602990657354656,
        9.612990657354656,
        9.622990657354656,
        9.632990657354656,
        9.642990657354655,
        9.652990657354655,
        9.662990657354655,
        9.672990657354655,
        9.682990657354654,
        9.692990657354654,
        9.702990657354654,
        9.712990657354654,
        9.722990657354654,
        9.732990657354653,
        9.733832935208548
    ],
    "frequency": [
        11073.271293258846,
        11061.988207896862,
        11050.705122534877,
        11026.762470222728,
        10978.975285160206,
        10931.188100097686,
        10883.400915035167,
        10863.717200058452,
        10863.717200058452,
        10863.717200058452,
        10863.717200058452,
        10863.717200058454,
        10888.322842499665,
        10914.36073179655,
        10940.398621093436,
        10966.436510390324,
        10992.47439968721,
        11021.859368550824,
        11064.940239932945,
        11108.021111315065,
        11151.101982697186,
        11194.182854079307,
        11653.449139945149,
        12949.392087235934,
        13312.540496671725,
        13419.43288431157,
        13526.325271951417,
        13633.217659591264,
        13733.698693553828,
        13829.604919130692,
        13925.511144707558,
        14021.41737028442,
        14117.323595861286,
        14205.411165790496,
        14273.109677962399,
        14340.808190134303,
        14408.506702306206,
        14476.205214478108,
        14543.903726650009,
        14647.523579958337,
        15131.084381186243,
        15412.510275038385,
        15520.827894513426,
        15632.472989057862,
        15750.945385358697,
        15869.417781659533,
        15987.890177960366,
        16173.221103746037,
        16378.90889162322,
        16703.86175004834,
        16731.23180966948
    ]
}