{
    "time": [
        23.590331634226466,
        23.600331634226468,
        23.61033163422647,
        23.62033163422647,
        23.630331634226472,
        23.640331634226474,
        23.650331634226475,
        23.660331634226477,
        23.67033163422648,
        23.68033163422648,
        23.69033163422648,
        23.700331634226483,
        23.710331634226485,
        23.720331634226486,
        23.730331634226488,
        23.74033163422649,
        23.75033163422649,
        23.760331634226493,
        23.770331634226494,
        23.780331634226496,
        23.790331634226497,
        23.8003316342265,
        23.8103316342265,
        23.820331634226502,
        23.830331634226503,
        23.840331634226505,
        23.850331634226507,
        23.860331634226508,
        23.87033163422651,
        23.88033163422651,
        23.890331634226513,
        23.900331634226514,
        23.910331634226516,
        23.920331634226518,
        23.93033163422652,
        23.94033163422652,
        23.950331634226522,
        23.960331634226524,
        23.970331634226525,
        23.980331634226527,
        23.99033163422653,
        24.00033163422653,
        24.01033163422653,
        24.020331634226533,
        24.030331634226535,
        24.033266790041825
    ],
    "frequency": [
        18558.365618189193,
        18328.59313288847,
        18098.820647587745,
        17866.78464310127,
        17566.0060772736,
        17265.22751144593,
        16957.225269855106,
        16631.714249012417,
        16306.203228169727,
        16003.82389390632,
        15749.717864155342,
        15495.611834404364,
        15241.505804653385,
        14987.399774902406,
        14733.29374515143,
        14416.010601162749,
        14087.080346907871,
        13758.150092652993,
        13456.867096036673,
        13170.608874766185,
        12752.707019520403,
        12136.064398424376,
        11625.77800398576,
        11115.491609547147,
        11038.065386065307,
        10988.281347583481,
        10938.497309101656,
        10907.950476031765,
        10895.50446641131,
        10883.058456790855,
        10870.6124471704,
        10858.166437549944,
        10899.211493508714,
        10943.138586286794,
        10987.065679064875,
        11033.627816953325,
        11116.601214423028,
        11199.57461189273,
        11282.548009362432,
        11373.725928384942,
        11469.46446392691,
        11565.202999468878,
        11660.941535010847,
        11756.680070552813,
        11852.418606094781,
        11880.519358029116
    ]
}