{
    "time": [
        46.15775262613806,
        46.16775262613806,
        46.17775262613806,
        46.18775262613806,
        46.197752626138055,
        46.20775262613805,
        46.21775262613805,
        46.22775262613805,
        46.23775262613805,
        46.247752626138045,
        46.25775262613804,
        46.26775262613804,
        46.27775262613804,
        46.28775262613804,
        46.297752626138035,
        46.30775262613803,
        46.31775262613803,
        46.32775262613803,
        46.33775262613803,
        46.347752626138025,
        46.35775262613802,
        46.36775262613802,
        46.37775262613802,
        46.38775262613802,
        46.397752626138015,
        46.40775262613801,
        46.41775262613801,
        46.42775262613801,
        46.43775262613801,
        46.447752626138005,
        46.457752626138,
        46.467752626138,
        46.477752626138,
        46.487752626138,
        46.497752626137995,
        46.50775262613799,
        46.51775262613799,
        46.52775262613799,
        46.53775262613799,
        46.547752626137985,
        46.55775262613798,
        46.56775262613798,
        46.57775262613798,
        46.58775262613798,
        46.597752626137975,
        46.60775262613797,
        46.61775262613797,
        46.62775262613797,
        46.63775262613797,
        46.647752626137965,
        46.65775262613796,
        46.66775262613796,
        46.67775262613796,
        46.68775262613796,
        46.697752626137955,
        46.70775262613795,
        46.71775262613795,
        46.72775262613795,
        46.73775262613795,
        46.747752626137945,
        46.75775262613794,
        46.76775262613794,
        46.77775262613794,
        46.78775262613794,
        46.797752626137935,
        46.80775262613793,
        46.81775262613793,
        46.82775262613793,
        46.83775262613793,
        46.847752626137925,
        46.85775262613792,
        46.86775262613792,
        46.87775262613792,
        46.88775262613792,
        46.897752626137915,
        46.90775262613791,
        46.91775262613791,
        46.92775262613791,
        46.93775262613791,
        46.947752626137905,
        46.9577526261379,
        46.96494709855103
    ],
    "frequency": [
        14148.836387608899,
        12896.689947496016,
        11644.543507383132,
        10392.397067270247,
        9140.250627157366,
        8323.859679190959,
        7598.409757538437,
        7011.8205525452695,
        6871.273503144823,
        6774.2125474948,
        6828.653697064912,
        6883.094846635026,
        6937.53599620514,
        7105.670879513704,
        7284.548942386949,
        7463.427005260193,
        7613.993828160858,
        7703.432859597484,
        7792.87189103411,
        7882.310922470735,
        7971.74995390736,
        8061.188985343986,
        8150.628016780612,
        8240.067048217239,
        8348.165875280123,
        8459.964664575902,
        8571.76345387168,
        8683.562243167458,
        8795.361032463237,
        8929.525521900037,
        9323.974583620517,
        9718.423645340994,
        10112.872707061473,
        10507.32176878195,
        10901.770830502428,
        11235.565621361464,
        11500.305154413918,
        11765.044687466374,
        12029.784220518826,
        12200.317949849856,
        12356.836254863938,
        12513.354559878018,
        12604.564905392279,
        12604.564905392283,
        12604.56490539228,
        12604.56490539228,
        12604.56490539228,
        12604.56490539228,
        12546.172972948874,
        12484.683638836192,
        12423.194304723509,
        12361.704970610828,
        12275.122291376258,
        12140.963744221332,
        12006.805197066404,
        11872.646649911478,
        11454.543999476315,
        11002.087722796878,
        10113.163671764303,
        8682.139168778218,
        7868.811142636672,
        7235.956028311139,
        7125.221989389627,
        7014.487950468115,
        6925.556583641109,
        7004.262931305351,
        7082.9692789695955,
        7161.675626633839,
        7304.902054059603,
        7508.172580051899,
        7711.443106044194,
        7903.593169704592,
        8075.316110062907,
        8247.039050421223,
        8418.761990779536,
        8531.546887765217,
        8625.244920698824,
        8718.942953632433,
        8765.762722896516,
        8795.575733375388,
        8825.38874385426,
        8846.837631998513
    ]
}