{
    "time": [
        41.378672775351994,
        41.38867277535199,
        41.39867277535199,
        41.40867277535199,
        41.418672775351986,
        41.428672775351984,
        41.43867277535198,
        41.44867277535198,
        41.45867277535198,
        41.468672775351976,
        41.478672775351974,
        41.48867277535197,
        41.49867277535197,
        41.50867277535197,
        41.518672775351966,
        41.528672775351964,
        41.53867277535196,
        41.54867277535196,
        41.55867277535196,
        41.568672775351956,
        41.578672775351954,
        41.58867277535195,
        41.59867277535195,
        41.60867277535195,
        41.618672775351946,
        41.628672775351944,
        41.63867277535194,
        41.64867277535194,
        41.65867277535194,
        41.668672775351936,
        41.678672775351934,
        41.68867277535193,
        41.69867277535193,
        41.70867277535193,
        41.718672775351926,
        41.728672775351924,
        41.73867277535192,
        41.74867277535192,
        41.75867277535192,
        41.76867277535192,
        41.778672775351914,
        41.78867277535191,
        41.79867277535191,
        41.80867277535191,
        41.81867277535191,
        41.828672775351905,
        41.8386727753519,
        41.8486727753519,
        41.8586727753519,
        41.8686727753519,
        41.878672775351895,
        41.88867277535189,
        41.89867277535189,
        41.907892533145144
    ],
    "frequency": [
        13771.923873895084,
        13462.816005486173,
        13153.708137077261,
        12931.864994570446,
        12781.994512917598,
        12635.722164217284,
        12523.3193029777,
        12375.832502207455,
        12126.940452319699,
        11878.048402431943,
        11467.905003357162,
        10761.14383743603,
        9805.719516899395,
        9043.859262298556,
        8487.481586252374,
        8251.435577649205,
        8025.532669054008,
        7952.801405898963,
        7880.070142743918,
        7807.338879588872,
        7762.14312966634,
        7736.204007841814,
        7710.264886017286,
        7755.072104473317,
        7812.010012668033,
        7936.902080712061,
        8087.189596482514,
        8790.089053755728,
        8865.024294582145,
        8939.959535408561,
        9014.89477623498,
        9161.99785923606,
        9422.06176940363,
        9534.464630643246,
        9646.867491882864,
        9759.27035312248,
        9871.673214362097,
        9984.076075601715,
        10096.478936841333,
        10134.376927110297,
        10171.844547523498,
        10798.525228830593,
        11366.628511045416,
        11422.829941665235,
        11493.933932533912,
        11581.3583801647,
        11684.726710933839,
        11797.67672717161,
        12111.179265646284,
        12504.589279984895,
        12566.59097382196,
        12637.188451498128,
        12766.677443360413,
        12922.126516745124
    ]
}