{
    "time": [
        54.38474870017332,
        54.39474870017332,
        54.404748700173315,
        54.41474870017331,
        54.42474870017331,
        54.43474870017331,
        54.44474870017331,
        54.454748700173305,
        54.4647487001733,
        54.4747487001733,
        54.4847487001733,
        54.4947487001733,
        54.504748700173295,
        54.51474870017329,
        54.52474870017329,
        54.53474870017329,
        54.54474870017329,
        54.554748700173285,
        54.56474870017328,
        54.57474870017328,
        54.58474870017328,
        54.59474870017328,
        54.604748700173275,
        54.61474870017327,
        54.62474870017327,
        54.63474870017327,
        54.64474870017327,
        54.654748700173265,
        54.66474870017326,
        54.67474870017326,
        54.68474870017326,
        54.69474870017326,
        54.704748700173255,
        54.71474870017325,
        54.72474870017325,
        54.73474870017325,
        54.74474870017325,
        54.754748700173245,
        54.76474870017324,
        54.77474870017324,
        54.78474870017324,
        54.79474870017324,
        54.804748700173235,
        54.81474870017323,
        54.82474870017323,
        54.83474870017323,
        54.84474870017323,
        54.854748700173225,
        54.85506871520841
    ],
    "frequency": [
        6379.115619493493,
        6582.390786489223,
        6785.665953484953,
        6993.094201810016,
        7203.287481852902,
        7406.167852987266,
        7579.913206303874,
        7753.658559620484,
        8049.551396782597,
        8375.798127650218,
        8628.731768323421,
        8772.280329905176,
        8915.724506451183,
        8994.02372185939,
        9072.322937267594,
        9189.897022422776,
        9333.44558400453,
        9482.272548900166,
        9651.92084895133,
        9821.56914900249,
        9938.850956057686,
        10043.249909935324,
        10194.966600573634,
        10416.814377563618,
        10638.536892510734,
        10821.2350617966,
        11003.93323108247,
        11282.57434145832,
        11622.147644164752,
        11957.271686219952,
        12205.894176937618,
        12382.275251703468,
        12413.40816343074,
        12436.414390574115,
        12459.420617717493,
        12482.426844860867,
        12463.809908541225,
        12438.612612146095,
        12413.415315750965,
        12372.815330553527,
        12233.567113633102,
        12094.318896712677,
        11955.070679792248,
        11697.971557677129,
        11404.003099733962,
        11110.034641790797,
        10816.06618384763,
        10522.097725904465,
        10512.69029326324
    ]
}