{
    "time": [
        27.48122938504496,
        27.49122938504496,
        27.50122938504496,
        27.511229385044963,
        27.521229385044965,
        27.531229385044966,
        27.541229385044968,
        27.55122938504497,
        27.56122938504497,
        27.571229385044973,
        27.581229385044974,
        27.591229385044976,
        27.601229385044977,
        27.61122938504498,
        27.62122938504498,
        27.631229385044982,
        27.641229385044984,
        27.651229385044985,
        27.661229385044987,
        27.671229385044988,
        27.68122938504499,
        27.69122938504499,
        27.701229385044993,
        27.711229385044994,
        27.721229385044996,
        27.731229385044998,
        27.741229385045,
        27.751229385045,
        27.761229385045002,
        27.771229385045004,
        27.781229385045005,
        27.791229385045007,
        27.80122938504501,
        27.81122938504501,
        27.82122938504501,
        27.831229385045013,
        27.841229385045015,
        27.851229385045016,
        27.861229385045018,
        27.87122938504502,
        27.88122938504502,
        27.891229385045023,
        27.901229385045024,
        27.911229385045026,
        27.921229385045027,
        27.93122938504503,
        27.94122938504503,
        27.951229385045032,
        27.961229385045034,
        27.967141380384557
    ],
    "frequency": [
        6635.704896699764,
        6601.916794457333,
        6568.128692214901,
        6534.34058997247,
        6500.5524877300395,
        6466.764385487608,
        6432.976283245176,
        6399.188181002746,
        6365.400078760315,
        6331.611976517885,
        6301.317832032424,
        6271.596816171026,
        6241.875800309628,
        6212.15478444823,
        6182.433768586832,
        6152.712752725434,
        6122.991736864037,
        6093.270721002639,
        6067.533807788392,
        6057.806929870116,
        6048.08005195184,
        6038.353174033564,
        6028.626296115288,
        6018.899418197013,
        6009.172540278738,
        5999.445662360462,
        5989.718784442187,
        5979.991906523911,
        5970.265028605636,
        5955.552786477466,
        5937.720176960627,
        5919.887567443788,
        5902.054957926949,
        5884.2223484101105,
        5866.389738893271,
        5753.480963347962,
        5622.708493557817,
        5588.499689313932,
        5600.3880956584935,
        5748.6012618981895,
        6221.960247239935,
        6485.911604368662,
        6615.834902277053,
        6745.7582001854435,
        6865.126510716995,
        6972.122167818039,
        7077.517095394188,
        7155.332118740391,
        7233.147142086593,
        7279.151347623354
    ]
}