{
    "time": [
        47.36218115235727,
        47.37218115235727,
        47.38218115235727,
        47.39218115235727,
        47.402181152357265,
        47.41218115235726,
        47.42218115235726,
        47.43218115235726,
        47.44218115235726,
        47.452181152357255,
        47.46218115235725,
        47.47218115235725,
        47.48218115235725,
        47.49218115235725,
        47.502181152357245,
        47.51218115235724,
        47.52218115235724,
        47.53218115235724,
        47.54218115235724,
        47.552181152357235,
        47.56218115235723,
        47.57218115235723,
        47.58218115235723,
        47.59218115235723,
        47.602181152357225,
        47.61218115235722,
        47.62218115235722,
        47.63218115235722,
        47.64218115235722,
        47.652181152357215,
        47.66218115235721,
        47.67218115235721,
        47.68218115235721,
        47.69218115235721,
        47.702181152357205,
        47.7121811523572,
        47.7221811523572,
        47.7321811523572,
        47.7421811523572,
        47.752181152357196,
        47.76218115235719,
        47.77218115235719,
        47.77762964938009
    ],
    "frequency": [
        6727.709388596928,
        6747.147548122961,
        6766.585707648994,
        6781.053854213853,
        6758.37600143348,
        6735.698148653108,
        6801.154852217907,
        6914.400674049078,
        6864.005445648245,
        6799.956490003586,
        6657.409986812679,
        6514.863483621771,
        6569.616377065084,
        7168.311690466955,
        7625.3291705953225,
        7541.595560329311,
        7457.861950063299,
        7376.02486954204,
        7295.859703305732,
        7245.035712131552,
        7209.868388274426,
        7174.340545347537,
        7134.342032329525,
        7094.343519311513,
        7085.589392561929,
        7108.432932888472,
        7131.276473215015,
        7164.448367717589,
        7198.521370220673,
        7248.847110997829,
        7330.398191548646,
        7411.949272099461,
        7489.661541581334,
        7566.193825647617,
        7644.273928847269,
        7729.063333163864,
        7813.852737480458,
        7878.973060976938,
        7931.51905036276,
        7982.686638036994,
        7992.930146272174,
        8003.173654507357,
        8008.754826919699
    ]
}