{
    "time": [
        15.777937258909184,
        15.787937258909183,
        15.797937258909183,
        15.807937258909183,
        15.817937258909183,
        15.827937258909182,
        15.837937258909182,
        15.847937258909182,
        15.857937258909182,
        15.867937258909182,
        15.877937258909181,
        15.887937258909181,
        15.897937258909181,
        15.90793725890918,
        15.91793725890918,
        15.92793725890918,
        15.93793725890918,
        15.94793725890918,
        15.95793725890918,
        15.96793725890918,
        15.97793725890918,
        15.987937258909179,
        15.997937258909179,
        16.00793725890918,
        16.01793725890918,
        16.027937258909176,
        16.037937258909178,
        16.04793725890918,
        16.057937258909178,
        16.067937258909176,
        16.077937258909177,
        16.08793725890918,
        16.097937258909177,
        16.107937258909175,
        16.117937258909176,
        16.127937258909178,
        16.137937258909176,
        16.147937258909174,
        16.157937258909175,
        16.167937258909177,
        16.177937258909175,
        16.187937258909173,
        16.197937258909175,
        16.207937258909176,
        16.217937258909174,
        16.227937258909172,
        16.237937258909174,
        16.247937258909175,
        16.257937258909173,
        16.26793725890917,
        16.277937258909173,
        16.287937258909174,
        16.297937258909172,
        16.30793725890917,
        16.317937258909172,
        16.327937258909174,
        16.33793725890917,
        16.34793725890917,
        16.35793725890917,
        16.367937258909173,
        16.37793725890917,
        16.38793725890917,
        16.39793725890917,
        16.407937258909172,
        16.408044217486015
    ],
    "frequency": [
        15101.445618828448,
        14564.147081244344,
        14026.848543660239,
        13569.013126106447,
        13144.971396413364,
        13046.481320784198,
        12947.991245155034,
        12849.501169525869,
        12767.749992108756,
        12724.712312001895,
        12681.674631895035,
        12638.636951788174,
        12595.599271681313,
        12552.24239881955,
        12508.503017406598,
        12464.763635993646,
        12421.024254580694,
        12377.284873167744,
        12333.54549175479,
        12289.80611034184,
        12216.931474464674,
        12140.718915942107,
        12064.506357419541,
        11981.041189242937,
        11889.586119015872,
        11798.131048788811,
        11706.675978561714,
        11615.220908334619,
        11524.95689725531,
        11453.825175967591,
        11382.693454679844,
        11311.5617333921,
        11240.430012104382,
        11169.298290816661,
        11101.932537226974,
        11034.865485727103,
        10967.798434227254,
        10900.731382727408,
        10839.426719156121,
        10781.228038102518,
        10723.029357048938,
        10647.753868036349,
        10556.29879780925,
        10464.843727582152,
        10373.388657355084,
        10281.933587128018,
        10178.287319445946,
        10068.54123517343,
        9958.795150900953,
        9888.818619813585,
        9827.84857299552,
        9766.878526177456,
        9705.908479359412,
        9656.476404413115,
        9616.928265936534,
        9577.380127459952,
        9537.831988983384,
        9498.283850506818,
        9458.735712030237,
        9419.187573553656,
        9379.639435077086,
        9340.09129660052,
        9300.543158123939,
        9260.995019647356,
        9260.57201838653
    ]
}