{
    "time": [
        10.262631649113452,
        10.272631649113452,
        10.282631649113451,
        10.292631649113451,
        10.30263164911345,
        10.31263164911345,
        10.32263164911345,
        10.33263164911345,
        10.34263164911345,
        10.35263164911345,
        10.36263164911345,
        10.37263164911345,
        10.38263164911345,
        10.392631649113449,
        10.402631649113449,
        10.412631649113449,
        10.422631649113448,
        10.432631649113448,
        10.442631649113448,
        10.452631649113448,
        10.462631649113447,
        10.472631649113447,
        10.482631649113447,
        10.492631649113447,
        10.502631649113447,
        10.512631649113446,
        10.522631649113446,
        10.532631649113446,
        10.542631649113446,
        10.55059325423277
    ],
    "frequency": [
        9319.064019446294,
        9398.293499973175,
        9477.522980500058,
        9556.188764114971,
        9634.479250518676,
        9708.812891930107,
        9767.382252561687,
        9825.951613193267,
        9855.78238158849,
        9878.471552412317,
        9918.571560194312,
        9984.648999464414,
        10050.84695794457,
        10192.2589467736,
        10333.67093560263,
        10468.251629233862,
        10598.314438599175,
        10711.53671614104,
        10758.329367821489,
        10805.12201950194,
        10863.889998360728,
        10925.604066845957,
        10974.046165546644,
        11002.81746588034,
        11031.491978162063,
        11030.012979414068,
        11028.533980666074,
        11083.615083986684,
        11175.853188312922,
        11249.289524672971
    ]
}