{
    "time": [
        57.82246343966773,
        57.83246343966773,
        57.842463439667725,
        57.85246343966772,
        57.86246343966772,
        57.87246343966772,
        57.88246343966772,
        57.892463439667715,
        57.90246343966771,
        57.91246343966771,
        57.92246343966771,
        57.93246343966771,
        57.942463439667705,
        57.9524634396677,
        57.9624634396677,
        57.9724634396677,
        57.9824634396677,
        57.992463439667695,
        58.00246343966769,
        58.01246343966769,
        58.02246343966769,
        58.03246343966769,
        58.042463439667685,
        58.05246343966768,
        58.06246343966768,
        58.06510140656021
    ],
    "frequency": [
        11837.415377999727,
        11687.663548394294,
        11537.911718788859,
        11388.159889183427,
        11247.952581142152,
        11110.68007067052,
        11099.170715672917,
        11099.170715672915,
        11093.27151306168,
        11077.5081625769,
        11061.744812092118,
        11045.981461607338,
        11030.218111122556,
        11016.86673009542,
        11003.555456352715,
        10990.244182610011,
        10987.509493425627,
        10994.640532930647,
        11001.771572435668,
        11009.451469865768,
        11018.527338326703,
        11027.603206787639,
        11064.071092436736,
        11110.148578469169,
        11156.226064501601,
        11168.381152766055
    ]
}