{
    "time": [
        3.93117951903928,
        3.94117951903928,
        3.9511795190392798,
        3.9611795190392796,
        3.9711795190392793,
        3.981179519039279,
        3.991179519039279,
        4.001179519039279,
        4.0111795190392785,
        4.021179519039278,
        4.031179519039278,
        4.041179519039278,
        4.051179519039278,
        4.061179519039277,
        4.071179519039277,
        4.081179519039277,
        4.091179519039277,
        4.101179519039277,
        4.103733808572789
    ],
    "frequency": [
        12637.10873215222,
        12419.041438248169,
        12232.081514819321,
        12101.24113847689,
        11970.400762134459,
        11917.49012237204,
        11912.817251788383,
        11908.144381204724,
        11903.471510621066,
        11969.060287275084,
        12054.106531897663,
        12142.25925416167,
        12297.63220106831,
        12453.00514797495,
        12608.378094881591,
        12763.751041788231,
        12964.741269658953,
        13189.039057674547,
        13246.331206906374
    ]
}