{
    "time": [
        33.91957481762421,
        33.92957481762421,
        33.939574817624205,
        33.9495748176242,
        33.9595748176242,
        33.9695748176242,
        33.9795748176242,
        33.989574817624195,
        33.99957481762419,
        34.00957481762419,
        34.01957481762419,
        34.02957481762419,
        34.039574817624185,
        34.04957481762418,
        34.05957481762418,
        34.06957481762418,
        34.07957481762418,
        34.089574817624175,
        34.09957481762417,
        34.10957481762417,
        34.11957481762417,
        34.12957481762417,
        34.139574817624165,
        34.14957481762416,
        34.15957481762416,
        34.16957481762416,
        34.17957481762416,
        34.18633442943648
    ],
    "frequency": [
        12387.38551314996,
        12368.604375870003,
        12349.823238590046,
        12331.042101310088,
        12294.808648805934,
        12252.430698020395,
        12210.052747234859,
        12167.674796449317,
        12165.913195581252,
        12169.356404082577,
        12172.799612583902,
        12176.242821085227,
        12179.686029586552,
        12183.129238087877,
        12171.625223016907,
        12159.472722423994,
        12147.320221831083,
        12135.167721238173,
        12123.015220645259,
        12077.33544220158,
        12028.725439829934,
        11980.11543745829,
        11931.505435086643,
        11882.895432714997,
        11806.335231771376,
        11725.993700073788,
        11645.6521683762,
        11591.344411707894
    ]
}