{
    "time": [
        10.353675079612422,
        10.363675079612422,
        10.373675079612422,
        10.383675079612422,
        10.393675079612422,
        10.403675079612421,
        10.413675079612421,
        10.423675079612421,
        10.43367507961242,
        10.44367507961242,
        10.45367507961242,
        10.46367507961242,
        10.47367507961242,
        10.48367507961242,
        10.49367507961242,
        10.50367507961242,
        10.513675079612419,
        10.523675079612419,
        10.533675079612419,
        10.543675079612418,
        10.553675079612418,
        10.563675079612418,
        10.573675079612418,
        10.583675079612417,
        10.593675079612417,
        10.603675079612417,
        10.613675079612417,
        10.623675079612417,
        10.633675079612416,
        10.643675079612416,
        10.653675079612416,
        10.663675079612416,
        10.673675079612416,
        10.683675079612415,
        10.693675079612415,
        10.703675079612415,
        10.713675079612415,
        10.723675079612415,
        10.733675079612414,
        10.743675079612414,
        10.753675079612414,
        10.763675079612414,
        10.773675079612413,
        10.783675079612413,
        10.793675079612413,
        10.803675079612413,
        10.813675079612413,
        10.823675079612412,
        10.833675079612412,
        10.843675079612412,
        10.853675079612412,
        10.863675079612412,
        10.873675079612411,
        10.883675079612411,
        10.89367507961241,
        10.90367507961241,
        10.91367507961241,
        10.92367507961241,
        10.93367507961241,
        10.94367507961241,
        10.95367507961241,
        10.955417424170648
    ],
    "frequency": [
        13709.636698612841,
        13621.052751415902,
        13532.468804218965,
        13445.918839913029,
        13362.871389415901,
        13279.823938918771,
        13215.442542806953,
        13184.438161288024,
        13153.433779769097,
        13122.42939825017,
        13090.449560361722,
        13057.813369289164,
        13025.177178216609,
        12991.848862304889,
        12931.450716488791,
        12871.052570672698,
        12810.654424856604,
        12750.25627904051,
        12677.940209001814,
        12604.120253004363,
        12530.300297006912,
        12437.909034330452,
        12327.179100334277,
        12216.449166338105,
        12104.989242054631,
        11992.782908938509,
        11880.576575822386,
        11768.370242706264,
        11656.16390959014,
        11543.957576474017,
        11411.598863437299,
        11275.770144402002,
        11140.03720807462,
        11007.16128727921,
        10874.285366483798,
        10741.409445688387,
        10622.876091041699,
        10512.146157045525,
        10401.41622304935,
        10339.873120524966,
        10306.126854926133,
        10272.3805893273,
        10238.634323728465,
        10231.76811238578,
        10236.978932809128,
        10242.189753232478,
        10250.78851185883,
        10262.868141022049,
        10274.947770185268,
        10287.027399348488,
        10298.590614835679,
        10309.220688499312,
        10319.850762162943,
        10330.480835826576,
        10341.11090949021,
        10364.12184425718,
        10393.64982665616,
        10423.177809055138,
        10432.68544203739,
        10438.221938737197,
        10443.758435437005,
        10444.723083926667
    ]
}