{
    "time": [
        28.101586455139316,
        28.111586455139317,
        28.12158645513932,
        28.13158645513932,
        28.141586455139322,
        28.151586455139324,
        28.161586455139325,
        28.171586455139327,
        28.18158645513933,
        28.19158645513933,
        28.20158645513933,
        28.211586455139333,
        28.221586455139335,
        28.231586455139336,
        28.241586455139338,
        28.25158645513934,
        28.26158645513934,
        28.271586455139342,
        28.281586455139344,
        28.291586455139345,
        28.301586455139347,
        28.31158645513935,
        28.32158645513935,
        28.33158645513935,
        28.341586455139353,
        28.351586455139355,
        28.361586455139356,
        28.36567562882637
    ],
    "frequency": [
        10424.47218514326,
        10570.68983991469,
        10716.90749468612,
        10863.12514945755,
        11009.342804228978,
        11155.56045900041,
        11236.462707810751,
        11312.75017986541,
        11406.883150426798,
        11527.671647846677,
        11648.460145266554,
        11725.102730537043,
        11795.032913253814,
        11860.703432430731,
        11917.919036471716,
        11975.134640512702,
        12052.745099989952,
        12135.3898613825,
        12223.165542605993,
        12324.882172012205,
        12426.598801418417,
        12589.14488391756,
        12773.50627471632,
        12950.122976810828,
        13096.340631582258,
        13242.558286353686,
        13580.806243250485,
        13757.790271519803
    ]
}