{
    "time": [
        3.7253192352470816,
        3.7353192352470814,
        3.745319235247081,
        3.755319235247081,
        3.765319235247081,
        3.7753192352470806,
        3.7853192352470804,
        3.79531923524708,
        3.80531923524708,
        3.8153192352470797,
        3.8253192352470795,
        3.8353192352470793,
        3.845319235247079,
        3.855319235247079,
        3.8636785979232533
    ],
    "frequency": [
        11338.492323262293,
        11299.794488769317,
        11293.964779273754,
        11310.382042391986,
        11330.005804851999,
        11354.631699529345,
        11374.70435613357,
        11374.70435613357,
        11388.812953237408,
        11406.871942667465,
        11430.937164851519,
        11458.336937730845,
        11488.4352534476,
        11538.061681143008,
        11591.976553361235
    ]
}