{
    "time": [
        13.47734046884119,
        13.48734046884119,
        13.49734046884119,
        13.507340468841189,
        13.517340468841189,
        13.527340468841189,
        13.537340468841188,
        13.547340468841188,
        13.557340468841188,
        13.567340468841188,
        13.577340468841188,
        13.587340468841187,
        13.597340468841187,
        13.607340468841187,
        13.617340468841187,
        13.627340468841187,
        13.637340468841186,
        13.647340468841186,
        13.657340468841186,
        13.66708723653508
    ],
    "frequency": [
        9431.943347004295,
        9301.814527580693,
        9171.685708157089,
        9041.556888733485,
        8893.70829142268,
        8713.92505406113,
        8534.14181669958,
        8387.78146724652,
        8278.70289802379,
        8169.624328801061,
        8111.76418450585,
        8060.095388558241,
        8029.031879481693,
        8043.490637195427,
        8057.949394909159,
        8072.408152622894,
        8082.795969473713,
        8078.148511637155,
        8073.501053800599,
        8068.971284610589
    ]
}