{
    "time": [
        19.564653850756496,
        19.574653850756498,
        19.5846538507565,
        19.5946538507565,
        19.604653850756502,
        19.614653850756504,
        19.624653850756506,
        19.634653850756507,
        19.64465385075651,
        19.65465385075651,
        19.664653850756512,
        19.674653850756513,
        19.684653850756515,
        19.694653850756517,
        19.704653850756518,
        19.71465385075652,
        19.72465385075652,
        19.734653850756523,
        19.744653850756524,
        19.754653850756526,
        19.764653850756527,
        19.77465385075653,
        19.78465385075653,
        19.794653850756532,
        19.804653850756534,
        19.814653850756535,
        19.824653850756537,
        19.83465385075654,
        19.84465385075654,
        19.85465385075654,
        19.864653850756543,
        19.874653850756545,
        19.884653850756546,
        19.894653850756548,
        19.90465385075655,
        19.91465385075655,
        19.924653850756552,
        19.934653850756554,
        19.944653850756556,
        19.954653850756557,
        19.96465385075656,
        19.969785442030773
    ],
    "frequency": [
        10968.114603680464,
        11121.471319527656,
        11206.121125376649,
        11289.426008059054,
        11338.883195089165,
        11372.962465277424,
        11407.041735465684,
        11441.121005653946,
        11475.200275842206,
        11509.27954603047,
        11562.866114610235,
        11631.024654986748,
        11699.183195363263,
        11764.417662814152,
        11826.896324825964,
        11889.374986837774,
        11951.853648849585,
        12014.332310861399,
        12076.810972873209,
        12139.28963488502,
        12201.768296896833,
        12264.246958908643,
        12326.170580204234,
        12387.026419826125,
        12447.882259448015,
        12508.738099069904,
        12569.593938691793,
        12630.449778313681,
        12691.305617935572,
        12751.55495643582,
        12809.48971575586,
        12867.424475075903,
        12925.359234395944,
        12983.293993715988,
        13042.37007654291,
        13110.52861691943,
        13178.687157295946,
        13246.845697672466,
        13316.798902265258,
        13391.153673585104,
        13465.508444904948,
        13503.664274475053
    ]
}