{
    "time": [
        28.859617446536642,
        28.869617446536644,
        28.879617446536646,
        28.889617446536647,
        28.89961744653665,
        28.90961744653665,
        28.919617446536652,
        28.929617446536653,
        28.939617446536655,
        28.949617446536656,
        28.959617446536658,
        28.96961744653666,
        28.97961744653666,
        28.989617446536663,
        28.999617446536664,
        29.009617446536666,
        29.019617446536667,
        29.02961744653667,
        29.03961744653667,
        29.049617446536672,
        29.059617446536674,
        29.069617446536675,
        29.079617446536677,
        29.08961744653668,
        29.09961744653668,
        29.10961744653668,
        29.110604142527638
    ],
    "frequency": [
        9409.984071898225,
        9536.964877991508,
        9663.94568408479,
        9758.038031531632,
        9829.325501619089,
        9900.612971706545,
        9971.900441794,
        10130.187077662556,
        10275.324968166096,
        10408.988974580077,
        10545.569489849095,
        10641.6448717073,
        10663.51716366595,
        10683.832552915575,
        10695.28946775106,
        10736.578411128845,
        10788.134527888522,
        10839.6906446482,
        10917.967284867316,
        10998.165688715704,
        11093.628980669153,
        11202.99044046241,
        11334.725849978866,
        11515.17225863774,
        11712.978905526656,
        11917.930382028093,
        11938.15286204855
    ]
}