{
    "time": [
        15.14997104425141,
        15.15997104425141,
        15.16997104425141,
        15.17997104425141,
        15.18997104425141,
        15.19997104425141,
        15.209971044251409,
        15.219971044251409,
        15.229971044251409,
        15.239971044251408,
        15.249971044251408,
        15.259971044251408,
        15.269971044251408,
        15.279971044251408,
        15.289971044251407,
        15.299971044251407,
        15.309971044251407,
        15.319971044251407,
        15.329971044251407,
        15.339971044251406,
        15.349971044251406,
        15.359971044251406,
        15.369971044251406,
        15.379971044251405,
        15.389971044251405,
        15.399971044251405,
        15.409971044251405,
        15.419971044251405,
        15.429971044251404,
        15.439971044251404,
        15.449971044251404,
        15.459971044251404,
        15.469971044251404,
        15.479971044251403,
        15.489971044251403,
        15.499971044251403,
        15.509971044251403,
        15.519971044251403,
        15.529971044251402,
        15.539971044251402,
        15.549971044251402,
        15.559971044251402,
        15.569971044251401,
        15.579971044251401,
        15.589971044251401,
        15.5999710442514,
        15.609393385917434
    ],
    "frequency": [
        11767.618108764445,
        11827.43369071569,
        11887.249272666937,
        11947.064854618184,
        12006.880436569427,
        12066.696018520674,
        12126.51160047192,
        12186.327182423165,
        12246.14276437441,
        12305.958346325655,
        12366.906172483164,
        12429.886191673122,
        12492.866210863082,
        12555.84623005304,
        12618.826249242997,
        12681.806268432954,
        12744.786287622914,
        12807.76630681287,
        12870.746326002827,
        12929.267458037735,
        12984.374974828947,
        13039.482491620158,
        13094.59000841137,
        13149.69752520258,
        13204.805041993794,
        13259.912558785007,
        13315.020075576218,
        13370.12759236743,
        13420.354331838149,
        13469.163846710366,
        13517.973361582583,
        13566.782876454801,
        13615.592391327016,
        13664.401906199235,
        13713.211421071454,
        13764.928800541376,
        13817.982621054654,
        13871.036441567936,
        13924.090262081214,
        13977.144082594492,
        14030.197903107772,
        14081.240613101141,
        14121.915208827988,
        14162.589804554835,
        14203.264400281683,
        14243.938996008532,
        14282.263989815143
    ]
}