{
    "time": [
        12.393637593215985,
        12.403637593215985,
        12.413637593215984,
        12.423637593215984,
        12.433637593215984,
        12.443637593215984,
        12.453637593215984,
        12.463637593215983,
        12.473637593215983,
        12.483637593215983,
        12.493637593215983,
        12.503637593215982,
        12.513637593215982,
        12.523637593215982,
        12.533637593215982,
        12.543637593215982,
        12.553637593215981,
        12.563637593215981,
        12.573637593215981,
        12.58363759321598,
        12.59363759321598,
        12.60363759321598,
        12.61363759321598,
        12.62363759321598,
        12.63363759321598,
        12.64363759321598,
        12.65363759321598,
        12.663637593215979,
        12.673637593215979,
        12.683637593215979,
        12.693637593215978,
        12.703637593215978,
        12.713637593215978,
        12.723637593215978,
        12.733637593215978,
        12.743637593215977,
        12.753637593215977,
        12.763637593215977,
        12.773637593215977,
        12.783637593215976,
        12.793637593215976,
        12.803637593215976,
        12.813637593215976,
        12.823637593215976,
        12.833637593215975,
        12.843637593215975,
        12.853637593215975,
        12.863637593215975,
        12.873637593215975,
        12.883637593215974,
        12.893637593215974,
        12.903637593215974,
        12.913637593215974,
        12.923637593215973,
        12.933637593215973,
        12.943637593215973,
        12.953637593215973,
        12.963637593215973,
        12.973637593215972,
        12.983637593215972,
        12.992261313672204
    ],
    "frequency": [
        10669.213405149689,
        10746.287761674615,
        10823.36211819954,
        10900.436474724467,
        10977.510831249394,
        11054.585187774319,
        11131.659544299244,
        11208.73390082417,
        11285.808257349097,
        11362.882613874022,
        11425.452231620635,
        11484.17555087772,
        11542.898870134808,
        11601.622189391896,
        11660.345508648981,
        11719.068827906069,
        11777.792147163156,
        11836.515466420246,
        11910.621715193378,
        11990.359733983938,
        12070.097752774498,
        12149.835771565056,
        12229.573790355616,
        12309.311809146177,
        12387.192023029875,
        12450.432520691353,
        12513.67301835283,
        12576.913516014309,
        12640.154013675787,
        12703.394511337265,
        12759.117530035022,
        12801.277861809342,
        12843.43819358366,
        12885.598525357978,
        12927.758857132298,
        12968.941644687326,
        13005.554564386075,
        13042.167484084828,
        13078.78040378358,
        13115.39332348233,
        13152.006243181082,
        13195.531865822533,
        13241.908230774283,
        13288.284595726034,
        13334.660960677784,
        13386.507536823538,
        13446.873466409492,
        13507.23939599545,
        13567.605325581406,
        13627.97125516736,
        13688.337184753318,
        13748.431815600845,
        13804.232254713916,
        13860.032693826986,
        13915.833132940057,
        13971.633572053128,
        14030.935956315934,
        14107.727989190584,
        14184.520022065235,
        14261.312054939885,
        14327.53535741756
    ]
}