{
    "time": [
        35.52318489111435,
        35.533184891114345,
        35.54318489111434,
        35.55318489111434,
        35.56318489111434,
        35.57318489111434,
        35.583184891114335,
        35.59318489111433,
        35.60318489111433,
        35.61318489111433,
        35.62318489111433,
        35.633184891114325,
        35.64318489111432,
        35.65318489111432,
        35.66318489111432,
        35.67318489111432,
        35.683184891114315,
        35.69318489111431,
        35.70318489111431,
        35.71318489111431,
        35.72318489111431,
        35.733184891114306,
        35.7431848911143,
        35.7531848911143,
        35.7631848911143,
        35.7731848911143,
        35.783184891114296,
        35.793184891114294,
        35.80318489111429,
        35.80770935799098
    ],
    "frequency": [
        11432.85988447737,
        10653.836608930163,
        9874.813333382957,
        9095.79005783575,
        8189.103723654342,
        7940.298063631655,
        7928.537988790354,
        7954.735767650366,
        8025.997772066343,
        8097.25977648232,
        8179.638737456731,
        8287.919964945899,
        8443.812471969892,
        8573.147022466193,
        8603.225141213192,
        8633.303259960188,
        8658.600134728496,
        8670.631382227295,
        8682.662629726094,
        8691.719138686945,
        8691.719138686945,
        8691.719138686945,
        8712.803029414685,
        8777.528999005333,
        8919.32557270836,
        9078.405400747994,
        9244.96466957467,
        9425.4333820567,
        9631.19317070915,
        9726.454387097901
    ]
}