{
    "time": [
        12.057451873310576,
        12.067451873310576,
        12.077451873310576,
        12.087451873310576,
        12.097451873310575,
        12.107451873310575,
        12.117451873310575,
        12.127451873310575,
        12.137451873310575,
        12.147451873310574,
        12.157451873310574,
        12.167451873310574,
        12.177451873310574,
        12.187451873310573,
        12.197451873310573,
        12.207451873310573,
        12.217451873310573,
        12.227451873310573,
        12.237451873310572,
        12.247451873310572,
        12.257451873310572,
        12.267451873310572,
        12.277451873310572,
        12.281036279375178
    ],
    "frequency": [
        12563.681903305398,
        12037.233357682038,
        11607.206681854488,
        11424.974492984818,
        11294.185635917016,
        11337.563155571193,
        11383.121202788603,
        11551.595168560092,
        11774.323399400766,
        12016.771038484367,
        12259.74729031057,
        12502.72354213677,
        12745.699793962973,
        12994.422034569598,
        13294.345845417543,
        13594.269656265493,
        13894.193467113437,
        14194.117277961386,
        14555.033760929857,
        14973.4928612972,
        15391.951961664543,
        15617.991755886858,
        15830.595976234768,
        15906.801961912357
    ]
}