{
    "time": [
        47.60965204639382,
        47.61965204639382,
        47.629652046393815,
        47.63965204639381,
        47.64965204639381,
        47.65965204639381,
        47.66965204639381,
        47.679652046393805,
        47.6896520463938,
        47.6996520463938,
        47.7096520463938,
        47.7196520463938,
        47.729652046393795,
        47.73965204639379,
        47.74965204639379,
        47.75965204639379,
        47.76965204639379,
        47.779652046393785,
        47.78965204639378,
        47.79965204639378,
        47.80965204639378,
        47.81965204639378,
        47.829652046393775,
        47.83965204639377,
        47.84965204639377,
        47.85965204639377,
        47.86965204639377,
        47.879652046393765,
        47.88965204639376,
        47.89965204639376,
        47.90965204639376,
        47.91965204639376,
        47.929652046393755,
        47.93965204639375,
        47.94965204639375,
        47.95965204639375,
        47.96965204639375,
        47.979652046393745,
        47.98965204639374,
        47.99965204639374,
        48.00159978669511
    ],
    "frequency": [
        12059.450494354369,
        12041.470781895896,
        12023.491069437423,
        11988.63520023878,
        11939.989777579707,
        11890.709438686721,
        11835.756060172496,
        11780.802681658271,
        11741.51636392586,
        11710.629875218025,
        11682.573823856814,
        11665.747673253132,
        11648.92152264945,
        11630.292939664796,
        11611.068767548217,
        11598.115454420851,
        11599.658484634725,
        11601.201514848604,
        11605.265505057736,
        11609.766414346304,
        11607.724940187225,
        11595.976042111142,
        11584.227144035058,
        11554.537010581005,
        11523.960859207393,
        11492.081678997554,
        11458.916383438345,
        11424.793702941048,
        11373.764366532861,
        11322.735030124679,
        11272.443078444758,
        11222.634740457484,
        11175.687755005842,
        11144.429983458183,
        11113.172211910523,
        11078.51753847432,
        11042.43854439758,
        10997.307001205421,
        10925.713796398188,
        10854.120591590956,
        10840.176094560236
    ]
}