{
    "time": [
        44.431500119933624,
        44.44150011993362,
        44.45150011993362,
        44.46150011993362,
        44.471500119933616,
        44.481500119933614,
        44.49150011993361,
        44.50150011993361,
        44.51150011993361,
        44.521500119933606,
        44.531500119933604,
        44.5415001199336,
        44.5515001199336,
        44.5615001199336,
        44.571500119933596,
        44.581500119933594,
        44.59150011993359,
        44.60150011993359,
        44.61150011993359,
        44.621500119933586,
        44.631500119933584,
        44.64150011993358,
        44.65150011993358,
        44.66150011993358,
        44.671500119933576,
        44.681500119933574,
        44.69150011993357,
        44.70150011993357,
        44.71150011993357,
        44.721500119933566,
        44.731500119933564,
        44.73370921536382
    ],
    "frequency": [
        11899.435226665519,
        11619.003703652415,
        11404.73169174497,
        11262.290283230384,
        11177.094691652384,
        11109.111292134066,
        11131.804381922928,
        11197.546570468132,
        11282.868826892643,
        11443.115411471543,
        11603.361996050444,
        11763.608580629343,
        11945.531965231603,
        12159.194078003462,
        12402.434586476082,
        12709.978536678034,
        13017.522486879989,
        13325.066437081947,
        13632.610387283901,
        13940.154337485856,
        14242.592012521896,
        14430.818159487588,
        14619.044306453277,
        14807.270453418967,
        14996.41097989111,
        15202.442302921158,
        15408.473625951205,
        15619.679028348404,
        15838.963828298482,
        16058.248628248562,
        16277.533428198642,
        16325.97553314801
    ]
}