{
    "time": [
        32.620470397148225,
        32.63047039714822,
        32.64047039714822,
        32.65047039714822,
        32.66047039714822,
        32.670470397148215,
        32.68047039714821,
        32.69047039714821,
        32.70047039714821,
        32.71047039714821,
        32.720470397148205,
        32.7304703971482,
        32.7404703971482,
        32.7504703971482,
        32.7604703971482,
        32.770470397148195,
        32.78047039714819,
        32.79047039714819,
        32.80047039714819,
        32.81047039714819,
        32.820470397148185,
        32.82901099959666
    ],
    "frequency": [
        13646.329889429111,
        12900.112235649143,
        12445.535252224412,
        12158.077193771398,
        11899.167620336097,
        11707.850996558955,
        11516.534372781814,
        11325.217749004672,
        11213.741200760913,
        11103.589205252885,
        10993.437209744858,
        10900.96985823162,
        10817.196366911028,
        10733.422875590437,
        10649.649384269842,
        10510.045957802757,
        10353.997297499693,
        10176.253198823882,
        9970.179369906931,
        9764.105540989985,
        9558.031712073036,
        9382.032247291492
    ]
}