{
    "time": [
        0.7014572359676533,
        0.7114572359676533,
        0.7214572359676533,
        0.7314572359676533,
        0.7414572359676533,
        0.7514572359676533,
        0.7614572359676534,
        0.7714572359676534,
        0.7814572359676534,
        0.7914572359676534,
        0.8014572359676534,
        0.8114572359676534,
        0.8214572359676534,
        0.8314572359676534,
        0.8414572359676534,
        0.8514572359676534,
        0.8614572359676534,
        0.8714572359676535,
        0.8814572359676535,
        0.8914572359676535,
        0.9014572359676535,
        0.9114572359676535,
        0.9214572359676535,
        0.9314572359676535,
        0.9414572359676535,
        0.9514572359676535,
        0.9614572359676535,
        0.9714572359676535,
        0.9814572359676536,
        0.9914572359676536,
        1.0014572359676537,
        1.0114572359676535,
        1.0214572359676537,
        1.0314572359676535,
        1.0414572359676537,
        1.0514572359676535,
        1.0614572359676537,
        1.0714572359676535,
        1.0814572359676538,
        1.0914572359676535,
        1.1014572359676538,
        1.1114572359676536,
        1.1214572359676538,
        1.1314572359676536,
        1.1414572359676538,
        1.1514572359676536,
        1.1614572359676538,
        1.1714572359676536,
        1.1814572359676538,
        1.1914572359676536,
        1.2014572359676539,
        1.2114572359676536,
        1.2214572359676539,
        1.2314572359676537,
        1.241457235967654,
        1.2514572359676537,
        1.2578227743778911
    ],
    "frequency": [
        9829.794432670695,
        9721.946921409217,
        9614.099410147737,
        9506.251898886261,
        9398.404387624782,
        9290.556876363304,
        9182.709365101826,
        9085.259862296563,
        9000.289095848126,
        8915.318329399688,
        8830.347562951249,
        8745.376796502813,
        8660.406030054373,
        8606.793889819372,
        8569.029104731177,
        8512.450305876968,
        8427.479539428528,
        8337.840739064799,
        8240.731291695158,
        8197.83348246333,
        8187.836921704688,
        8177.840360946049,
        8167.843800187409,
        8148.040371282362,
        8109.417295623982,
        8070.794219965601,
        8025.085019322839,
        7974.102559453777,
        7923.120099584715,
        7872.137639715652,
        7830.533242093032,
        7791.315965270678,
        7752.09868844832,
        7717.243503573726,
        7686.34504304702,
        7655.446582520317,
        7615.798555524203,
        7573.313172299985,
        7530.827789075765,
        7457.152402659222,
        7372.181636210784,
        7287.210869762349,
        7202.24010331391,
        7112.481492943434,
        7022.512446115675,
        6932.54339928792,
        6842.574352460159,
        6787.426259800433,
        6748.8031841420525,
        6710.1801084836725,
        6689.499795351447,
        6670.61740280735,
        6695.10928682523,
        6743.664010510051,
        6886.677247406409,
        7079.1799103348585,
        7241.445313607312
    ]
}