{
    "time": [
        3.803006300770426,
        3.8130063007704256,
        3.8230063007704254,
        3.833006300770425,
        3.843006300770425,
        3.8530063007704247,
        3.8630063007704245,
        3.8730063007704243,
        3.883006300770424,
        3.893006300770424,
        3.9030063007704237,
        3.9130063007704234,
        3.9230063007704232,
        3.933006300770423,
        3.943006300770423,
        3.9530063007704226,
        3.9630063007704224,
        3.973006300770422,
        3.983006300770422,
        3.9930063007704217,
        4.003006300770421,
        4.013006300770421,
        4.023006300770421,
        4.03300630077042,
        4.04300630077042,
        4.05300630077042,
        4.06300630077042,
        4.07300630077042,
        4.083006300770419,
        4.093006300770419,
        4.103006300770419,
        4.113006300770419,
        4.1230063007704185,
        4.133006300770418,
        4.143006300770418,
        4.153006300770418,
        4.163006300770418,
        4.1730063007704175,
        4.183006300770417,
        4.193006300770417,
        4.203006300770417,
        4.213006300770417,
        4.223006300770416,
        4.233006300770416,
        4.243006300770416,
        4.253006300770416,
        4.2630063007704155,
        4.273006300770415,
        4.283006300770415,
        4.293006300770415,
        4.303006300770415,
        4.3130063007704145,
        4.323006300770414,
        4.333006300770414,
        4.341749401312466
    ],
    "frequency": [
        10492.925198711728,
        10433.445662197822,
        10373.966125683917,
        10370.518759482982,
        10427.165937115271,
        10483.254967880772,
        10537.3272738025,
        10591.399579724235,
        10645.471885645966,
        10699.544191567697,
        10753.61649748943,
        10812.63722132758,
        10874.004997095897,
        10935.372772864212,
        10996.740548632526,
        11068.37725010019,
        11199.69570733868,
        11331.014164577173,
        11440.555923047385,
        11514.19725396936,
        11587.838584891335,
        11661.47991581331,
        11753.288387717026,
        11857.14154670956,
        11960.994705702093,
        12064.847864694626,
        12169.607680231667,
        12286.442484098265,
        12403.277287964862,
        12520.112091831457,
        12641.710071309897,
        12872.345008812801,
        13074.129935885918,
        13201.58608555857,
        13329.042235231225,
        13437.058651273017,
        13489.348353702822,
        13541.63805613263,
        13593.927758562435,
        13753.831389275565,
        13915.275845527593,
        14092.946334940374,
        14289.032719052146,
        14485.119103163917,
        14670.548495039824,
        14812.166439120556,
        14953.784383201284,
        15027.910030424258,
        15096.948778163613,
        15165.987525902969,
        15235.026273642323,
        15267.34293522935,
        15295.666524045493,
        15323.990112861638,
        15348.753711334768
    ]
}