{
    "time": [
        5.587907507706436,
        5.597907507706436,
        5.607907507706436,
        5.617907507706436,
        5.6279075077064356,
        5.637907507706435,
        5.647907507706435,
        5.657907507706435,
        5.667907507706435,
        5.6779075077064345,
        5.687907507706434,
        5.697907507706434,
        5.707907507706434,
        5.717907507706434,
        5.727907507706433,
        5.737907507706433,
        5.747907507706433,
        5.757907507706433,
        5.767907507706433,
        5.777907507706432,
        5.787907507706432,
        5.797907507706432,
        5.807907507706432,
        5.8179075077064315,
        5.827907507706431,
        5.837907507706431,
        5.847907507706431,
        5.857907507706431,
        5.86790750770643,
        5.87790750770643,
        5.88790750770643,
        5.89790750770643,
        5.90790750770643,
        5.917907507706429,
        5.927907507706429,
        5.937907507706429,
        5.947907507706429,
        5.9579075077064285,
        5.967907507706428,
        5.977907507706428,
        5.987907507706428,
        5.997907507706428,
        6.0079075077064275,
        6.017907507706427,
        6.027907507706427,
        6.037907507706427,
        6.047907507706427,
        6.05112587452763
    ],
    "frequency": [
        14043.883494286285,
        13508.56766566114,
        12973.251837035992,
        12437.936008410845,
        11902.6201797857,
        11367.30435116055,
        11068.416948490136,
        10778.100163124647,
        10487.783377759155,
        10377.949930556617,
        10278.817369700108,
        10179.684808843598,
        10139.375749914818,
        10103.971263894638,
        10068.566777874457,
        10033.162291854274,
        9997.757805834093,
        9962.353319813912,
        9926.94883379373,
        9891.54434777355,
        9856.139861753367,
        9820.735375733188,
        9785.330889713005,
        9749.926403692823,
        9699.074145143502,
        9645.259326392828,
        9591.444507642153,
        9537.629688891477,
        9483.814870140799,
        9430.000051390125,
        9376.185232639447,
        9324.046341686075,
        9276.078973529698,
        9228.111605373326,
        9180.14423721695,
        9132.176869060575,
        9084.2095009042,
        9036.242132747824,
        8988.27476459145,
        8940.307396435075,
        8892.3400282787,
        8844.372660122324,
        8796.405291965952,
        8748.437923809575,
        8700.4705556532,
        8652.503187496824,
        8604.53581934045,
        8589.098160722959
    ]
}