{
    "time": [
        25.05140483309447,
        25.06140483309447,
        25.071404833094473,
        25.081404833094474,
        25.091404833094476,
        25.101404833094477,
        25.11140483309448,
        25.12140483309448,
        25.131404833094482,
        25.141404833094484,
        25.151404833094485,
        25.161404833094487,
        25.17140483309449,
        25.18140483309449,
        25.19140483309449,
        25.201404833094493,
        25.211404833094495,
        25.221404833094496,
        25.231404833094498,
        25.2414048330945,
        25.2514048330945,
        25.261404833094502,
        25.271404833094504,
        25.277520823919286
    ],
    "frequency": [
        10554.018766564323,
        10669.124385751167,
        10784.230004938012,
        10899.335624124855,
        11014.441243311701,
        11129.546862498546,
        11208.802206000546,
        11271.157644027888,
        11333.513082055231,
        11395.868520082575,
        11458.223958109918,
        11520.579396137258,
        11590.39002786649,
        11675.703604440265,
        11761.01718101404,
        11846.330757587817,
        11931.64433416159,
        12016.957910735367,
        12111.454685228433,
        12218.992806960088,
        12326.53092869174,
        12434.069050423393,
        12541.607172155049,
        12607.377388737541
    ]
}