{
    "time": [
        19.270957468356006,
        19.280957468356007,
        19.29095746835601,
        19.30095746835601,
        19.310957468356012,
        19.320957468356013,
        19.330957468356015,
        19.340957468356017,
        19.350957468356018,
        19.36095746835602,
        19.37095746835602,
        19.380957468356023,
        19.390957468356024,
        19.400957468356026,
        19.410957468356028,
        19.42095746835603,
        19.43095746835603,
        19.440957468356032,
        19.450957468356034,
        19.460957468356035,
        19.470957468356037,
        19.48095746835604,
        19.49095746835604,
        19.50095746835604,
        19.510957468356043,
        19.520957468356045,
        19.530957468356046,
        19.540957468356048,
        19.55095746835605,
        19.56095746835605,
        19.570957468356053,
        19.580957468356054,
        19.590957468356056,
        19.600957468356057,
        19.61095746835606,
        19.62095746835606,
        19.630957468356062,
        19.640957468356063,
        19.650957468356065,
        19.660957468356067,
        19.670957468356068,
        19.67565188806367
    ],
    "frequency": [
        12063.945255371409,
        11733.58736586218,
        11738.182632262353,
        11775.052932430795,
        11811.923232599242,
        11842.683422715341,
        11865.372838203613,
        11888.062253691889,
        11910.751669180161,
        11933.441084668437,
        11956.130500156709,
        11967.152195448274,
        11974.764128386276,
        11982.376061324278,
        11989.98799426228,
        11997.599927200281,
        12005.211860138284,
        12011.871707061826,
        11986.58921551775,
        11961.306723973676,
        11936.0242324296,
        11910.741740885525,
        11885.459249341451,
        11860.176757797377,
        11803.315772602275,
        11744.323292332767,
        11685.330812063257,
        11626.338331793748,
        11567.345851524238,
        11490.278762575977,
        11406.003790762386,
        11321.728818948795,
        11237.453847135204,
        11148.264781341419,
        11030.279820802409,
        10912.294860263399,
        10789.164133002141,
        10619.560752227297,
        10449.957371452452,
        10280.353990677608,
        9121.130831886701,
        8290.324445954298
    ]
}