{
    "time": [
        29.892672910450187,
        29.90267291045019,
        29.91267291045019,
        29.922672910450192,
        29.932672910450194,
        29.942672910450195,
        29.952672910450197,
        29.9626729104502,
        29.9726729104502,
        29.9826729104502,
        29.992672910450203,
        30.002672910450205,
        30.012672910450206,
        30.022672910450208,
        30.03267291045021,
        30.04267291045021,
        30.052672910450212,
        30.062672910450214,
        30.072672910450216,
        30.082672910450217,
        30.09267291045022,
        30.10267291045022,
        30.11267291045022,
        30.122672910450223,
        30.132672910450225,
        30.142672910450226,
        30.152672910450228,
        30.16267291045023,
        30.17267291045023,
        30.182672910450233,
        30.192672910450234,
        30.202672910450236,
        30.212672910450237,
        30.22267291045024,
        30.23267291045024,
        30.242672910450242,
        30.252672910450244,
        30.262672910450245,
        30.272672910450247,
        30.28267291045025,
        30.29267291045025,
        30.30267291045025,
        30.312672910450253,
        30.322672910450255,
        30.332672910450256,
        30.342672910450258,
        30.35267291045026,
        30.36267291045026,
        30.372672910450262,
        30.382672910450264,
        30.392672910450266,
        30.402672910450267,
        30.41267291045027,
        30.42267291045027,
        30.432672910450272,
        30.442672910450273,
        30.452672910450275,
        30.462672910450276,
        30.472672910450278,
        30.48267291045028,
        30.49267291045028,
        30.502672910450283,
        30.512672910450284,
        30.522672910450286,
        30.532672910450287,
        30.54267291045029,
        30.55267291045029,
        30.562672910450292,
        30.56441024027175
    ],
    "frequency": [
        22615.89947719979,
        22633.431812078357,
        22650.96414695692,
        22607.4467254775,
        22481.213914351854,
        22290.52328124635,
        21932.863649723637,
        21575.204018200922,
        21217.544386678208,
        20859.884755155494,
        20463.030704734178,
        20065.631114153366,
        19668.23152357256,
        19196.644760329753,
        18197.301672251706,
        17005.605555083206,
        15532.88942528367,
        14549.720329566862,
        13787.06376234935,
        13029.589890203399,
        12312.358008807658,
        11595.126127411915,
        11006.132793084362,
        10723.906188701389,
        10566.11517479433,
        10470.256078283393,
        10355.41804507692,
        9697.662899600082,
        9539.871885693012,
        9483.478291029156,
        9440.163110740938,
        9396.847930452717,
        9357.987606865363,
        9333.442338035373,
        9308.897069205383,
        9284.351800375392,
        9259.806531545402,
        9235.261262715412,
        9210.715993885422,
        9204.356984158823,
        9202.57403484914,
        9200.791085539455,
        9199.008136229771,
        9197.225186920086,
        9195.442237610401,
        9193.659288300718,
        9191.876338991035,
        9190.09338968135,
        9188.310440371664,
        9186.527491061981,
        9184.744541752296,
        9184.372527263728,
        9192.901771258707,
        9201.431015253682,
        9209.960259248659,
        9218.489503243634,
        9227.018747238611,
        9235.547991233589,
        9244.077235228566,
        9257.589713723688,
        9291.523265101554,
        9325.456816479422,
        9359.39036785729,
        9393.323919235158,
        9427.257470613025,
        9461.191021990891,
        9512.404201810801,
        9578.15045760541,
        9589.572750689535
    ]
}