{
    "time": [
        53.619689697993245,
        53.62968969799324,
        53.63968969799324,
        53.64968969799324,
        53.65968969799324,
        53.669689697993235,
        53.67968969799323,
        53.68968969799323,
        53.69968969799323,
        53.70968969799323,
        53.719689697993225,
        53.72968969799322,
        53.73968969799322,
        53.74968969799322,
        53.75968969799322,
        53.769689697993215,
        53.77968969799321,
        53.78968969799321,
        53.79968969799321,
        53.80968969799321,
        53.819689697993205,
        53.8296896979932,
        53.8396896979932,
        53.8496896979932,
        53.8596896979932,
        53.869689697993195,
        53.87968969799319,
        53.88968969799319,
        53.89968969799319,
        53.90968969799319,
        53.919689697993185,
        53.92968969799318,
        53.93968969799318,
        53.94968969799318,
        53.95968969799318,
        53.969689697993175,
        53.97968969799317,
        53.98968969799317,
        53.99968969799317,
        54.00968969799317,
        54.019689697993165,
        54.02968969799316,
        54.03968969799316,
        54.04968969799316,
        54.05968969799316,
        54.069689697993155,
        54.07968969799315,
        54.08968969799315,
        54.090950929340956
    ],
    "frequency": [
        10852.796524160398,
        8239.474304780553,
        7826.107962172543,
        7812.829935431133,
        7817.40347189545,
        7856.352350336911,
        7895.301228778371,
        7933.774411463397,
        7968.550195786132,
        8003.325980108867,
        8038.101764431602,
        8072.877548754337,
        8086.96007822432,
        8086.96007822432,
        8086.96007822432,
        8086.96007822432,
        8084.181154441221,
        8047.666580902354,
        8011.152007363486,
        7974.637433824619,
        7938.122860285751,
        7901.608286746883,
        7964.953535224565,
        8104.310293642762,
        8526.256476758525,
        8952.315104141255,
        9346.42514596913,
        9536.300928371293,
        9715.919386231399,
        9504.946294673517,
        9234.821872307988,
        7239.613125049701,
        7336.985321153321,
        7977.203932010891,
        8031.975792319206,
        8109.395667501948,
        8203.903975484907,
        8298.412283467866,
        8392.920591450824,
        8134.9184331958795,
        7842.80184488486,
        7871.124794414423,
        8052.697777320712,
        8661.274002968667,
        9123.41999917969,
        9594.648652369175,
        10112.491695284167,
        10630.334738199155,
        10695.646726095849
    ]
}