{
    "time": [
        59.432075723236906,
        59.442075723236904,
        59.4520757232369,
        59.4620757232369,
        59.4720757232369,
        59.482075723236896,
        59.492075723236894,
        59.50207572323689,
        59.51207572323689,
        59.52207572323689,
        59.532075723236886,
        59.542075723236884,
        59.55207572323688,
        59.56207572323688,
        59.57207572323688,
        59.582075723236876,
        59.592075723236874,
        59.60207572323687,
        59.61207572323687,
        59.62207572323687,
        59.632075723236866,
        59.642075723236864,
        59.65207572323686,
        59.66207572323686,
        59.67207572323686,
        59.682075723236856,
        59.692075723236854,
        59.70207572323685,
        59.71207572323685,
        59.72207572323685,
        59.732075723236846,
        59.742075723236844,
        59.75207572323684,
        59.76207572323684,
        59.77207572323684,
        59.78207572323684,
        59.792075723236835,
        59.80207572323683,
        59.81207572323683,
        59.82207572323683,
        59.83207572323683,
        59.842075723236825,
        59.85207572323682,
        59.86207572323682,
        59.87207572323682,
        59.88207572323682,
        59.892075723236815,
        59.90207572323681,
        59.91207572323681,
        59.92207572323681,
        59.93207572323681,
        59.942075723236805,
        59.9520757232368,
        59.9620757232368,
        59.9720757232368,
        59.9820757232368,
        59.992075723236795,
        60.0
    ],
    "frequency": [
        8142.743268107244,
        8124.998451654528,
        8107.253635201812,
        8105.58163146589,
        8118.119223561287,
        8130.566228537058,
        8141.631530322547,
        8152.696832108039,
        8178.05436473921,
        8213.25004449186,
        8250.70558298796,
        8304.265728590864,
        8357.825874193768,
        8421.310200634929,
        8490.049110684009,
        8567.249251162997,
        8681.827597779207,
        8796.405944395417,
        8891.900404504366,
        8979.800988857725,
        9082.512410373776,
        9230.592223645155,
        9512.979760743508,
        9622.276518552622,
        9678.213254050215,
        9811.870876595362,
        10120.443327520567,
        10429.01577844577,
        10581.841799213087,
        10640.00313348404,
        10716.16561309031,
        10805.023207115384,
        10893.88080114046,
        10971.384500783175,
        11015.813297795712,
        11064.281535676539,
        11224.225204921651,
        11367.39047577617,
        11436.38578407799,
        11505.38109237981,
        11573.222949318266,
        11612.379346740268,
        11651.737796437363,
        11699.683569721014,
        11747.629343004664,
        11791.150102956199,
        11831.104914025906,
        11872.41045769392,
        11928.34719319153,
        11984.283928689138,
        12025.470619746333,
        12057.4344686021,
        12091.732386352205,
        12139.678159635856,
        12187.623932919507,
        12203.11960843428,
        12203.11960843428,
        12203.119608434277
    ]
}