{
    "time": [
        25.832100023675476,
        25.842100023675478,
        25.85210002367548,
        25.86210002367548,
        25.872100023675483,
        25.882100023675484,
        25.892100023675486,
        25.902100023675487,
        25.91210002367549,
        25.92210002367549,
        25.932100023675492,
        25.942100023675494,
        25.952100023675495,
        25.962100023675497,
        25.972100023675498,
        25.9821000236755,
        25.9921000236755,
        26.002100023675503,
        26.012100023675504,
        26.022100023675506,
        26.032100023675508,
        26.04210002367551,
        26.05210002367551,
        26.062100023675512,
        26.072100023675514,
        26.082100023675515,
        26.092100023675517,
        26.10210002367552,
        26.11210002367552,
        26.12210002367552,
        26.132100023675523,
        26.142100023675525,
        26.152100023675526,
        26.162100023675528,
        26.17210002367553,
        26.18210002367553,
        26.192100023675533,
        26.202100023675534,
        26.212100023675536,
        26.222100023675537,
        26.23210002367554,
        26.24210002367554,
        26.252100023675542,
        26.262100023675544,
        26.272100023675545,
        26.282100023675547,
        26.28481866514644
    ],
    "frequency": [
        12008.70635111849,
        11527.317373240758,
        11045.928395363027,
        10581.843588808288,
        10345.40323502273,
        10108.96288123717,
        9872.522527451612,
        9636.082173666055,
        9399.641819880493,
        9163.201466094935,
        8903.316429221793,
        8610.111625420273,
        8316.906821618753,
        8023.702017817233,
        7730.497214015713,
        7437.292410214193,
        7312.512414904091,
        7224.5509737636385,
        7136.589532623186,
        7054.682881702275,
        7032.2926966847035,
        7009.902511667131,
        6987.51232664956,
        6965.122141631989,
        6942.731956614417,
        6927.7858266322555,
        6937.258597216612,
        6946.731367800969,
        6956.204138385327,
        6965.676908969683,
        6975.14967955404,
        6984.622450138396,
        7000.060350953607,
        7028.794421726156,
        7057.528492498704,
        7086.262563271253,
        7114.9966340438,
        7143.73070481635,
        7172.464775588899,
        7201.198846361447,
        7230.120886394571,
        7259.441366774723,
        7288.761847154876,
        7318.082327535027,
        7347.402807915179,
        7376.723288295331,
        7384.694475686126
    ]
}