{
    "time": [
        1.0798560191974405,
        1.0898560191974405,
        1.0998560191974405,
        1.1098560191974405,
        1.1198560191974405,
        1.1298560191974405,
        1.1398560191974405,
        1.1498560191974405,
        1.1598560191974405,
        1.1698560191974405,
        1.1798560191974405,
        1.1898560191974406,
        1.1998560191974406,
        1.2098560191974406,
        1.2198560191974406,
        1.2298560191974406,
        1.2398560191974406,
        1.2498560191974406,
        1.2598560191974406,
        1.2638314891347822
    ],
    "frequency": [
        10263.355984578026,
        10227.264046264498,
        10191.172107950968,
        10145.40686264695,
        10083.295953473847,
        10021.185044300744,
        9967.750402263599,
        9917.308074579862,
        9867.435680498636,
        9821.934816432306,
        9776.433952365971,
        9719.738341197895,
        9651.255791004529,
        9582.77324081116,
        9535.440884561598,
        9491.583223130645,
        9447.312292321227,
        9401.663057636044,
        9356.01382295086,
        9337.8661069355
    ]
}