{
    "time": [
        0.014048549311331704,
        0.024048549311331706,
        0.03404854931133171,
        0.04404854931133171,
        0.05404854931133171,
        0.06404854931133172,
        0.07404854931133172,
        0.08404854931133171,
        0.09404854931133172,
        0.10404854931133173,
        0.11404854931133172,
        0.12404854931133172,
        0.13404854931133173,
        0.14404854931133174,
        0.15404854931133172,
        0.16404854931133173,
        0.17404854931133174,
        0.18404854931133174,
        0.19404854931133175,
        0.20404854931133173,
        0.21404854931133174,
        0.22404854931133175,
        0.23404854931133173,
        0.24404854931133174,
        0.25404854931133175,
        0.26404854931133176,
        0.27404854931133177,
        0.2840485493113318,
        0.29404854931133173,
        0.30404854931133174,
        0.31404854931133175,
        0.32404854931133176,
        0.33404854931133177,
        0.3440485493113318,
        0.3540485493113318,
        0.3640485493113318,
        0.3740485493113318,
        0.38404854931133175,
        0.39404854931133176,
        0.4040485493113318,
        0.4140485493113318,
        0.4240485493113318,
        0.4340485493113318,
        0.4440485493113318,
        0.45404854931133176,
        0.46404854931133177,
        0.4740485493113318,
        0.4840485493113318,
        0.4940485493113318,
        0.5040485493113318,
        0.5140485493113318,
        0.5240485493113318,
        0.5340485493113318,
        0.5440485493113318,
        0.5540485493113319,
        0.5640485493113319,
        0.5740485493113318,
        0.5840485493113318,
        0.5940485493113318,
        0.5948535184739057
    ],
    "frequency": [
        12533.122966361503,
        12515.336460165985,
        12497.549953970469,
        12479.763447774949,
        12461.976941579433,
        12444.190435383913,
        12426.403929188395,
        12408.617422992878,
        12381.105826996549,
        12350.787918708735,
        12320.470010420919,
        12290.152102133103,
        12259.834193845289,
        12229.516285557474,
        12199.198377269659,
        12168.880468981844,
        12138.562560694028,
        12099.305661317185,
        12031.812222628838,
        11964.318783940487,
        11896.825345252139,
        11818.404662880392,
        11694.887258744848,
        11571.369854609307,
        11447.852450473765,
        11324.335046338223,
        11200.81764220268,
        11014.608780566201,
        10828.009273604295,
        10641.409766642386,
        10454.810259680478,
        10296.621941499594,
        10139.979415345882,
        9983.336889192173,
        9890.23292137707,
        9816.122478895744,
        9742.012036414419,
        9667.901593933093,
        9623.04042562496,
        9616.092571642335,
        9609.144717659712,
        9602.196863677087,
        9595.249009694464,
        9588.301155711839,
        9581.353301729216,
        9600.138975495653,
        9644.605240984447,
        9689.071506473243,
        9733.537771962037,
        9778.004037450833,
        9822.47030293963,
        9867.530572582775,
        9912.820287432474,
        9958.110002282174,
        10003.399717131873,
        10048.689431981571,
        10093.979146831269,
        10139.268861680968,
        10184.558576530668,
        10188.204258914244
    ]
}