{
    "time": [
        16.221837088388217,
        16.231837088388218,
        16.24183708838822,
        16.25183708838822,
        16.261837088388223,
        16.271837088388224,
        16.281837088388226,
        16.291837088388228,
        16.30183708838823,
        16.31183708838823,
        16.321837088388232,
        16.331837088388234,
        16.341837088388235,
        16.351837088388237,
        16.36183708838824,
        16.37183708838824,
        16.38183708838824,
        16.391837088388243,
        16.401837088388245,
        16.411837088388246,
        16.421837088388248,
        16.43183708838825,
        16.44183708838825,
        16.451837088388253,
        16.461837088388254,
        16.471837088388256,
        16.481837088388257,
        16.49183708838826,
        16.50183708838826,
        16.511837088388262,
        16.521837088388263,
        16.531837088388265,
        16.541837088388267,
        16.551837088388268,
        16.56183708838827,
        16.57183708838827,
        16.581837088388273,
        16.591837088388274,
        16.601837088388276,
        16.611837088388278,
        16.62183708838828,
        16.63183708838828,
        16.641837088388282,
        16.651837088388284,
        16.661837088388285,
        16.671837088388287,
        16.68183708838829,
        16.69183708838829,
        16.70183708838829,
        16.711837088388293,
        16.721837088388295,
        16.731837088388296,
        16.7383516656299
    ],
    "frequency": [
        8858.764181584367,
        8758.218512280599,
        8657.672842976828,
        8611.433467060504,
        8601.350046635016,
        8648.38353077628,
        8922.973798824694,
        9186.303582224284,
        9372.323247441002,
        9395.663867369974,
        9413.464792271097,
        9393.41261033011,
        9319.673217508049,
        9232.646473547014,
        9145.61972958598,
        9169.353684516436,
        9200.823176752347,
        9232.292668988257,
        9261.36162986762,
        9289.334511855097,
        9317.307393842571,
        9341.065311721719,
        9359.422515526,
        9415.199512051342,
        9497.80270377387,
        9573.179553424827,
        9648.556403075783,
        9741.097048031448,
        9844.913400350788,
        9948.72975267013,
        10052.54610498947,
        10156.362457308807,
        10244.223594292882,
        10328.199086163098,
        10402.233738630996,
        10461.632356290324,
        10521.103240431257,
        10595.55938247473,
        10670.015524518203,
        10761.767051787592,
        10864.804970561254,
        10968.161041987189,
        11072.747606474444,
        11177.334170961696,
        11281.38787952,
        11385.313134886965,
        11490.616404577991,
        11597.935122008184,
        11705.35208089862,
        11828.023073170967,
        11950.694065443313,
        12104.507411164584,
        12217.861123742405
    ]
}