{
    "time": [
        14.886271069547895,
        14.896271069547895,
        14.906271069547895,
        14.916271069547895,
        14.926271069547894,
        14.936271069547894,
        14.946271069547894,
        14.956271069547894,
        14.966271069547894,
        14.976271069547893,
        14.986271069547893,
        14.996271069547893,
        15.006271069547893,
        15.016271069547892,
        15.026271069547892,
        15.036271069547892,
        15.046271069547892,
        15.056271069547892,
        15.066271069547891,
        15.076271069547891,
        15.086271069547891,
        15.09627106954789,
        15.10627106954789,
        15.11627106954789,
        15.12627106954789,
        15.13627106954789,
        15.14627106954789,
        15.15627106954789,
        15.16627106954789,
        15.176271069547889,
        15.186271069547889,
        15.196271069547889,
        15.206271069547888,
        15.216271069547888,
        15.226271069547888,
        15.236271069547888,
        15.246271069547888,
        15.256271069547887,
        15.266271069547887,
        15.273541142799719
    ],
    "frequency": [
        20438.974092356395,
        20174.670876647622,
        19883.27734633098,
        19382.202499883053,
        18881.127653435127,
        18209.609513582378,
        17493.788304371083,
        16777.967095159784,
        16062.145885948486,
        15326.539051545227,
        14480.768761277077,
        13677.287851448853,
        12990.099490606033,
        12302.911129763213,
        11543.495256952876,
        10645.068918945504,
        9708.849802912748,
        9300.623957808652,
        9025.7486134715,
        8895.361717235879,
        8869.910296463922,
        8844.458875691966,
        8855.98121113939,
        8868.706921525367,
        8900.977741357503,
        8968.349149283269,
        9035.720557209039,
        9196.229771466755,
        9368.026861677474,
        9776.05809790142,
        10385.731484984895,
        11062.507900966475,
        11739.284316948055,
        12445.39271677065,
        13514.352389192809,
        14583.312061614966,
        15702.200033620053,
        17064.841221664792,
        18816.528324873936,
        19940.608012129025
    ]
}