{
    "time": [
        40.08982302399638,
        40.09982302399638,
        40.10982302399638,
        40.119823023996375,
        40.12982302399637,
        40.13982302399637,
        40.14982302399637,
        40.15982302399637,
        40.169823023996365,
        40.17982302399636,
        40.18982302399636,
        40.19982302399636,
        40.20982302399636,
        40.219823023996355,
        40.22982302399635,
        40.23982302399635,
        40.24982302399635,
        40.25982302399635,
        40.269823023996345,
        40.27982302399634,
        40.28982302399634,
        40.29982302399634,
        40.30982302399634,
        40.319823023996335,
        40.32982302399633,
        40.33982302399633,
        40.34982302399633,
        40.35982302399633,
        40.369823023996325,
        40.37982302399632,
        40.38982302399632,
        40.39982302399632,
        40.40982302399632,
        40.419823023996315,
        40.42982302399631,
        40.43982302399631,
        40.44982302399631,
        40.45539596381383
    ],
    "frequency": [
        10733.741582800323,
        10704.962787507542,
        10676.183992214761,
        10643.045499163738,
        10607.726068577149,
        10572.406637990562,
        10559.996720362731,
        10552.802021539535,
        10562.42052571262,
        10590.171506887797,
        10617.922488062972,
        10645.673469238147,
        10631.424428563438,
        10609.840332093856,
        10588.25623562427,
        10556.842241784823,
        10521.975624410878,
        10487.109007036934,
        10457.150705917902,
        10435.56660944832,
        10413.982512978737,
        10401.108709604363,
        10413.249763868504,
        10425.390818132644,
        10437.531872396785,
        10454.809252178089,
        10513.67496982242,
        10572.540687466746,
        10635.961552568871,
        10712.48698550648,
        10789.012418444088,
        10887.04487097515,
        11014.775324289645,
        11120.462332776942,
        11128.556368953035,
        11136.650405129129,
        11168.986133463068,
        11187.029164059142
    ]
}