{
    "time": [
        0.005212837632588063,
        0.015212837632588063,
        0.025212837632588064,
        0.03521283763258806,
        0.045212837632588064,
        0.055212837632588066,
        0.06521283763258806,
        0.07521283763258807,
        0.08521283763258806,
        0.09521283763258806,
        0.10521283763258807,
        0.11521283763258806,
        0.12521283763258806,
        0.13521283763258807,
        0.14521283763258808,
        0.15521283763258806,
        0.16521283763258807,
        0.17521283763258808,
        0.18521283763258806,
        0.19521283763258807,
        0.20521283763258807,
        0.21521283763258806,
        0.22521283763258806,
        0.23521283763258807,
        0.24347879434749653
    ],
    "frequency": [
        10684.409266604716,
        10655.490923313828,
        10626.572580022943,
        10597.654236732056,
        10614.638545844397,
        10634.83548401581,
        10655.101228130003,
        10683.376941569983,
        10711.652655009959,
        10739.928368449939,
        10768.204081889917,
        10890.175598937289,
        11031.554166137183,
        11211.01799178665,
        11471.283081404636,
        11731.548171022621,
        12037.452136758091,
        12476.73554198633,
        13032.378497943546,
        13919.455309906942,
        15073.333846256024,
        15486.382670663013,
        15132.873396599178,
        14172.362865590223,
        13018.769149285747
    ]
}