{
    "time": [
        32.62972512166276,
        32.63972512166276,
        32.649725121662755,
        32.65972512166275,
        32.66972512166275,
        32.67972512166275,
        32.68972512166275,
        32.699725121662745,
        32.70972512166274,
        32.71972512166274,
        32.72972512166274,
        32.73972512166274,
        32.749725121662735,
        32.75972512166273,
        32.76972512166273,
        32.77972512166273,
        32.78972512166273,
        32.799725121662725,
        32.80972512166272,
        32.81972512166272,
        32.82972512166272,
        32.83972512166272,
        32.849725121662715,
        32.85972512166271,
        32.86972512166271,
        32.87972512166271,
        32.88972512166271,
        32.899725121662705,
        32.9097251216627,
        32.9197251216627,
        32.9297251216627,
        32.9397251216627,
        32.949725121662695,
        32.95972512166269,
        32.96972512166269,
        32.97972512166269,
        32.98972512166269,
        32.999725121662685,
        33.00972512166268,
        33.01972512166268,
        33.02972512166268,
        33.03972512166268,
        33.049725121662675,
        33.05972512166267,
        33.06972512166267,
        33.07972512166267,
        33.08972512166267,
        33.099725121662665,
        33.10972512166266,
        33.11972512166266,
        33.12972512166266,
        33.13972512166266,
        33.149725121662655,
        33.15972512166265,
        33.16972512166265,
        33.17972512166265,
        33.18972512166265,
        33.199725121662645,
        33.20972512166264,
        33.21972512166264,
        33.22972512166264,
        33.23972512166264,
        33.249725121662635,
        33.25972512166263,
        33.26780627827684
    ],
    "frequency": [
        12613.749543607515,
        12548.731181670864,
        12483.71281973421,
        12418.69445779756,
        12353.676095860905,
        12281.853825136124,
        12207.904369526834,
        12133.954913917543,
        12075.882973776526,
        12024.58601939143,
        11973.289065006336,
        11921.992110621244,
        11870.695156236146,
        11809.831168595443,
        11740.168637949026,
        11670.506107302608,
        11600.84357665619,
        11499.313069876522,
        11397.431618806124,
        11295.550167735728,
        11192.66772901673,
        11086.274045847627,
        10979.880362678528,
        10835.073004718432,
        10667.882931167049,
        10550.030377337283,
        10498.851887697092,
        10463.484756753527,
        10428.117625809962,
        10415.221197637036,
        10409.996507838554,
        10404.771818040073,
        10399.54712824159,
        10394.322438443109,
        10390.632227903208,
        10401.63157484738,
        10412.630921791555,
        10423.630268735727,
        10434.629615679902,
        10470.651716936552,
        10521.94867132165,
        10573.245625706742,
        10624.542580091838,
        10675.839534476932,
        10746.405045712792,
        10841.399405685177,
        10936.393765657562,
        11034.136553361346,
        11132.360721572804,
        11230.584889784264,
        11328.809057995722,
        11427.668567498267,
        11530.371041251277,
        11633.07351500429,
        11735.775988757301,
        11838.47846251031,
        11941.180936263321,
        12043.883410016331,
        12146.585883769341,
        12249.288357522353,
        12334.775596802883,
        12418.370633578594,
        12501.965670354304,
        12585.560707130013,
        12653.115165565485
    ]
}