{
    "time": [
        39.92388920734165,
        39.93388920734165,
        39.94388920734165,
        39.953889207341646,
        39.963889207341644,
        39.97388920734164,
        39.98388920734164,
        39.99388920734164,
        40.003889207341636,
        40.013889207341634,
        40.02388920734163,
        40.03388920734163,
        40.04388920734163,
        40.053889207341626,
        40.063889207341624,
        40.07388920734162,
        40.08388920734162,
        40.09388920734162,
        40.103889207341616,
        40.113889207341614,
        40.12388920734161,
        40.13388920734161,
        40.14388920734161,
        40.15388920734161,
        40.163889207341605,
        40.1738892073416,
        40.1838892073416,
        40.1938892073416,
        40.2038892073416,
        40.213889207341595,
        40.22388920734159,
        40.23388920734159,
        40.24388920734159,
        40.25388920734159,
        40.263889207341585,
        40.27388920734158,
        40.28388920734158,
        40.29388920734158,
        40.29983301070002
    ],
    "frequency": [
        9541.763128378985,
        9467.048948291978,
        9392.334768204972,
        9317.620588117963,
        9264.461955925484,
        9223.991775045008,
        9183.521594164535,
        9143.051413284058,
        9106.475466921107,
        9074.099322216733,
        9041.723177512356,
        9022.582336490765,
        9025.990351722803,
        9029.398366954843,
        9032.806382186884,
        9036.214397418922,
        9045.94595878889,
        9063.605674082186,
        9081.26538937548,
        9098.925104668773,
        9116.584819962067,
        9134.24453525536,
        9146.824032973453,
        9157.616081208245,
        9168.408129443038,
        9179.200177677832,
        9189.992225912625,
        9200.784274147418,
        9212.6926769249,
        9225.64313480665,
        9238.5935926884,
        9251.544050570148,
        9285.940461844792,
        9333.033035960245,
        9380.125610075696,
        9440.924777778067,
        9505.677067186818,
        9570.429356595572,
        9608.916844121031
    ]
}