{
    "time": [
        10.592321591982966,
        10.602321591982966,
        10.612321591982965,
        10.622321591982965,
        10.632321591982965,
        10.642321591982965,
        10.652321591982965,
        10.662321591982964,
        10.672321591982964,
        10.682321591982964,
        10.692321591982964,
        10.702321591982964,
        10.712321591982963,
        10.722321591982963,
        10.732321591982963,
        10.742321591982963,
        10.752321591982962,
        10.762321591982962,
        10.772321591982962,
        10.782321591982962,
        10.792321591982962,
        10.802321591982961,
        10.812321591982961,
        10.822321591982961,
        10.83232159198296,
        10.84232159198296,
        10.85232159198296,
        10.86232159198296,
        10.87232159198296,
        10.88232159198296,
        10.89232159198296,
        10.90232159198296,
        10.912321591982959,
        10.922321591982959,
        10.932321591982959,
        10.942321591982958,
        10.952321591982958,
        10.962321591982958,
        10.972321591982958,
        10.980231105647789
    ],
    "frequency": [
        12202.652390808253,
        12186.845917550083,
        12171.039444291913,
        12155.232971033744,
        12139.426497775574,
        12123.620024517404,
        12107.813551259234,
        12092.007078001065,
        12076.200604742895,
        12060.394131484725,
        12043.258943108345,
        12016.091567195866,
        11988.924191283386,
        11961.756815370907,
        11934.589439458428,
        11907.42206354595,
        11880.254687633467,
        11853.087311720989,
        11827.882259818996,
        11810.036241624288,
        11792.190223429581,
        11774.344205234873,
        11756.498187040164,
        11738.652168845456,
        11720.806150650747,
        11702.960132456039,
        11679.929622283207,
        11652.677082182916,
        11625.424542082621,
        11598.172001982326,
        11570.919461882035,
        11543.666921781742,
        11516.414381681449,
        11488.699042336384,
        11460.247390471675,
        11431.795738606972,
        11403.344086742269,
        11374.892434877562,
        11346.440783012858,
        11323.936910091765
    ]
}