{
    "time": [
        23.18701296886963,
        23.197012968869632,
        23.207012968869634,
        23.217012968869636,
        23.227012968869637,
        23.23701296886964,
        23.24701296886964,
        23.257012968869642,
        23.267012968869643,
        23.277012968869645,
        23.287012968869647,
        23.297012968869648,
        23.30701296886965,
        23.31701296886965,
        23.327012968869653,
        23.337012968869654,
        23.347012968869656,
        23.357012968869657,
        23.36701296886966,
        23.37701296886966,
        23.387012968869662,
        23.397012968869664,
        23.407012968869665,
        23.417012968869667,
        23.42701296886967,
        23.43701296886967,
        23.44701296886967,
        23.457012968869673,
        23.467012968869675,
        23.477012968869676,
        23.485276337630083
    ],
    "frequency": [
        12104.60153836766,
        12039.188411387,
        11973.77528440634,
        11908.36215742568,
        11842.94903044502,
        11810.929446470718,
        11788.834345801693,
        11766.73924513267,
        11744.64414446365,
        11730.993456182172,
        11719.945905847662,
        11708.898355513153,
        11697.850805178641,
        11686.803254844132,
        11675.755704509622,
        11708.926894439424,
        11756.479393705364,
        11804.031892971303,
        11851.58439223724,
        11899.13689150318,
        12052.260752430326,
        12266.030851403126,
        12438.427486417007,
        12551.112499829018,
        12663.797513241032,
        12774.113287838602,
        12853.20370500613,
        12932.294122173655,
        13011.384539341183,
        13090.474956508711,
        13155.830284755668
    ]
}