{
    "time": [
        19.157445673910146,
        19.167445673910148,
        19.17744567391015,
        19.18744567391015,
        19.197445673910153,
        19.207445673910154,
        19.217445673910156,
        19.227445673910157,
        19.23744567391016,
        19.24744567391016,
        19.257445673910162,
        19.267445673910164,
        19.277445673910165,
        19.287445673910167,
        19.29744567391017,
        19.30744567391017,
        19.31742434342088
    ],
    "frequency": [
        11689.321476069952,
        11669.020742545605,
        11648.720009021257,
        11626.191312281104,
        11599.213810046509,
        11572.236307811916,
        11606.758494868425,
        11671.932245005399,
        11737.110601999908,
        11806.603856928326,
        11876.097111856749,
        11944.152155077792,
        12009.349103348712,
        12074.54605161963,
        12125.305228341571,
        12168.903109123752,
        12212.407993493007
    ]
}