{
    "time": [
        40.06413642005821,
        40.07413642005821,
        40.08413642005821,
        40.094136420058206,
        40.104136420058204,
        40.1141364200582,
        40.1241364200582,
        40.1341364200582,
        40.144136420058196,
        40.154136420058194,
        40.16413642005819,
        40.17413642005819,
        40.18413642005819,
        40.194136420058186,
        40.204136420058184,
        40.21413642005818,
        40.22413642005818,
        40.23413642005818,
        40.244136420058176,
        40.254136420058174,
        40.26413642005817,
        40.27413642005817,
        40.28413642005817,
        40.294136420058166,
        40.304136420058164,
        40.31413642005816,
        40.32413642005816,
        40.33413642005816,
        40.344136420058156,
        40.354136420058154,
        40.36413642005815,
        40.37413642005815,
        40.38413642005815,
        40.394136420058146,
        40.404136420058144,
        40.411382565594046
    ],
    "frequency": [
        13953.614023755521,
        13713.243873661051,
        13472.873723566583,
        13232.503573472115,
        12992.133423377647,
        12751.763273283177,
        12511.393123188709,
        12273.550239427912,
        12040.549296833542,
        11807.54835423917,
        11574.5474116448,
        11341.54646905043,
        11154.920871572567,
        10991.654962861074,
        10828.389054149584,
        10746.765923236704,
        10667.997283068878,
        10589.228642901055,
        10563.868304842308,
        10558.497715739955,
        10553.127126637602,
        10547.75653753525,
        10569.723972471404,
        10631.102133641149,
        10692.480294810894,
        10753.858455980639,
        10843.49720867153,
        10949.645322694483,
        11055.793436717433,
        11158.09629078706,
        11257.52891188204,
        11356.96153297702,
        11456.394154072,
        11555.826775166977,
        11655.259396261958,
        11727.309720609013
    ]
}