{
    "time": [
        38.54279144173574,
        38.552791441735735,
        38.56279144173573,
        38.57279144173573,
        38.58279144173573,
        38.59279144173573,
        38.602791441735725,
        38.61279144173572,
        38.62279144173572,
        38.63279144173572,
        38.64279144173572,
        38.652791441735715,
        38.66279144173571,
        38.67279144173571,
        38.68279144173571,
        38.69279144173571,
        38.702791441735705,
        38.7127914417357,
        38.7227914417357,
        38.7327914417357,
        38.7427914417357,
        38.752791441735695,
        38.76279144173569,
        38.77279144173569,
        38.78279144173569,
        38.79279144173569,
        38.802791441735685,
        38.81279144173568,
        38.82279144173568,
        38.83279144173568,
        38.84279144173568,
        38.852791441735675,
        38.86279144173567,
        38.87279144173567,
        38.88279144173567,
        38.89279144173567,
        38.902791441735666,
        38.91279144173566,
        38.92279144173566,
        38.93279144173566,
        38.94279144173566,
        38.952791441735656,
        38.962791441735654,
        38.97279144173565,
        38.98279144173565,
        38.99279144173565,
        39.002791441735646,
        39.012791441735644,
        39.02279144173564,
        39.03279144173564,
        39.04279144173564,
        39.052791441735636,
        39.062791441735634,
        39.07279144173563,
        39.08279144173563,
        39.09279144173563,
        39.102791441735626,
        39.112791441735624,
        39.12279144173562,
        39.13279144173562,
        39.14279144173562,
        39.152791441735616,
        39.15412800368745
    ],
    "frequency": [
        11463.267714928717,
        11719.034779306228,
        11974.801843683741,
        12229.811466438141,
        12418.211312966225,
        12606.61115949431,
        12795.011006022392,
        12983.410852550478,
        13171.81069907856,
        13360.210545606646,
        13548.610392134728,
        13737.010238662811,
        13913.477628749763,
        14064.197505972239,
        14214.917383194716,
        14365.637260417192,
        14516.357137639669,
        14667.077014862147,
        14940.965212781664,
        15231.240531876754,
        15455.838479422055,
        15595.901395628787,
        15735.96431183552,
        15852.26695868663,
        15939.349554415174,
        16026.432150143715,
        16049.820610309336,
        16049.820610309336,
        16048.66543533097,
        15968.281500812316,
        15887.897566293661,
        15768.042918738516,
        15554.903698423923,
        15341.76447810933,
        15093.800152090136,
        14767.798639875651,
        14441.797127661168,
        14115.795615446681,
        13816.976163589014,
        13607.643000780032,
        13398.30983797105,
        13188.97667516207,
        12979.643512353088,
        12832.819034723008,
        12694.061052518191,
        12555.303070313374,
        12416.545088108556,
        12277.787105903739,
        12139.029123698923,
        12000.271141494106,
        11871.532263272693,
        11768.819458054422,
        11666.106652836152,
        11563.39384761788,
        11460.681042399607,
        11357.968237181336,
        11255.255431963065,
        11152.542626744793,
        11042.326550811114,
        10880.442238238817,
        10718.557925666519,
        10556.673613094223,
        10535.036771815972
    ]
}