{
    "time": [
        42.978995492445925,
        42.98899549244592,
        42.99899549244592,
        43.00899549244592,
        43.01899549244592,
        43.028995492445915,
        43.03899549244591,
        43.04899549244591,
        43.05899549244591,
        43.06899549244591,
        43.078995492445905,
        43.0889954924459,
        43.0989954924459,
        43.1089954924459,
        43.1189954924459,
        43.128995492445895,
        43.13899549244589,
        43.14899549244589,
        43.15899549244589,
        43.16899549244589,
        43.178995492445885,
        43.18899549244588,
        43.19899549244588,
        43.20899549244588,
        43.21899549244588,
        43.228995492445875,
        43.23899549244587,
        43.24899549244587,
        43.25899549244587,
        43.26899549244587,
        43.278995492445866,
        43.28899549244586,
        43.29899549244586,
        43.30899549244586,
        43.31899549244586,
        43.328995492445856,
        43.338995492445854,
        43.34899549244585,
        43.35899549244585,
        43.36899549244585,
        43.378995492445846,
        43.388995492445844,
        43.39899549244584,
        43.40899549244584,
        43.41899549244584,
        43.428995492445836,
        43.438995492445834,
        43.44899549244583,
        43.45899549244583,
        43.46899549244583,
        43.478995492445826,
        43.488995492445824,
        43.49899549244582,
        43.50899549244582,
        43.51899549244582,
        43.528995492445816,
        43.538995492445814,
        43.54899549244581,
        43.55899549244581,
        43.56899549244581,
        43.578995492445806,
        43.588995492445804,
        43.5989954924458,
        43.6089954924458,
        43.6189954924458,
        43.628995492445796,
        43.638995492445794,
        43.64899549244579,
        43.65899549244579,
        43.66899549244579,
        43.678995492445786,
        43.688995492445784,
        43.69899549244578,
        43.70899549244578,
        43.71899549244578,
        43.728995492445776,
        43.738995492445774,
        43.74899549244577,
        43.75899549244577,
        43.76422334313056
    ],
    "frequency": [
        13511.953882025202,
        13389.73554973886,
        13267.517217452518,
        13180.977230739549,
        13123.084336498663,
        12491.685401424234,
        12225.717530371285,
        12211.244306811062,
        12196.771083250842,
        12183.491157748578,
        12171.085537554103,
        12158.679917359628,
        12146.274297165151,
        12147.35431784033,
        12152.38848255693,
        12157.42264727353,
        12162.45681199013,
        12167.490976706727,
        12172.525141423328,
        12179.775357935838,
        12189.038221014382,
        12198.301084092924,
        12207.563947171468,
        12216.82681025001,
        12226.089673328552,
        12235.352536407094,
        12248.426372322123,
        12262.899595882345,
        12277.372819442564,
        12291.846043002784,
        12306.319266563007,
        12340.58706833527,
        12421.63712027252,
        12502.687172209768,
        12583.737224147018,
        12664.787276084267,
        12745.837328021516,
        12996.799337045657,
        13178.265779951544,
        13265.105121312874,
        13351.944462674204,
        13438.783804035535,
        13525.623145396865,
        13612.462486758195,
        13706.931790517474,
        13808.244355439028,
        13909.556920360585,
        14010.86948528214,
        14112.182050203697,
        14213.494615125252,
        14314.807180046808,
        14416.119744968364,
        14517.432309889917,
        14633.630909598589,
        14752.822162447472,
        14872.013415296355,
        14991.204668145236,
        15103.484710802022,
        15190.324052163362,
        15277.1633935247,
        15360.082533578145,
        15439.027389361174,
        15517.972245144201,
        15530.694975363314,
        15479.234624926958,
        15411.355709048124,
        15097.079997454803,
        14695.010241529268,
        13833.853439696048,
        12972.696637862826,
        12111.539836029604,
        11250.383034196382,
        10631.589515027674,
        10068.449543775274,
        9505.309572522876,
        9268.582937671348,
        9101.336798753242,
        8953.601898122231,
        8837.816109640435,
        8777.285028280075
    ]
}