{
    "time": [
        38.181423607337614,
        38.19142360733761,
        38.20142360733761,
        38.21142360733761,
        38.221423607337606,
        38.231423607337604,
        38.2414236073376,
        38.2514236073376,
        38.2614236073376,
        38.271423607337596,
        38.281423607337594,
        38.29142360733759,
        38.30142360733759,
        38.31142360733759,
        38.321423607337586,
        38.331423607337584,
        38.34142360733758,
        38.35142360733758,
        38.36142360733758,
        38.371423607337576,
        38.381423607337574,
        38.39142360733757,
        38.40142360733757,
        38.41142360733757,
        38.421423607337566,
        38.431423607337564,
        38.44142360733756,
        38.45142360733756,
        38.46142360733756,
        38.471423607337556,
        38.481423607337554,
        38.49142360733755,
        38.50142360733755,
        38.51142360733755,
        38.521423607337546,
        38.531423607337544,
        38.54142360733754,
        38.55142360733754,
        38.56142360733754,
        38.571423607337536,
        38.57811310975961
    ],
    "frequency": [
        9115.389447055306,
        9136.000712316498,
        9156.611977577692,
        9177.223242838882,
        9184.709811639954,
        9177.266854740079,
        9169.823897840204,
        9162.38094094033,
        9154.937984040454,
        9147.49502714058,
        9140.052070240705,
        9132.372334613407,
        9123.132801910117,
        9113.893269206823,
        9104.65373650353,
        9095.414203800236,
        9086.174671096942,
        9076.93513839365,
        9067.695605690358,
        9053.744391177512,
        9025.833302802983,
        8997.922214428454,
        8970.011126053922,
        8942.10003767939,
        8914.18894930486,
        8886.27786093033,
        8872.902100927848,
        8864.863707475983,
        8856.825314024118,
        8848.786920572255,
        8840.74852712039,
        8832.710133668525,
        8824.67174021666,
        8824.179739412091,
        8824.179739412091,
        8824.179739412091,
        8824.179739412091,
        8824.179739412091,
        8824.179739412091,
        8824.179739412093,
        8824.179739412091
    ]
}