{
    "time": [
        44.486222092273444,
        44.49622209227344,
        44.50622209227344,
        44.51622209227344,
        44.526222092273436,
        44.536222092273434,
        44.54622209227343,
        44.55622209227343,
        44.56622209227343,
        44.576222092273426,
        44.586222092273424,
        44.59622209227342,
        44.60622209227342,
        44.61622209227342,
        44.626222092273416,
        44.636222092273414,
        44.64622209227341,
        44.65622209227341,
        44.66622209227341,
        44.676222092273406,
        44.686222092273404,
        44.6962220922734,
        44.7062220922734,
        44.7162220922734,
        44.726222092273396,
        44.736222092273394,
        44.74622209227339,
        44.75622209227339,
        44.76622209227339,
        44.776222092273386,
        44.786222092273384,
        44.79622209227338,
        44.80622209227338,
        44.81622209227338,
        44.826222092273376,
        44.836222092273374,
        44.84622209227337,
        44.85622209227337,
        44.86622209227337,
        44.876222092273366,
        44.886222092273364,
        44.89622209227336,
        44.90622209227336,
        44.91622209227336,
        44.926222092273356,
        44.936222092273354,
        44.94622209227335,
        44.95622209227335,
        44.96622209227335,
        44.976222092273346,
        44.986222092273344,
        44.99622209227334,
        45.00622209227334,
        45.01622209227334,
        45.026222092273336,
        45.036222092273334,
        45.04622209227333,
        45.05622209227333,
        45.06622209227333,
        45.076222092273326,
        45.086222092273324,
        45.09622209227332,
        45.10622209227332,
        45.108313140914944
    ],
    "frequency": [
        13894.9409984634,
        14624.62613429661,
        14793.243407191874,
        14961.860680087138,
        15059.857767661284,
        15142.05868819771,
        15224.259608734137,
        15242.208620107316,
        15254.854915574462,
        15267.501211041603,
        15280.147506508745,
        15296.483938787236,
        15315.45338198795,
        15334.422825188667,
        15344.267773564474,
        15350.016089685903,
        15355.764405807335,
        15361.51272192876,
        15367.26103805019,
        15373.009354171621,
        15339.951400951086,
        15226.134741746802,
        15119.719021881734,
        15024.446880488094,
        14990.399161922709,
        14956.351443357325,
        14922.30372479194,
        14883.169289077434,
        14835.745681075647,
        14784.523658985765,
        14679.137863426251,
        14573.75206786674,
        14449.663108318751,
        14303.744314467098,
        14157.825520615446,
        14011.906726763797,
        13731.435078235902,
        13393.284134223168,
        13055.133190210432,
        12716.982246197695,
        12378.83130218496,
        12040.680358172223,
        11700.040159982858,
        11306.599856560631,
        10913.159553138405,
        10519.719249716176,
        10126.278946293949,
        9732.838642871722,
        9443.755025617049,
        9175.02124694025,
        8980.561485964387,
        8854.098531292939,
        8727.635576621491,
        8695.49393653118,
        8671.782132530287,
        8659.439373185818,
        8654.575413390765,
        8649.71145359571,
        8644.847493800653,
        8701.102523731604,
        8768.850535162732,
        8836.598546593861,
        8904.346558024989,
        8918.512996752572
    ]
}