{
    "time": [
        12.354832103736168,
        12.364832103736168,
        12.374832103736168,
        12.384832103736167,
        12.394832103736167,
        12.404832103736167,
        12.414832103736167,
        12.424832103736167,
        12.434832103736166,
        12.444832103736166,
        12.454832103736166,
        12.464832103736166,
        12.474832103736166,
        12.484832103736165,
        12.494832103736165,
        12.504832103736165,
        12.514832103736165,
        12.524832103736165,
        12.534832103736164,
        12.544832103736164,
        12.554832103736164,
        12.564832103736164,
        12.574832103736163,
        12.584832103736163,
        12.594832103736163,
        12.604832103736163,
        12.614832103736163,
        12.624832103736162,
        12.634832103736162,
        12.644832103736162,
        12.654832103736162,
        12.664832103736162,
        12.674832103736161,
        12.684832103736161,
        12.694832103736161,
        12.70483210373616,
        12.71483210373616,
        12.72483210373616,
        12.73483210373616,
        12.74483210373616,
        12.75483210373616,
        12.76483210373616,
        12.77483210373616,
        12.784832103736159,
        12.794832103736159,
        12.804832103736159,
        12.814832103736158,
        12.824832103736158,
        12.834832103736158,
        12.844832103736158,
        12.854832103736157,
        12.864832103736157,
        12.874832103736157,
        12.884832103736157,
        12.894832103736157,
        12.904832103736156,
        12.914832103736156,
        12.924832103736156,
        12.934832103736156,
        12.944832103736156,
        12.954832103736155,
        12.964832103736155,
        12.974832103736155,
        12.982440113096382
    ],
    "frequency": [
        16029.279592958686,
        15573.38850468426,
        15117.497416409833,
        14781.827708532657,
        14506.798330688413,
        14231.768952844168,
        13992.402867051806,
        13765.204685354387,
        13538.006503656969,
        13399.75644703101,
        13280.17845666394,
        13160.600466296872,
        13101.302625945991,
        13048.156852449521,
        12990.103723159715,
        12919.444001579177,
        12848.784279998637,
        12777.842547523956,
        12703.106303544544,
        12628.370059565128,
        12578.104665225164,
        12536.712283944256,
        12495.31990266335,
        12453.927521382442,
        12439.37374493674,
        12426.56181739741,
        12413.749889858082,
        12400.937962318756,
        12376.75138248378,
        12350.593697090986,
        12324.436011698192,
        12298.278326305395,
        12264.559951036475,
        12196.799089828472,
        12129.038228620468,
        12061.277367412462,
        11993.516506204462,
        11856.705610497673,
        11702.962480025744,
        11549.219349553814,
        11395.476219081882,
        11175.196359263131,
        10928.566754131045,
        10678.571648506715,
        10423.109578177087,
        10167.647507847461,
        9906.48670205689,
        9617.506558669822,
        9416.11397451997,
        9336.39531427526,
        9256.67665403055,
        9218.206597158915,
        9190.611676304976,
        9163.016755451037,
        9135.421834597098,
        9119.437557865389,
        9103.493825816451,
        9087.550093767508,
        9071.606361718568,
        9053.199882715391,
        9033.270217654215,
        9013.340552593036,
        8993.410887531858,
        8978.248379698694
    ]
}