{
    "time": [
        24.472323238476655,
        24.482323238476656,
        24.492323238476658,
        24.50232323847666,
        24.51232323847666,
        24.522323238476663,
        24.532323238476664,
        24.542323238476666,
        24.552323238476667,
        24.56232323847667,
        24.57232323847667,
        24.582323238476672,
        24.592323238476673,
        24.602323238476675,
        24.612323238476677,
        24.622323238476678,
        24.63232323847668,
        24.64232323847668,
        24.652323238476683,
        24.662323238476684,
        24.672323238476686,
        24.682323238476688,
        24.69232323847669,
        24.70232323847669,
        24.712323238476692,
        24.722323238476694,
        24.732323238476695,
        24.742323238476697,
        24.7523232384767,
        24.7623232384767,
        24.7723232384767,
        24.782323238476703,
        24.792323238476705,
        24.802323238476706,
        24.812323238476708,
        24.82232323847671,
        24.83232323847671,
        24.842323238476713,
        24.852323238476714,
        24.862323238476716,
        24.872323238476717,
        24.88232323847672,
        24.89232323847672,
        24.902323238476722,
        24.912323238476723,
        24.922323238476725,
        24.932323238476727,
        24.942323238476728,
        24.95232323847673,
        24.96232323847673,
        24.972323238476733,
        24.982323238476734,
        24.992323238476736,
        25.002323238476738,
        25.01232323847674,
        25.02232323847674,
        25.032323238476742,
        25.042323238476744,
        25.052323238476745,
        25.062323238476747,
        25.07232323847675,
        25.08232323847675,
        25.09232323847675,
        25.102323238476753,
        25.112323238476755,
        25.122323238476756,
        25.132323238476758,
        25.14232323847676,
        25.15232323847676,
        25.162323238476763,
        25.172323238476764,
        25.182323238476766,
        25.192323238476767,
        25.20232323847677,
        25.21232323847677,
        25.222323238476772,
        25.232323238476773,
        25.242323238476775,
        25.252323238476777,
        25.262323238476778,
        25.27232323847678,
        25.28232323847678,
        25.292323238476783,
        25.302323238476784,
        25.312323238476786,
        25.316828373660467
    ],
    "frequency": [
        13579.26460978012,
        13865.867033084616,
        13974.920914458067,
        14069.834920584644,
        14089.958931609177,
        14110.082942633706,
        14113.812278915353,
        14112.345038049907,
        14107.986778131102,
        14098.480894729964,
        14088.975011328828,
        14074.737220669693,
        14060.302062657747,
        14041.853347257387,
        14020.254705759293,
        13996.475821318592,
        13961.301576517602,
        13926.127331716618,
        13881.977791951174,
        13835.008227598239,
        13787.237683499074,
        13738.050812747173,
        13688.863941995272,
        13632.657565751493,
        13576.170572427547,
        13506.789485187059,
        13427.354360493602,
        13350.279633351973,
        13285.396910187712,
        13220.514187023453,
        13166.428236094092,
        13115.704846143093,
        13069.900294373329,
        13032.73340640352,
        12995.566518433718,
        12958.108639071028,
        12920.639629467669,
        12885.30917526634,
        12851.635431803854,
        12820.49409973399,
        12802.28077623423,
        12784.067452734467,
        12768.605882955297,
        12753.993767552965,
        12743.650479974958,
        12740.75176846051,
        12737.853056946058,
        12736.663352604219,
        12735.536074417989,
        12725.837751169558,
        12709.542615431097,
        12690.470042710664,
        12657.382606935607,
        12624.295171160553,
        12601.282715108588,
        12581.352814312722,
        12555.005000932397,
        12517.54170503954,
        12480.078409146687,
        12434.768221540842,
        12389.18486964508,
        12336.952724968072,
        12279.636470231158,
        12220.401940494474,
        12151.598955756825,
        12082.795971019172,
        11982.60535429067,
        11872.896794999102,
        11748.680298117955,
        11599.509298482812,
        11450.338298847666,
        11272.950480720388,
        11094.62864341069,
        10900.514807279465,
        10694.403807726118,
        10488.6590016476,
        10284.719980877991,
        10080.78096010838,
        9910.092423595748,
        9749.396560592539,
        9631.606264667402,
        9587.110412268514,
        9543.23373424419,
        9514.631507907441,
        9486.02928157069,
        9473.143591950562
    ]
}