{
    "time": [
        5.889196958866222,
        5.899196958866222,
        5.909196958866222,
        5.919196958866221,
        5.929196958866221,
        5.939196958866221,
        5.949196958866221,
        5.959196958866221,
        5.96919695886622,
        5.97919695886622,
        5.98919695886622,
        5.99919695886622,
        6.0091969588662195,
        6.019196958866219,
        6.029196958866219,
        6.039196958866219,
        6.049196958866219,
        6.0591969588662185,
        6.069196958866218,
        6.079196958866218,
        6.089196958866218,
        6.099196958866218,
        6.109196958866217,
        6.119196958866217,
        6.129196958866217,
        6.139196958866217,
        6.1491969588662165,
        6.159196958866216,
        6.169196958866216,
        6.179196958866216,
        6.189196958866216,
        6.1991969588662155,
        6.209196958866215,
        6.219196958866215,
        6.229196958866215,
        6.239196958866215,
        6.249196958866214,
        6.259196958866214,
        6.269196958866214,
        6.279196958866214,
        6.2891969588662135,
        6.299196958866213,
        6.309196958866213,
        6.319196958866213,
        6.329196958866213,
        6.3391969588662125,
        6.349196958866212,
        6.359196958866212,
        6.369196958866212,
        6.379196958866212,
        6.389196958866211,
        6.399196958866211,
        6.409196958866211,
        6.419196958866211,
        6.429196958866211,
        6.43919695886621,
        6.44919695886621,
        6.45919695886621,
        6.46919695886621,
        6.4791969588662095,
        6.489196958866209,
        6.499196958866209,
        6.509196958866209,
        6.519196958866209,
        6.529196958866208,
        6.539196958866208,
        6.549196958866208,
        6.559196958866208,
        6.569196958866208,
        6.579196958866207,
        6.589196958866207,
        6.599196958866207,
        6.609196958866207,
        6.6191969588662065,
        6.621529827843736
    ],
    "frequency": [
        5138.310158116942,
        5217.107808945473,
        5295.905459774005,
        5374.703110602537,
        5453.500761431068,
        5532.2984122596,
        5621.129255545698,
        5721.674462179459,
        5822.219668813221,
        5922.764875446983,
        6023.310082080745,
        6089.230884142986,
        6143.1901450364385,
        6197.14940592989,
        6251.108666823342,
        6305.067927716794,
        6365.348060847994,
        6427.015787583367,
        6488.683514318741,
        6550.351241054114,
        6612.018967789489,
        6701.336800336342,
        6793.838390439401,
        6886.33998054246,
        6978.84157064552,
        7154.586412370651,
        7351.923137923852,
        7549.259863477054,
        7785.128044086385,
        7992.93425174961,
        8090.060921357821,
        8187.187590966033,
        8284.314260574247,
        8371.18830715201,
        8410.831845767607,
        8450.475384383206,
        8488.768993513571,
        8524.007694505213,
        8559.246395496855,
        8594.485096488497,
        8629.72379748014,
        8678.158838795078,
        8726.612052658587,
        8775.065266522095,
        8823.518480385603,
        8842.907773888517,
        8849.287193895623,
        8855.66661390273,
        8862.046033909837,
        8868.425453916945,
        8874.804873924053,
        8878.902481089224,
        8882.206109307192,
        8885.509737525159,
        8888.813365743124,
        8892.116993961092,
        8895.42062217906,
        8915.943315710412,
        8936.499224622203,
        8957.055133533995,
        8977.611042445787,
        8998.166951357578,
        9020.720598343663,
        9045.62487260218,
        9070.529146860697,
        9095.433421119213,
        9120.33769537773,
        9143.23345191946,
        9152.185218703626,
        9161.136985487792,
        9170.08875227196,
        9179.040519056127,
        9187.992285840293,
        9196.944052624462,
        9199.032382526946
    ]
}