{
    "time": [
        40.859568465734576,
        40.869568465734574,
        40.87956846573457,
        40.88956846573457,
        40.89956846573457,
        40.909568465734566,
        40.919568465734564,
        40.92956846573456,
        40.93956846573456,
        40.94956846573456,
        40.959568465734556,
        40.969568465734554,
        40.97956846573455,
        40.98956846573455,
        40.99174401664324
    ],
    "frequency": [
        10047.98419174742,
        10128.036730673073,
        10208.089269598728,
        10288.141808524382,
        10368.194347450035,
        10448.24688637569,
        10528.299425301342,
        10608.198442899682,
        10687.858567418843,
        10767.518691938007,
        10847.178816457168,
        10952.339471603731,
        11081.313006539523,
        11210.286541475318,
        11238.34539058796
    ]
}