{
    "time": [
        45.15913601881334,
        45.16913601881334,
        45.17913601881334,
        45.189136018813336,
        45.199136018813334,
        45.20913601881333,
        45.21913601881333,
        45.22913601881333,
        45.239136018813326,
        45.249136018813324,
        45.25913601881332,
        45.26913601881332,
        45.27913601881332,
        45.289136018813316,
        45.299136018813314,
        45.30913601881331,
        45.31913601881331,
        45.32913601881331,
        45.339136018813306,
        45.349136018813304,
        45.3591360188133,
        45.3691360188133,
        45.3791360188133,
        45.389136018813296,
        45.399136018813294,
        45.40913601881329,
        45.41913601881329,
        45.42913601881329,
        45.43913601881329,
        45.449136018813284,
        45.45913601881328,
        45.46913601881328,
        45.46990296131548
    ],
    "frequency": [
        16147.8391853192,
        15831.695985809883,
        15515.552786300566,
        15304.82122536868,
        15126.603245253165,
        14948.385265137653,
        14770.167285022138,
        14611.360741723856,
        14453.289141969219,
        14295.217542214581,
        14137.145942459942,
        13979.074342705302,
        13812.701236875286,
        13632.444149435762,
        13452.18706199624,
        13271.929974556717,
        13086.988512715441,
        12869.640063052822,
        12652.2916133902,
        12434.943163727577,
        12217.594714064957,
        12009.867330788376,
        11807.21143366707,
        11604.55553654576,
        11483.975615780451,
        11390.992321807124,
        11298.009027833796,
        11205.025733860466,
        11047.58913801692,
        10886.590286415012,
        10594.542113955578,
        9990.206524411935,
        9904.333979406412
    ]
}