{
    "time": [
        0.0,
        0.01,
        0.02,
        0.03,
        0.04,
        0.05,
        0.06,
        0.07,
        0.08,
        0.09,
        0.1,
        0.11,
        0.12,
        0.13,
        0.14,
        0.15,
        0.16,
        0.17,
        0.18,
        0.19,
        0.2,
        0.21,
        0.22,
        0.23,
        0.24,
        0.25,
        0.26,
        0.27,
        0.28,
        0.29,
        0.3,
        0.31,
        0.32,
        0.33,
        0.34,
        0.35000000000000003,
        0.36,
        0.37,
        0.38,
        0.39,
        0.4,
        0.41000000000000003,
        0.42,
        0.43,
        0.44,
        0.45,
        0.46,
        0.47000000000000003,
        0.48,
        0.49,
        0.5,
        0.51,
        0.52,
        0.53,
        0.54,
        0.55,
        0.56,
        0.5700000000000001,
        0.58,
        0.59,
        0.6,
        0.61,
        0.62,
        0.63,
        0.64,
        0.65,
        0.66,
        0.67,
        0.68,
        0.6900000000000001,
        0.7000000000000001,
        0.71,
        0.72,
        0.73,
        0.74,
        0.7472316572308269
    ],
    "frequency": [
        13114.289942383766,
        13395.655607472985,
        13677.021272562202,
        13898.50250981132,
        14069.621281292313,
        14237.70518821592,
        14373.685782560242,
        14509.666376904563,
        14656.604045607724,
        14809.98913848059,
        14947.683411946422,
        15010.233019195777,
        15072.782626445129,
        15176.235144554106,
        15295.917819306482,
        15436.595415789045,
        15637.305680051655,
        15838.015944314262,
        16069.268165428428,
        16308.046761087433,
        16542.371628408782,
        16768.258718344223,
        16994.145808279667,
        17263.457114867793,
        17538.20889573962,
        17823.283305068817,
        18121.938514933416,
        18420.593724798015,
        18740.844150292774,
        19061.64757460953,
        19295.256477935764,
        19447.801074113984,
        19572.751409029774,
        19275.887855050958,
        18979.024301072142,
        18344.40484080569,
        17488.88482529136,
        16633.364809777027,
        15246.60970797392,
        13647.872228236234,
        12360.18347038209,
        11088.62947486979,
        9759.005894913547,
        9201.306774074827,
        9069.101994629931,
        9140.108510423803,
        9349.245680738324,
        9562.995536229739,
        9813.960140607163,
        10064.92474498459,
        10315.889349362018,
        10526.109174167168,
        10735.24634448169,
        10944.383514796209,
        11155.187446001677,
        11395.240545840954,
        11635.293645680229,
        11875.346745519506,
        12115.39984535878,
        12312.106547234816,
        12472.723894036371,
        12633.341240837923,
        12793.958587639474,
        12954.575934441029,
        13113.82925036253,
        13272.333211021956,
        13430.837171681384,
        13589.34113234081,
        13779.66969678107,
        13972.719392456014,
        14182.918280621037,
        14421.927277447141,
        14656.160908199403,
        14878.525900300117,
        14822.755988216246,
        14782.425099417853
    ]
}