{
    "time": [
        21.12877229509586,
        21.138772295095862,
        21.148772295095863,
        21.158772295095865,
        21.168772295095867,
        21.178772295095868,
        21.18877229509587,
        21.19877229509587,
        21.208772295095873,
        21.218772295095874,
        21.228772295095876,
        21.238772295095877,
        21.24877229509588,
        21.25877229509588,
        21.268772295095882,
        21.278772295095884,
        21.288772295095885,
        21.298772295095887,
        21.30877229509589,
        21.31877229509589,
        21.32877229509589,
        21.338772295095893,
        21.348772295095895,
        21.358772295095896,
        21.368772295095898,
        21.3787722950959,
        21.3887722950959,
        21.398772295095903,
        21.408772295095904,
        21.418772295095906,
        21.428772295095907,
        21.43877229509591,
        21.44877229509591,
        21.458772295095912,
        21.468772295095913,
        21.478772295095915,
        21.488772295095917,
        21.498772295095918,
        21.50877229509592,
        21.51877229509592,
        21.528772295095923,
        21.538772295095924,
        21.548772295095926,
        21.558772295095928,
        21.56877229509593,
        21.57877229509593,
        21.588772295095932,
        21.598772295095934,
        21.608772295095935,
        21.618772295095937,
        21.62877229509594,
        21.63877229509594,
        21.64877229509594,
        21.658772295095943,
        21.668772295095945,
        21.678772295095946,
        21.688772295095948,
        21.69877229509595,
        21.70877229509595,
        21.718772295095953,
        21.728772295095954,
        21.738772295095956,
        21.748772295095957,
        21.75877229509596,
        21.76877229509596,
        21.778772295095962,
        21.788772295095963,
        21.798772295095965,
        21.808772295095967,
        21.818772295095968,
        21.82877229509597,
        21.831569085600304
    ],
    "frequency": [
        6862.3151991109635,
        6965.601016438104,
        7068.886833765246,
        7172.172651092387,
        7282.313014308276,
        7397.993129714682,
        7513.673245121088,
        7619.160785180873,
        7719.864457074835,
        7820.568128968799,
        7949.496733480251,
        8095.97480168964,
        8167.729395530763,
        8167.729395530764,
        8209.881099020558,
        8280.705659473455,
        8351.530219926351,
        8411.798211420823,
        8471.075289191182,
        8530.352366961539,
        8589.629444731894,
        8656.023481054692,
        8729.262515159393,
        8802.501549264092,
        8875.740583368792,
        8940.526531160447,
        8985.283718668876,
        9030.040906177303,
        9074.798093685731,
        9119.55528119416,
        9164.312468702587,
        9209.069656211015,
        9254.063652373048,
        9299.40864534594,
        9344.753638318833,
        9390.098631291727,
        9435.443624264619,
        9480.788617237511,
        9526.133610210403,
        9571.478603183297,
        10984.34485608625,
        11078.777603356784,
        11173.21035062732,
        11267.643097897851,
        11358.911389994013,
        11431.819025754347,
        11504.726661514676,
        11577.634297275008,
        11613.166459671293,
        11644.152204869435,
        11671.892227204002,
        11697.409899720122,
        11722.927572236236,
        11748.445244752354,
        11773.962917268473,
        11799.480589784589,
        11829.855256976041,
        11914.136483914992,
        11998.417710853942,
        12082.698937792891,
        12166.980164731844,
        12266.018993826741,
        12400.290556352014,
        12534.562118877288,
        12668.833681402562,
        12803.105243927836,
        13048.339024268622,
        13341.295160687449,
        13632.024877809037,
        13921.225166325017,
        14210.425454840995,
        14291.308716918196
    ]
}