{
    "time": [
        10.437700968398154,
        10.447700968398154,
        10.457700968398154,
        10.467700968398153,
        10.477700968398153,
        10.487700968398153,
        10.497700968398153,
        10.507700968398153,
        10.517700968398152,
        10.527700968398152,
        10.537700968398152,
        10.547700968398152,
        10.557700968398152,
        10.567700968398151,
        10.577700968398151,
        10.587700968398151,
        10.59770096839815,
        10.60770096839815,
        10.61770096839815,
        10.62770096839815,
        10.63770096839815,
        10.64770096839815,
        10.65770096839815,
        10.66770096839815,
        10.677700968398149,
        10.687700968398149,
        10.697700968398149,
        10.707700968398148,
        10.717700968398148,
        10.727700968398148,
        10.737700968398148,
        10.747700968398147,
        10.757700968398147,
        10.767700968398147,
        10.777700968398147,
        10.787700968398147,
        10.797700968398146,
        10.807700968398146,
        10.817700968398146,
        10.827700968398146,
        10.837700968398146,
        10.847700968398145,
        10.857700968398145,
        10.867700968398145,
        10.877700968398145,
        10.887700968398144,
        10.897700968398144,
        10.907700968398144,
        10.917700968398144,
        10.927700968398144,
        10.937700968398143,
        10.947700968398143,
        10.957700968398143,
        10.967700968398143,
        10.977700968398143,
        10.987700968398142,
        10.997700968398142,
        11.007700968398142,
        11.017700968398142,
        11.027700968398142,
        11.037700968398141,
        11.047700968398141,
        11.05770096839814,
        11.06770096839814,
        11.07770096839814,
        11.08770096839814,
        11.09770096839814,
        11.10770096839814,
        11.11770096839814,
        11.12770096839814,
        11.13770096839814,
        11.147700968398139,
        11.147841037876749
    ],
    "frequency": [
        11103.892390862331,
        11549.790758106155,
        11805.929223599638,
        11907.269761609594,
        11948.18088758134,
        11933.70366786563,
        11962.680503504242,
        12036.382712966028,
        12110.084922427812,
        12214.23529893629,
        12387.961935524781,
        12580.828778203422,
        12824.046069427297,
        13161.910286114899,
        13288.585958627336,
        13415.261631139772,
        13541.93730365222,
        13668.612976164666,
        13790.147181873172,
        13908.37780955145,
        14152.93594338971,
        14323.904007696165,
        14367.335666843284,
        14446.659834171858,
        14581.780551518466,
        14716.901268865076,
        14852.021986211683,
        14991.936235097866,
        15236.842535288582,
        15481.748835479299,
        15726.655135670015,
        16004.986747289375,
        16309.008361319262,
        16516.40874268255,
        16703.49896670093,
        16890.5891907193,
        17074.29635213417,
        17203.275218692288,
        17332.254085250403,
        17461.232951808524,
        17615.14294333266,
        17772.783780237038,
        17921.014626620043,
        18042.62327223198,
        18074.641042880292,
        18085.901102659176,
        18123.704021812347,
        18265.580775026276,
        18407.457528240204,
        18529.85831549524,
        18607.8125755029,
        18685.76683551056,
        18763.72109551822,
        18833.832317224507,
        18897.17015348073,
        18951.61927603442,
        18974.13939559219,
        18996.659515149957,
        18966.18313734552,
        18901.693704066463,
        18837.204270787402,
        18714.577022343532,
        18472.000709415825,
        18196.933534817377,
        17800.912459886586,
        17294.209769836838,
        16764.323683824667,
        16143.612888513679,
        15522.90209320269,
        14823.757931718039,
        14114.374165648416,
        13202.685423758154,
        13189.43702185849
    ]
}