{
    "time": [
        0.08863747360528151,
        0.09863747360528151,
        0.1086374736052815,
        0.1186374736052815,
        0.1286374736052815,
        0.1386374736052815,
        0.14863747360528148,
        0.15863747360528146,
        0.16863747360528147,
        0.17863747360528148,
        0.18863747360528146,
        0.19863747360528144,
        0.20863747360528145,
        0.21863747360528146,
        0.22863747360528144,
        0.23863747360528142,
        0.24863747360528143,
        0.25863747360528144,
        0.26863747360528145,
        0.2786374736052814,
        0.2886374736052814,
        0.2986374736052814,
        0.3086374736052814,
        0.3186374736052814,
        0.3286374736052814,
        0.3386374736052814,
        0.3486374736052814,
        0.35863747360528136,
        0.3686374736052814,
        0.3786374736052814,
        0.38863747360528134,
        0.39863747360528135,
        0.40863747360528135,
        0.41863747360528136,
        0.42863747360528137,
        0.4386374736052813,
        0.44863747360528133,
        0.45863747360528134,
        0.4686374736052813,
        0.4786374736052813,
        0.4886374736052813,
        0.4986374736052813,
        0.5086374736052813,
        0.5186374736052812,
        0.5286374736052812,
        0.5386374736052812,
        0.5486374736052813,
        0.5586374736052813,
        0.5686374736052813,
        0.5786374736052813,
        0.5886374736052813,
        0.5986374736052813,
        0.6086374736052813,
        0.6186374736052812,
        0.6286374736052812,
        0.6386374736052812,
        0.6486374736052812,
        0.6586374736052812,
        0.6686374736052813,
        0.6786374736052813,
        0.6886374736052812,
        0.6986374736052812,
        0.7086374736052812,
        0.7186374736052812,
        0.7286374736052812,
        0.7374311485459228
    ],
    "frequency": [
        12093.283441364993,
        12018.923558586497,
        11944.563675808,
        11870.203793029505,
        11795.84391025101,
        11721.484027472514,
        11647.124144694017,
        11572.764261915521,
        11498.404379137024,
        11431.643053393664,
        11399.60501879229,
        11367.566984190915,
        11335.528949589541,
        11303.490914988168,
        11271.452880386794,
        11239.41484578542,
        11207.376811184047,
        11175.338776582674,
        11143.300741981302,
        11112.143356309643,
        11081.015963518646,
        11049.888570727646,
        11018.761177936649,
        10987.633785145652,
        10956.506392354653,
        10925.378999563654,
        10894.251606772656,
        10864.352760031757,
        10835.506253781477,
        10806.659747531201,
        10777.813241280921,
        10748.966735030643,
        10720.120228780364,
        10515.805029597806,
        10431.50395457773,
        10368.762803483376,
        10306.021652389018,
        10261.092179966614,
        10222.482240831627,
        10184.515751938123,
        10149.29264956936,
        10114.069547200597,
        10078.846444831835,
        9826.2352282373,
        9720.822870523356,
        9670.62994964787,
        9620.437028772385,
        9570.2441078969,
        9536.072069891754,
        9502.61012264143,
        9469.148175391107,
        9435.686228140785,
        9402.224280890461,
        9371.34737284808,
        9371.347372848079,
        9371.347372848079,
        9354.748547455245,
        9323.377971908067,
        9292.007396360887,
        9232.78620751098,
        9130.541368690549,
        9028.296529870115,
        8926.05169104968,
        8643.524416681797,
        8297.477422322383,
        7961.18772289353
    ]
}