{
    "time": [
        53.81267630584702,
        53.82267630584702,
        53.832676305847016,
        53.842676305847014,
        53.85267630584701,
        53.86267630584701,
        53.87267630584701,
        53.882676305847006,
        53.892676305847004,
        53.902676305847,
        53.912676305847,
        53.922676305847,
        53.932676305847,
        53.942676305846994,
        53.95267630584699,
        53.96267630584699,
        53.97267630584699,
        53.98267630584699,
        53.992676305846985,
        54.00267630584698,
        54.01267630584698,
        54.02267630584698,
        54.03267630584698,
        54.042676305846975,
        54.05267630584697,
        54.06267630584697,
        54.07267630584697,
        54.08267630584697,
        54.092676305846965,
        54.10267630584696,
        54.11267630584696,
        54.12267630584696,
        54.13267630584696,
        54.142676305846955,
        54.15267630584695,
        54.16267630584695,
        54.17267630584695,
        54.18267630584695,
        54.192676305846945,
        54.20267630584694,
        54.21267630584694,
        54.22267630584694,
        54.23267630584694,
        54.24004109373087
    ],
    "frequency": [
        11297.485187348375,
        11334.259639406473,
        11371.03409146457,
        11407.808543522668,
        11444.582995580766,
        11481.357447638862,
        11518.13189969696,
        11554.906351755057,
        11591.680803813153,
        11628.455255871253,
        11665.22970792935,
        11702.004159987446,
        11738.778612045546,
        11775.553064103642,
        11812.32751616174,
        11852.183013870412,
        11906.76097049632,
        11961.338927122226,
        12015.916883748136,
        12070.494840374042,
        12125.07279699995,
        12179.650753625858,
        12234.228710251766,
        12288.806666877674,
        12343.384623503582,
        12397.962580129491,
        12452.540536755398,
        12507.118493381304,
        12552.699336702406,
        12597.930962489629,
        12643.162588276853,
        12688.394214064077,
        12733.625839851302,
        12778.857465638524,
        12824.089091425749,
        12869.320717212971,
        12914.552343000196,
        12969.473474526963,
        13031.218233538086,
        13092.962992549208,
        13154.70775156033,
        13236.889935100318,
        13329.507073617035,
        13397.717631576328
    ]
}