{
    "time": [
        6.128602846480485,
        6.1386028464804845,
        6.148602846480484,
        6.158602846480484,
        6.168602846480484,
        6.178602846480484,
        6.188602846480483,
        6.198602846480483,
        6.208602846480483,
        6.218602846480483,
        6.228602846480483,
        6.238602846480482,
        6.248602846480482,
        6.258602846480482,
        6.268602846480482,
        6.2786028464804815,
        6.288602846480481,
        6.298602846480481,
        6.308602846480481,
        6.318602846480481,
        6.32860284648048,
        6.33860284648048,
        6.34860284648048,
        6.35860284648048,
        6.36860284648048,
        6.378602846480479,
        6.388602846480479,
        6.398602846480479,
        6.408602846480479,
        6.4186028464804785,
        6.428602846480478,
        6.438602846480478,
        6.448602846480478,
        6.458602846480478,
        6.4686028464804775,
        6.4775987228576675
    ],
    "frequency": [
        11552.790541094037,
        11476.8196939501,
        11400.848846806162,
        11324.877999662227,
        11248.907152518292,
        11172.936305374355,
        11096.965458230417,
        11031.969587415297,
        11005.671986480858,
        10979.374385546418,
        10953.076784611978,
        10926.77918367754,
        10900.4815827431,
        10874.18398180866,
        10857.032923389816,
        10843.934501468446,
        10830.836079547076,
        10817.737657625708,
        10804.63923570434,
        10791.54081378297,
        10778.442391861603,
        10766.657128146235,
        10756.747887214417,
        10746.838646282598,
        10736.92940535078,
        10727.020164418962,
        10717.110923487144,
        10710.667208362745,
        10706.198335001336,
        10701.72946163993,
        10697.260588278521,
        10692.791714917113,
        10688.322841555706,
        10683.853968194298,
        10679.385094832893,
        10675.364951602436
    ]
}