{
    "time": [
        4.1601656732451575,
        4.170165673245157,
        4.180165673245157,
        4.190165673245157,
        4.200165673245157,
        4.2101656732451564,
        4.220165673245156,
        4.230165673245156,
        4.240165673245156,
        4.250165673245156,
        4.260165673245155,
        4.270165673245155,
        4.280165673245155,
        4.290165673245155,
        4.3001656732451545,
        4.310165673245154,
        4.320165673245154,
        4.330165673245154,
        4.340165673245154,
        4.3501656732451535,
        4.360165673245153,
        4.370165673245153,
        4.380165673245153,
        4.390165673245153,
        4.400165673245152,
        4.410165673245152,
        4.420165673245152,
        4.430165673245152,
        4.4401656732451515,
        4.450165673245151,
        4.460165673245151,
        4.470165673245151,
        4.480165673245151,
        4.4901656732451505,
        4.50016567324515,
        4.51016567324515,
        4.52016567324515,
        4.53016567324515,
        4.540165673245149,
        4.550165673245149,
        4.560165673245149,
        4.570165673245149,
        4.580165673245149,
        4.590165673245148,
        4.600165673245148,
        4.610165673245148,
        4.620165673245148,
        4.6301656732451475,
        4.640165673245147,
        4.650165673245147,
        4.660165673245147,
        4.670165673245147,
        4.680165673245146,
        4.690165673245146,
        4.700165673245146,
        4.710165673245146,
        4.720165673245146,
        4.730165673245145,
        4.740165673245145,
        4.750165673245145,
        4.760165673245145,
        4.7701656732451445,
        4.780165673245144,
        4.790165673245144,
        4.800165673245144,
        4.810165673245144,
        4.8201656732451434,
        4.830165673245143,
        4.840165673245143,
        4.850165673245143,
        4.860165673245143,
        4.870165673245142,
        4.880165673245142,
        4.890165673245142,
        4.900165673245142,
        4.9101656732451415,
        4.920165673245141,
        4.930165673245141,
        4.93348027701618
    ],
    "frequency": [
        13326.716189414012,
        13278.37110486787,
        13230.02602032173,
        13193.9487948369,
        13197.11424680123,
        13200.27969876556,
        13203.445150729895,
        13206.610602694223,
        13209.776054658554,
        13223.359571680356,
        13275.589529091814,
        13327.819486503271,
        13380.049443914728,
        13428.127567344285,
        13459.07865321774,
        13490.029739091195,
        13520.980824964652,
        13551.931910838106,
        13582.882996711562,
        13613.834082585017,
        13634.33910915704,
        13640.183020475804,
        13646.026931794568,
        13640.254591665342,
        13569.710233603117,
        13499.165875540892,
        13428.621517478667,
        13245.734891054763,
        12998.82963783696,
        12751.924384619157,
        12505.019131401355,
        12166.297208344375,
        11855.408078600209,
        11691.311048769305,
        11527.2140189384,
        11363.116989107497,
        11199.019959276593,
        11034.922929445687,
        10867.236345941745,
        10662.115058653115,
        10456.993771364485,
        10270.024482943623,
        10096.376832328915,
        10093.270832194428,
        10127.803035441671,
        10173.428610093426,
        10401.341151525226,
        10674.326142069804,
        10984.053441964319,
        11293.780741858838,
        11601.83131648292,
        11905.71470505866,
        12169.38025618835,
        12393.98324733839,
        12477.551179196722,
        12561.119111055052,
        12686.190740655707,
        12850.342422220976,
        12935.809625257905,
        13021.276828294833,
        13055.956741159422,
        13090.488944406667,
        13149.664314518619,
        13288.94420094917,
        13520.503994621275,
        13786.401959625047,
        13933.753176095173,
        13870.984017425773,
        13802.610254996229,
        13569.03181486974,
        13138.530347720769,
        12709.450765738391,
        12286.18461736502,
        11672.036092608501,
        11596.065245464568,
        11555.510749255878,
        11677.064104686177,
        11798.617460116477,
        11838.907581145648
    ]
}