{
    "time": [
        11.971987059031417,
        11.981987059031416,
        11.991987059031416,
        12.001987059031416,
        12.011987059031416,
        12.021987059031416,
        12.031987059031415,
        12.041987059031415,
        12.051987059031415,
        12.061987059031415,
        12.071987059031414,
        12.081987059031414,
        12.091987059031414,
        12.101987059031414,
        12.111987059031414,
        12.121987059031413,
        12.131987059031413,
        12.141987059031413,
        12.151987059031413,
        12.161987059031413,
        12.171987059031412,
        12.181987059031412,
        12.191987059031412,
        12.201987059031412,
        12.211987059031411,
        12.221987059031411,
        12.231987059031411,
        12.24198705903141,
        12.25198705903141,
        12.26198705903141,
        12.27198705903141,
        12.28198705903141,
        12.29198705903141,
        12.30198705903141,
        12.31198705903141,
        12.32198705903141,
        12.328875381865181
    ],
    "frequency": [
        14571.240979464419,
        14398.192337667746,
        14225.14369587107,
        14052.095054074394,
        13879.04641227772,
        13705.997770481044,
        13368.558964099018,
        12965.973215593738,
        12710.991339313729,
        12456.844643330794,
        12212.598846052062,
        11968.353048773326,
        11724.107251494594,
        11479.861454215861,
        11244.028110620573,
        11009.176382467955,
        10941.847969507,
        10958.928095190828,
        10976.008220874655,
        11067.132526497799,
        11208.043563389374,
        11238.66081920526,
        11260.339440265503,
        11282.018061325745,
        11344.215348656082,
        11500.783167424514,
        11735.944373607137,
        11976.111830073602,
        12079.44659046076,
        12182.781350847916,
        12290.298217088526,
        12403.027046601786,
        12515.755876115049,
        12636.713856864411,
        12761.968111879145,
        12887.222366893875,
        12973.50154137839
    ]
}