{
    "time": [
        43.61018530862552,
        43.620185308625516,
        43.630185308625514,
        43.64018530862551,
        43.65018530862551,
        43.66018530862551,
        43.670185308625506,
        43.680185308625504,
        43.6901853086255,
        43.7001853086255,
        43.7101853086255,
        43.720185308625496,
        43.730185308625494,
        43.74018530862549,
        43.75018530862549,
        43.76018530862549,
        43.770185308625486,
        43.77816291161179
    ],
    "frequency": [
        9703.713332758034,
        9829.835279960891,
        9955.957227163746,
        10065.085046853055,
        10162.898544027219,
        10247.45964367167,
        10279.222487111096,
        10310.98533055052,
        10328.419534908187,
        10342.293043834892,
        10376.311975076329,
        10440.38841183814,
        10504.561224937175,
        10628.880903925732,
        10753.20058291429,
        10914.132228299854,
        11099.277236179958,
        11246.978572956295
    ]
}