{
    "time": [
        18.41016073408627,
        18.42016073408627,
        18.43016073408627,
        18.440160734086273,
        18.450160734086275,
        18.460160734086276,
        18.470160734086278,
        18.48016073408628,
        18.49016073408628,
        18.500160734086283,
        18.510160734086284,
        18.520160734086286,
        18.530160734086287,
        18.54016073408629,
        18.55016073408629,
        18.560160734086292,
        18.570160734086294,
        18.580160734086295,
        18.590160734086297,
        18.600160734086298,
        18.6101607340863,
        18.6201607340863,
        18.630160734086303,
        18.640160734086304,
        18.650160734086306,
        18.660160734086308,
        18.67016073408631,
        18.68016073408631,
        18.690160734086312,
        18.700160734086314,
        18.710160734086315,
        18.720160734086317,
        18.73016073408632,
        18.74016073408632,
        18.75016073408632,
        18.760160734086323,
        18.770160734086325,
        18.780160734086326,
        18.790160734086328,
        18.80016073408633,
        18.81016073408633,
        18.820160734086333,
        18.830160734086334,
        18.840160734086336,
        18.850160734086337,
        18.86016073408634,
        18.87016073408634,
        18.880160734086342,
        18.890160734086344,
        18.900160734086345,
        18.910160734086347,
        18.92016073408635,
        18.93016073408635,
        18.94016073408635,
        18.950160734086353,
        18.960160734086354,
        18.970160734086356,
        18.980160734086358,
        18.99016073408636,
        19.00016073408636,
        19.010160734086362,
        19.020160734086364,
        19.030160734086365,
        19.040160734086367,
        19.05016073408637,
        19.06016073408637,
        19.07016073408637,
        19.080160734086373,
        19.084918609526508
    ],
    "frequency": [
        11366.303455568393,
        11046.309637101996,
        10843.65074465965,
        10741.812198652127,
        10721.81258499798,
        10701.812971343832,
        10681.813357689683,
        10661.813744035535,
        10701.867147069152,
        10745.502667769113,
        10789.13818846907,
        10832.77370916903,
        10880.094856106558,
        10963.571504402129,
        11047.048152697704,
        11130.524800993277,
        11214.00144928885,
        11297.683064932859,
        11391.01459531888,
        11484.346125704906,
        11577.67765609093,
        11669.804402743684,
        11739.8030505332,
        11809.801698322717,
        11879.800346112233,
        11952.042474128979,
        12026.326753415811,
        12100.611032702644,
        12156.443819282875,
        12188.443201129512,
        12220.442582976146,
        12252.441964822781,
        12284.600911464853,
        12322.695413663228,
        12360.789915861606,
        12398.88441805998,
        12436.978920258356,
        12461.514102576717,
        12465.323552796555,
        12469.133003016392,
        12472.94245323623,
        12476.751903456068,
        12451.426811691785,
        12417.141759713246,
        12382.856707734707,
        12348.57165575617,
        12311.544054194528,
        12256.808269456864,
        12202.072484719196,
        12147.33669998153,
        12092.600915243862,
        11998.89563178082,
        11902.897486240907,
        11806.899340700993,
        11658.643892389653,
        11480.582815984988,
        11302.521739580321,
        11124.460663175658,
        10946.399586770991,
        10768.338510366328,
        10590.27743396166,
        10418.676015622108,
        10248.679299561854,
        10078.682583501599,
        9904.994204432425,
        9721.468337959077,
        9537.942471485729,
        9354.41660501238,
        9267.097283740102
    ]
}