{
    "time": [
        1.5740811216732336,
        1.5840811216732336,
        1.5940811216732336,
        1.6040811216732336,
        1.6140811216732336,
        1.6240811216732336,
        1.6340811216732336,
        1.6440811216732336,
        1.6540811216732336,
        1.6640811216732336,
        1.6740811216732336,
        1.6840811216732336,
        1.6940811216732337,
        1.7040811216732337,
        1.7140811216732337,
        1.7240811216732337,
        1.7340811216732337,
        1.7440811216732337,
        1.7540811216732337,
        1.7640811216732337,
        1.7740811216732337,
        1.7840811216732337,
        1.7940811216732337,
        1.8040811216732338,
        1.8140811216732338,
        1.8240811216732338,
        1.8340811216732338,
        1.8377111002315367
    ],
    "frequency": [
        10827.960706296632,
        10819.963775018323,
        10811.966843740012,
        10803.969912461704,
        10795.972981183393,
        10793.836225697156,
        10811.367959653451,
        10828.899693609745,
        10846.43142756604,
        10861.70609673714,
        10876.900266165925,
        10906.446641346223,
        10953.19793189634,
        10999.949222446457,
        11045.686803451637,
        11087.125447348331,
        11128.564091245025,
        11163.865765457458,
        11190.998210866008,
        11218.130656274556,
        11245.263101683106,
        11108.73854554407,
        10964.535419807216,
        10892.840925307186,
        10911.83363709317,
        11060.353320841614,
        11407.648622071049,
        11533.716071757266
    ]
}