{
    "time": [
        40.88174320685182,
        40.89174320685182,
        40.90174320685182,
        40.91174320685182,
        40.921743206851815,
        40.93174320685181,
        40.94174320685181,
        40.95174320685181,
        40.96174320685181,
        40.971743206851805,
        40.9817432068518,
        40.9917432068518,
        41.0017432068518,
        41.0117432068518,
        41.021743206851795,
        41.03174320685179,
        41.04174320685179,
        41.05174320685179,
        41.06174320685179,
        41.071743206851785,
        41.08174320685178,
        41.09174320685178,
        41.10174320685178,
        41.11174320685178,
        41.121743206851775,
        41.13174320685177,
        41.14174320685177,
        41.15174320685177,
        41.16174320685177,
        41.171743206851765,
        41.18174320685176,
        41.19174320685176,
        41.20174320685176,
        41.21174320685176,
        41.221743206851755,
        41.23049484546142
    ],
    "frequency": [
        10117.800641276168,
        10236.917536498955,
        10356.03443172174,
        10475.151326944524,
        10594.268222167313,
        10713.385117390098,
        10832.502012612882,
        10951.61890783567,
        11070.735803058455,
        11181.873566172078,
        11234.825494547602,
        11287.777422923122,
        11326.565190060037,
        11350.750012221093,
        11374.934834382148,
        11371.45623845472,
        11363.628866540923,
        11355.08477412791,
        11344.219569434374,
        11333.354364740839,
        11280.70314241542,
        11201.078197135965,
        11121.45325185651,
        10979.782286970412,
        10836.812080356542,
        10591.539973223873,
        10157.33416054459,
        9723.12834786531,
        9247.491706563296,
        9098.096441486556,
        9023.176677968218,
        8967.614822387426,
        8912.052966806636,
        8861.571450873915,
        8811.595178658397,
        8767.857751309537
    ]
}