{
    "time": [
        5.08663674075005,
        5.09663674075005,
        5.10663674075005,
        5.1166367407500495,
        5.126636740750049,
        5.136636740750049,
        5.146636740750049,
        5.156636740750049,
        5.166636740750048,
        5.176636740750048,
        5.186636740750048,
        5.196636740750048,
        5.206636740750048,
        5.216636740750047,
        5.226636740750047,
        5.236636740750047,
        5.246636740750047,
        5.2566367407500465,
        5.2598792980883635
    ],
    "frequency": [
        8500.875447210208,
        8526.199062924854,
        8551.5226786395,
        8576.846294354142,
        8602.16991006879,
        8632.057749240652,
        8666.877720848292,
        8701.69769245593,
        8736.517664063567,
        8771.337635671207,
        8806.157607278845,
        8841.777384591085,
        8878.35594062335,
        8914.934496655616,
        8951.513052687882,
        8988.091608720148,
        9024.670164752413,
        9061.248720784677,
        9073.109527313425
    ]
}