{
    "time": [
        44.24492328740957,
        44.25492328740957,
        44.264923287409566,
        44.274923287409564,
        44.28492328740956,
        44.29492328740956,
        44.30492328740956,
        44.314923287409556,
        44.324923287409554,
        44.33492328740955,
        44.34492328740955,
        44.35492328740955,
        44.364923287409546,
        44.374923287409544,
        44.38492328740954,
        44.39492328740954,
        44.40492328740954,
        44.414923287409536,
        44.424923287409534,
        44.43492328740953,
        44.44492328740953,
        44.45492328740953,
        44.464923287409526,
        44.474923287409524,
        44.48492328740952,
        44.49492328740952,
        44.50492328740952,
        44.514923287409516,
        44.524923287409514,
        44.53492328740951,
        44.54492328740951,
        44.55492328740951,
        44.564923287409506,
        44.574923287409504,
        44.5849232874095,
        44.5949232874095,
        44.6049232874095,
        44.614923287409496,
        44.624923287409494,
        44.63492328740949,
        44.64492328740949,
        44.65492328740949,
        44.664923287409486,
        44.674923287409484,
        44.68492328740948,
        44.69335508182605
    ],
    "frequency": [
        9247.671534910902,
        9409.308405539783,
        9570.945276168663,
        9732.582146797544,
        9831.198597276301,
        9913.755063457716,
        9996.311529639132,
        10078.867995820545,
        10127.461773741923,
        10174.388607150306,
        10221.315440558688,
        10268.242273967071,
        10315.169107375454,
        10342.553852533654,
        10357.69154072991,
        10372.829228926163,
        10387.966917122416,
        10403.10460531867,
        10418.242293514924,
        10433.379981711178,
        10441.647052914157,
        10449.8798307051,
        10458.112608496043,
        10466.345386286986,
        10492.528663523995,
        10519.902649678888,
        10547.276635833783,
        10574.650621988676,
        10722.880765546477,
        10931.444469583728,
        11140.00817362098,
        11348.571877658233,
        11568.566738783536,
        11839.69955403198,
        12110.832369280426,
        12381.96518452887,
        12583.291550638485,
        12781.300684649215,
        12948.896518250578,
        13056.384964841329,
        13117.216045185542,
        13107.135947788141,
        13057.365063870175,
        12937.250873769062,
        12646.751428860034,
        12287.285906587698
    ]
}