{
    "time": [
        42.59467512229779,
        42.604675122297785,
        42.61467512229778,
        42.62467512229778,
        42.63467512229778,
        42.64467512229778,
        42.654675122297775,
        42.66467512229777,
        42.67467512229777,
        42.68467512229777,
        42.69467512229777,
        42.704675122297765,
        42.71467512229776,
        42.72467512229776,
        42.73467512229776,
        42.74467512229776,
        42.74620055021595
    ],
    "frequency": [
        8715.802412971345,
        8674.521618502884,
        8633.240824034423,
        8591.960029565962,
        8550.679235097501,
        8509.398440629042,
        8468.117646160581,
        8426.83685169212,
        8385.556057223659,
        8344.2752627552,
        8302.994468286739,
        8261.713673818278,
        8220.432879349817,
        8179.152084881357,
        8137.871290412896,
        8096.590495944436,
        8090.293408307684
    ]
}