{
    "time": [
        8.102919610718573,
        8.112919610718572,
        8.122919610718572,
        8.132919610718572,
        8.142919610718572,
        8.152919610718572,
        8.162919610718571,
        8.172919610718571,
        8.18291961071857,
        8.19291961071857,
        8.20291961071857,
        8.21291961071857,
        8.22291961071857,
        8.230902546327158
    ],
    "frequency": [
        15531.59299165437,
        15072.76404898753,
        14613.935106320689,
        14196.34451856885,
        13831.166469095306,
        13465.988419621763,
        13251.327417762506,
        13057.05890116132,
        12814.52781251699,
        12469.919780593593,
        12125.311748670196,
        11583.94649790624,
        10980.911588286552,
        10499.51270296407
    ]
}