{
    "time": [
        57.93308244282548,
        57.94308244282548,
        57.953082442825476,
        57.963082442825474,
        57.97308244282547,
        57.98308244282547,
        57.99308244282547,
        58.003082442825466,
        58.013082442825464,
        58.02308244282546,
        58.03308244282546,
        58.04308244282546,
        58.053082442825456,
        58.063082442825454,
        58.07308244282545,
        58.08308244282545,
        58.09308244282545,
        58.103082442825446,
        58.113082442825444,
        58.12308244282544,
        58.13308244282544,
        58.14308244282544,
        58.153082442825436,
        58.163082442825434,
        58.17308244282543,
        58.18308244282543,
        58.19308244282543,
        58.203082442825426,
        58.213082442825424,
        58.22308244282542,
        58.23308244282542,
        58.24308244282542,
        58.253082442825416,
        58.263082442825414,
        58.27308244282541,
        58.28308244282541,
        58.29308244282541,
        58.303082442825406,
        58.313082442825404,
        58.3230824428254,
        58.3330824428254,
        58.34091600491804
    ],
    "frequency": [
        10284.10725832236,
        9970.064975496774,
        9656.022692671188,
        9384.408302735887,
        9221.385728743315,
        9277.2154679123,
        9333.045207081284,
        9377.50915437192,
        9421.47507396749,
        9434.679553047526,
        9408.817247403069,
        9382.954941758611,
        9357.092636114152,
        9322.764738608072,
        9244.254167901687,
        9165.743597195302,
        9087.233026488917,
        9008.72245578253,
        8920.828115718768,
        8767.732502841322,
        8614.636889963875,
        8461.54127708643,
        8300.89320111064,
        8070.5955270386075,
        7840.297852966576,
        7610.000178894545,
        7380.314583766244,
        7151.920196256757,
        6923.5258087472685,
        6751.90058988777,
        6626.283676757552,
        6500.666763627333,
        6404.561411087698,
        6316.6295718965575,
        6250.537447582643,
        6244.827587894906,
        6239.117728207169,
        6269.817115230996,
        6337.456991531883,
        6405.096867832772,
        6506.772490067839,
        6678.977370623929
    ]
}