{
    "time": [
        11.41073998208865,
        11.42073998208865,
        11.43073998208865,
        11.44073998208865,
        11.450739982088649,
        11.460739982088649,
        11.470739982088649,
        11.480739982088648,
        11.490739982088648,
        11.500739982088648,
        11.510739982088648,
        11.520739982088648,
        11.530739982088647,
        11.540739982088647,
        11.550739982088647,
        11.560739982088647,
        11.570739982088647,
        11.580739982088646,
        11.590739982088646,
        11.600739982088646,
        11.610739982088646,
        11.620739982088645,
        11.630739982088645,
        11.640739982088645,
        11.650739982088645,
        11.660739982088645,
        11.670739982088644,
        11.680739982088644,
        11.690739982088644,
        11.700739982088644,
        11.710739982088644,
        11.720739982088643,
        11.720753403689738
    ],
    "frequency": [
        9051.091882983614,
        9234.143909887658,
        9417.195936791704,
        9560.71381831233,
        9703.087617015484,
        9845.461415718639,
        9917.391730984431,
        9970.008134852987,
        10022.624538721544,
        10075.2409425901,
        10127.857346458657,
        10180.473750327215,
        10232.466077005818,
        10279.924009906867,
        10327.381942807919,
        10374.83987570897,
        10422.297808610021,
        10469.755741511071,
        10517.213674412124,
        10565.16816253679,
        10615.592216244158,
        10666.016269951526,
        10716.440323658895,
        10766.86437736626,
        10817.28843107363,
        10867.712484780997,
        10931.27490693641,
        11043.14003448889,
        11155.005162041365,
        11266.87028959384,
        11394.761268076421,
        11608.32196613114,
        11608.608598781015
    ]
}