{
    "time": [
        52.68097586988402,
        52.69097586988402,
        52.70097586988402,
        52.71097586988402,
        52.720975869884015,
        52.73097586988401,
        52.74097586988401,
        52.75097586988401,
        52.76097586988401,
        52.770975869884005,
        52.780975869884,
        52.790975869884,
        52.800975869884,
        52.810975869884,
        52.820975869883995,
        52.83097586988399,
        52.84097586988399,
        52.85097586988399,
        52.86097586988399,
        52.870975869883985,
        52.88097586988398,
        52.89097586988398,
        52.90097586988398,
        52.91097586988398,
        52.920975869883975,
        52.93097586988397,
        52.94097586988397,
        52.95097586988397,
        52.96097586988397,
        52.970975869883965,
        52.98097586988396,
        52.98493534195441
    ],
    "frequency": [
        7386.936857836384,
        7214.291116922339,
        7041.645376008292,
        6898.525767276991,
        6789.104553197896,
        6679.683339118801,
        6607.93001739311,
        6538.838072589375,
        6481.415710972223,
        6441.424013337024,
        6401.432315701824,
        6362.589405631072,
        6323.9211691417695,
        6284.129445529439,
        6242.107736334257,
        6200.086027139074,
        6168.013783062921,
        6138.397482421279,
        6109.928837654102,
        6084.578427356599,
        6059.228017059095,
        6044.346136830391,
        6033.218592688744,
        6030.672573243445,
        6061.810306021425,
        6092.9480387994045,
        6153.349671454008,
        6228.1619989347655,
        6305.919176436102,
        6402.219169291649,
        6498.519162147197,
        6536.648875356798
    ]
}