{
    "time": [
        58.51210540135197,
        58.522105401351965,
        58.53210540135196,
        58.54210540135196,
        58.55210540135196,
        58.56210540135196,
        58.572105401351955,
        58.58210540135195,
        58.59210540135195,
        58.60210540135195,
        58.61210540135195,
        58.622105401351945,
        58.63210540135194,
        58.64210540135194,
        58.65210540135194,
        58.66210540135194,
        58.672105401351935,
        58.68210540135193,
        58.69210540135193,
        58.70210540135193,
        58.71210540135193,
        58.722105401351925,
        58.73210540135192,
        58.74210540135192,
        58.75210540135192,
        58.76210540135192,
        58.772105401351915,
        58.78210540135191,
        58.79210540135191,
        58.80210540135191,
        58.81210540135191,
        58.822105401351905,
        58.8321054013519,
        58.8421054013519,
        58.8521054013519,
        58.8621054013519,
        58.872105401351895,
        58.88210540135189,
        58.89210540135189,
        58.90210540135189,
        58.91210540135189,
        58.922105401351885,
        58.93210540135188,
        58.9350439101887
    ],
    "frequency": [
        8940.089537031277,
        8537.324429851706,
        8248.40552965225,
        8213.397924517223,
        8181.993696234675,
        8303.216247349555,
        8447.075961070865,
        8659.658429445084,
        8872.240897819303,
        9084.823366193523,
        9264.960939409953,
        9442.91823301109,
        9620.875526612228,
        9798.832820213367,
        9937.369409730647,
        10018.123139600068,
        10098.876869469488,
        10179.630599338909,
        10260.384329208327,
        10341.138059077748,
        10421.891788947169,
        10499.446120795,
        10571.22721401227,
        10643.008307229537,
        10714.789400446805,
        10786.570493664072,
        10858.351586881341,
        10930.132680098608,
        11001.913773315877,
        11073.694866533146,
        11140.582697817694,
        11203.3911543828,
        11266.199610947908,
        11329.008067513012,
        11391.81652407812,
        11454.624980643228,
        11517.433437208334,
        11580.24189377344,
        11643.050350338548,
        11705.858806903656,
        11768.667263468764,
        11882.360604600663,
        12015.82857480149,
        12055.048255788255
    ]
}