{
    "time": [
        35.18730835888549,
        35.197308358885486,
        35.207308358885484,
        35.21730835888548,
        35.22730835888548,
        35.23730835888548,
        35.247308358885476,
        35.257308358885474,
        35.26730835888547,
        35.27342430636766
    ],
    "frequency": [
        8099.499983672242,
        8228.39959157513,
        8357.299199478015,
        8506.331218983216,
        8685.518279243443,
        8864.705339503673,
        9057.715228612362,
        9254.165865161702,
        9485.672124980965,
        9712.464999522814
    ]
}