{
    "time": [
        2.955976137553062,
        2.9659761375530618,
        2.9759761375530616,
        2.9859761375530613,
        2.995976137553061,
        3.005976137553061,
        3.0159761375530607,
        3.0259761375530605,
        3.0359761375530603,
        3.04597613755306,
        3.05597613755306,
        3.0659761375530596,
        3.0759761375530594,
        3.085976137553059,
        3.095976137553059,
        3.105976137553059,
        3.1159761375530586,
        3.1259761375530584,
        3.135976137553058,
        3.145976137553058,
        3.1559761375530577,
        3.1659761375530575,
        3.1759761375530573,
        3.185976137553057,
        3.195976137553057,
        3.2059761375530567,
        3.2159761375530564,
        3.2259761375530562,
        3.235976137553056,
        3.245976137553056,
        3.2559761375530556,
        3.2659761375530554,
        3.275976137553055,
        3.285976137553055,
        3.2959761375530547,
        3.3059761375530545,
        3.3159761375530543,
        3.325976137553054,
        3.335976137553054,
        3.3459761375530537,
        3.3559761375530535,
        3.3659761375530532,
        3.374616411725401
    ],
    "frequency": [
        13613.452636053107,
        13349.964408293978,
        13086.47618053485,
        12822.987952775718,
        12655.278807438384,
        12518.313128069687,
        12381.347448700988,
        12244.381769332293,
        12109.036294874291,
        12012.638162767294,
        11916.240030660292,
        11819.841898553292,
        11723.443766446293,
        11627.04563433929,
        11530.647502232292,
        11457.81359344376,
        11403.953049790325,
        11350.092506136889,
        11296.231962483456,
        11242.371418830022,
        11188.510875176586,
        11129.658934689962,
        11062.040534777227,
        10994.422134864491,
        10926.803734951754,
        10859.18533503902,
        10791.566935126282,
        10723.948535213547,
        10663.11284086417,
        10607.148369724273,
        10551.183898584375,
        10495.219427444477,
        10439.25495630458,
        10383.290485164682,
        10327.326014024786,
        10272.495159089072,
        10218.76926679477,
        10165.04337450047,
        10111.31748220617,
        10057.591589911868,
        10003.865697617566,
        9950.139805323266,
        9903.719161365587
    ]
}