{
    "time": [
        23.127958074845683,
        23.137958074845685,
        23.147958074845686,
        23.157958074845688,
        23.16795807484569,
        23.17795807484569,
        23.187958074845692,
        23.197958074845694,
        23.207958074845696,
        23.217958074845697,
        23.2279580748457,
        23.2379580748457,
        23.2479580748457,
        23.257958074845703,
        23.267958074845705,
        23.277958074845706,
        23.287958074845708,
        23.29795807484571,
        23.30795807484571,
        23.317958074845713,
        23.327958074845714,
        23.337958074845716,
        23.347958074845717,
        23.35795807484572,
        23.36795807484572,
        23.377958074845722,
        23.387958074845724,
        23.397958074845725,
        23.407958074845727,
        23.413921220986765
    ],
    "frequency": [
        13229.006281246977,
        12955.041901831199,
        12793.243377265644,
        12723.323652376235,
        12700.671858937058,
        12686.719069721818,
        12807.528634730752,
        12928.338199739683,
        13060.169700113798,
        13204.88949153075,
        13349.609282947704,
        13554.472493097925,
        13860.575240249242,
        14132.236546226313,
        14308.417161864323,
        14453.457769371373,
        14551.301029074928,
        14601.638347828659,
        14606.180918425061,
        14577.866176626094,
        14475.246945994424,
        14299.066330356374,
        14122.885714718326,
        13888.880385264307,
        13561.687813365123,
        13191.531199696417,
        12403.575362035981,
        12101.55144951361,
        11860.151561475752,
        11717.571387139464
    ]
}