{
    "time": [
        42.097233980058526,
        42.107233980058524,
        42.11723398005852,
        42.12723398005852,
        42.13723398005852,
        42.147233980058516,
        42.157233980058514,
        42.16723398005851,
        42.17723398005851,
        42.18723398005851,
        42.197233980058506,
        42.207233980058504,
        42.2172339800585,
        42.2272339800585,
        42.2372339800585,
        42.247233980058496,
        42.257233980058494,
        42.26723398005849,
        42.27723398005849,
        42.28723398005849,
        42.297233980058486,
        42.307233980058484,
        42.31723398005848,
        42.32723398005848,
        42.33723398005848,
        42.347233980058476,
        42.357233980058474,
        42.36723398005847,
        42.37723398005847,
        42.38723398005847,
        42.397233980058466,
        42.407233980058464,
        42.41723398005846,
        42.42723398005846,
        42.43723398005846,
        42.447233980058456,
        42.457233980058454,
        42.46723398005845,
        42.47723398005845,
        42.48723398005845,
        42.497233980058446,
        42.507233980058444,
        42.51723398005844,
        42.52723398005844,
        42.53723398005844,
        42.54723398005844,
        42.557233980058434,
        42.56723398005843,
        42.57723398005843,
        42.58723398005843,
        42.59723398005843,
        42.607233980058425,
        42.61723398005842,
        42.62723398005842,
        42.63723398005842,
        42.64723398005842,
        42.657233980058415,
        42.66723398005841,
        42.67723398005841,
        42.68723398005841,
        42.69723398005841,
        42.707233980058405,
        42.7172339800584,
        42.7272339800584,
        42.7372339800584,
        42.74245969515472
    ],
    "frequency": [
        17973.348651151075,
        17504.066591331335,
        17035.18877149352,
        16833.036499571226,
        16630.884227648938,
        16428.73195572665,
        16224.34027384575,
        16014.466908204202,
        15804.593542562656,
        15594.720176921108,
        15384.846811279562,
        15234.27283930291,
        15106.523834129795,
        14978.77482895668,
        14851.025823783566,
        14731.151195274868,
        14654.501792170999,
        14577.852389067135,
        14501.202985963266,
        14424.5535828594,
        14347.904179755533,
        14274.076666466446,
        14203.780917588114,
        14133.485168709783,
        14063.189419831451,
        13992.893670953119,
        13922.59792207479,
        13852.302173196456,
        13782.006424318124,
        13693.926084661944,
        13599.456232096956,
        13504.986379531969,
        13410.51652696698,
        13316.04667440199,
        13198.657445409051,
        13078.208383388675,
        12957.759321368298,
        12837.31025934792,
        12716.861197327544,
        12601.791323359323,
        12512.569795936823,
        12423.348268514324,
        12334.126741091828,
        12244.905213669332,
        12152.11094395865,
        11955.57401292309,
        11759.03708188753,
        11562.50015085197,
        11380.269507857343,
        11228.187358841722,
        11076.1052098261,
        10924.023060810481,
        10790.469712004655,
        10659.070735255169,
        10527.88867745414,
        10401.7987502703,
        10275.70882308646,
        10149.618895902617,
        10110.766848097963,
        10085.960606961502,
        10066.051671090368,
        10046.142735219237,
        10035.27829005303,
        10042.578233205779,
        10049.878176358532,
        10053.692918672094
    ]
}