{
    "time": [
        3.0487923907575025,
        3.0587923907575023,
        3.068792390757502,
        3.078792390757502,
        3.0887923907575017,
        3.0987923907575015,
        3.1087923907575012,
        3.118792390757501,
        3.128792390757501,
        3.1387923907575006,
        3.1487923907575004,
        3.1587923907575,
        3.1687923907575,
        3.1787923907574998,
        3.1887923907574995,
        3.1987923907574993,
        3.208792390757499,
        3.218792390757499,
        3.2287923907574987,
        3.2387923907574985,
        3.240601178802005
    ],
    "frequency": [
        7811.512155092581,
        7775.477212593591,
        7739.4422700946,
        7726.459587691375,
        7718.0514344416115,
        7709.643281191847,
        7701.747978009064,
        7697.543901384182,
        7693.339824759301,
        7689.135748134417,
        7668.746524635109,
        7625.024127736335,
        7581.30173083756,
        7537.579333938785,
        7493.856937040009,
        7464.359923715048,
        7439.135463965754,
        7413.911004216461,
        7388.686544467168,
        7363.462084717872,
        7358.899514595507
    ]
}