{
    "time": [
        43.93172380869,
        43.94172380869,
        43.95172380869,
        43.961723808689996,
        43.971723808689994,
        43.98172380868999,
        43.99172380868999,
        44.00172380868999,
        44.011723808689986,
        44.021723808689984,
        44.03172380868998,
        44.04172380868998,
        44.05172380868998,
        44.061723808689976,
        44.071723808689974,
        44.08172380868997,
        44.09172380868997,
        44.10172380868997,
        44.111723808689966,
        44.121723808689964,
        44.13172380868996,
        44.14172380868996,
        44.15172380868996,
        44.161723808689956,
        44.171723808689954,
        44.18172380868995,
        44.19172380868995,
        44.20172380868995,
        44.211723808689946,
        44.221723808689944,
        44.23172380868994,
        44.24172380868994,
        44.25172380868994,
        44.261723808689936,
        44.271723808689934,
        44.28172380868993,
        44.29172380868993,
        44.30172380868993,
        44.311723808689926,
        44.321723808689924,
        44.33172380868992,
        44.34172380868992,
        44.35172380868992,
        44.36007525988859
    ],
    "frequency": [
        8491.461132490931,
        8477.829589418247,
        8464.198046345564,
        8450.56650327288,
        8436.934960200195,
        8423.30341712751,
        8409.671874054828,
        8396.040330982143,
        8382.408787909459,
        8381.352554496858,
        8381.352554496858,
        8381.352554496858,
        8381.352554496858,
        8381.352554496858,
        8381.352554496858,
        8381.352554496858,
        8381.352554496858,
        8381.35255449686,
        8381.352554496858,
        8381.352554496858,
        8381.352554496858,
        8381.352554496858,
        8381.352554496858,
        8413.41564861981,
        8457.596453400025,
        8501.77725818024,
        8545.958062960455,
        8584.49278124206,
        8621.697669478031,
        8658.902557714004,
        8696.107445949978,
        8729.207776161486,
        8740.548303591702,
        8751.888831021919,
        8763.229358452136,
        8774.56988588235,
        8797.49270637345,
        8820.443773791745,
        8843.394841210038,
        8887.887223845042,
        8948.580046573426,
        9009.27286930181,
        9069.965692030195,
        9120.653006742772
    ]
}