{
    "time": [
        58.62573072442536,
        58.63573072442536,
        58.645730724425356,
        58.655730724425354,
        58.66573072442535,
        58.67573072442535,
        58.68573072442535,
        58.695730724425346,
        58.705730724425344,
        58.71573072442534,
        58.72573072442534,
        58.73573072442534,
        58.745730724425336,
        58.755730724425334,
        58.76573072442533,
        58.77573072442533,
        58.78573072442533,
        58.795730724425326,
        58.805730724425324,
        58.81573072442532,
        58.82573072442532,
        58.83573072442532,
        58.845730724425316,
        58.855730724425314,
        58.86573072442531,
        58.87573072442531,
        58.88573072442531,
        58.895730724425306,
        58.905730724425304,
        58.9157307244253,
        58.9257307244253,
        58.9357307244253,
        58.945730724425296,
        58.955730724425294,
        58.96573072442529,
        58.97573072442529,
        58.98573072442529,
        58.995730724425286,
        59.005730724425284,
        59.01573072442528,
        59.02573072442528,
        59.03573072442528,
        59.045730724425276,
        59.055730724425274,
        59.06573072442527,
        59.07573072442527,
        59.08573072442527,
        59.095730724425266,
        59.105730724425264,
        59.11573072442526,
        59.12573072442526,
        59.13573072442526,
        59.145730724425256,
        59.155730724425254,
        59.16573072442525,
        59.17573072442525,
        59.18573072442525,
        59.195730724425246,
        59.205730724425244,
        59.21573072442524,
        59.22573072442524,
        59.23573072442524,
        59.245730724425236,
        59.255730724425234,
        59.26573072442523,
        59.27573072442523,
        59.28573072442523,
        59.295730724425226,
        59.305730724425224,
        59.31573072442522,
        59.32573072442522,
        59.33573072442522,
        59.345730724425216,
        59.355730724425214,
        59.36573072442521,
        59.37573072442521,
        59.38573072442521,
        59.395730724425206,
        59.405730724425204,
        59.4157307244252,
        59.4257307244252,
        59.4357307244252,
        59.4457307244252,
        59.455730724425194,
        59.465251944096245
    ],
    "frequency": [
        13312.89900119883,
        13204.635118999227,
        13096.371236799627,
        12988.107354600024,
        12924.137564432636,
        12885.926782479844,
        12847.716000527053,
        12809.505218574259,
        12771.294436621467,
        12733.083654668673,
        12694.872872715881,
        12684.535397867327,
        12677.40271856947,
        12670.270039271616,
        12663.137359973762,
        12656.004680675906,
        12648.872001378051,
        12641.739322080195,
        12634.60664278234,
        12627.473963484485,
        12620.34128418663,
        12613.208604888778,
        12606.075925590922,
        12607.32746448905,
        12609.838971284069,
        12612.35047807909,
        12614.861984874107,
        12617.373491669128,
        12619.884998464147,
        12622.396505259167,
        12624.908012054188,
        12627.419518849205,
        12629.931025644226,
        12632.442532439245,
        12634.954039234262,
        12637.465546029282,
        12639.977052824303,
        12642.48855961932,
        12645.00006641434,
        12647.51157320936,
        12646.436965675792,
        12644.41063632981,
        12642.384306983828,
        12640.357977637846,
        12638.331648291865,
        12636.305318945884,
        12634.278989599901,
        12632.25266025392,
        12630.226330907939,
        12628.200001561958,
        12626.591193329756,
        12626.591193329756,
        12626.591193329754,
        12626.591193329754,
        12626.591193329754,
        12626.591193329754,
        12626.591193329756,
        12638.313431436747,
        12689.261140707138,
        12793.548112917131,
        12942.145598289102,
        13090.743083661075,
        13482.426498140732,
        13914.586244575454,
        14245.74635483299,
        14416.342889144376,
        14539.79310776112,
        14663.24332637786,
        14738.632982310175,
        14787.670152482926,
        14836.707322655675,
        14885.744492828426,
        14934.781663001175,
        14973.33038328246,
        15009.804311510128,
        15046.278239737792,
        15082.75216796546,
        15119.226096193124,
        15162.78744847662,
        15212.319943600616,
        15261.85243872461,
        15311.384933848607,
        15360.917428972603,
        15410.4499240966,
        15457.61090078969
    ]
}