{
    "time": [
        20.197558573140217,
        20.20755857314022,
        20.21755857314022,
        20.22755857314022,
        20.237558573140223,
        20.247558573140225,
        20.257558573140226,
        20.267558573140228,
        20.27755857314023,
        20.28755857314023,
        20.297558573140233,
        20.307558573140234,
        20.317558573140236,
        20.327558573140237,
        20.33755857314024,
        20.34755857314024,
        20.357558573140242,
        20.364882545810552
    ],
    "frequency": [
        15043.876435690345,
        15190.109089156842,
        15336.341742623337,
        15482.574396089833,
        15583.883250166025,
        15657.414225255028,
        15730.945200344031,
        15804.47617543304,
        15805.417082349817,
        15740.370450540311,
        15675.323818730805,
        15610.277186921297,
        15545.23055511179,
        15409.435887027208,
        15265.404059449025,
        15121.372231870842,
        14977.340404292656,
        14871.851887408931
    ]
}