{
    "time": [
        20.275880432688034,
        20.285880432688035,
        20.295880432688037,
        20.30588043268804,
        20.31588043268804,
        20.32588043268804,
        20.335880432688043,
        20.345880432688045,
        20.355880432688046,
        20.365880432688048,
        20.37588043268805,
        20.38588043268805,
        20.395880432688053,
        20.405880432688054,
        20.415880432688056,
        20.423623940471412
    ],
    "frequency": [
        11409.857853245478,
        11708.307105077343,
        12006.75635690921,
        12305.20560874108,
        12571.819779794117,
        12781.921018123605,
        12760.60321442133,
        12739.285410719052,
        12723.929985140912,
        12738.141854275762,
        12752.353723410612,
        12770.777564948054,
        12814.705160455775,
        12858.632755963496,
        12902.560351471215,
        12936.575719243025
    ]
}