{
    "time": [
        23.93155358403651,
        23.941553584036512,
        23.951553584036514,
        23.961553584036515,
        23.971553584036517,
        23.98155358403652,
        23.99155358403652,
        24.00155358403652,
        24.011553584036523,
        24.021553584036525,
        24.031553584036526,
        24.041553584036528,
        24.05155358403653,
        24.06155358403653,
        24.071553584036533,
        24.081553584036534,
        24.091553584036536,
        24.101553584036537,
        24.11155358403654,
        24.12155358403654,
        24.131553584036542,
        24.141553584036544,
        24.151553584036545,
        24.161553584036547,
        24.17155358403655,
        24.18155358403655,
        24.19155358403655,
        24.201553584036553,
        24.211553584036555,
        24.221553584036556,
        24.231553584036558,
        24.24155358403656,
        24.25155358403656,
        24.261553584036562,
        24.271553584036564,
        24.277856800213367
    ],
    "frequency": [
        10396.005540416583,
        10429.662990163211,
        10463.32043990984,
        10496.977889656468,
        10540.449203460803,
        10614.715098010429,
        10688.980992560051,
        10763.246887109675,
        10837.5127816593,
        10911.778676208925,
        10986.67927412976,
        11070.380037315455,
        11154.080800501146,
        11237.78156368684,
        11321.482326872532,
        11405.183090058226,
        11426.95118940702,
        11446.58470175922,
        11505.302220505318,
        11595.918431361624,
        11686.534642217928,
        11779.748897250152,
        11913.14128999598,
        12046.533682741805,
        12179.926075487632,
        12313.318468233458,
        12446.710860979285,
        12580.103253725114,
        12713.49564647094,
        12846.888039216765,
        12980.280431962594,
        13176.733130598363,
        13377.687904085582,
        13578.6426775728,
        13779.597451060019,
        13906.263588965052
    ]
}