{
    "time": [
        19.597387015064662,
        19.607387015064663,
        19.617387015064665,
        19.627387015064667,
        19.637387015064668,
        19.64738701506467,
        19.65738701506467,
        19.667387015064673,
        19.677387015064674,
        19.687387015064676,
        19.697387015064677,
        19.70738701506468,
        19.71738701506468,
        19.727387015064682,
        19.737387015064684,
        19.747387015064685,
        19.757387015064687,
        19.76738701506469,
        19.77738701506469,
        19.78738701506469,
        19.797387015064693,
        19.807387015064695,
        19.817387015064696,
        19.827387015064698,
        19.8373870150647,
        19.8473870150647,
        19.857387015064702,
        19.867387015064704,
        19.877387015064706,
        19.887387015064707,
        19.89738701506471,
        19.90738701506471,
        19.917387015064712,
        19.927387015064713,
        19.937387015064715,
        19.947387015064717,
        19.957387015064718,
        19.96738701506472,
        19.97738701506472,
        19.987387015064723,
        19.989334755365952
    ],
    "frequency": [
        6794.940017792713,
        6817.583851134494,
        6840.227684476276,
        6885.41174347817,
        6949.01348202257,
        7010.602892644547,
        7054.211953379665,
        7097.821014114783,
        7135.197733671928,
        7169.23300960756,
        7204.2928669925595,
        7243.417802167694,
        7282.542737342829,
        7323.576771867278,
        7365.2416421646485,
        7411.801245978474,
        7469.676004181627,
        7527.55076238478,
        7582.0426492233655,
        7635.9482351903935,
        7698.346046856975,
        7773.344409304745,
        7848.342771752514,
        7911.277221406994,
        7973.615901445401,
        8031.584033200934,
        8085.238346969253,
        8141.843802202004,
        8250.564066524666,
        8359.284330847331,
        8500.193013318723,
        8662.212466279729,
        8821.899525320228,
        8968.79772780832,
        9115.695930296415,
        9274.379388037323,
        9438.004402190627,
        9622.60095938037,
        9868.499793780837,
        10114.398628181301,
        10162.29333516001
    ]
}