{
    "time": [
        22.818934531703672,
        22.828934531703673,
        22.838934531703675,
        22.848934531703676,
        22.858934531703678,
        22.86893453170368,
        22.87893453170368,
        22.888934531703683,
        22.898934531703684,
        22.908934531703686,
        22.918934531703687,
        22.92893453170369,
        22.93893453170369,
        22.948934531703692,
        22.958934531703694,
        22.968934531703695,
        22.978934531703697,
        22.9889345317037,
        22.9989345317037,
        23.0089345317037,
        23.018934531703703,
        23.028934531703705,
        23.038934531703706,
        23.048934531703708,
        23.05893453170371,
        23.06893453170371,
        23.078934531703712,
        23.088934531703714,
        23.098934531703716,
        23.108934531703717,
        23.11893453170372,
        23.12893453170372,
        23.138934531703722,
        23.148934531703723,
        23.158934531703725,
        23.168934531703727,
        23.178934531703728,
        23.18893453170373,
        23.19893453170373,
        23.208934531703733,
        23.218934531703734,
        23.228934531703736,
        23.238934531703737,
        23.24893453170374,
        23.25893453170374,
        23.268934531703742,
        23.278934531703744,
        23.288934531703745,
        23.298934531703747,
        23.30893453170375,
        23.31893453170375,
        23.32893453170375,
        23.33038078309975
    ],
    "frequency": [
        6430.896868538902,
        6541.521651492812,
        6652.14643444672,
        6762.771217400631,
        6874.087871573602,
        6962.8209523003225,
        7039.60853835352,
        7107.421758889332,
        7136.955445832865,
        7166.489132776398,
        7196.022819719932,
        7225.5565066634645,
        7256.575419200983,
        7292.015843533223,
        7327.456267865463,
        7381.37792915969,
        7440.445303046765,
        7506.907298927039,
        7589.601622368931,
        7672.2959458108235,
        7746.373865784821,
        7818.85601097236,
        7894.207240743339,
        7974.350450535502,
        8054.4936603276665,
        8123.2158120164695,
        8190.74277753097,
        8262.64859987629,
        8340.2181216485,
        8417.787643420714,
        8503.716614546971,
        8589.932702546497,
        8694.969124436091,
        8819.01060959893,
        8943.05209476177,
        9067.093579924609,
        9191.135065087448,
        9358.107426752487,
        9558.936497968512,
        9760.53532944546,
        9969.931554617955,
        10179.327779790452,
        10388.724004962947,
        10598.120230135444,
        10807.516455307941,
        11016.912680480436,
        11268.23512824652,
        11512.704707696827,
        11747.517608888256,
        11963.357314617253,
        12160.950447343726,
        12302.777092156402,
        12323.288790461387
    ]
}