{
    "time": [
        10.150805809914356,
        10.160805809914356,
        10.170805809914356,
        10.180805809914355,
        10.190805809914355,
        10.200805809914355,
        10.210805809914355,
        10.220805809914355,
        10.230805809914354,
        10.240805809914354,
        10.250805809914354,
        10.260805809914354,
        10.270805809914354,
        10.280805809914353,
        10.290805809914353,
        10.300805809914353,
        10.310805809914353,
        10.320805809914352,
        10.330805809914352,
        10.340805809914352,
        10.350805809914352,
        10.360805809914352,
        10.370805809914351,
        10.380805809914351,
        10.390805809914351,
        10.40080580991435,
        10.41080580991435,
        10.42080580991435,
        10.43080580991435,
        10.44080580991435,
        10.45080580991435,
        10.46080580991435,
        10.47080580991435,
        10.480805809914349,
        10.490805809914349,
        10.500805809914349,
        10.510805809914348,
        10.520805809914348,
        10.530805809914348,
        10.540805809914348,
        10.550805809914348,
        10.560805809914347,
        10.570805809914347,
        10.580805809914347,
        10.590805809914347,
        10.600805809914347,
        10.610805809914346,
        10.620805809914346,
        10.630805809914346,
        10.640805809914346,
        10.650805809914345,
        10.655004147481758
    ],
    "frequency": [
        10025.549475530275,
        9953.26262301444,
        9880.975770498602,
        9819.171903167524,
        9803.284682834372,
        9787.39746250122,
        9771.51024216807,
        9755.623021834917,
        9746.788790814755,
        9757.909845047961,
        9769.030899281168,
        9780.151953514373,
        9792.78344484554,
        9841.716083471647,
        9890.648722097754,
        9939.58136072386,
        9988.513999349967,
        10037.446637976074,
        10086.379276602182,
        10135.37129673429,
        10197.154931363211,
        10258.938565992132,
        10320.722200621054,
        10382.505835249973,
        10444.289469878893,
        10506.073104507814,
        10568.189297060193,
        10630.467200766147,
        10692.745104472102,
        10755.023008178054,
        10817.30091188401,
        10879.578815589963,
        10941.856719295916,
        11018.705168411807,
        11103.83875599014,
        11188.972343568472,
        11274.105931146807,
        11359.23951872514,
        11444.373106303476,
        11529.506693881809,
        11635.363849904968,
        11745.266032915475,
        11855.16821592598,
        11965.070398936485,
        12062.580510164138,
        12157.90383216305,
        12253.227154161963,
        12350.139714359306,
        12448.266663475824,
        12546.393612592343,
        12644.520561708863,
        12685.717567394011
    ]
}