{
    "time": [
        48.00959872017065,
        48.01959872017065,
        48.02959872017065,
        48.039598720170645,
        48.04959872017064,
        48.05959872017064,
        48.06959872017064,
        48.07959872017064,
        48.089598720170635,
        48.09959872017063,
        48.10959872017063,
        48.11959872017063,
        48.12959872017063,
        48.139598720170625,
        48.14959872017062,
        48.15959872017062,
        48.16959872017062,
        48.17959872017062,
        48.189598720170615,
        48.19959872017061,
        48.20959872017061,
        48.21959872017061,
        48.22959872017061,
        48.239598720170605,
        48.2495987201706,
        48.25756565791228
    ],
    "frequency": [
        10096.031030042077,
        10124.47601307702,
        10152.92099611196,
        10233.386534603596,
        10361.807481379525,
        10492.611647728949,
        10679.64416834512,
        10866.676688961292,
        11049.501388970255,
        11229.033229364286,
        11407.941497507809,
        11579.80544371953,
        11751.669389931254,
        11890.148446741652,
        12006.523792155658,
        12122.057796042618,
        12231.535979932574,
        12341.01416382253,
        12424.843940992883,
        12494.390888103133,
        12574.563374614907,
        12709.439970128886,
        12844.316565642863,
        12943.641817101154,
        13026.464805009575,
        13092.449363834203
    ]
}