{
    "time": [
        13.1231089427618,
        13.1331089427618,
        13.143108942761799,
        13.153108942761799,
        13.163108942761799,
        13.173108942761798,
        13.183108942761798,
        13.193108942761798,
        13.203108942761798,
        13.213108942761798,
        13.223108942761797,
        13.233108942761797,
        13.243108942761797,
        13.253108942761797,
        13.263108942761797,
        13.273108942761796,
        13.283108942761796,
        13.285555043524909
    ],
    "frequency": [
        10829.45373132249,
        10804.039029142587,
        10778.624326962683,
        10753.20962478278,
        10727.789179143088,
        10701.315531039025,
        10674.84188293496,
        10648.368234830896,
        10528.999298641382,
        10387.806508753023,
        10242.604561027472,
        10091.704766834295,
        9911.629749114458,
        9657.482727315422,
        9470.573068398086,
        9314.619214112317,
        9158.66535982655,
        9120.517475628674
    ]
}