{
    "time": [
        8.004087598898895,
        8.014087598898895,
        8.024087598898895,
        8.034087598898894,
        8.044087598898894,
        8.054087598898894,
        8.064087598898894,
        8.074087598898894,
        8.084087598898893,
        8.094087598898893,
        8.104087598898893,
        8.114087598898893,
        8.124087598898893,
        8.134087598898892,
        8.144087598898892,
        8.154087598898892,
        8.164087598898892,
        8.174087598898891,
        8.184087598898891,
        8.194087598898891,
        8.20408759889889,
        8.21408759889889,
        8.22408759889889,
        8.232375498978692
    ],
    "frequency": [
        10458.316731408715,
        10427.19064876574,
        10396.064566122765,
        10364.93848347979,
        10333.812400836814,
        10285.41809997382,
        10232.892835513796,
        10145.83174556451,
        10056.697963450535,
        9967.564181336562,
        9878.430399222583,
        9789.296617108608,
        9715.797253719511,
        9645.763567772816,
        9575.729881826119,
        9506.549695884973,
        9445.853834731166,
        9385.157973577363,
        9324.462112423558,
        9273.598585819182,
        9229.366784168638,
        9185.134982518095,
        9140.903180867552,
        9104.244305624617
    ]
}