{
    "time": [
        28.401207372442265,
        28.411207372442266,
        28.421207372442268,
        28.43120737244227,
        28.44120737244227,
        28.451207372442273,
        28.461207372442274,
        28.471207372442276,
        28.481207372442277,
        28.49120737244228,
        28.50120737244228,
        28.511207372442282,
        28.521207372442284,
        28.531207372442285,
        28.541207372442287,
        28.55120737244229,
        28.56120737244229,
        28.57120737244229,
        28.581207372442293,
        28.591207372442295,
        28.601207372442296,
        28.611207372442298,
        28.6212073724423,
        28.6312073724423,
        28.641207372442302,
        28.651207372442304,
        28.661207372442306,
        28.671207372442307,
        28.68120737244231,
        28.69120737244231,
        28.701207372442312,
        28.711207372442313,
        28.721207372442315,
        28.731207372442316,
        28.741207372442318,
        28.75120737244232,
        28.76120737244232,
        28.771207372442323,
        28.781207372442324,
        28.791207372442326,
        28.801207372442327,
        28.81120737244233,
        28.82120737244233,
        28.831207372442332,
        28.841207372442334,
        28.851207372442335,
        28.861207372442337,
        28.87120737244234,
        28.88120737244234,
        28.89120737244234,
        28.901207372442343,
        28.911207372442345,
        28.921207372442346,
        28.931207372442348,
        28.94120737244235,
        28.95120737244235,
        28.961207372442352,
        28.971207372442354,
        28.981207372442356,
        28.991207372442357,
        29.00120737244236,
        29.01120737244236,
        29.021207372442362,
        29.031207372442363,
        29.041207372442365,
        29.051207372442367,
        29.061207372442368,
        29.067846384209417
    ],
    "frequency": [
        10320.502284811184,
        10340.425785634909,
        10360.349286458633,
        10380.272787282362,
        10400.196288106086,
        10420.119788929811,
        10440.043289753537,
        10459.966790577262,
        10479.890291400989,
        10499.813792224713,
        10515.945897946034,
        10531.960059364632,
        10547.97422078323,
        10563.988382201827,
        10580.002543620423,
        10596.01670503902,
        10612.030866457617,
        10628.045027876213,
        10644.05918929481,
        10660.073350713408,
        10676.087512132004,
        10692.101673550602,
        10702.105617097954,
        10705.777156545144,
        10709.448695992334,
        10713.120235439525,
        10716.791774886715,
        10720.463314333905,
        10724.134853781095,
        10727.806393228286,
        10731.477932675476,
        10735.149472122666,
        10738.821011569858,
        10733.483006489936,
        10722.078982449419,
        10710.674958408903,
        10699.270934368385,
        10687.86691032787,
        10676.462886287354,
        10665.058862246837,
        10653.65483820632,
        10642.250814165804,
        10630.179214710744,
        10617.973826818732,
        10605.768438926722,
        10593.563051034711,
        10581.357663142699,
        10569.152275250686,
        10556.946887358676,
        10544.741499466663,
        10532.536111574651,
        10520.297149661435,
        10502.587371151458,
        10484.87759264148,
        10467.167814131504,
        10449.458035621527,
        10431.748257111549,
        10414.038478601571,
        10396.328700091593,
        10378.618921581616,
        10360.90914307164,
        10328.162721847717,
        10295.04543603406,
        10261.928150220401,
        10228.810864406743,
        10195.693578593087,
        10162.57629277943,
        10140.589687758471
    ]
}