{
    "time": [
        48.43747628453639,
        48.447476284536386,
        48.457476284536384,
        48.46747628453638,
        48.47747628453638,
        48.48747628453638,
        48.497476284536376,
        48.507476284536374,
        48.51747628453637,
        48.52747628453637,
        48.53747628453637,
        48.547476284536366,
        48.557476284536364,
        48.56747628453636,
        48.57747628453636,
        48.58747628453636,
        48.597476284536356,
        48.607476284536354,
        48.61747628453635,
        48.62747628453635,
        48.63747628453635,
        48.647476284536346,
        48.657476284536344,
        48.66747628453634,
        48.67747628453634,
        48.68747628453634,
        48.697476284536336,
        48.707476284536334,
        48.71747628453633,
        48.72747628453633,
        48.73747628453633,
        48.747476284536326,
        48.757476284536324,
        48.76747628453632,
        48.77747628453632,
        48.78747628453632,
        48.797476284536316,
        48.807476284536314,
        48.81747628453631,
        48.82747628453631,
        48.83747628453631,
        48.847476284536306,
        48.857476284536304,
        48.8674762845363,
        48.8774762845363,
        48.8874762845363,
        48.897476284536296,
        48.907476284536294,
        48.91747628453629,
        48.92747628453629,
        48.93747628453629,
        48.947476284536286,
        48.957476284536284,
        48.96747628453628,
        48.97747628453628,
        48.98747628453628,
        48.997476284536276,
        49.007476284536274,
        49.01747628453627,
        49.02747628453627,
        49.03747628453627,
        49.047476284536266,
        49.057476284536264,
        49.06747628453626,
        49.07747628453626,
        49.08747628453626,
        49.097476284536256,
        49.107476284536254,
        49.11747628453625,
        49.12747628453625,
        49.13747628453625,
        49.147476284536246,
        49.157476284536244,
        49.16747628453624,
        49.17747628453624,
        49.18747628453624,
        49.197476284536236,
        49.207476284536234,
        49.21382053278607
    ],
    "frequency": [
        8655.880246462295,
        8628.77842160176,
        8601.676596741225,
        8535.476312399818,
        8459.173368326516,
        8511.441173414685,
        8565.880722049245,
        8626.85982798545,
        8692.404460701573,
        8762.094867485825,
        8842.92154161092,
        8934.39020051521,
        9016.205768337171,
        9061.940097789331,
        9107.674427241489,
        9136.438465870995,
        9163.540290731533,
        9203.771950003516,
        9271.526512154876,
        9339.281074306235,
        9536.543010324105,
        9638.572189038241,
        9719.877663619849,
        9807.79774197375,
        9912.33335215009,
        10121.125051452276,
        10366.111848346256,
        10505.49266191471,
        10966.720572234604,
        11125.619180197406,
        11227.73405188881,
        11626.474528863751,
        11733.187964252123,
        11839.901399640496,
        11824.230116764818,
        11801.854082591137,
        11781.527713945734,
        11814.457365033271,
        11863.240649782245,
        11912.023934531218,
        11946.249430464428,
        11978.77162029707,
        12011.293810129713,
        12043.815999962357,
        12069.2374280531,
        12089.563796698503,
        12092.470068229188,
        12092.470068229188,
        12092.470068229188,
        12092.470068229188,
        12092.470068229188,
        12092.470068229186,
        12092.470068229188,
        12092.470068229188,
        12106.02068859403,
        12132.154591138118,
        12158.288493682208,
        12184.422396226299,
        12215.710099291762,
        12252.297562853482,
        12288.885026415202,
        12547.69562882046,
        12788.176908479272,
        12851.123082348902,
        12914.069256218532,
        12977.01543008816,
        13039.961603957792,
        13102.907777827422,
        13165.853951697052,
        13228.800125566682,
        13291.74629943631,
        13454.94055305174,
        13629.089362016968,
        13700.231652275874,
        13771.373942534781,
        13842.516232793687,
        14104.218130232677,
        14375.236378838039,
        14547.177083776964
    ]
}