{
    "time": [
        6.199173443540862,
        6.209173443540862,
        6.219173443540861,
        6.229173443540861,
        6.239173443540861,
        6.249173443540861,
        6.259173443540861,
        6.26917344354086,
        6.27917344354086,
        6.28917344354086,
        6.29917344354086,
        6.3091734435408595,
        6.319173443540859,
        6.329173443540859,
        6.339173443540859,
        6.349173443540859,
        6.3591734435408585,
        6.369173443540858,
        6.379173443540858,
        6.389173443540858,
        6.399173443540858,
        6.409173443540857,
        6.419173443540857,
        6.429173443540857,
        6.439173443540857,
        6.4491734435408565,
        6.459173443540856,
        6.469173443540856,
        6.479173443540856,
        6.489173443540856,
        6.4991734435408555,
        6.509173443540855,
        6.519130782562326
    ],
    "frequency": [
        11943.914605868213,
        11918.825363319425,
        11893.73612077064,
        11874.91756871294,
        11861.466801237097,
        11848.965128640884,
        11847.748212982275,
        11846.531297323669,
        11851.21995116798,
        11859.58425803929,
        11871.600408090942,
        11903.50088046425,
        11935.401352837556,
        11983.610097118768,
        12039.011264323619,
        12089.699271083537,
        12124.849527758852,
        12159.999784434169,
        12171.983680222227,
        12177.10733523872,
        12179.398906033568,
        12175.396155607043,
        12171.393405180515,
        12191.440171619555,
        12215.76071662067,
        12239.194139245225,
        12261.227679241565,
        12283.261219237906,
        12308.07237919536,
        12333.1032860111,
        12382.18166680881,
        12458.874643032064,
        12535.240439514117
    ]
}