{
    "time": [
        25.186728366276245,
        25.196728366276247,
        25.20672836627625,
        25.21672836627625,
        25.22672836627625,
        25.236728366276253,
        25.246728366276255,
        25.256728366276256,
        25.266728366276258,
        25.27672836627626,
        25.28672836627626,
        25.296728366276263,
        25.306728366276264,
        25.316728366276266,
        25.326728366276267,
        25.33672836627627,
        25.342805286896034
    ],
    "frequency": [
        7719.293119051057,
        7809.846617155148,
        7888.498764637194,
        7940.361222642265,
        7974.5081802122695,
        7952.2814124958095,
        7940.027131641943,
        7976.248530883573,
        8025.128185136919,
        8087.819068439752,
        8152.970536812317,
        8288.80078396845,
        8396.158276883125,
        8448.549943643347,
        8500.94161040357,
        8573.958692220864,
        8623.484470004712
    ]
}