{
    "time": [
        3.2527491904026427,
        3.2627491904026424,
        3.2727491904026422,
        3.282749190402642,
        3.292749190402642,
        3.3027491904026416,
        3.3127491904026414,
        3.322749190402641,
        3.332749190402641,
        3.3427491904026407,
        3.3527491904026405,
        3.3627491904026403,
        3.37274919040264,
        3.38274919040264,
        3.3927491904026397,
        3.4027491904026395,
        3.4127491904026392,
        3.422749190402639,
        3.432749190402639,
        3.436622547175041
    ],
    "frequency": [
        14249.491446381488,
        14325.08839762934,
        14400.685348877194,
        14416.857312850432,
        14430.356768430407,
        14439.939607277953,
        14412.940696118005,
        14385.941784958059,
        14358.94287379811,
        14331.943962638165,
        14291.288961334067,
        14222.86068649765,
        14154.432411661233,
        14086.004136824815,
        14000.775564176229,
        13888.10703106645,
        13775.438497956675,
        13662.769964846897,
        13530.123679289083,
        13477.254491509153
    ]
}