{
    "time": [
        28.260231969070794,
        28.270231969070796,
        28.280231969070798,
        28.2902319690708,
        28.3002319690708,
        28.310231969070802,
        28.320231969070804,
        28.330231969070805,
        28.340231969070807,
        28.35023196907081,
        28.36023196907081,
        28.37023196907081,
        28.380231969070813,
        28.390231969070815,
        28.400231969070816,
        28.410231969070818,
        28.42023196907082,
        28.43023196907082,
        28.440231969070823,
        28.450231969070824,
        28.460231969070826,
        28.470231969070827,
        28.48023196907083,
        28.49023196907083,
        28.500231969070832,
        28.510231969070833,
        28.520231969070835,
        28.530231969070837,
        28.540231969070838,
        28.55023196907084,
        28.56023196907084,
        28.570231969070843,
        28.580231969070844,
        28.590231969070846,
        28.600231969070848,
        28.61023196907085,
        28.62023196907085,
        28.630231969070852,
        28.640231969070854,
        28.650231969070855,
        28.660231969070857,
        28.67023196907086,
        28.68023196907086,
        28.69023196907086,
        28.700231969070863,
        28.710231969070865,
        28.720231969070866,
        28.730231969070868,
        28.74023196907087,
        28.75023196907087,
        28.760231969070873,
        28.770231969070874,
        28.780231969070876,
        28.790231969070877,
        28.80023196907088,
        28.81023196907088,
        28.820231969070882,
        28.830231969070883,
        28.840231969070885,
        28.850231969070887,
        28.860231969070888,
        28.87023196907089,
        28.88023196907089,
        28.884598415891485
    ],
    "frequency": [
        13229.758100012603,
        12431.103603212348,
        11632.449106412092,
        10933.896473856084,
        10310.996547502578,
        9716.372339585767,
        9296.734494463406,
        8877.096649341043,
        8480.691807165555,
        8093.838168693377,
        7721.578449414346,
        7387.179541582513,
        7052.780633750681,
        6796.203813464007,
        6553.600684252642,
        6379.406551259026,
        6300.724455298583,
        6222.04235933814,
        6236.363198497003,
        6251.920095119898,
        6279.351913681738,
        6316.2497476991375,
        6356.876410983115,
        6423.369664849277,
        6489.862918715438,
        6563.937146452483,
        6641.3296779458815,
        6736.5431570141145,
        6881.158390176179,
        7025.773623338244,
        7164.6117171016695,
        7302.305385032424,
        7442.649411970373,
        7586.899921231185,
        7731.150430491995,
        7945.634175869705,
        8162.009939760923,
        8360.573308868352,
        8544.164866109384,
        8727.016305083893,
        8904.051020994892,
        9081.085736905887,
        9276.018848442196,
        9479.28092967334,
        9656.10719944696,
        9754.459819397514,
        9852.812439348067,
        9951.16505929862,
        10049.517679249175,
        10140.17722470273,
        10218.859320663172,
        10297.541416623615,
        10425.295644704956,
        10460.422727394056,
        10531.557573615548,
        10636.467034896137,
        10742.03061360173,
        10853.496916212356,
        10964.963218822984,
        11124.704100146466,
        11308.2956573875,
        11520.73433518776,
        11825.09046835202,
        11957.985955350332
    ]
}