{
    "time": [
        11.937227756700192,
        11.947227756700192,
        11.957227756700192,
        11.967227756700192,
        11.977227756700191,
        11.987227756700191,
        11.997227756700191,
        12.00722775670019,
        12.01722775670019,
        12.02722775670019,
        12.03722775670019,
        12.04722775670019,
        12.05722775670019,
        12.06722775670019,
        12.07722775670019,
        12.08722775670019,
        12.097227756700189,
        12.107227756700189,
        12.117227756700188,
        12.127227756700188,
        12.137227756700188,
        12.147227756700188,
        12.157227756700188,
        12.167227756700187,
        12.177227756700187,
        12.187227756700187,
        12.197227756700187,
        12.207227756700187,
        12.217227756700186,
        12.227227756700186,
        12.237227756700186,
        12.247227756700186,
        12.257227756700185,
        12.267227756700185,
        12.277227756700185,
        12.287227756700185,
        12.297227756700185,
        12.307227756700184,
        12.317227756700184,
        12.327227756700184,
        12.337227756700184,
        12.347227756700184,
        12.357227756700183,
        12.367227756700183,
        12.377227756700183,
        12.387227756700183,
        12.397227756700183,
        12.407227756700182,
        12.417227756700182,
        12.427227756700182,
        12.437227756700182,
        12.447227756700181,
        12.457227756700181,
        12.467227756700181,
        12.47722775670018,
        12.48722775670018,
        12.49722775670018,
        12.50722775670018,
        12.51722775670018,
        12.52722775670018,
        12.53722775670018,
        12.54722775670018,
        12.557227756700179,
        12.567227756700179,
        12.577227756700179,
        12.587227756700178,
        12.597227756700178,
        12.607227756700178,
        12.617227756700178,
        12.627227756700178,
        12.630315957872284
    ],
    "frequency": [
        13369.778246482467,
        13012.777810523552,
        12655.777374564634,
        12351.42887593134,
        12193.877172252574,
        12036.32546857381,
        11878.773764895044,
        11728.39425510373,
        11657.399491143176,
        11586.404727182622,
        11518.643447904666,
        11452.381668208152,
        11407.588773792166,
        11417.05474232024,
        11426.520710848314,
        11444.3528998594,
        11463.284836915547,
        11482.216773971695,
        11501.148711027843,
        11520.080648083991,
        11539.012585140137,
        11557.944522196285,
        11567.153289908882,
        11571.886274172919,
        11575.269881341672,
        11575.26988134167,
        11575.269881341672,
        11575.269881341668,
        11575.26988134167,
        11582.166889304252,
        11596.365842096362,
        11613.82338130151,
        11665.886208205917,
        11717.949035110325,
        11744.02283630991,
        11758.221789102021,
        11773.777690754669,
        11792.709627810817,
        11811.641564866963,
        11822.17699437909,
        11831.642962907163,
        11852.18385934451,
        11884.375068852445,
        11916.061971396039,
        11942.50021559537,
        11968.938459794703,
        11985.07257270828,
        11996.533453246222,
        12016.525817433736,
        12057.57905231144,
        12098.632287189143,
        12148.42622354308,
        12199.315720571252,
        12253.448810512677,
        12310.972233400356,
        12367.687140867192,
        12416.152596423457,
        12464.618051979724,
        12520.591733688769,
        12579.945302453785,
        12644.989869252993,
        12723.974334828094,
        12802.958800403192,
        12904.589947901602,
        13009.0138347987,
        13143.659397133251,
        13309.692281058273,
        13470.570923279409,
        13579.876469180086,
        13689.182015080762,
        13722.937766577585
    ]
}