{
    "time": [
        18.589086707572484,
        18.599086707572486,
        18.609086707572487,
        18.61908670757249,
        18.62908670757249,
        18.639086707572492,
        18.649086707572494,
        18.659086707572495,
        18.669086707572497,
        18.6790867075725,
        18.6890867075725,
        18.6990867075725,
        18.709086707572503,
        18.719086707572504,
        18.729086707572506,
        18.739086707572508,
        18.74908670757251,
        18.75908670757251,
        18.769086707572512,
        18.779086707572514,
        18.789086707572515,
        18.799086707572517,
        18.80908670757252,
        18.81908670757252,
        18.82908670757252,
        18.839086707572523,
        18.849086707572525,
        18.85151396779683
    ],
    "frequency": [
        11846.001690937268,
        11874.167058274375,
        11902.33242561148,
        11927.944740398954,
        11941.425599979106,
        11954.906459559259,
        11968.387319139412,
        11981.868178719564,
        11995.349038299719,
        12022.301863808336,
        12050.342051735053,
        12078.38223966177,
        12106.422427588488,
        12134.462615515207,
        12194.234128009737,
        12258.388575833145,
        12322.543023656555,
        12386.697471479963,
        12450.851919303374,
        12531.280524773112,
        12667.330778693866,
        12803.381032614616,
        12939.431286535368,
        13077.484539402525,
        13218.659096672458,
        13359.83365394239,
        13501.008211212324,
        13535.274949966839
    ]
}