{
    "time": [
        38.40414611633649,
        38.41414611633649,
        38.42414611633649,
        38.434146116336485,
        38.44414611633648,
        38.45414611633648,
        38.46414611633648,
        38.47414611633648,
        38.484146116336476,
        38.49414611633647,
        38.50414611633647,
        38.509101636306326
    ],
    "frequency": [
        9008.96500869086,
        8516.323901599884,
        8430.505052055532,
        8423.002475372634,
        8415.499898689734,
        8416.598193544807,
        8493.355324223685,
        8570.112454902563,
        8657.20829613804,
        8881.60354419928,
        9105.998792260521,
        9217.198305551337
    ]
}