{
    "time": [
        56.93374927449892,
        56.94374927449892,
        56.95374927449892,
        56.963749274498916,
        56.973749274498914,
        56.98374927449891,
        56.99374927449891,
        57.00374927449891,
        57.013749274498906,
        57.023749274498904,
        57.0337492744989,
        57.0437492744989,
        57.0537492744989,
        57.063749274498896,
        57.073749274498894,
        57.08374927449889,
        57.09374927449889,
        57.10374927449889,
        57.113749274498886,
        57.123749274498884,
        57.13374927449888,
        57.14374927449888,
        57.15374927449888,
        57.163749274498876,
        57.173749274498874,
        57.18374927449887,
        57.19374927449887,
        57.20374927449887,
        57.213749274498866,
        57.223749274498864,
        57.23374927449886,
        57.24374927449886,
        57.25374927449886,
        57.263749274498856,
        57.273749274498854,
        57.28374927449885,
        57.29374927449885,
        57.30374927449885,
        57.313749274498846,
        57.323749274498844,
        57.33374927449884,
        57.34374927449884,
        57.35374927449884,
        57.363749274498836,
        57.373749274498834,
        57.38374927449883,
        57.39374927449883,
        57.40374927449883,
        57.41374927449883,
        57.423749274498824,
        57.43374927449882,
        57.44374927449882,
        57.45374927449882,
        57.46374927449882,
        57.473749274498815,
        57.48374927449881,
        57.49374927449881,
        57.50374927449881,
        57.51374927449881,
        57.523749274498805,
        57.5337492744988,
        57.5437492744988,
        57.5537492744988,
        57.5637492744988,
        57.573749274498795,
        57.58374927449879,
        57.59374927449879,
        57.60374927449879,
        57.61374927449879,
        57.623749274498785,
        57.63374927449878,
        57.64374927449878,
        57.65374927449878,
        57.66374927449878,
        57.673749274498775,
        57.67507312697877
    ],
    "frequency": [
        7996.723066040315,
        8406.398140735768,
        8816.07321543122,
        8965.093816009194,
        9063.921627465224,
        9128.68074112785,
        9160.77510181827,
        9192.86946250869,
        9193.818480329852,
        9188.201967209026,
        9182.585454088203,
        9175.844399337584,
        9147.761833733468,
        9119.679268129348,
        9091.596702525228,
        9066.286345448962,
        9048.313503462326,
        9030.340661475691,
        9012.367819489056,
        8994.39497750242,
        8976.422135515784,
        8958.44929352915,
        8940.88974561436,
        8923.338142111787,
        8905.786538609213,
        8888.234935106637,
        8870.683331604063,
        8853.131728101487,
        8839.172335752293,
        8825.443081456946,
        8811.713827161599,
        8797.984572866248,
        8784.2553185709,
        8770.905028605799,
        8758.548699739986,
        8746.192370874174,
        8733.836042008363,
        8721.479713142551,
        8709.12338427674,
        8696.767055410928,
        8687.130720790774,
        8677.541552047904,
        8667.952383305033,
        8658.363214562161,
        8648.77404581929,
        8637.832580233568,
        8626.59955399192,
        8615.366527750273,
        8604.133501508626,
        8592.900475266979,
        8579.699974761057,
        8565.97072046571,
        8552.241466170362,
        8538.512211875011,
        8524.782957579664,
        8510.009070495398,
        8487.883412746696,
        8465.757754997994,
        8443.632097249296,
        8421.506439500594,
        8355.421774953229,
        8288.023617503346,
        8234.897279615509,
        8198.951595642238,
        8163.005911668967,
        8117.972496744526,
        8052.446510334915,
        7986.920523925302,
        7891.26986590836,
        7720.614274929495,
        7549.958683950632,
        7379.731047072185,
        7239.318219051514,
        7162.557582297154,
        7106.392451088918,
        7098.957016264969
    ]
}