{
    "time": [
        23.87366540932034,
        23.88366540932034,
        23.89366540932034,
        23.903665409320343,
        23.913665409320345,
        23.923665409320346,
        23.933665409320348,
        23.94366540932035,
        23.95366540932035,
        23.963665409320352,
        23.973665409320354,
        23.983665409320356,
        23.993665409320357,
        24.00366540932036,
        24.01366540932036,
        24.023665409320362,
        24.033665409320363,
        24.043665409320365,
        24.053665409320367,
        24.063665409320368,
        24.07366540932037,
        24.08366540932037,
        24.093665409320373,
        24.103665409320374,
        24.113665409320376,
        24.123665409320378,
        24.13366540932038,
        24.14366540932038,
        24.153665409320382,
        24.163665409320384,
        24.173665409320385,
        24.183665409320387,
        24.19366540932039,
        24.20366540932039,
        24.21366540932039,
        24.223665409320393,
        24.233665409320395,
        24.243665409320396,
        24.253665409320398,
        24.2636654093204,
        24.2736654093204,
        24.283665409320403,
        24.293665409320404,
        24.303665409320406,
        24.313665409320407,
        24.32366540932041,
        24.33366540932041,
        24.343665409320412,
        24.353665409320413,
        24.363665409320415,
        24.373665409320417,
        24.383665409320418,
        24.39366540932042,
        24.40366540932042,
        24.413665409320423,
        24.423665409320424,
        24.433665409320426,
        24.443665409320428,
        24.45366540932043,
        24.46366540932043,
        24.473665409320432,
        24.483665409320434,
        24.493665409320435,
        24.503665409320437,
        24.51366540932044,
        24.52366540932044,
        24.53366540932044,
        24.543665409320443,
        24.553665409320445,
        24.56041845888555
    ],
    "frequency": [
        9487.059348271872,
        9125.09664372923,
        9059.47579252585,
        8993.854941322468,
        8938.892902087237,
        8891.57017285403,
        8844.247443620823,
        8796.924714387615,
        8756.34732107282,
        8728.224099128516,
        8700.10087718421,
        8671.977655239903,
        8643.854433295597,
        8615.73121135129,
        8590.680495761411,
        8567.24447747449,
        8543.808459187572,
        8519.442741927569,
        8492.100720592827,
        8464.758699258084,
        8437.416677923342,
        8410.074656588598,
        8381.954181000954,
        8352.424797959433,
        8322.895414917914,
        8293.366031876392,
        8247.56783767321,
        8161.440470468775,
        8075.31310326434,
        7986.829814657564,
        7828.636691220847,
        7670.44356778413,
        7454.792785540997,
        7220.432602671775,
        6986.072419802553,
        6794.73966919351,
        6688.105785988029,
        6591.656395743029,
        6499.377073738281,
        6412.771185339448,
        6374.170684631577,
        6335.570183923707,
        6311.173871252245,
        6314.454913812414,
        6317.735956372583,
        6321.016998932752,
        6332.291918889406,
        6365.102344491095,
        6397.912770092786,
        6431.072199522457,
        6485.756242191937,
        6540.440284861416,
        6595.124327530896,
        6641.626762601805,
        6682.639794603916,
        6710.523064732883,
        6710.523064732883,
        6710.523064732883,
        6710.5230647328835,
        6720.395118730592,
        6731.331927264489,
        6742.268735798385,
        6753.205544332281,
        6764.988800461947,
        6817.187204828271,
        6885.707275558964,
        7008.746371565316,
        7156.51725670379,
        7320.569384712238,
        7431.354599882428
    ]
}