{
    "time": [
        20.187044763202387,
        20.19704476320239,
        20.20704476320239,
        20.21704476320239,
        20.227044763202393,
        20.237044763202395,
        20.247044763202396,
        20.257044763202398,
        20.2670447632024,
        20.2770447632024,
        20.287044763202402,
        20.297044763202404,
        20.307044763202406,
        20.317044763202407,
        20.32704476320241,
        20.33704476320241,
        20.347044763202412,
        20.357044763202413,
        20.367044763202415,
        20.377044763202417,
        20.387044763202418,
        20.39704476320242,
        20.40704476320242,
        20.417044763202423,
        20.427044763202424,
        20.437044763202426,
        20.447044763202427,
        20.45704476320243,
        20.46704476320243,
        20.477044763202432,
        20.487044763202434,
        20.497044763202435,
        20.507044763202437,
        20.51704476320244,
        20.52704476320244,
        20.53704476320244,
        20.547044763202443,
        20.557044763202445,
        20.567044763202446,
        20.577044763202448,
        20.58704476320245,
        20.59704476320245,
        20.607044763202452,
        20.617044763202454,
        20.627044763202456,
        20.637044763202457,
        20.64704476320246,
        20.65704476320246,
        20.667044763202462,
        20.677044763202463,
        20.687044763202465,
        20.697044763202467,
        20.707044763202468,
        20.71704476320247,
        20.72704476320247,
        20.737044763202473,
        20.747044763202474,
        20.757044763202476,
        20.767044763202477,
        20.77704476320248,
        20.78704476320248,
        20.797044763202482,
        20.807044763202484,
        20.817044763202485,
        20.827044763202487,
        20.83704476320249,
        20.84704476320249,
        20.85704476320249,
        20.867044763202493,
        20.877044763202495,
        20.887044763202496,
        20.897044763202498,
        20.9070447632025,
        20.9170447632025,
        20.927044763202503,
        20.937044763202504,
        20.947044763202506,
        20.957044763202507,
        20.96704476320251,
        20.967136002627292
    ],
    "frequency": [
        13064.066167989222,
        13160.71631337575,
        13255.091817103932,
        13334.446673316022,
        13413.801529528113,
        13492.195869348236,
        13566.001434916132,
        13609.940047898961,
        13618.861599780794,
        13623.892247716156,
        13623.892247716158,
        13623.892247716156,
        13614.556208030477,
        13585.561164414521,
        13556.566120798565,
        13495.18016868688,
        13427.191790552912,
        13359.203412418945,
        13291.215034284975,
        13222.863049197136,
        13153.721022112928,
        13084.578995028722,
        13015.436967944512,
        12946.294940860305,
        12877.152913776099,
        12808.01088669189,
        12738.868859607683,
        12668.362752575003,
        12592.975639173514,
        12517.588525772022,
        12442.201412370534,
        12366.814298969042,
        12291.427185567552,
        12216.040072166063,
        12153.09373155381,
        12090.271137052567,
        12027.448542551323,
        11958.15872533601,
        11869.792878125478,
        11781.427030914945,
        11693.061183704413,
        11626.418834212494,
        11560.14444880459,
        11547.118080987202,
        11547.118080987202,
        11547.118080987202,
        11554.854022540252,
        11569.351544348232,
        11583.84906615621,
        11598.346587964186,
        11612.844109772168,
        11642.176353898834,
        11683.597844778773,
        11725.019335658711,
        11766.440826538652,
        11817.497776323593,
        11909.315414440793,
        12001.133052557996,
        12092.950690675196,
        12225.520306408478,
        12407.054492525764,
        12588.588678643053,
        12770.12286476034,
        13008.333684193149,
        13254.791554928794,
        13501.24942566444,
        13768.93309260879,
        14171.452521630306,
        14573.971950651823,
        14908.84293924828,
        15173.020003304806,
        15437.19706736133,
        15679.26476861915,
        15911.225117546795,
        16143.185466474442,
        16370.826057985158,
        16586.217810560855,
        16801.60956313655,
        17017.00131571225,
        17018.966537673055
    ]
}