{
    "time": [
        27.94435791234091,
        27.95435791234091,
        27.964357912340912,
        27.974357912340913,
        27.984357912340915,
        27.994357912340917,
        28.004357912340918,
        28.01435791234092,
        28.02435791234092,
        28.034357912340923,
        28.044357912340924,
        28.054357912340926,
        28.064357912340927,
        28.07435791234093,
        28.08435791234093,
        28.094357912340932,
        28.104357912340934,
        28.114357912340935,
        28.124357912340937,
        28.13435791234094,
        28.14435791234094,
        28.15435791234094,
        28.164357912340943,
        28.174357912340945,
        28.184357912340946,
        28.194357912340948,
        28.20435791234095,
        28.21435791234095,
        28.224357912340952,
        28.234357912340954,
        28.244357912340956,
        28.254357912340957,
        28.26435791234096,
        28.27435791234096,
        28.284357912340962,
        28.294357912340963,
        28.304357912340965,
        28.314357912340967,
        28.324357912340968,
        28.33435791234097,
        28.34435791234097,
        28.354357912340973,
        28.364357912340974,
        28.374357912340976,
        28.384357912340977,
        28.39435791234098,
        28.40435791234098,
        28.414357912340982,
        28.424357912340984,
        28.434357912340985,
        28.436367917442972
    ],
    "frequency": [
        7865.26686342787,
        8008.074964191069,
        8130.898277031937,
        8169.150446879224,
        8207.402616726511,
        8245.6547865738,
        8275.345635290007,
        8291.787357417348,
        8308.22907954469,
        8324.670801672033,
        8341.112523799375,
        8357.554245926718,
        8373.99596805406,
        8401.553861370125,
        8439.419645663398,
        8477.285429956672,
        8515.151214249943,
        8553.016998543217,
        8590.882782836488,
        8627.559311447047,
        8663.26133663785,
        8698.963361828652,
        8734.665387019453,
        8770.367412210255,
        8818.149954608394,
        8952.032549073894,
        9085.915143539394,
        9219.797738004894,
        9353.680332470396,
        9496.399132632796,
        9911.972413207739,
        11022.56754565173,
        11861.565137635524,
        12575.427754361393,
        12899.602829013756,
        13068.19572574811,
        13144.679938779533,
        13144.679938779533,
        13122.981715777236,
        13065.228439733291,
        13007.475163689345,
        12938.760324591323,
        12844.546647004488,
        12750.332969417654,
        12657.005780993337,
        12582.626561845836,
        12508.247342698334,
        12433.868123550832,
        12373.355484222764,
        12316.556807782852,
        12305.14024483982
    ]
}