{
    "time": [
        7.735866344672335,
        7.745866344672335,
        7.755866344672334,
        7.765866344672334,
        7.775866344672334,
        7.785866344672334,
        7.7958663446723335,
        7.805866344672333,
        7.815866344672333,
        7.825866344672333,
        7.835866344672333,
        7.8458663446723325,
        7.855866344672332,
        7.865866344672332,
        7.875866344672332,
        7.885866344672332,
        7.895866344672331,
        7.905866344672331,
        7.915866344672331,
        7.925866344672331,
        7.932024856726532
    ],
    "frequency": [
        11424.82431401745,
        11333.428526804139,
        11242.032739590828,
        11192.817365756264,
        11147.119472149609,
        11101.421578542951,
        11055.723684936296,
        11039.855125323058,
        11032.94283889516,
        11026.030552467262,
        11019.118266039366,
        11031.859028937839,
        11048.17970522593,
        11064.50038151402,
        11080.821057802114,
        11126.504509662107,
        11185.258944299236,
        11244.013378936364,
        11314.963400981502,
        11391.34416600977,
        11438.38335222334
    ]
}