{
    "time": [
        30.237486870155717,
        30.24748687015572,
        30.25748687015572,
        30.26748687015572,
        30.277486870155723,
        30.287486870155725,
        30.297486870155726,
        30.307486870155728,
        30.31748687015573,
        30.32748687015573,
        30.337486870155733,
        30.347486870155734,
        30.357486870155736,
        30.367486870155737,
        30.37748687015574,
        30.38748687015574,
        30.397486870155742,
        30.407486870155743,
        30.417486870155745,
        30.427486870155747,
        30.437486870155748,
        30.44748687015575,
        30.45748687015575,
        30.467486870155753,
        30.477486870155754,
        30.485938072496655
    ],
    "frequency": [
        14617.772488681469,
        14254.049254364496,
        13890.326020047523,
        13526.602785730553,
        13162.87955141358,
        12837.261695174377,
        12524.974069750715,
        12212.686444327052,
        11900.39881890339,
        11603.765819497057,
        11323.978716176289,
        11152.042853340305,
        11041.823691426081,
        10931.604529511857,
        10854.83292572098,
        10786.602015964552,
        10718.371106208122,
        10692.44972573617,
        10676.120961008135,
        10659.792196280101,
        10643.463431552065,
        10658.629496872476,
        10674.375091431652,
        10581.310149454595,
        10487.623861827502,
        10408.44768449708
    ]
}