{
    "time": [
        31.915744567391016,
        31.925744567391018,
        31.93574456739102,
        31.94574456739102,
        31.955744567391022,
        31.965744567391024,
        31.975744567391025,
        31.985744567391027,
        31.99574456739103,
        32.005744567391034,
        32.01574456739103,
        32.02574456739103,
        32.035744567391035,
        32.04574456739104,
        32.05574456739104,
        32.065744567391036,
        32.07574456739104,
        32.085744567391046,
        32.095744567391044,
        32.10574456739104,
        32.11574456739105,
        32.12574456739105,
        32.13574456739105,
        32.14574456739105,
        32.155744567391054,
        32.16574456739106,
        32.17574456739106,
        32.185744567391055,
        32.19574456739106,
        32.205744567391065,
        32.21574456739106,
        32.22574456739106,
        32.235744567391066,
        32.24574456739107,
        32.25574456739107,
        32.26574456739107,
        32.27574456739107,
        32.28574456739108,
        32.295744567391075,
        32.30574456739107,
        32.31574456739108,
        32.325744567391084,
        32.33574456739108,
        32.34574456739108,
        32.34768697506999
    ],
    "frequency": [
        11749.145262786242,
        11763.440245100834,
        11777.735227415424,
        11810.37031509151,
        11855.215848220325,
        11905.000377457218,
        11974.462129726564,
        12043.92388199591,
        12131.34662519473,
        12223.232710513683,
        12302.846939065379,
        12364.15123115827,
        12425.427735689274,
        12469.362485962929,
        12513.29723623655,
        12563.70519888278,
        12618.394227341774,
        12675.948449321542,
        12744.804792611749,
        12813.661135901959,
        12887.125730610966,
        12961.72401640819,
        13010.608682720818,
        13021.38239546973,
        13032.569763634663,
        13172.628029370633,
        13312.686295106503,
        13426.735976592447,
        13523.699391332731,
        13616.270589890237,
        13691.686579132629,
        13767.102568375021,
        13859.846123355848,
        13956.809538096108,
        14049.41520793821,
        14135.604909929514,
        14221.639491139887,
        14275.50805488449,
        14329.376618629056,
        14402.803327488053,
        14488.993029479418,
        14572.969387737065,
        14648.385376979455,
        14723.801366221847,
        14738.450225883558
    ]
}