{
    "time": [
        46.57040653396993,
        46.58040653396993,
        46.590406533969926,
        46.600406533969924,
        46.61040653396992,
        46.62040653396992,
        46.63040653396992,
        46.640406533969916,
        46.650406533969914,
        46.66040653396991,
        46.67040653396991,
        46.68040653396991,
        46.690406533969906,
        46.700406533969904,
        46.7104065339699,
        46.7204065339699,
        46.7304065339699,
        46.740406533969896,
        46.750406533969894,
        46.76040653396989,
        46.77040653396989,
        46.78040653396989,
        46.790406533969886,
        46.800406533969884,
        46.81040653396988,
        46.82040653396988,
        46.83040653396988,
        46.840406533969876,
        46.850406533969874,
        46.86040653396987,
        46.87040653396987,
        46.88040653396987,
        46.890406533969866,
        46.900406533969864,
        46.91040653396986,
        46.92040653396986,
        46.93040653396986,
        46.940406533969856,
        46.950406533969854,
        46.96040653396985,
        46.97040653396985,
        46.98040653396985,
        46.990406533969846,
        47.000406533969844,
        47.01040653396984,
        47.02040653396984,
        47.03040653396984,
        47.03457252760568
    ],
    "frequency": [
        8487.977718902024,
        8542.587734802015,
        8597.197750702004,
        8651.807766601993,
        8706.417782501981,
        8761.02779840197,
        8815.39767565223,
        8868.311728325514,
        8921.225780998799,
        8974.139833672081,
        9027.053886345368,
        9079.96793901865,
        9132.881991691935,
        9185.79604436522,
        9241.580071441675,
        9298.168711106158,
        9354.757350770642,
        9411.345990435124,
        9467.934630099608,
        9524.52326976409,
        9581.111909428573,
        9637.700549093055,
        9686.254011300192,
        9730.839000126754,
        9775.423988953316,
        9820.00897777988,
        9948.977442958718,
        10131.089974242612,
        10313.202505526508,
        10495.3150368104,
        10683.618968882029,
        10923.53609407108,
        11163.453219260131,
        11403.370344449182,
        11554.804236295333,
        11684.443665344883,
        11762.737372803436,
        11798.873799019337,
        11835.010225235237,
        11871.146651451138,
        11907.28307766704,
        11943.419503882938,
        11962.063710962193,
        11953.382499195483,
        11944.701287428772,
        11936.020075662062,
        11927.338863895353,
        11923.722276598199
    ]
}