{
    "time": [
        47.24186996165659,
        47.25186996165659,
        47.261869961656586,
        47.271869961656584,
        47.28186996165658,
        47.29186996165658,
        47.30186996165658,
        47.311869961656576,
        47.321869961656574,
        47.33186996165657,
        47.34186996165657,
        47.35186996165657,
        47.361869961656566,
        47.371869961656564,
        47.38186996165656,
        47.39186996165656,
        47.40186996165656,
        47.411869961656556,
        47.421869961656554,
        47.43186996165655,
        47.44186996165655,
        47.45186996165655,
        47.46186996165655,
        47.471869961656544,
        47.48186996165654,
        47.49186996165654,
        47.50186996165654,
        47.51186996165654,
        47.521869961656535,
        47.53186996165653,
        47.54186996165653,
        47.55186996165653,
        47.56186996165653,
        47.571869961656525,
        47.58186996165652,
        47.59186996165652,
        47.60186996165652,
        47.61186996165652,
        47.621869961656515,
        47.63186996165651,
        47.64186996165651,
        47.65186996165651,
        47.66186996165651,
        47.671869961656505,
        47.6818699616565,
        47.6918699616565,
        47.7018699616565,
        47.70904026593077
    ],
    "frequency": [
        8237.599572997042,
        8268.920023292625,
        8300.240473588208,
        8331.560923883791,
        8362.881374179375,
        8394.201824474958,
        8425.522274770541,
        8456.842725066124,
        8488.163175361708,
        8519.483625657289,
        8550.804075952874,
        8579.24951454254,
        8606.909132985393,
        8634.568751428244,
        8662.228369871096,
        8689.887988313945,
        8717.547606756798,
        8745.20722519965,
        8772.866843642501,
        8800.526462085352,
        8828.186080528205,
        8855.845698971056,
        8887.32961705152,
        8932.471918238414,
        8977.614219425308,
        9022.756520612202,
        9067.898821799097,
        9113.041122985991,
        9158.183424172885,
        9203.32572535978,
        9248.468026546674,
        9293.610327733568,
        9338.752628920462,
        9383.894930107355,
        9430.705804229887,
        9484.12864587118,
        9537.551487512474,
        9590.974329153767,
        9644.39717079506,
        9697.820012436354,
        9751.242854077647,
        9804.66569571894,
        9868.064218993055,
        9947.046224086265,
        10026.028229179476,
        10105.010234272684,
        10183.992239365893,
        10240.624740236917
    ]
}