{
    "time": [
        23.1998904193419,
        23.209890419341903,
        23.219890419341905,
        23.229890419341906,
        23.239890419341908,
        23.24989041934191,
        23.25989041934191,
        23.269890419341912,
        23.279890419341914,
        23.289890419341916,
        23.299890419341917,
        23.30989041934192,
        23.31989041934192,
        23.329890419341922,
        23.339890419341923,
        23.349890419341925,
        23.359890419341927,
        23.369890419341928,
        23.37989041934193,
        23.38989041934193,
        23.399890419341933,
        23.409890419341934,
        23.419890419341936,
        23.429890419341938,
        23.43989041934194,
        23.44989041934194,
        23.459890419341942,
        23.469890419341944,
        23.479890419341945,
        23.489890419341947,
        23.49989041934195,
        23.50989041934195,
        23.51989041934195,
        23.529890419341953,
        23.539890419341955,
        23.549890419341956,
        23.559890419341958,
        23.56989041934196,
        23.57989041934196,
        23.589890419341963,
        23.599890419341964,
        23.609890419341966,
        23.619890419341967,
        23.62989041934197,
        23.63989041934197,
        23.649890419341972,
        23.659890419341973,
        23.66312723105153
    ],
    "frequency": [
        9360.795666317394,
        9324.251899613026,
        9287.70813290866,
        9251.164366204293,
        9214.620599499925,
        9147.046577680852,
        8916.82084744335,
        8686.595117205849,
        8489.662642538198,
        8462.254817509922,
        8434.846992481644,
        8407.439167453367,
        8390.738990133717,
        8374.751092200557,
        8358.763194267398,
        8342.77529633424,
        8326.78739840108,
        8315.46288749794,
        8310.948657493283,
        8306.434427488628,
        8301.920197483969,
        8308.262771924707,
        8325.972443481438,
        8343.682115038167,
        8385.73877754439,
        8452.887948863668,
        8495.14466538591,
        8523.922881665598,
        8552.701097945286,
        8581.479314224975,
        8582.593765331645,
        8582.593765331645,
        8590.10225459799,
        8628.473209637577,
        8666.844164677166,
        8750.008741643935,
        8892.529431790947,
        9302.579888916996,
        9772.62408815195,
        10158.656252446808,
        10605.353043109986,
        11033.955898660246,
        11340.923538976953,
        11890.501625339748,
        12290.993779833594,
        12438.082440818662,
        12585.171101803731,
        12632.78093182566
    ]
}