{
    "time": [
        50.02147402326124,
        50.03147402326124,
        50.04147402326124,
        50.051474023261235,
        50.06147402326123,
        50.07147402326123,
        50.08147402326123,
        50.09147402326123,
        50.101474023261225,
        50.11147402326122,
        50.12147402326122,
        50.13147402326122,
        50.14147402326122,
        50.151474023261216,
        50.16147402326121,
        50.17147402326121,
        50.18147402326121,
        50.19147402326121,
        50.201474023261206,
        50.211474023261204,
        50.2214740232612,
        50.2314740232612,
        50.2414740232612,
        50.251474023261196,
        50.261474023261194,
        50.27147402326119,
        50.28147402326119,
        50.29147402326119,
        50.301474023261186,
        50.311474023261184,
        50.32147402326118,
        50.33147402326118,
        50.34147402326118,
        50.351474023261176,
        50.361474023261174,
        50.37147402326117,
        50.38147402326117,
        50.39147402326117,
        50.401474023261166,
        50.411474023261164,
        50.42147402326116,
        50.43147402326116,
        50.44147402326116,
        50.444591293949664
    ],
    "frequency": [
        12943.746141892168,
        12841.199669450089,
        12738.653197008009,
        12636.106724565929,
        12529.745469775638,
        12367.616659590527,
        12205.487849405416,
        11900.482284996004,
        11557.703712026454,
        11212.90977569942,
        10868.115839372384,
        10540.500929358557,
        10213.541162152003,
        9899.994472987382,
        9595.327417181186,
        9342.399968903808,
        9253.229123302022,
        9164.058277700235,
        9104.264001714007,
        9077.997723839973,
        9119.15349873312,
        9160.309273626266,
        9353.643181823287,
        9582.310562555367,
        9730.928638558375,
        9865.953385818195,
        9980.601615877644,
        10095.249845937095,
        10210.719691649721,
        10326.641790932072,
        10388.232964932431,
        10423.901303173156,
        10459.56964141388,
        10495.237979654603,
        10510.221377531177,
        10517.975364105247,
        10525.729350679316,
        10533.483337253387,
        10537.908634566278,
        10530.154647992209,
        10522.40066141814,
        10514.646674844069,
        10506.89268827,
        10504.475560763358
    ]
}