{
    "time": [
        11.72903887788631,
        11.73903887788631,
        11.74903887788631,
        11.75903887788631,
        11.76903887788631,
        11.77903887788631,
        11.789038877886309,
        11.799038877886309,
        11.809038877886309,
        11.819038877886308,
        11.829038877886308,
        11.839038877886308,
        11.849038877886308,
        11.859038877886308,
        11.869038877886307,
        11.879038877886307,
        11.889038877886307,
        11.899038877886307,
        11.909038877886307,
        11.919038877886306,
        11.929038877886306,
        11.939038877886306,
        11.949038877886306,
        11.959038877886305,
        11.969038877886305,
        11.979038877886305,
        11.989038877886305,
        11.999038877886305,
        12.009038877886304,
        12.019038877886304,
        12.029038877886304,
        12.038664311888756
    ],
    "frequency": [
        13192.96416344474,
        13310.437269168842,
        13403.873163342587,
        13445.579591410318,
        13480.9008948785,
        13473.370567588488,
        13464.676502971171,
        13446.603717475155,
        13428.530931979141,
        13410.458146483124,
        13392.385360987108,
        13379.755607242747,
        13367.707083578734,
        13356.420424353246,
        13346.37998796657,
        13266.86568865303,
        13176.501761172953,
        13106.263919284136,
        13055.43421007659,
        13004.604500869045,
        12962.077164557882,
        12921.413397191845,
        12880.749629825808,
        12817.661586614195,
        12727.297659134114,
        12636.933731654035,
        12525.626363782194,
        12412.671454432091,
        12255.536913987029,
        11954.32382238677,
        11700.836371375379,
        11474.6904461333
    ]
}