{
    "time": [
        32.45848012884908,
        32.46848012884908,
        32.47848012884908,
        32.488480128849076,
        32.498480128849074,
        32.50848012884907,
        32.51848012884907,
        32.52848012884907,
        32.538480128849066,
        32.548480128849064,
        32.55848012884906,
        32.56848012884906,
        32.57848012884906,
        32.588480128849056,
        32.598480128849054,
        32.60848012884905,
        32.61848012884905,
        32.62848012884905,
        32.63848012884905,
        32.648480128849044,
        32.65848012884904,
        32.66848012884904,
        32.67848012884904,
        32.68848012884904,
        32.698480128849035,
        32.70848012884903,
        32.71848012884903,
        32.72848012884903,
        32.73848012884903,
        32.748480128849025,
        32.754748409680175
    ],
    "frequency": [
        8862.99053961993,
        8724.067160356735,
        8585.14378109354,
        8486.314390889464,
        8414.457470580906,
        8342.600550272347,
        8270.743629963792,
        8198.886709655235,
        8149.185929127915,
        8100.562746385796,
        8051.939563643677,
        8003.316380901556,
        7954.693198159437,
        7907.14072821239,
        7864.200774621944,
        7821.260821031499,
        7778.320867441054,
        7735.380913850609,
        7692.440960260164,
        7655.072791686716,
        7618.298955999396,
        7581.525120312077,
        7544.751284624757,
        7507.977448937437,
        7477.003671635401,
        7452.874874184422,
        7428.746076733445,
        7404.617279282468,
        7380.4884818314895,
        7356.359684380513,
        7341.235076526442
    ]
}