{
    "time": [
        59.11258817665925,
        59.12258817665925,
        59.13258817665925,
        59.142588176659245,
        59.15258817665924,
        59.16258817665924,
        59.17258817665924,
        59.18258817665924,
        59.192588176659235,
        59.20258817665923,
        59.21258817665923,
        59.22258817665923,
        59.23258817665923,
        59.242588176659225,
        59.25258817665922,
        59.26258817665922,
        59.27258817665922,
        59.28258817665922,
        59.292588176659216,
        59.302588176659214,
        59.31258817665921,
        59.32258817665921,
        59.33258817665921,
        59.342588176659206,
        59.352588176659204,
        59.356607175766314
    ],
    "frequency": [
        9052.114352499942,
        9038.19964577619,
        9024.28493905244,
        9010.370232328689,
        8996.455525604939,
        8982.540818881187,
        8968.626112157437,
        8953.741441370714,
        8937.624020455172,
        8921.506599539633,
        8905.389178624091,
        8889.271757708551,
        8874.034312739419,
        8859.41802416405,
        8844.80173558868,
        8830.185447013311,
        8816.959632096015,
        8813.409962013426,
        8809.860291930836,
        8806.310621848246,
        8808.010742838316,
        8816.069453296086,
        8824.128163753856,
        8832.186874211628,
        8840.245584669397,
        8843.48437968282
    ]
}