{
    "time": [
        31.411909302046016,
        31.421909302046018,
        31.43190930204602,
        31.44190930204602,
        31.451909302046023,
        31.461909302046024,
        31.471909302046026,
        31.481909302046027,
        31.49190930204603,
        31.50190930204603,
        31.511909302046032,
        31.521909302046033,
        31.531909302046035,
        31.541909302046037,
        31.551909302046038,
        31.56190930204604,
        31.57190930204604,
        31.581909302046043,
        31.591909302046044,
        31.601909302046046,
        31.611909302046048,
        31.62190930204605,
        31.63190930204605,
        31.641909302046052,
        31.651909302046054,
        31.661909302046055,
        31.671909302046057,
        31.68190930204606,
        31.69190930204606,
        31.70190930204606,
        31.711909302046063,
        31.721909302046065,
        31.731909302046066,
        31.741909302046068,
        31.75190930204607,
        31.76190930204607,
        31.770107618347197
    ],
    "frequency": [
        14804.884499057045,
        14885.96590770183,
        14852.367909033743,
        14782.788108742881,
        14654.409211721955,
        14467.93340393476,
        14242.063765567107,
        13995.840031572501,
        13732.325453476935,
        13479.504963309388,
        13271.733853657111,
        13063.962744004833,
        12836.803357284625,
        12606.033194218671,
        12375.263031152717,
        12144.492868086765,
        11913.722705020813,
        11697.588919476793,
        11591.169570630496,
        11484.750221784201,
        11378.330872937906,
        11271.911524091609,
        11171.53247232187,
        11079.494116562917,
        10987.455760803961,
        10895.41740504501,
        10803.379049286053,
        10711.3406935271,
        10667.527530702717,
        10624.284112758825,
        10581.040694814934,
        10537.797276871044,
        10503.099304372008,
        10474.482336615021,
        10450.611344466904,
        10475.559470203763,
        10496.012732794861
    ]
}