{
    "time": [
        58.761045393955015,
        58.77104539395501,
        58.78104539395501,
        58.79104539395501,
        58.80104539395501,
        58.811045393955006,
        58.821045393955,
        58.831045393955,
        58.841045393955,
        58.851045393955,
        58.861045393954996,
        58.871045393954994,
        58.88104539395499,
        58.89104539395499,
        58.90104539395499,
        58.911045393954986,
        58.921045393954984,
        58.93104539395498,
        58.94104539395498,
        58.95104539395498,
        58.961045393954976,
        58.971045393954974,
        58.98104539395497,
        58.99104539395497,
        59.00104539395497,
        59.011045393954966,
        59.021045393954964,
        59.03104539395496,
        59.04104539395496,
        59.05104539395496,
        59.061045393954956,
        59.071045393954954,
        59.08104539395495,
        59.09104539395495,
        59.10104539395495,
        59.111045393954946,
        59.121045393954944,
        59.13104539395494,
        59.14104539395494,
        59.15104539395494,
        59.161045393954936,
        59.171045393954934,
        59.18104539395493,
        59.19104539395493,
        59.20104539395493,
        59.211045393954926,
        59.221045393954924,
        59.23104539395492,
        59.24104539395492,
        59.25104539395492,
        59.261045393954916,
        59.271045393954914,
        59.28104539395491,
        59.29104539395491,
        59.30104539395491,
        59.311045393954906,
        59.31998320795527
    ],
    "frequency": [
        8405.947013460163,
        8395.454947103299,
        8384.962880746436,
        8374.470814389571,
        8377.510290995018,
        8385.282192000102,
        8393.054093005187,
        8400.825994010269,
        8419.367101333311,
        8458.712350171543,
        8498.057599009773,
        8537.402847848003,
        8604.955374829475,
        8709.876038398117,
        8814.79670196676,
        8923.90462021574,
        9053.30677195037,
        9182.708923685,
        9312.111075419629,
        9441.513227154259,
        9639.81106593111,
        10013.205192160645,
        10386.59931839018,
        10759.993444619713,
        11133.387570849247,
        11506.781697078783,
        11769.959478925528,
        11922.701446880457,
        12027.622110449072,
        12132.542774017686,
        12150.2804444034,
        12150.2804444034,
        12150.2804444034,
        12150.280444403403,
        12122.479830901764,
        12085.75759865274,
        12049.035366403714,
        11999.25212003902,
        11936.299721897845,
        11873.347323756669,
        11810.39492561549,
        11761.160705308448,
        11730.558845100935,
        11699.956984893422,
        11669.35512468591,
        11641.637342957196,
        11616.656232583711,
        11591.675122210227,
        11564.62638178266,
        11516.935171069648,
        11469.243960356636,
        11421.552749643623,
        11368.498708553096,
        11310.209451014965,
        11251.920193476835,
        11193.630935938707,
        11141.533081729196
    ]
}