{
    "time": [
        17.286121607831223,
        17.296121607831225,
        17.306121607831226,
        17.316121607831228,
        17.32612160783123,
        17.33612160783123,
        17.346121607831233,
        17.356121607831234,
        17.366121607831236,
        17.376121607831237,
        17.38612160783124,
        17.39612160783124,
        17.406121607831242,
        17.416121607831244,
        17.426121607831245,
        17.436121607831247,
        17.446121607831248,
        17.45612160783125,
        17.46612160783125,
        17.476121607831253,
        17.486121607831254,
        17.496121607831256,
        17.506121607831258,
        17.51612160783126,
        17.52612160783126,
        17.536121607831262,
        17.546121607831264,
        17.556121607831265,
        17.566121607831267,
        17.57612160783127,
        17.58612160783127,
        17.59612160783127,
        17.606121607831273,
        17.616121607831275,
        17.626121607831276,
        17.636121607831278,
        17.64612160783128,
        17.65612160783128,
        17.666121607831283,
        17.676121607831284,
        17.686121607831286,
        17.696121607831287,
        17.70612160783129,
        17.71612160783129,
        17.726121607831292,
        17.736121607831294,
        17.746121607831295,
        17.756121607831297,
        17.7661216078313,
        17.7761216078313,
        17.7861216078313,
        17.796121607831303,
        17.806121607831304,
        17.816121607831306,
        17.826121607831308,
        17.83612160783131,
        17.84612160783131,
        17.856121607831312,
        17.866121607831314,
        17.876121607831315,
        17.886103048392428
    ],
    "frequency": [
        6978.477323092753,
        6803.667516213576,
        6635.767638507129,
        6529.633112901917,
        6473.356793222342,
        6460.168479389739,
        6446.980165557136,
        6460.164427062276,
        6488.73910703291,
        6517.313787003544,
        6558.894918738713,
        6613.322880587544,
        6678.034084476125,
        6798.047740352793,
        6918.06139622946,
        7198.272110770929,
        7491.993239771422,
        7785.714368771914,
        8079.435497772407,
        8373.156626772898,
        8666.877755773388,
        8960.598884773883,
        9254.320013774373,
        9548.041142774866,
        9835.365796586408,
        10108.68882239252,
        10382.011848198632,
        10612.87547776664,
        10829.116299166039,
        11045.357120565437,
        11261.597941964837,
        11420.376478905593,
        11542.398085266686,
        11664.419691627782,
        11786.441297988877,
        11908.46290434997,
        12030.484510711065,
        12152.506117072156,
        12274.527723433253,
        12380.077261384507,
        12453.931818847075,
        12527.786376309641,
        12601.640933772209,
        12675.495491234775,
        12749.350048697343,
        12823.20460615991,
        12894.951889210592,
        12942.344041357013,
        12989.736193503433,
        13037.128345649853,
        13084.520497796275,
        13113.653093436438,
        13124.435991538567,
        13135.218889640695,
        13146.001787742822,
        13156.784685844948,
        13167.567583947077,
        13172.126977761036,
        13172.126977761036,
        13172.126977761036,
        13172.126977761036
    ]
}