{
    "time": [
        50.273296893747506,
        50.283296893747504,
        50.2932968937475,
        50.3032968937475,
        50.3132968937475,
        50.3232968937475,
        50.333296893747494,
        50.34329689374749,
        50.35329689374749,
        50.36329689374749,
        50.37329689374749,
        50.383296893747485,
        50.39329689374748,
        50.40329689374748,
        50.41329689374748,
        50.42329689374748,
        50.433296893747475,
        50.44329689374747,
        50.45329689374747,
        50.46329689374747,
        50.47329689374747,
        50.483296893747465,
        50.49329689374746,
        50.50329689374746,
        50.51329689374746,
        50.52329689374746,
        50.533296893747455,
        50.54329689374745,
        50.54526063191575
    ],
    "frequency": [
        13718.345431241954,
        13686.59093706282,
        13654.836442883683,
        13632.508183031021,
        13618.619859814444,
        13604.78325617454,
        13591.831801012988,
        13578.880345851434,
        13557.613890407816,
        13530.39527944283,
        13502.246052835106,
        13466.598679268634,
        13430.951305702163,
        13400.150725035912,
        13372.100063833692,
        13344.302053351603,
        13317.776929183347,
        13291.25180501509,
        13237.532969877162,
        13171.779546016098,
        13097.519307403778,
        12993.241965213754,
        12888.96462302373,
        12822.621218801134,
        12769.029141386109,
        12725.409209407404,
        12707.944977968697,
        12690.48074652999,
        12687.051228744365
    ]
}