{
    "time": [
        5.90200503318216,
        5.91200503318216,
        5.92200503318216,
        5.932005033182159,
        5.942005033182159,
        5.952005033182159,
        5.962005033182159,
        5.972005033182159,
        5.982005033182158,
        5.992005033182158,
        6.002005033182158,
        6.012005033182158,
        6.0220050331821575,
        6.032005033182157,
        6.042005033182157,
        6.052005033182157,
        6.062005033182157,
        6.0720050331821565,
        6.082005033182156,
        6.092005033182156,
        6.102005033182156,
        6.112005033182156,
        6.122005033182155,
        6.132005033182155,
        6.142005033182155,
        6.152005033182155,
        6.1620050331821545,
        6.172005033182154,
        6.182005033182154,
        6.192005033182154,
        6.202005033182154,
        6.2120050331821535,
        6.222005033182153,
        6.232005033182153,
        6.242005033182153,
        6.252005033182153,
        6.262005033182152,
        6.272005033182152,
        6.282005033182152,
        6.292005033182152,
        6.3020050331821515,
        6.312005033182151,
        6.322005033182151,
        6.332005033182151,
        6.342005033182151,
        6.3520050331821505,
        6.36200503318215,
        6.37200503318215,
        6.38200503318215,
        6.39200503318215,
        6.402005033182149,
        6.412005033182149,
        6.422005033182149,
        6.432005033182149,
        6.442005033182149,
        6.448284039804854
    ],
    "frequency": [
        9441.970923153143,
        9448.11655231865,
        9454.262181484159,
        9460.407810649667,
        9466.553439815174,
        9472.69906898068,
        9478.84469814619,
        9491.429431671948,
        9515.27151108512,
        9539.113590498293,
        9562.955669911467,
        9586.79774932464,
        9610.639828737812,
        9634.481908150987,
        9658.32398756416,
        9694.632592314927,
        9751.172380637596,
        9807.712168960265,
        9864.251957282933,
        9920.791745605602,
        9977.33153392827,
        10053.294217340954,
        10141.637636595122,
        10229.981055849294,
        10318.324475103462,
        10406.66789435763,
        10495.0113136118,
        10583.35473286597,
        10671.698152120138,
        10788.695800451738,
        10908.299198826613,
        11027.90259720149,
        11147.505995576365,
        11267.10939395124,
        11386.712792326116,
        11499.083334765804,
        11607.813696924784,
        11716.54405908376,
        11825.274421242739,
        11934.004783401717,
        12042.735145560695,
        12137.258065101945,
        12211.652523421246,
        12286.046981740546,
        12360.441440059847,
        12394.011039928115,
        12414.624504420754,
        12435.237968913396,
        12455.851433406033,
        12471.28391728175,
        12455.578420525453,
        12439.872923769157,
        12424.16742701286,
        12383.085598448082,
        12330.07954689558,
        12296.79701202142
    ]
}