{
    "time": [
        35.33928809492068,
        35.34928809492068,
        35.35928809492068,
        35.36928809492068,
        35.379288094920675,
        35.38928809492067,
        35.39928809492067,
        35.40928809492067,
        35.41928809492067,
        35.429288094920665,
        35.43928809492066,
        35.44928809492066,
        35.45928809492066,
        35.46928809492066,
        35.479288094920655,
        35.48326889748034
    ],
    "frequency": [
        9696.452407852763,
        9708.29866957099,
        9720.144931289215,
        9767.865103003905,
        9839.469348040731,
        9918.029818837022,
        10024.304262825312,
        10130.5787068136,
        10262.485469173722,
        10400.761913845661,
        10512.419420367753,
        10584.360763689807,
        10656.123723080045,
        10616.560243504673,
        10576.9967639293,
        10561.247323852916
    ]
}