{
    "time": [
        59.30279627222365,
        59.31279627222365,
        59.32279627222365,
        59.332796272223646,
        59.342796272223644,
        59.35279627222364,
        59.36279627222364,
        59.37279627222364,
        59.382796272223636,
        59.392796272223634,
        59.40279627222363,
        59.41279627222363,
        59.42279627222363,
        59.43279627222363,
        59.442796272223624,
        59.45279627222362,
        59.46279627222362,
        59.47279627222362,
        59.48279627222362,
        59.492796272223615,
        59.50279627222361,
        59.51279627222361,
        59.52279627222361,
        59.53279627222361,
        59.542796272223605,
        59.5527962722236,
        59.5627962722236,
        59.5727962722236,
        59.5827962722236,
        59.592796272223595,
        59.60279627222359,
        59.61279627222359,
        59.62279627222359,
        59.63279627222359,
        59.642796272223585,
        59.65279627222358,
        59.66279627222358,
        59.67279627222358,
        59.68279627222358,
        59.692796272223575,
        59.70279627222357,
        59.71279627222357,
        59.72279627222357,
        59.73279627222357,
        59.742796272223565,
        59.75279627222356,
        59.76279627222356,
        59.77279627222356,
        59.78279627222356,
        59.7857177408576
    ],
    "frequency": [
        11201.730073989831,
        11260.729013266122,
        11319.72795254241,
        11378.726891818696,
        11437.725831094986,
        11652.809451935973,
        12395.921340875533,
        12439.394243500166,
        12482.867146124798,
        12526.34004874943,
        12595.181565283487,
        12863.954510875474,
        13132.727456467459,
        13401.500402059446,
        13670.273347651431,
        13939.046293243418,
        14181.996452283436,
        14398.325896296526,
        14487.875333067535,
        14499.387321219005,
        14510.899309370478,
        14522.411297521949,
        14519.044400490468,
        14488.262345215877,
        14457.480289941288,
        14329.687646114979,
        14197.64240106805,
        14065.597156021122,
        13933.551910974193,
        13791.882081710331,
        13643.43313772481,
        13494.984193739288,
        13307.66012750051,
        13051.31990857597,
        12794.979689651429,
        12537.5260316993,
        12149.949525114873,
        11615.08969697908,
        11504.704584784717,
        11394.319472590352,
        11247.47688095034,
        10067.498095425204,
        9874.335383236717,
        9687.822607460035,
        9501.309831683355,
        9229.44864939522,
        8931.644479714862,
        8627.852564587043,
        8319.746992810942,
        8229.734916419167
    ]
}