{
    "time": [
        27.94027463004933,
        27.950274630049332,
        27.960274630049334,
        27.970274630049335,
        27.980274630049337,
        27.99027463004934,
        28.00027463004934,
        28.01027463004934,
        28.020274630049343,
        28.030274630049345,
        28.040274630049346,
        28.050274630049348,
        28.06027463004935,
        28.07027463004935,
        28.080274630049352,
        28.090274630049354,
        28.100274630049356,
        28.110274630049357,
        28.12027463004936,
        28.13027463004936,
        28.140274630049362,
        28.150274630049363,
        28.160274630049365,
        28.170274630049366,
        28.180274630049368,
        28.19027463004937,
        28.20027463004937,
        28.210274630049373,
        28.220274630049374,
        28.230274630049376,
        28.240274630049377,
        28.25027463004938,
        28.26027463004938,
        28.270274630049382,
        28.280274630049384,
        28.290274630049385,
        28.300274630049387,
        28.31027463004939,
        28.32027463004939,
        28.33027463004939,
        28.340274630049393,
        28.350274630049395,
        28.360274630049396,
        28.370274630049398,
        28.3802746300494,
        28.3902746300494,
        28.400274630049402,
        28.410274630049404,
        28.420274630049406,
        28.430274630049407,
        28.44027463004941,
        28.45027463004941,
        28.460274630049412,
        28.470274630049413,
        28.480274630049415,
        28.490274630049417,
        28.500274630049418,
        28.51027463004942,
        28.52027463004942,
        28.521172990180304
    ],
    "frequency": [
        13254.983927790881,
        13321.290761709886,
        13387.597595628893,
        13430.76880950481,
        13456.271437935196,
        13478.357169742108,
        13478.35716974211,
        13478.357169742108,
        13453.329846931541,
        13417.626167129,
        13360.919040807383,
        13246.833842428347,
        13132.748644049312,
        13037.414456254679,
        12945.786759135952,
        12840.41507660316,
        12714.593802505879,
        12588.772528408597,
        12475.675284183266,
        12362.985951207233,
        12242.457562878499,
        12115.141176618825,
        11990.78036572522,
        11892.181299180676,
        11793.582232636136,
        11721.251335493258,
        11661.863719432442,
        11608.317354274166,
        11573.58658853365,
        11538.855822793132,
        11524.80704471104,
        11515.803574065872,
        11506.065552389407,
        11495.08153994493,
        11484.097527500451,
        11481.041991948896,
        11478.511640509889,
        11481.03835357142,
        11488.524648770413,
        11498.02899268722,
        11533.59948720166,
        11569.169981716099,
        11614.477669243464,
        11665.289959415084,
        11717.241470319559,
        11773.588277794828,
        11829.9350852701,
        11888.779730840495,
        11948.358603789518,
        12022.809160864841,
        12126.151275331624,
        12229.49338979841,
        12409.612359748347,
        12597.621218257158,
        12798.701134307594,
        13014.297500587341,
        13236.003705420948,
        13601.370983407674,
        13966.738261394403,
        13999.561400961638
    ]
}