{
    "time": [
        50.99438134496645,
        51.00438134496645,
        51.014381344966445,
        51.02438134496644,
        51.03438134496644,
        51.04438134496644,
        51.05438134496644,
        51.064381344966435,
        51.07438134496643,
        51.08438134496643,
        51.09438134496643,
        51.10438134496643,
        51.114381344966425,
        51.12438134496642,
        51.13438134496642,
        51.14438134496642,
        51.15438134496642,
        51.164381344966415,
        51.17438134496641,
        51.18438134496641,
        51.19438134496641,
        51.20438134496641,
        51.214381344966405,
        51.2243813449664,
        51.2343813449664,
        51.2443813449664,
        51.2543813449664,
        51.264381344966395,
        51.27438134496639,
        51.27741342675741
    ],
    "frequency": [
        14384.151756646708,
        13537.894626122721,
        12691.637495598736,
        12142.699720498604,
        11921.280989143817,
        11831.526444997315,
        11806.50275571518,
        11814.034605573625,
        11895.591496020235,
        12003.296948996,
        12111.00240197176,
        12232.805590370252,
        12358.6950808614,
        12484.584571352549,
        12610.474061843699,
        12729.06523260695,
        12843.29828879338,
        12957.531344979809,
        13003.54484558765,
        13046.627026777958,
        13089.709207968262,
        13122.922335205407,
        13127.179467734093,
        13131.43660026278,
        13135.693732791466,
        13100.850656635554,
        13058.887493138496,
        12984.555098252473,
        12900.62877125836,
        12875.181622471755
    ]
}