{
    "time": [
        47.264333864959085,
        47.27433386495908,
        47.28433386495908,
        47.29433386495908,
        47.30433386495908,
        47.314333864959075,
        47.32433386495907,
        47.33433386495907,
        47.34433386495907,
        47.35433386495907,
        47.364333864959065,
        47.37433386495906,
        47.38433386495906,
        47.39433386495906,
        47.40433386495906,
        47.414333864959055,
        47.42433386495905,
        47.43433386495905,
        47.44433386495905,
        47.45433386495905,
        47.464333864959045,
        47.47433386495904,
        47.48433386495904,
        47.49433386495904,
        47.50433386495904,
        47.514333864959035,
        47.52433386495903,
        47.53433386495903,
        47.54433386495903,
        47.55433386495903,
        47.564333864959025,
        47.57433386495902,
        47.58433386495902,
        47.59433386495902,
        47.60433386495902,
        47.614333864959015,
        47.62433386495901,
        47.63433386495901,
        47.64433386495901,
        47.65433386495901,
        47.664333864959005,
        47.674333864959,
        47.684333864959,
        47.694333864959,
        47.704333864959,
        47.714333864958995,
        47.72433386495899,
        47.73433386495899,
        47.74433386495899,
        47.75433386495899,
        47.764333864958985,
        47.77433386495898,
        47.78433386495898,
        47.79433386495898,
        47.80433386495898,
        47.814333864958975,
        47.82433386495897,
        47.83433386495897,
        47.84433386495897,
        47.85433386495897,
        47.864333864958965,
        47.87433386495896,
        47.88433386495896,
        47.89433386495896,
        47.90433386495896,
        47.914333864958955,
        47.92433386495895,
        47.93433386495895,
        47.94433386495895,
        47.95433386495895,
        47.964333864958945,
        47.97433386495894,
        47.98433386495894,
        47.99433386495894,
        48.00433386495894,
        48.014333864958935,
        48.02433386495893,
        48.03433386495893,
        48.04433386495893,
        48.05433386495893,
        48.064333864958925,
        48.07433386495892,
        48.08433386495892,
        48.09433386495892,
        48.10433386495892,
        48.114333864958915,
        48.12118788710133
    ],
    "frequency": [
        10935.251046613806,
        11314.676594661414,
        11694.102142709022,
        12225.931889957677,
        12975.103762888119,
        13948.713383751805,
        15287.634870225329,
        16537.557403695366,
        17599.77349419328,
        18537.17791735939,
        18854.269268227712,
        18997.297543660367,
        19018.62314710838,
        18937.317672526773,
        18646.64615135098,
        18097.39947230731,
        16961.0889068442,
        15237.022650412371,
        12746.827344601334,
        11088.095105440369,
        10676.486140370936,
        10265.73688268064,
        9940.514984354208,
        9615.293086027776,
        9386.173072254516,
        9288.606502756571,
        9380.473235834923,
        9475.329622846799,
        9556.748621853305,
        9617.727727789505,
        9678.706833725706,
        9759.914922003183,
        9859.698913535165,
        9959.482905067145,
        10075.956842620562,
        10222.306696867481,
        10346.198156766774,
        10468.15636863919,
        10590.114580511608,
        10712.072792384024,
        10831.859175048952,
        10887.294725900041,
        10942.730276751128,
        10998.165827602217,
        11005.385532772314,
        11005.385532772314,
        11009.68379483854,
        11024.928571322593,
        11040.173347806642,
        11055.418124290693,
        11070.662900774743,
        11110.145546690734,
        11160.961468304238,
        11211.777389917741,
        11518.461594581968,
        11943.79808983422,
        11984.450827125025,
        12021.320041873394,
        12057.907505435123,
        12095.001194188768,
        12140.735523640913,
        12186.469853093058,
        12222.228160189272,
        12254.750350021919,
        12287.272539854568,
        12319.794729687217,
        12358.157230350069,
        12403.891559802214,
        12446.6003071458,
        12470.991949520285,
        12495.383591894772,
        12513.276985180235,
        12513.276985180235,
        12510.183288416723,
        12497.987467229479,
        12485.791646042237,
        12482.82365934697,
        12495.019480534209,
        12507.215301721448,
        12513.276985180235,
        12513.276985180233,
        12571.986644119232,
        12861.63739731624,
        13151.28815051325,
        13265.154140536082,
        13360.010527547958,
        13425.025305240839
    ]
}