{
    "time": [
        6.311158512198374,
        6.321158512198374,
        6.331158512198374,
        6.341158512198374,
        6.351158512198373,
        6.361158512198373,
        6.371158512198373,
        6.381158512198373,
        6.3911585121983725,
        6.401158512198372,
        6.411158512198372,
        6.421158512198372,
        6.431158512198372,
        6.441158512198371,
        6.451158512198371,
        6.461158512198371,
        6.471158512198371,
        6.481158512198371,
        6.49115851219837,
        6.50115851219837,
        6.51115851219837,
        6.52115851219837,
        6.5311585121983695,
        6.541158512198369,
        6.551158512198369,
        6.561158512198369,
        6.571158512198369,
        6.5811585121983684,
        6.591158512198368,
        6.601158512198368,
        6.611158512198368,
        6.621158512198368,
        6.631158512198367,
        6.641158512198367,
        6.651158512198367,
        6.661158512198367,
        6.6711585121983665,
        6.681158512198366,
        6.691158512198366,
        6.701158512198366,
        6.711158512198366,
        6.7211585121983655,
        6.731158512198365,
        6.741158512198365,
        6.751158512198365,
        6.761158512198365,
        6.771158512198364,
        6.781158512198364,
        6.791158512198364,
        6.801158512198364,
        6.8111585121983635,
        6.821158512198363,
        6.831158512198363,
        6.841158512198363,
        6.851158512198363,
        6.8611585121983625,
        6.871158512198362,
        6.881158512198362,
        6.891158512198362,
        6.901158512198362,
        6.911158512198361,
        6.921158512198361,
        6.931158512198361,
        6.941158512198361,
        6.951158512198361,
        6.96115851219836,
        6.97115851219836,
        6.98115851219836,
        6.99115851219836,
        7.0011585121983595,
        7.011158512198359,
        7.021158512198359,
        7.028364938345314
    ],
    "frequency": [
        17457.350681689102,
        16892.396385527725,
        16327.442089366352,
        15777.685741781823,
        15238.047859627755,
        14719.988430492602,
        14287.898705212261,
        13855.80897993192,
        13540.309635158,
        13253.78323281022,
        12987.048240302807,
        12749.842557294785,
        12512.63966936622,
        12277.181143938882,
        12041.722618511547,
        11818.60810309116,
        11603.657311675373,
        11393.785249037854,
        11203.94687988035,
        11014.108510722848,
        10903.304940322414,
        10811.944980712598,
        10777.610724614888,
        10827.796033716131,
        10878.284600109015,
        11023.250448584213,
        11168.216297059409,
        11335.429043551632,
        11517.256827530666,
        11697.709967654477,
        11872.793995218804,
        12047.87802278313,
        12242.245670846132,
        12441.309545453014,
        12654.8247911959,
        12889.616989761706,
        13124.602174120268,
        13399.605106900337,
        13674.608039680403,
        13912.549924175117,
        14126.307004743503,
        14354.116597186232,
        14636.275943536504,
        14918.435289886775,
        15289.614827911044,
        15682.254064689414,
        16035.12494058194,
        16329.831651094566,
        16625.722872304235,
        17094.817372748603,
        17303.19327029343,
        17453.76547135089,
        17699.677534444956,
        17980.04184156972,
        18078.200327064616,
        18176.358812559516,
        18218.874322621734,
        18248.113065923575,
        18104.039088263562,
        17774.40554045685,
        17225.797731036168,
        16702.540274850853,
        16179.282818665539,
        15485.440513458454,
        14870.377103847015,
        14402.33909228275,
        13999.835427480588,
        13597.331762678426,
        12954.828807694084,
        12300.722017799104,
        11712.0039055029,
        11001.935757614261,
        10479.812400086792
    ]
}