{
    "time": [
        21.40767942704986,
        21.417679427049862,
        21.427679427049863,
        21.437679427049865,
        21.447679427049867,
        21.457679427049868,
        21.46767942704987,
        21.47767942704987,
        21.487679427049873,
        21.497679427049874,
        21.507679427049876,
        21.517679427049877,
        21.52767942704988,
        21.53767942704988,
        21.547679427049882,
        21.557679427049884,
        21.567679427049885,
        21.577679427049887,
        21.58767942704989,
        21.59767942704989,
        21.60767942704989,
        21.617679427049893,
        21.627679427049895,
        21.637679427049896,
        21.647679427049898,
        21.6576794270499,
        21.6676794270499,
        21.677679427049902,
        21.687679427049904,
        21.697679427049906,
        21.707679427049907,
        21.71767942704991,
        21.72767942704991,
        21.737679427049912,
        21.747679427049913,
        21.757679427049915,
        21.767679427049917,
        21.777679427049918,
        21.78767942704992,
        21.79767942704992,
        21.807679427049923,
        21.817679427049924,
        21.827679427049926,
        21.837679427049927,
        21.84767942704993,
        21.85767942704993,
        21.867679427049932,
        21.877679427049934,
        21.887679427049935,
        21.897679427049937,
        21.90767942704994,
        21.91767942704994,
        21.92767942704994,
        21.937679427049943,
        21.947679427049945,
        21.957679427049946,
        21.967679427049948,
        21.97767942704995,
        21.98767942704995,
        21.997679427049952,
        22.007679427049954,
        22.017679427049956,
        22.027679427049957,
        22.03767942704996,
        22.04767942704996,
        22.057679427049962,
        22.058173051239976
    ],
    "frequency": [
        13949.868572796975,
        13896.073333267705,
        13715.85417186679,
        13517.789880872682,
        13300.092695573538,
        12950.579836014771,
        12581.713851719662,
        11909.273357603874,
        11300.3508219529,
        10721.076462180825,
        10242.334179737534,
        9974.895352773265,
        9762.159632816629,
        9675.261179218338,
        9604.061597488437,
        9576.19368582664,
        9561.522256864111,
        9546.850827901584,
        9532.179398939055,
        9523.393813471255,
        9517.828788692366,
        9512.263763913477,
        9506.698739134587,
        9501.1337143557,
        9495.568689576809,
        9490.00366479792,
        9483.580541970417,
        9475.895507751951,
        9468.210473533485,
        9460.525439315017,
        9452.840405096553,
        9445.155370878087,
        9437.47033665962,
        9429.785302441152,
        9422.288519292011,
        9414.95280481075,
        9407.617090329486,
        9400.281375848223,
        9392.94566136696,
        9385.609946885696,
        9378.274232404432,
        9361.40948374064,
        9339.891387928934,
        9318.373292117227,
        9296.85519630552,
        9275.337100493814,
        9252.922696453805,
        9214.627780178735,
        9176.332863903663,
        9138.037947628593,
        9099.743031353522,
        9061.448115078452,
        9023.15319880338,
        8984.858282528308,
        8932.681062187003,
        8874.178739198927,
        8815.676416210852,
        8757.174093222775,
        8698.6717702347,
        8635.14845328049,
        8569.398716078053,
        8503.648978875619,
        8437.899241673185,
        8372.149504470752,
        8306.399767268318,
        8240.650030065883,
        8237.404463988865
    ]
}