{
    "time": [
        3.8874816691107856,
        3.8974816691107854,
        3.907481669110785,
        3.917481669110785,
        3.927481669110785,
        3.9374816691107846,
        3.9474816691107844,
        3.957481669110784,
        3.967481669110784,
        3.9774816691107837,
        3.9874816691107835,
        3.9974816691107833,
        4.007481669110783,
        4.017481669110783,
        4.027481669110783,
        4.037481669110782,
        4.039461405145981
    ],
    "frequency": [
        6961.546352228913,
        7271.382932740106,
        7581.219513251299,
        7929.022899880371,
        8320.158085213217,
        8711.293270546063,
        8825.332851382702,
        8919.794595475705,
        8991.502090774089,
        9029.221939850966,
        9066.941788927841,
        9111.531839418054,
        9157.166506618327,
        9190.139574554656,
        9197.980904676162,
        9205.82223479767,
        9207.374611178211
    ]
}