{
    "time": [
        25.64783934203522,
        25.65783934203522,
        25.667839342035222,
        25.677839342035224,
        25.687839342035225,
        25.697839342035227,
        25.70783934203523,
        25.71783934203523,
        25.72783934203523,
        25.737839342035233,
        25.747839342035235,
        25.757839342035236,
        25.767839342035238,
        25.77783934203524,
        25.78783934203524,
        25.797839342035243,
        25.807839342035244,
        25.817839342035246,
        25.827839342035247,
        25.83783934203525,
        25.84783934203525,
        25.857839342035252,
        25.867839342035253,
        25.877839342035255,
        25.887839342035257,
        25.897839342035258,
        25.90783934203526,
        25.91783934203526,
        25.927839342035263,
        25.929971460219317
    ],
    "frequency": [
        10839.198913492508,
        10823.11298752548,
        10807.027061558452,
        10790.941135591424,
        10783.755826640343,
        10777.32145625353,
        10770.887085866718,
        10760.801888084807,
        10705.650141912134,
        10650.49839573946,
        10592.450868747703,
        10529.715757476293,
        10466.980646204884,
        10441.420199356005,
        10424.185278677047,
        10406.950357998086,
        10407.132742130474,
        10466.880467150873,
        10526.62819217127,
        10616.271286322182,
        10732.08995328477,
        10849.71878395182,
        10968.507160323725,
        11026.512393809346,
        11080.80239394807,
        11016.911401438065,
        10938.492512348796,
        10763.95315081791,
        10466.081625877205,
        10294.596149568943
    ]
}