{
    "time": [
        19.47081282488754,
        19.48081282488754,
        19.49081282488754,
        19.500812824887543,
        19.510812824887545,
        19.520812824887546,
        19.530812824887548,
        19.54081282488755,
        19.55081282488755,
        19.560812824887552,
        19.570812824887554,
        19.580812824887555,
        19.590812824887557,
        19.60081282488756,
        19.61081282488756,
        19.62081282488756,
        19.630812824887563,
        19.640812824887565,
        19.650812824887566,
        19.660812824887568,
        19.67081282488757,
        19.68081282488757,
        19.690812824887573,
        19.700812824887574,
        19.710812824887576,
        19.720812824887577,
        19.73081282488758,
        19.74081282488758,
        19.750812824887582,
        19.760812824887584,
        19.770812824887585,
        19.780812824887587,
        19.79081282488759,
        19.80081282488759,
        19.810126204486846
    ],
    "frequency": [
        8015.927252954477,
        7942.180150674732,
        7868.433048394987,
        7813.991837571108,
        7766.86351185387,
        7737.1111621983755,
        7756.560947415012,
        7776.010732631647,
        7795.460517848285,
        7814.91030306492,
        7834.360088281558,
        7911.962148596372,
        7992.41353290155,
        8038.995120815597,
        8080.431619755387,
        8121.868118695177,
        8163.304617634968,
        8200.980514643594,
        8235.01763877271,
        8269.054762901822,
        8303.091887030936,
        8337.12901116005,
        8369.1585750042,
        8393.184780271811,
        8417.210985539421,
        8441.237190807029,
        8523.47389289098,
        8607.019561207897,
        8690.565229524811,
        8774.110897841727,
        8911.92443286718,
        9062.660268296102,
        9221.623891222845,
        9425.846635997528,
        9616.047030486354
    ]
}