{
    "time": [
        0.010049414689780933,
        0.020049414689780935,
        0.030049414689780937,
        0.04004941468978094,
        0.05004941468978094,
        0.06004941468978094,
        0.07004941468978094,
        0.08004941468978094,
        0.09004941468978095,
        0.10004941468978096,
        0.11004941468978095,
        0.12004941468978095,
        0.13004941468978096,
        0.14004941468978097,
        0.15004941468978095,
        0.16004941468978096,
        0.17004941468978096,
        0.18004941468978097,
        0.19004941468978098,
        0.20004941468978096,
        0.21004941468978097,
        0.22004941468978098,
        0.23004941468978096,
        0.24004941468978097,
        0.250049414689781,
        0.260049414689781,
        0.270049414689781,
        0.27673568372372104
    ],
    "frequency": [
        12951.147854942614,
        12815.553088679688,
        12710.322197778818,
        12658.17036460077,
        12616.1443825983,
        12606.728079385597,
        12622.668712936747,
        12705.928657133281,
        12789.188601329815,
        12887.081921710322,
        13059.031806464032,
        13230.981691217745,
        13402.931575971454,
        13596.602694993426,
        13822.593972098302,
        14048.58524920318,
        14291.787089394998,
        14555.44357935069,
        14758.677443727925,
        14899.921991918474,
        15046.159687887815,
        15196.82053929107,
        15297.656312059267,
        15354.503734786467,
        15354.503734786464,
        15354.503734786464,
        15263.66948239193,
        15188.117558489585
    ]
}