{
    "time": [
        32.49496526456555,
        32.50496526456555,
        32.51496526456555,
        32.524965264565544,
        32.53496526456554,
        32.54496526456554,
        32.55496526456554,
        32.56496526456554,
        32.574965264565535,
        32.58496526456553,
        32.59496526456553,
        32.60496526456553,
        32.61496526456553,
        32.624965264565525,
        32.63496526456552,
        32.64496526456552,
        32.65496526456552,
        32.66496526456552,
        32.674965264565515,
        32.68496526456551,
        32.69496526456551,
        32.70496526456551,
        32.71496526456551,
        32.724965264565505,
        32.7349652645655,
        32.7449652645655,
        32.7549652645655,
        32.7649652645655,
        32.774965264565495,
        32.78496526456549,
        32.79496526456549,
        32.80496526456549,
        32.81496526456549,
        32.824965264565485,
        32.83496526456548,
        32.84496526456548,
        32.85496526456548,
        32.86496526456548,
        32.874965264565475,
        32.88496526456547,
        32.89496526456547,
        32.90496526456547,
        32.91013365409358
    ],
    "frequency": [
        9999.56012256613,
        9743.420589876687,
        9684.243470311936,
        9625.066350747185,
        9310.26759511485,
        8455.486979179756,
        8262.447380672651,
        8296.262877566794,
        8330.078374460936,
        8365.686002564571,
        8426.656368176733,
        8487.626733788893,
        8548.597099401053,
        8609.567465013215,
        8670.537830625375,
        8740.907880308503,
        8834.839816125559,
        8928.771751942615,
        9022.703687759671,
        9116.635623576725,
        9210.567559393781,
        9328.278021262797,
        9453.207495899464,
        9578.13697053613,
        9745.268838834805,
        9938.939411955762,
        10132.60998507672,
        10309.846207328877,
        10523.586971870387,
        10985.73209609024,
        11475.612889664888,
        11809.410645626238,
        11940.915355770137,
        12055.596528135582,
        12078.140192731671,
        12100.683857327764,
        12123.227521923853,
        12127.14555583481,
        12110.534434553478,
        12093.923313272146,
        12077.312191990814,
        12060.70107070948,
        12052.11579618142
    ]
}