{
    "time": [
        24.548063173160013,
        24.558063173160015,
        24.568063173160017,
        24.578063173160018,
        24.58806317316002,
        24.59806317316002,
        24.608063173160023,
        24.618063173160024,
        24.628063173160026,
        24.638063173160027,
        24.64806317316003,
        24.65806317316003,
        24.668063173160032,
        24.678063173160034,
        24.688063173160035,
        24.698063173160037,
        24.70806317316004,
        24.71806317316004,
        24.72806317316004,
        24.738063173160043,
        24.748063173160045,
        24.758063173160046,
        24.768063173160048,
        24.77806317316005,
        24.78806317316005,
        24.798063173160052,
        24.808063173160054,
        24.818063173160056,
        24.828063173160057,
        24.83806317316006,
        24.84806317316006,
        24.858063173160062,
        24.868063173160063,
        24.878063173160065,
        24.888063173160067,
        24.898063173160068,
        24.90806317316007,
        24.91806317316007,
        24.928063173160073,
        24.938063173160074,
        24.948063173160076,
        24.958063173160077,
        24.96806317316008,
        24.97806317316008,
        24.988063173160082,
        24.9949454428512
    ],
    "frequency": [
        6937.589020601748,
        7031.968781416371,
        7126.348542230991,
        7220.728303045613,
        7256.277515377486,
        7282.565108331654,
        7308.852701285822,
        7335.140294239989,
        7361.427887194157,
        7387.715480148325,
        7414.968313372891,
        7442.59165800156,
        7470.21500263023,
        7497.838347258899,
        7525.46169188757,
        7550.866587812696,
        7572.4163006414055,
        7593.9660134701135,
        7615.515726298822,
        7637.06543912753,
        7658.615151956239,
        7701.470906406484,
        7751.55942811645,
        7801.647949826418,
        7851.7364715363865,
        7901.824993246353,
        7943.402438263493,
        7984.157334978896,
        8024.912231694298,
        8065.667128409701,
        8106.422025125103,
        8147.176921840505,
        8197.32785576723,
        8252.767715266727,
        8308.207574766224,
        8363.647434265724,
        8419.087293765222,
        8474.527153264718,
        8529.967012764217,
        8585.406872263715,
        8640.846731763213,
        8696.28659126271,
        8740.348162161412,
        8770.378086056971,
        8800.408009952529,
        8821.075413457824
    ]
}