{
    "time": [
        18.752378350763863,
        18.762378350763864,
        18.772378350763866,
        18.782378350763867,
        18.79237835076387,
        18.80237835076387,
        18.812378350763872,
        18.822378350763874,
        18.832378350763875,
        18.842378350763877,
        18.85237835076388,
        18.86237835076388,
        18.87237835076388,
        18.882378350763883,
        18.892378350763884,
        18.902378350763886,
        18.912378350763888,
        18.92237835076389,
        18.93237835076389,
        18.942378350763892,
        18.952378350763894,
        18.962378350763895,
        18.972378350763897,
        18.9823783507639,
        18.9923783507639,
        19.0023783507639,
        19.012378350763903,
        19.022378350763905,
        19.032378350763906,
        19.042378350763908,
        19.05237835076391,
        19.06237835076391,
        19.072378350763913,
        19.082378350763914,
        19.08979612489055
    ],
    "frequency": [
        8790.178758211838,
        8812.202779707146,
        8834.226801202456,
        8856.250822697764,
        8878.274844193074,
        8900.298865688383,
        8922.32288718369,
        8957.309679616857,
        9002.692511789004,
        9048.075343961154,
        9093.458176133303,
        9151.869736423645,
        9219.943984681875,
        9288.018232940103,
        9356.092481198331,
        9457.829354912737,
        9582.632143386152,
        9707.434931859565,
        9831.446538041644,
        9951.885592652367,
        10072.32464726309,
        10160.640423498033,
        10234.265139235145,
        10126.480912826286,
        10018.696686417428,
        9973.562037391866,
        9950.870621305789,
        9928.17920521971,
        9919.81195297316,
        9941.30908400207,
        9962.806215030983,
        9984.303346059896,
        10047.019712290208,
        10125.566921818929,
        10183.831467675085
    ]
}