{
    "time": [
        28.308225569924012,
        28.318225569924014,
        28.328225569924015,
        28.338225569924017,
        28.34822556992402,
        28.35822556992402,
        28.36822556992402,
        28.378225569924023,
        28.388225569924025,
        28.398225569924026,
        28.408225569924028,
        28.41822556992403,
        28.42822556992403,
        28.438225569924032,
        28.448225569924034,
        28.458225569924036,
        28.468225569924037,
        28.47822556992404,
        28.48822556992404,
        28.498225569924042,
        28.508225569924043,
        28.518225569924045,
        28.528225569924047,
        28.538225569924048,
        28.54822556992405,
        28.55822556992405,
        28.568225569924053,
        28.578225569924054,
        28.588225569924056,
        28.598225569924058,
        28.60822556992406,
        28.61822556992406,
        28.628225569924062,
        28.638225569924064,
        28.648225569924065,
        28.658225569924067,
        28.66822556992407,
        28.67822556992407,
        28.68822556992407,
        28.698225569924073,
        28.708225569924075,
        28.718225569924076,
        28.720567650143764
    ],
    "frequency": [
        9829.353547765322,
        9993.43961464216,
        10157.525681519,
        10333.721437284754,
        10519.592165530776,
        10705.097873452032,
        10887.702576899563,
        11070.307280347091,
        11227.723814685094,
        11372.601589919712,
        11508.36230671729,
        11612.452573799384,
        11716.542840881475,
        11800.805884211451,
        11879.457299814389,
        11959.09558906655,
        12040.690360233213,
        12122.28513139988,
        12208.551789979167,
        12295.388980735235,
        12376.503784746988,
        12450.540690323483,
        12524.518590739335,
        12578.43741861159,
        12632.356246483841,
        12687.553915758734,
        12743.761234134636,
        12796.434662503147,
        12821.831005740154,
        12847.227348977161,
        12864.577454550088,
        12877.974825874993,
        12890.344482879109,
        12899.203656527352,
        12908.062830175595,
        12910.193866172409,
        12910.453023826954,
        12911.584236829844,
        12914.421749694411,
        12917.25926255898,
        12971.206559402828,
        13031.207266545634,
        13045.259913482274
    ]
}