{
    "time": [
        21.640573725277566,
        21.650573725277567,
        21.66057372527757,
        21.67057372527757,
        21.680573725277572,
        21.690573725277574,
        21.700573725277575,
        21.710573725277577,
        21.72057372527758,
        21.73057372527758,
        21.74057372527758,
        21.750573725277583,
        21.760573725277585,
        21.770573725277586,
        21.780573725277588,
        21.79057372527759,
        21.80057372527759,
        21.810573725277592,
        21.820573725277594,
        21.830573725277596,
        21.837594853234187
    ],
    "frequency": [
        13904.93986798113,
        13848.615296013591,
        13679.86049644098,
        13510.65526649986,
        13170.481573329595,
        12701.110140266905,
        12231.738707204213,
        11799.930032260754,
        11389.565293640204,
        10979.200555019657,
        10568.83581639911,
        10162.500821758955,
        9763.535103655668,
        9364.569385552382,
        9076.589668897965,
        8944.061264268488,
        8837.881571280237,
        8783.72332900377,
        8780.427628647374,
        8794.508771639254,
        8804.395322311355
    ]
}