{
    "time": [
        29.842000510678098,
        29.8520005106781,
        29.8620005106781,
        29.872000510678102,
        29.882000510678104,
        29.892000510678105,
        29.902000510678107,
        29.91200051067811,
        29.92200051067811,
        29.93200051067811,
        29.942000510678113,
        29.952000510678115,
        29.962000510678116,
        29.972000510678118,
        29.98200051067812,
        29.99200051067812,
        30.002000510678123,
        30.012000510678124,
        30.022000510678126,
        30.032000510678127,
        30.04200051067813,
        30.05200051067813,
        30.062000510678132,
        30.072000510678134,
        30.082000510678135,
        30.092000510678137,
        30.10200051067814,
        30.11200051067814,
        30.12200051067814,
        30.132000510678143,
        30.142000510678145,
        30.152000510678146,
        30.162000510678148,
        30.17200051067815,
        30.18200051067815,
        30.192000510678152,
        30.202000510678154,
        30.212000510678156,
        30.222000510678157,
        30.23200051067816,
        30.24200051067816,
        30.25200051067816,
        30.262000510678163,
        30.272000510678165,
        30.282000510678166,
        30.292000510678168,
        30.30200051067817,
        30.31200051067817,
        30.322000510678173,
        30.332000510678174,
        30.342000510678176,
        30.34214681696577
    ],
    "frequency": [
        8307.641484394462,
        8281.662004525762,
        8255.682524657062,
        8233.628562590031,
        8236.980753540833,
        8240.33294449163,
        8243.685135442433,
        8247.037326393232,
        8277.65157473036,
        8320.441306278812,
        8368.514132598548,
        8432.019527833156,
        8495.524923067762,
        8563.865922309375,
        8634.530107552244,
        8705.194292795111,
        8777.6287781413,
        8867.376072233179,
        8957.123366325059,
        9046.87066041694,
        9217.0938569535,
        9392.455346067229,
        9668.29473984256,
        9997.118172702507,
        10301.944069828634,
        10606.76996695476,
        10965.83242153796,
        11165.467316512313,
        11317.347352667803,
        11407.965320633826,
        11492.639180946626,
        11577.313041259427,
        11660.951871418589,
        11721.114877430322,
        11781.277883442053,
        11841.9601902995,
        11903.749223500734,
        11965.53825670197,
        12027.327289903205,
        12089.116323104441,
        12151.348642571673,
        12239.279189819585,
        12327.2097370675,
        12415.140284315414,
        12515.784515197129,
        12647.413879865206,
        12792.5656282377,
        13019.886077088833,
        13247.206525939964,
        13566.503397421402,
        13902.238214186164,
        13907.150225651836
    ]
}