{
    "time": [
        31.508842938779082,
        31.518842938779084,
        31.528842938779086,
        31.538842938779087,
        31.54884293877909,
        31.55884293877909,
        31.568842938779092,
        31.578842938779093,
        31.588842938779095,
        31.598842938779097,
        31.608842938779098,
        31.6188429387791,
        31.6288429387791,
        31.638842938779103,
        31.648842938779104,
        31.658842938779106,
        31.668842938779107,
        31.67884293877911,
        31.68884293877911,
        31.698842938779112,
        31.708842938779114,
        31.718842938779115,
        31.728842938779117,
        31.73884293877912,
        31.74884293877912,
        31.75884293877912,
        31.768842938779123,
        31.778842938779125,
        31.788842938779126,
        31.798842938779128,
        31.80884293877913,
        31.81884293877913,
        31.828842938779133,
        31.838842938779134,
        31.848842938779136,
        31.858842938779137,
        31.86884293877914,
        31.87884293877914,
        31.888842938779142,
        31.898842938779143,
        31.908842938779145,
        31.918842938779147,
        31.928842938779148,
        31.93884293877915,
        31.94884293877915,
        31.958842938779153,
        31.968842938779154,
        31.978842938779156,
        31.988842938779158,
        31.99884293877916,
        32.00884293877916,
        32.01884293877916,
        32.028842938779164,
        32.03884293877917,
        32.04884293877917,
        32.058842938779165,
        32.06884293877917,
        32.078842938779175,
        32.08884293877917,
        32.09884293877917,
        32.108842938779176,
        32.114087199850665
    ],
    "frequency": [
        9008.739638969408,
        9065.447182244812,
        9118.747174945875,
        9163.516288058043,
        9208.285401170211,
        9251.812692276097,
        9251.812692276097,
        9251.812692276098,
        9228.887467784309,
        9205.259324752886,
        9181.631181721463,
        9154.325529246373,
        9120.74869441225,
        9087.171859578128,
        9055.189847423228,
        9035.857730397522,
        9016.525613371814,
        8997.193496346106,
        8980.990405186276,
        8970.864058172809,
        8960.737711159341,
        8950.611364145876,
        8940.825306155606,
        8931.159247642752,
        8921.493189129898,
        8911.827130617045,
        8891.921312700455,
        8871.668618673524,
        8851.415924646592,
        8833.863329177866,
        8820.975251160728,
        8808.08717314359,
        8795.19909512645,
        8784.9163942299,
        8776.41026273859,
        8767.904131247276,
        8759.397999755965,
        8749.144491776164,
        8734.967605957312,
        8720.790720138459,
        8706.613834319607,
        8686.72548549291,
        8666.050860340418,
        8645.376235187925,
        8624.70161003543,
        8597.522844790565,
        8568.335138692926,
        8539.14743259529,
        8484.928056559913,
        8426.26508075777,
        8367.602104955628,
        8308.939129153503,
        8250.27615335134,
        8177.009918585747,
        8101.695212673121,
        8019.866618007329,
        7895.818867092324,
        7771.771116177319,
        7657.08219782182,
        7557.010062629958,
        7456.937927438024,
        7404.457487145266
    ]
}