{
    "time": [
        15.093303760643865,
        15.103303760643865,
        15.113303760643864,
        15.123303760643864,
        15.133303760643864,
        15.143303760643864,
        15.153303760643864,
        15.163303760643863,
        15.173303760643863,
        15.183303760643863,
        15.193303760643863,
        15.203303760643863,
        15.213303760643862,
        15.223303760643862,
        15.233303760643862,
        15.243303760643862,
        15.253303760643862,
        15.263303760643861,
        15.273303760643861,
        15.28330376064386,
        15.29330376064386,
        15.30330376064386,
        15.31330376064386,
        15.32330376064386,
        15.33330376064386,
        15.34330376064386,
        15.35330376064386,
        15.36330376064386,
        15.373303760643859,
        15.383303760643859,
        15.393303760643859,
        15.403303760643858,
        15.413303760643858,
        15.423303760643858,
        15.433303760643858,
        15.443303760643857,
        15.453303760643857,
        15.463303760643857,
        15.473303760643857,
        15.483303760643857,
        15.493303760643856,
        15.503303760643856,
        15.513303760643856,
        15.523303760643856,
        15.533303760643856,
        15.543303760643855,
        15.553303760643855,
        15.563303760643855,
        15.573303760643855,
        15.583303760643854,
        15.593303760643854,
        15.603303760643854,
        15.604304280223872
    ],
    "frequency": [
        9237.476790101442,
        9111.54831398661,
        9019.64217108136,
        8991.965582924255,
        8966.033768290263,
        8994.524373746108,
        9023.014979201951,
        9058.421792530648,
        9118.387733537707,
        9178.353674544765,
        9238.319615551824,
        9328.631084568473,
        9429.224837677953,
        9529.818590787434,
        9630.412343896915,
        9779.883020280828,
        9989.76381380554,
        10199.644607330252,
        10409.525400854965,
        10619.406194379677,
        10829.28698790439,
        11039.167781429102,
        11249.048574953817,
        11500.046811623426,
        11790.650987273017,
        12081.255162922607,
        12317.54590868152,
        12506.183706910211,
        12694.821505138905,
        12863.194582630462,
        12999.949488818515,
        13136.704395006565,
        13262.823804870552,
        13381.218098653719,
        13499.612392436888,
        13555.883765963525,
        13571.178722576662,
        13586.473679189798,
        13604.283998644127,
        13625.041439761957,
        13651.226546029517,
        13709.347381159434,
        13767.468216289351,
        13849.504015809505,
        13943.604415543665,
        14037.704815277822,
        14131.805215011982,
        14225.905614746142,
        14320.0060144803,
        14440.121402864226,
        14563.89725545572,
        14687.673108047211,
        14700.057124452327
    ]
}