{
    "time": [
        49.17621125581207,
        49.18621125581207,
        49.19621125581207,
        49.206211255812065,
        49.21621125581206,
        49.22621125581206,
        49.23621125581206,
        49.24621125581206,
        49.256211255812055,
        49.26621125581205,
        49.27621125581205,
        49.28621125581205,
        49.29621125581205,
        49.306211255812045,
        49.31621125581204,
        49.32621125581204,
        49.33621125581204,
        49.34621125581204,
        49.356211255812035,
        49.36621125581203,
        49.37621125581203,
        49.38621125581203,
        49.39621125581203,
        49.406211255812025,
        49.41621125581202,
        49.42621125581202,
        49.43236735197747
    ],
    "frequency": [
        11378.804502793173,
        11273.20461402868,
        11167.604725264186,
        11069.3165256905,
        11058.16622687686,
        11047.015928063218,
        11035.865629249578,
        11041.318932471182,
        11065.710211126025,
        11090.101489780867,
        11114.492768435708,
        11138.884047090549,
        11163.275325745393,
        11194.948047116653,
        11226.878448264806,
        11258.80884941296,
        11290.847843749258,
        11323.369548622377,
        11355.891253495498,
        11388.412958368617,
        11425.6906152138,
        11540.714750343983,
        11655.738885474166,
        11770.763020604347,
        11935.935582469076,
        12114.340363487345,
        12224.168062319779
    ]
}