{
    "time": [
        11.285478474085359,
        11.295478474085359,
        11.305478474085358,
        11.315478474085358,
        11.325478474085358,
        11.335478474085358,
        11.345478474085358,
        11.355478474085357,
        11.365478474085357,
        11.375478474085357,
        11.385478474085357,
        11.395478474085357,
        11.405478474085356,
        11.415478474085356,
        11.425478474085356,
        11.435478474085356,
        11.445478474085355,
        11.455478474085355,
        11.465478474085355,
        11.475478474085355,
        11.485478474085355,
        11.495478474085354,
        11.505478474085354,
        11.515478474085354,
        11.525478474085354,
        11.535478474085354,
        11.545478474085353,
        11.555478474085353,
        11.565478474085353,
        11.575478474085353,
        11.585478474085352,
        11.595478474085352,
        11.605478474085352,
        11.615478474085352,
        11.625478474085352,
        11.635478474085351,
        11.645478474085351,
        11.655478474085351,
        11.66547847408535,
        11.67547847408535,
        11.68547847408535,
        11.69547847408535,
        11.70547847408535,
        11.71547847408535,
        11.72547847408535,
        11.73547847408535,
        11.745478474085349,
        11.755478474085349,
        11.765478474085349,
        11.775478474085348,
        11.785478474085348,
        11.795478474085348,
        11.805478474085348,
        11.815478474085348,
        11.825478474085347,
        11.835478474085347,
        11.845478474085347,
        11.855478474085347,
        11.865478474085347,
        11.875478474085346,
        11.885478474085346,
        11.895478474085346,
        11.905478474085346,
        11.915478474085345,
        11.925478474085345,
        11.935478474085345,
        11.945478474085345,
        11.955478474085345,
        11.965478474085344,
        11.975478474085344,
        11.985478474085344,
        11.995478474085344,
        12.005478474085344,
        12.015478474085343,
        12.025478474085343,
        12.035478474085343,
        12.045478474085343,
        12.055478474085342,
        12.065478474085342,
        12.075478474085342,
        12.085478474085342,
        12.094149199245951
    ],
    "frequency": [
        9363.820607576483,
        9371.194286339427,
        9378.567965102371,
        9385.941643865317,
        9400.075779782785,
        9420.273247698675,
        9440.470715614565,
        9460.668183530455,
        9485.45901105491,
        9512.00425460151,
        9538.549498148112,
        9565.094741694711,
        9591.63998524131,
        9618.185228787912,
        9662.296934370705,
        9707.61808188929,
        9752.939229407875,
        9798.260376926462,
        9843.581524445048,
        9888.902671963633,
        9938.319193620788,
        10010.007737149412,
        10081.696280678036,
        10153.38482420666,
        10225.073367735284,
        10292.861391717248,
        10358.899191226561,
        10424.936990735874,
        10490.974790245185,
        10557.012589754499,
        10621.950728062111,
        10671.723059711985,
        10721.49539136186,
        10771.267723011735,
        10821.040054661607,
        10864.796179473324,
        10900.807168780728,
        10936.81815808813,
        10972.829147395532,
        11008.840136702936,
        11044.851126010339,
        11080.862115317741,
        11113.334697958926,
        11138.497376737474,
        11163.660055516022,
        11188.822734294568,
        11213.985413073116,
        11239.148091851665,
        11264.310770630213,
        11284.163156513643,
        11301.85998554471,
        11319.556814575779,
        11337.253643606846,
        11354.950472637911,
        11372.647301668978,
        11382.940735938066,
        11392.61868931443,
        11402.296642690795,
        11411.974596067159,
        11421.652549443523,
        11431.330502819888,
        11440.918025244808,
        11450.302707306739,
        11459.687389368668,
        11469.072071430597,
        11478.456753492526,
        11487.841435554456,
        11489.239139174453,
        11489.239139174453,
        11490.059534526554,
        11510.7058350628,
        11531.352135599043,
        11571.376523688647,
        11626.67911441073,
        11681.98170513281,
        11739.194040212944,
        11816.617667223863,
        11887.797699368046,
        11903.927621661987,
        11920.057543955929,
        11936.18746624987,
        11950.173278557146
    ]
}