{
    "time": [
        35.03781051264459,
        35.04781051264459,
        35.057810512644586,
        35.067810512644584,
        35.07781051264458,
        35.08781051264458,
        35.09781051264458,
        35.107810512644576,
        35.117810512644574,
        35.12781051264457,
        35.13781051264457,
        35.14781051264457,
        35.157810512644566,
        35.16654194128997
    ],
    "frequency": [
        9235.963699461481,
        9227.66302619394,
        9219.3623529264,
        9211.06167965886,
        9202.76100639132,
        9194.46033312378,
        9169.434117153214,
        9142.256106293367,
        9115.07809543352,
        9087.900084573675,
        9060.722073713829,
        9029.411200448314,
        8992.37742740852,
        8960.041652731808
    ]
}