{
    "time": [
        32.4356752433009,
        32.4456752433009,
        32.455675243300895,
        32.46567524330089,
        32.47567524330089,
        32.48567524330089,
        32.49567524330089,
        32.505675243300885,
        32.51567524330088,
        32.52567524330088,
        32.53567524330088,
        32.54567524330088,
        32.555675243300875,
        32.56567524330087,
        32.57567524330087,
        32.58567524330087,
        32.59567524330087,
        32.605675243300865,
        32.61567524330086,
        32.62567524330086,
        32.63567524330086,
        32.64567524330086,
        32.655675243300855,
        32.66567524330085,
        32.67567524330085,
        32.68567524330085,
        32.69567524330085,
        32.705675243300846,
        32.71567524330084,
        32.72567524330084,
        32.73567524330084,
        32.74567524330084,
        32.755675243300836,
        32.765675243300834,
        32.77567524330083,
        32.78567524330083,
        32.79567524330083,
        32.805675243300826,
        32.815675243300824,
        32.82567524330082,
        32.83567524330082,
        32.84567524330082,
        32.855675243300816,
        32.865675243300814,
        32.87567524330081,
        32.88567524330081,
        32.89567524330081,
        32.905675243300806,
        32.915675243300804,
        32.9256752433008,
        32.9356752433008,
        32.9456752433008,
        32.955675243300796,
        32.965675243300794,
        32.97567524330079,
        32.98567524330079,
        32.99567524330079,
        33.005675243300786,
        33.015675243300784,
        33.02567524330078,
        33.03567524330078,
        33.04567524330078,
        33.055675243300776,
        33.065675243300774,
        33.07567524330077,
        33.08567524330077,
        33.09567524330077,
        33.105675243300766,
        33.115675243300764,
        33.12567524330076,
        33.131582455672586
    ],
    "frequency": [
        15243.491104207224,
        15075.304201091076,
        14907.117297974926,
        14744.869568653106,
        14586.576012779084,
        14443.963131996185,
        14363.822894300883,
        14283.68265660558,
        14070.422901317386,
        13824.082680022591,
        13676.593820691953,
        13676.593820691953,
        13676.504065914463,
        13620.399850326055,
        13564.295634737646,
        13500.76448150554,
        13432.321515249212,
        13350.266964826065,
        13214.519784438526,
        13078.772604050984,
        12946.66286275974,
        12815.44797982427,
        12671.842230407576,
        12509.87159317805,
        12347.901420996535,
        12186.076130647953,
        12024.250840299372,
        11866.843249693498,
        11712.337854589081,
        11555.08338505177,
        11387.091523419083,
        11219.099661786398,
        11091.118443567577,
        10972.881196697794,
        10848.896342262187,
        10716.449206021289,
        10584.129623209617,
        10478.259661249074,
        10372.38969928853,
        10277.355447902297,
        10189.392219808009,
        10088.907380771096,
        9939.993728481932,
        9791.080076192766,
        9622.180174939189,
        9448.46227819542,
        9274.74438145165,
        9101.026484707882,
        8927.154054660961,
        8729.287109818433,
        8531.420164975903,
        8399.580530662597,
        8310.54040548346,
        8198.968877700867,
        8001.101932858339,
        7803.234988015811,
        7597.380560051368,
        7389.620267966714,
        7181.859975882059,
        6974.099683797405,
        6766.972481523335,
        6638.3589673756915,
        6509.745453228048,
        6393.762343428803,
        6285.9116307317945,
        6177.653610368537,
        6067.850683738798,
        5958.047757109059,
        5921.064254109441,
        5901.277559625188,
        5889.589138979698
    ]
}