{
    "time": [
        40.91851295197251,
        40.92851295197251,
        40.938512951972506,
        40.9485129519725,
        40.9585129519725,
        40.9685129519725,
        40.9785129519725,
        40.988512951972496,
        40.998512951972494,
        41.00851295197249,
        41.01851295197249,
        41.02851295197249,
        41.038512951972486,
        41.048512951972484,
        41.05851295197248,
        41.06851295197248,
        41.07851295197248,
        41.088512951972476,
        41.098512951972474,
        41.10851295197247,
        41.11851295197247,
        41.12851295197247,
        41.138512951972466,
        41.148512951972464,
        41.15851295197246,
        41.16851295197246,
        41.17851295197246,
        41.188512951972456,
        41.198512951972454,
        41.20851295197245,
        41.21851295197245,
        41.22851295197245,
        41.238512951972446,
        41.248512951972444,
        41.25851295197244,
        41.26851295197244,
        41.27851295197244,
        41.288512951972436,
        41.298512951972434,
        41.30851295197243,
        41.31851295197243,
        41.32851295197243,
        41.338512951972426,
        41.348512951972424,
        41.35851295197242,
        41.36851295197242,
        41.37851295197242,
        41.388512951972416,
        41.398512951972414,
        41.40851295197241,
        41.41851295197241,
        41.42851295197241,
        41.438512951972406,
        41.448512951972404,
        41.4585129519724,
        41.4685129519724,
        41.4785129519724,
        41.488512951972396,
        41.498512951972394,
        41.50851295197239,
        41.51851295197239,
        41.52336838088634
    ],
    "frequency": [
        8451.478925955165,
        8378.59408965251,
        8305.709253349854,
        8232.824417047199,
        8203.213899686283,
        8195.938408005448,
        8188.662916324611,
        8181.3874246437745,
        8176.47785753068,
        8172.476337106221,
        8168.474816681762,
        8168.742499160545,
        8194.466559032076,
        8220.190618903607,
        8245.914678775138,
        8253.899098519933,
        8257.53684436035,
        8261.174590200768,
        8264.812336041185,
        8301.469805978106,
        8343.224801711602,
        8387.739355756794,
        8452.049505435607,
        8516.35965511442,
        8580.669804793233,
        8629.89428531304,
        8674.91139008821,
        8719.928494863381,
        8807.615820348241,
        8899.0791443359,
        8986.568183110488,
        9068.417464519887,
        9150.266745929286,
        9222.18375378239,
        9291.440838051882,
        9360.697922321373,
        9415.365168071943,
        9463.383413165468,
        9511.40165825899,
        9559.341389722736,
        9606.632085648163,
        9653.92278157359,
        9701.213477499017,
        9752.301677910924,
        9821.801769493652,
        9891.30186107638,
        10095.32534050354,
        10221.609117697459,
        10284.490152938955,
        10345.088572952498,
        10381.624194219308,
        10418.159815486117,
        10483.316127298767,
        10586.793442319195,
        10596.172005814024,
        10605.55056930885,
        10614.929132803678,
        10624.307696298507,
        10633.686259793332,
        10643.064823288161,
        10652.44338678299,
        10656.997081619398
    ]
}