{
    "time": [
        42.846740987598544,
        42.85674098759854,
        42.86674098759854,
        42.87674098759854,
        42.886740987598536,
        42.896740987598534,
        42.90674098759853,
        42.91674098759853,
        42.92674098759853,
        42.936740987598526,
        42.946740987598524,
        42.95674098759852,
        42.96674098759852,
        42.97674098759852,
        42.986740987598516,
        42.996740987598514,
        43.00674098759851,
        43.01674098759851,
        43.02674098759851,
        43.036740987598506,
        43.046740987598504,
        43.0567409875985,
        43.0667409875985,
        43.0767409875985,
        43.086740987598496,
        43.096740987598494,
        43.10674098759849,
        43.11541931661509
    ],
    "frequency": [
        13637.096747721534,
        13520.635189788443,
        13404.17363185535,
        13321.649511684482,
        13266.065586307319,
        13236.670296364255,
        13222.112601622623,
        13217.056643919288,
        13251.024598316448,
        13375.308069172306,
        13553.639829757336,
        13731.971590342366,
        13910.303350927396,
        14088.635111512422,
        14268.566021209013,
        14484.36243737915,
        14700.158853549285,
        14924.278780305493,
        15248.518345005481,
        15553.775000238402,
        15757.582726621367,
        15884.426382994012,
        15957.214856702172,
        16013.128587687808,
        15969.4555034629,
        15925.78241923799,
        15801.446889098192,
        15663.880516434545
    ]
}