{
    "time": [
        42.58678598095266,
        42.59678598095266,
        42.60678598095266,
        42.616785980952656,
        42.626785980952654,
        42.63678598095265,
        42.64678598095265,
        42.65678598095265,
        42.666785980952646,
        42.676785980952644,
        42.68678598095264,
        42.69678598095264,
        42.70678598095264,
        42.716785980952636,
        42.726785980952634,
        42.73678598095263,
        42.74678598095263,
        42.75678598095263,
        42.766785980952626,
        42.776785980952624,
        42.78678598095262,
        42.79678598095262,
        42.80678598095262,
        42.816785980952616,
        42.826785980952614,
        42.83678598095261,
        42.84678598095261,
        42.85678598095261,
        42.866785980952606,
        42.876785980952604,
        42.8867859809526,
        42.8967859809526,
        42.9067859809526,
        42.916785980952596,
        42.926785980952594,
        42.93678598095259,
        42.94678598095259,
        42.95678598095259,
        42.96678598095259,
        42.976785980952585,
        42.98678598095258,
        42.99678598095258,
        43.00678598095258,
        43.01678598095258,
        43.026785980952575,
        43.03678598095257,
        43.04678598095257,
        43.05678598095257,
        43.06678598095257,
        43.076785980952565,
        43.08678598095256,
        43.09678598095256,
        43.10678598095256,
        43.11678598095256,
        43.126785980952555,
        43.13678598095255,
        43.14678598095255,
        43.15678598095255,
        43.16678598095255,
        43.176785980952545,
        43.18678598095254,
        43.19678598095254,
        43.20678598095254,
        43.21678598095254,
        43.22533317848549
    ],
    "frequency": [
        11592.534174019813,
        10922.88021590453,
        10552.51208844571,
        10271.260759610028,
        10105.66698192393,
        9940.073204237831,
        9786.399258553043,
        9666.44241756182,
        9454.880723011065,
        9386.944814216757,
        9319.008905422452,
        9251.961405476044,
        9188.878061595618,
        9125.794717715193,
        9062.711373834767,
        9005.927688741107,
        8954.975757145392,
        8904.023825549679,
        8853.580664555433,
        8819.612710158277,
        8785.644755761119,
        8769.170202805732,
        8753.884623327012,
        8738.599043848295,
        8206.275074971198,
        7900.576512686657,
        7884.898995272588,
        7869.2214778585185,
        7853.54396044445,
        7845.548163284812,
        7865.9289359231025,
        7886.309708561394,
        7906.690481199683,
        7927.071253837972,
        7947.452026476263,
        8033.394784678783,
        8120.740953128604,
        8352.579245249372,
        8457.131817314432,
        8513.17894206973,
        8569.226066825027,
        9016.626449547011,
        9129.852964204214,
        9544.315725408638,
        9953.181687236458,
        10260.109431565217,
        10570.704375179079,
        11093.708096630999,
        11338.277368290479,
        11539.000189644867,
        11648.18290020711,
        11757.365610769355,
        11781.548601939801,
        11794.286584838734,
        11804.506153260356,
        11789.220573781637,
        11773.93499430292,
        11758.649414824202,
        11729.594459986401,
        11691.38051128961,
        11653.166562592816,
        11508.457366364044,
        11338.617594378258,
        11184.980044635078,
        11059.170024358495
    ]
}