{
    "time": [
        22.14475961256273,
        22.15475961256273,
        22.164759612562733,
        22.174759612562735,
        22.184759612562736,
        22.194759612562738,
        22.20475961256274,
        22.21475961256274,
        22.224759612562742,
        22.234759612562744,
        22.244759612562746,
        22.254759612562747,
        22.26475961256275,
        22.27475961256275,
        22.284759612562752,
        22.294759612562753,
        22.304759612562755,
        22.314759612562757,
        22.324759612562758,
        22.33475961256276,
        22.34475961256276,
        22.354759612562763,
        22.364759612562764,
        22.374759612562766,
        22.384759612562767,
        22.39475961256277,
        22.40475961256277,
        22.414759612562772,
        22.424759612562774,
        22.434759612562775,
        22.444759612562777,
        22.45475961256278,
        22.46475961256278,
        22.47475961256278,
        22.484759612562783,
        22.494759612562785,
        22.504759612562786,
        22.514759612562788,
        22.52475961256279,
        22.53475961256279,
        22.544759612562792,
        22.554759612562794,
        22.564759612562796,
        22.574759612562797,
        22.5847596125628,
        22.5947596125628,
        22.604759612562802,
        22.614759612562803,
        22.624759612562805,
        22.634759612562807,
        22.644759612562808,
        22.65475961256281,
        22.66475961256281,
        22.674759612562813,
        22.684759612562814,
        22.694759612562816,
        22.69857828598526
    ],
    "frequency": [
        19746.358761191503,
        19086.60260091701,
        18426.846440642516,
        17767.090280368022,
        16935.0663318785,
        15803.75813705002,
        14672.449942221538,
        13836.436130789756,
        13610.730075958994,
        13405.077729198618,
        13271.142268090283,
        13137.206806981949,
        13085.87607120886,
        13060.673161860515,
        13035.470252512168,
        13021.951766977954,
        13086.610265444055,
        13151.268763910157,
        13215.927262376257,
        13321.950684689646,
        13442.9246495617,
        13563.898614433758,
        13686.358009758787,
        13821.500096642889,
        13956.642183526988,
        14091.784270411092,
        14226.926357295191,
        14418.62767299624,
        14626.971723609222,
        14835.315774222205,
        15025.753905136673,
        15209.261823629959,
        15374.426371420846,
        15395.260776482144,
        15374.84338900543,
        15247.883733163144,
        14970.71108871046,
        14446.50500308007,
        13719.905126567239,
        12993.305250054402,
        12588.057549778412,
        12475.729207501681,
        12401.712242152338,
        12353.547514153031,
        12321.585642752174,
        12289.623771351318,
        12257.66189995046,
        12225.700028549603,
        12197.281851381613,
        12172.975045476764,
        12148.668239571916,
        12124.361433667069,
        12100.054627762218,
        12065.304511394277,
        11987.175492414406,
        11909.046473434533,
        11879.211552604535
    ]
}