{
    "time": [
        30.787688582271958,
        30.79768858227196,
        30.80768858227196,
        30.817688582271963,
        30.827688582271964,
        30.837688582271966,
        30.847688582271967,
        30.85768858227197,
        30.86768858227197,
        30.877688582271972,
        30.887688582271974,
        30.897688582271975,
        30.907688582271977,
        30.91768858227198,
        30.92768858227198,
        30.93768858227198,
        30.947688582271983,
        30.957688582271985,
        30.967688582271986,
        30.977688582271988,
        30.98768858227199,
        30.99768858227199,
        31.007688582271992,
        31.017688582271994,
        31.027688582271995,
        31.037688582271997,
        31.047688582272,
        31.057688582272,
        31.067688582272,
        31.077688582272003,
        31.087688582272005,
        31.097688582272006,
        31.107688582272008,
        31.11768858227201,
        31.12768858227201,
        31.137688582272013,
        31.147688582272014,
        31.157688582272016,
        31.167688582272017,
        31.17768858227202,
        31.18768858227202,
        31.197688582272022,
        31.207688582272024,
        31.217688582272025,
        31.227688582272027,
        31.23768858227203,
        31.24768858227203,
        31.25768858227203,
        31.267688582272033,
        31.277688582272035,
        31.287688582272036,
        31.297688582272038,
        31.30768858227204,
        31.31768858227204,
        31.327688582272042,
        31.337688582272044,
        31.347688582272045,
        31.357688582272047,
        31.36768858227205,
        31.37768858227205,
        31.38768858227205,
        31.397688582272053,
        31.407688582272055,
        31.417688582272056,
        31.427688582272058,
        31.43768858227206,
        31.44768858227206,
        31.457688582272063,
        31.467688582272064,
        31.477688582272066,
        31.487688582272067,
        31.49768858227207,
        31.50768858227207,
        31.517688582272072,
        31.527688582272074,
        31.537688582272075,
        31.547688582272077,
        31.55768858227208,
        31.56768858227208,
        31.57768858227208,
        31.587688582272083,
        31.597688582272085,
        31.607688582272086,
        31.617688582272088,
        31.62768858227209,
        31.63768858227209,
        31.643115901219478
    ],
    "frequency": [
        7125.856317246111,
        7643.022457464963,
        8160.188597683815,
        8671.034822473817,
        9118.228611690469,
        9211.93118761862,
        9305.63376354677,
        9365.852615680877,
        9399.48943780893,
        9433.126259936982,
        9445.95651492678,
        9417.701584339215,
        9389.446653751647,
        9361.19172316408,
        9332.936792576513,
        9299.334333620009,
        9264.877101196147,
        9230.419868772287,
        9195.962636348428,
        9161.505403924568,
        9127.048171500706,
        9092.590939076847,
        9059.005634852883,
        9026.209733278029,
        8993.413831703177,
        8960.617930128325,
        8927.822028553474,
        8895.026126978619,
        8862.230225403766,
        8838.012498485665,
        8828.625478356904,
        8819.238458228145,
        8809.851438099387,
        8800.464417970627,
        8791.077397841867,
        8781.690377713108,
        8772.30335758435,
        8770.909979313945,
        8773.432740973549,
        8775.95550263315,
        8778.478264292757,
        8781.00102595236,
        8783.523787611965,
        8786.046549271568,
        8775.447899297646,
        8752.38264983841,
        8729.317400379172,
        8706.252150919936,
        8683.186901460696,
        8660.12165200146,
        8636.517527382295,
        8611.289910786254,
        8586.062294190215,
        8560.834677594175,
        8535.607060998133,
        8510.379444402093,
        8485.151827806052,
        8458.811374180048,
        8421.33034380879,
        8383.84931343753,
        8346.368283066267,
        8308.887252695007,
        8271.406222323747,
        8233.925191952487,
        8173.5940212130645,
        8108.490494513608,
        8043.386967814149,
        7978.283441114692,
        7913.1799144152355,
        7843.552891834066,
        7762.2639050246,
        7680.974918215135,
        7599.68593140567,
        7518.396944596205,
        7437.10795778674,
        7355.818970977275,
        7277.0377478802375,
        7198.745144651149,
        7120.452541422058,
        7042.159938192968,
        6963.867334963879,
        6885.574731734789,
        6807.282128505699,
        6728.989525276609,
        6650.696922047519,
        6572.404318818429,
        6529.912425923888
    ]
}