{
    "time": [
        19.26439902365178,
        19.27439902365178,
        19.284399023651783,
        19.294399023651785,
        19.304399023651786,
        19.314399023651788,
        19.32439902365179,
        19.33439902365179,
        19.344399023651793,
        19.354399023651794,
        19.364399023651796,
        19.374399023651797,
        19.3843990236518,
        19.3943990236518,
        19.404399023651802,
        19.414399023651804,
        19.424399023651805,
        19.434399023651807,
        19.44439902365181,
        19.45439902365181,
        19.46439902365181,
        19.474399023651813,
        19.484399023651815,
        19.494399023651816,
        19.504399023651818,
        19.51439902365182,
        19.52439902365182,
        19.534399023651822,
        19.544399023651824,
        19.554399023651825,
        19.56019058780522
    ],
    "frequency": [
        13591.53196756007,
        13393.697269944267,
        13333.852337959734,
        13297.409104188398,
        13260.965870417063,
        13231.457476142374,
        13225.275141841881,
        13219.092807541387,
        13222.694168149897,
        13272.152842553845,
        13321.611516957795,
        13407.740183893027,
        13529.932203008677,
        13652.124222124326,
        13781.539029276668,
        13931.510493598342,
        14081.481957920012,
        14231.45342224168,
        14381.424886563353,
        14531.396350885023,
        14697.841070718017,
        14894.933240544337,
        15003.742324233048,
        15101.669635988328,
        15101.669635988328,
        15087.085013679289,
        15010.994745365511,
        14934.904477051736,
        14830.868629077933,
        14715.465055468716,
        14648.628335459849
    ]
}