{
    "time": [
        30.4637715430889,
        30.4737715430889,
        30.483771543088903,
        30.493771543088904,
        30.503771543088906,
        30.513771543088907,
        30.52377154308891,
        30.53377154308891,
        30.543771543088912,
        30.553771543088914,
        30.563771543088915,
        30.573771543088917,
        30.58377154308892,
        30.59377154308892,
        30.60377154308892,
        30.613771543088923,
        30.623771543088925,
        30.633771543088926,
        30.643771543088928,
        30.65377154308893,
        30.66377154308893,
        30.673771543088932,
        30.683771543088934,
        30.693771543088936,
        30.703771543088937,
        30.71377154308894,
        30.72377154308894,
        30.73377154308894,
        30.743771543088943,
        30.753771543088945,
        30.763771543088946,
        30.773771543088948,
        30.78377154308895,
        30.79377154308895,
        30.803771543088953,
        30.813771543088954,
        30.823771543088956,
        30.833771543088957,
        30.84377154308896,
        30.85377154308896,
        30.863771543088962,
        30.873771543088964,
        30.883771543088965,
        30.893771543088967,
        30.90377154308897,
        30.91377154308897,
        30.92377154308897,
        30.933771543088973,
        30.943771543088975,
        30.953771543088976,
        30.963771543088978,
        30.97377154308898,
        30.98377154308898,
        30.993771543088982,
        31.003771543088984,
        31.013771543088986,
        31.023771543088987,
        31.03377154308899,
        31.04377154308899,
        31.053771543088992,
        31.061496908211225
    ],
    "frequency": [
        7324.504281020185,
        8019.665271666529,
        8606.93253148775,
        9024.990177936425,
        9443.0478243851,
        9719.522139762363,
        9977.40444274413,
        10235.286745725894,
        10426.300455337718,
        10583.272291935302,
        10740.244128532886,
        10897.215965130472,
        11054.187801728056,
        11177.484150877302,
        11293.919304397486,
        11410.354457917672,
        11526.789611437858,
        11636.47780362214,
        11714.963721920933,
        11793.449640219727,
        11871.935558518522,
        11950.421476817317,
        12028.90739511611,
        12107.393313414905,
        12168.64237202577,
        12223.684444598948,
        12278.726517172125,
        12333.768589745303,
        12388.810662318481,
        12443.852734891658,
        12498.894807464836,
        12553.936880038014,
        12597.130955042569,
        12638.412509472451,
        12679.694063902338,
        12720.975618332222,
        12762.25717276211,
        12803.538727191994,
        12844.82028162188,
        12886.101836051765,
        12927.38339048165,
        12968.664944911534,
        13009.94649934142,
        13050.788632007396,
        13083.224139059446,
        13115.659646111499,
        13148.095153163551,
        13180.530660215603,
        13213.758616736872,
        13266.616480080953,
        13319.474343425034,
        13372.332206769113,
        13430.179868346193,
        13500.817194815107,
        13571.454521284022,
        13642.091847752938,
        13712.729174221855,
        13783.366500690769,
        13881.608657409655,
        13982.51912379382,
        14060.476143541062
    ]
}