{
    "time": [
        57.74900957640965,
        57.759009576409646,
        57.769009576409644,
        57.77900957640964,
        57.78900957640964,
        57.79900957640964,
        57.809009576409636,
        57.819009576409634,
        57.82900957640963,
        57.83900957640963,
        57.84900957640963,
        57.859009576409626,
        57.869009576409624,
        57.87900957640962,
        57.88900957640962,
        57.89900957640962,
        57.909009576409616,
        57.919009576409614,
        57.92900957640961,
        57.93900957640961,
        57.94900957640961,
        57.959009576409606,
        57.96367613386759
    ],
    "frequency": [
        14058.308636766551,
        13830.43079949916,
        13602.552962231763,
        13374.675124964371,
        13152.59335313788,
        12993.892716469516,
        12835.192079801154,
        12676.49144313279,
        12528.139490781057,
        12431.195662951957,
        12334.251835122857,
        12237.308007293757,
        12140.36417946466,
        12047.89850397358,
        11969.926479009966,
        11891.954454046354,
        11813.98242908274,
        11736.010404119126,
        11665.269963496059,
        11597.074994954204,
        11528.88002641235,
        11460.685057870494,
        11428.861483965913
    ]
}