{
    "time": [
        22.914341103629138,
        22.92434110362914,
        22.93434110362914,
        22.944341103629142,
        22.954341103629144,
        22.964341103629145,
        22.974341103629147,
        22.98434110362915,
        22.99434110362915,
        23.00434110362915,
        23.014341103629153,
        23.024341103629155,
        23.034341103629156,
        23.044341103629158,
        23.05434110362916,
        23.06434110362916,
        23.074341103629163,
        23.084341103629164,
        23.094341103629166,
        23.104341103629167,
        23.11434110362917,
        23.12434110362917,
        23.134341103629172,
        23.144341103629174,
        23.154341103629175,
        23.164341103629177,
        23.174341103629178,
        23.18434110362918,
        23.19434110362918,
        23.204341103629183,
        23.214341103629184,
        23.224341103629186,
        23.234341103629188,
        23.24434110362919,
        23.25434110362919,
        23.264341103629192,
        23.274341103629194,
        23.284341103629195,
        23.294341103629197,
        23.3043411036292,
        23.3143411036292,
        23.3243411036292,
        23.334341103629203,
        23.344341103629205,
        23.35000052250201
    ],
    "frequency": [
        10958.25659733729,
        10201.408983459536,
        9514.938844118542,
        8879.858668812045,
        8244.778493505546,
        7892.761176476211,
        7662.84063250401,
        7556.508584995938,
        7506.7680397971035,
        7542.399342151242,
        7592.435962023876,
        7652.728431484607,
        7775.587578125729,
        7898.446724766853,
        8021.305871407975,
        8197.796691790187,
        8379.660560173423,
        8561.52442855666,
        8750.902301511169,
        8958.746722520582,
        9166.591143529995,
        9374.435564539408,
        9593.634292957693,
        9818.438241375856,
        10043.242189794017,
        10268.04613821218,
        10473.565135612836,
        10662.164702825095,
        10850.764270037356,
        11039.363837249615,
        11179.325510216586,
        11293.600124832872,
        11407.874739449158,
        11522.149354065445,
        11606.141844864786,
        11686.970230812894,
        11767.798616761,
        11836.783820275381,
        11895.850717698995,
        11954.917615122611,
        12012.86597240923,
        12065.82250113385,
        12118.77902985847,
        12171.73555858309,
        12201.705876393327
    ]
}