{
    "time": [
        1.9111478565347684,
        1.9211478565347684,
        1.9311478565347684,
        1.9411478565347684,
        1.9511478565347684,
        1.9611478565347684,
        1.9711478565347684,
        1.9811478565347684,
        1.9911478565347684,
        2.0011478565347685,
        2.0111478565347687,
        2.0211478565347685,
        2.0311478565347683,
        2.0411478565347685,
        2.0511478565347687,
        2.0611478565347685,
        2.0711478565347683,
        2.0811478565347685,
        2.0911478565347688,
        2.1011478565347685,
        2.1111478565347683,
        2.1211478565347686,
        2.131147856534769,
        2.1411478565347686,
        2.1511478565347684,
        2.160440562288077
    ],
    "frequency": [
        9029.037095768996,
        9139.769768047867,
        9250.502440326738,
        9361.23511260561,
        9471.967784884479,
        9583.625510853211,
        9697.703049226358,
        9811.780587599504,
        9925.858125972649,
        10039.935664345796,
        10163.488874750201,
        10289.185421661346,
        10414.881968572492,
        10540.578515483643,
        10666.275062394794,
        10765.596385276856,
        10804.774529768642,
        10843.95267426043,
        10894.284015702257,
        10960.125064084288,
        11028.772347992104,
        11144.207952298268,
        11265.842677124187,
        11409.49587359407,
        11553.149070063952,
        11686.64175859564
    ]
}