{
    "time": [
        54.622216212931086,
        54.632216212931084,
        54.64221621293108,
        54.65221621293108,
        54.66221621293108,
        54.672216212931076,
        54.682216212931074,
        54.69221621293107,
        54.70221621293107,
        54.71221621293107,
        54.722216212931066,
        54.732216212931064,
        54.74221621293106,
        54.75221621293106,
        54.76221621293106,
        54.772216212931056,
        54.782216212931054,
        54.79221621293105,
        54.80221621293105,
        54.81221621293105,
        54.822216212931046,
        54.832216212931044,
        54.84221621293104,
        54.85221621293104,
        54.86221621293104,
        54.872216212931036,
        54.882216212931034,
        54.89221621293103,
        54.90221621293103,
        54.91221621293103,
        54.922216212931026,
        54.932216212931024,
        54.94221621293102,
        54.95221621293102,
        54.96221621293102,
        54.972216212931016,
        54.982216212931014,
        54.99221621293101,
        55.00221621293101,
        55.01221621293101,
        55.022216212931006,
        55.032216212931004,
        55.042216212931,
        55.052216212931,
        55.062216212931,
        55.072216212931,
        55.082216212930994,
        55.09221621293099,
        55.10221621293099,
        55.11221621293099,
        55.12221621293099,
        55.132216212930985,
        55.14221621293098,
        55.15221621293098,
        55.16221621293098,
        55.17221621293098,
        55.182216212930975,
        55.18819100954119
    ],
    "frequency": [
        11275.080666071945,
        11294.652308973438,
        11314.22395187493,
        11333.79559477642,
        11353.367237677912,
        11379.310198660267,
        11411.204727833068,
        11443.099257005866,
        11474.993786178666,
        11506.888315351467,
        11540.530897102486,
        11576.115702377923,
        11611.700507653362,
        11647.285312928801,
        11666.017344661323,
        11655.341903078692,
        11644.666461496061,
        11633.991019913428,
        11623.3155783308,
        11612.640136748169,
        11601.96469516554,
        11591.289253582909,
        11579.417382999183,
        11560.520624335673,
        11541.623865672165,
        11522.727107008657,
        11503.83034834515,
        11484.93358968164,
        11456.03841276235,
        11423.419007926528,
        11390.79960309071,
        11358.180198254891,
        11319.150728757373,
        11260.4358000529,
        11201.720871348427,
        11143.005942643955,
        11041.656737615125,
        10899.317516513369,
        10741.592123363025,
        10565.44733724963,
        10407.56927190788,
        10316.921662679932,
        10226.274053451982,
        10135.626444224032,
        10072.115181142355,
        10022.296453756739,
        9972.477726371126,
        9922.658998985511,
        9882.390162301519,
        9849.7707574657,
        9817.15135262988,
        9784.531947794061,
        9751.780511165585,
        9717.334419658962,
        9682.88832815234,
        9648.442236645718,
        9613.996145139095,
        9593.415306062188
    ]
}