{
    "time": [
        13.01803472067057,
        13.02803472067057,
        13.03803472067057,
        13.04803472067057,
        13.05803472067057,
        13.06803472067057,
        13.07803472067057,
        13.088034720670569,
        13.098034720670569,
        13.108034720670569,
        13.118034720670568,
        13.128034720670568,
        13.138034720670568,
        13.148034720670568,
        13.158034720670567,
        13.168034720670567,
        13.178034720670567,
        13.188034720670567,
        13.198034720670567,
        13.208034720670566,
        13.218034720670566,
        13.228034720670566,
        13.238034720670566,
        13.248034720670566,
        13.258034720670565,
        13.268034720670565,
        13.278034720670565,
        13.288034720670565,
        13.298034720670564,
        13.308034720670564,
        13.318034720670564,
        13.328034720670564,
        13.338034720670564,
        13.348034720670563,
        13.358034720670563,
        13.368034720670563,
        13.378034720670563,
        13.388034720670563,
        13.398034720670562,
        13.408034720670562,
        13.418034720670562,
        13.428034720670562,
        13.438034720670561,
        13.448034720670561,
        13.458034720670561,
        13.46803472067056,
        13.47803472067056,
        13.48803472067056,
        13.49803472067056,
        13.50803472067056,
        13.51803472067056,
        13.52803472067056,
        13.53803472067056,
        13.540392709751064
    ],
    "frequency": [
        10455.412373425013,
        9841.847943716657,
        9401.449540882459,
        9111.29099284304,
        8821.132444803621,
        8530.973896764204,
        8444.120207561531,
        8403.30964073388,
        8386.480444947592,
        8369.651249161305,
        8376.070792388948,
        8397.832683491904,
        8419.594574594861,
        8442.942952699303,
        8489.84865041446,
        8536.754348129614,
        8583.66004584477,
        8630.565743559926,
        8677.471441275082,
        8724.377138990238,
        8771.282836705392,
        8818.18853442055,
        8866.3848062354,
        8954.036867622308,
        9041.688929009219,
        9160.701922220245,
        9285.919152772965,
        9437.295521911145,
        9658.73230857281,
        9880.169095234476,
        10166.232936077198,
        10455.491317311165,
        10771.038738304016,
        11086.586159296863,
        11396.16122076297,
        11669.007038678188,
        11819.267715341466,
        11969.52839200474,
        12082.062163857048,
        12174.622740681618,
        12267.18331750619,
        12338.536309042687,
        12395.90856740503,
        12453.280825767373,
        12512.560650454114,
        12572.011613829582,
        12634.934345419648,
        12725.77375449335,
        12816.613163567054,
        12921.017569512593,
        13043.730455454264,
        13166.443341395932,
        13289.156227337604,
        13318.091791846371
    ]
}