{
    "time": [
        3.9148138317606254,
        3.924813831760625,
        3.934813831760625,
        3.9448138317606247,
        3.9548138317606245,
        3.9648138317606243,
        3.974813831760624,
        3.984813831760624,
        3.9948138317606237,
        4.004813831760623,
        4.014813831760623,
        4.024813831760623,
        4.034813831760623,
        4.044813831760623,
        4.054813831760622,
        4.064813831760622,
        4.074813831760622,
        4.084813831760622,
        4.0948138317606215,
        4.104813831760621,
        4.114813831760621,
        4.124813831760621,
        4.134813831760621,
        4.141913322370605
    ],
    "frequency": [
        9340.145389171095,
        9536.276518516524,
        9732.407647861954,
        9928.538777207383,
        10133.715517244103,
        10344.3748783929,
        10555.034239541694,
        10754.1815246424,
        10940.765530231334,
        11127.34953582027,
        11546.927746977057,
        12242.848897051037,
        12466.298290841009,
        12689.74768463098,
        13104.720493266592,
        13532.563615204468,
        13725.817144968769,
        13919.070674733062,
        14112.324204497363,
        14309.355916326209,
        14530.958620911308,
        14752.561325496405,
        14974.164030081502,
        15131.490662116397
    ]
}