{
    "time": [
        31.830064844460455,
        31.840064844460457,
        31.85006484446046,
        31.86006484446046,
        31.87006484446046,
        31.880064844460463,
        31.890064844460465,
        31.900064844460466,
        31.910064844460468,
        31.92006484446047,
        31.93006484446047,
        31.940064844460473,
        31.950064844460474,
        31.960064844460476,
        31.970064844460477,
        31.98006484446048,
        31.99006484446048,
        32.00006484446048,
        32.01006484446049,
        32.020064844460485,
        32.03006484446048,
        32.04006484446049,
        32.05006484446049,
        32.06006484446049,
        32.07006484446049,
        32.080064844460495,
        32.0900648444605,
        32.1000648444605,
        32.110064844460496,
        32.1200648444605,
        32.130064844460506,
        32.140064844460504,
        32.1500648444605,
        32.16006484446051,
        32.17006484446051,
        32.18006484446051,
        32.19006484446051,
        32.20006484446051,
        32.21006484446052,
        32.220064844460516,
        32.230064844460514,
        32.24006484446052,
        32.250064844460525,
        32.26006484446052,
        32.27006484446052,
        32.280064844460526,
        32.29006484446053,
        32.30006484446053,
        32.31006484446053,
        32.32006484446053,
        32.33006484446054,
        32.340064844460535,
        32.35006484446053,
        32.36006484446054,
        32.37006484446054,
        32.38006484446054,
        32.39006484446054,
        32.400064844460545,
        32.41006484446055,
        32.42006484446055,
        32.430064844460546,
        32.44006484446055,
        32.450064844460556,
        32.460064844460554,
        32.47006484446055,
        32.48006484446056,
        32.49006484446056,
        32.50006484446056,
        32.51006484446056,
        32.52006484446056,
        32.53006484446057,
        32.54006484446057,
        32.550064844460564,
        32.56006484446057,
        32.570064844460575,
        32.58006484446057,
        32.59006484446057,
        32.59796389704993
    ],
    "frequency": [
        13019.552899886205,
        12742.02539965423,
        12464.497899422258,
        12186.970399190284,
        11909.44289895831,
        11631.915398726338,
        11354.387898494364,
        11083.144564314736,
        10832.338295963495,
        10581.532027612258,
        10330.725759261019,
        10079.91949090978,
        9916.789707239834,
        9797.957305847114,
        9694.13129069365,
        9627.49194403028,
        9560.85259736691,
        9522.913509729671,
        9508.933227212874,
        9494.952944696088,
        9480.972662179302,
        9466.992379662504,
        9480.419229021712,
        9501.071919103328,
        9521.724609184941,
        9542.377299266569,
        9583.608264779685,
        9631.019657662699,
        9678.431050545714,
        9725.842443428763,
        9823.379796710811,
        9959.687551249477,
        10095.995305788145,
        10270.242676757904,
        10465.96663199304,
        10661.69058722804,
        10857.414542463037,
        11053.138497698175,
        11249.188001884853,
        11445.279859291344,
        11641.371716697833,
        11824.774319791946,
        11989.995840445004,
        12155.217361097944,
        12320.438881750884,
        12478.836475807693,
        12626.503209891354,
        12774.16994397491,
        12901.533989289524,
        13005.38751655715,
        13109.241043824775,
        13173.988158713133,
        13234.569382952537,
        13295.150607191985,
        13353.117346400028,
        13372.995560603584,
        13392.87377480714,
        13412.75198901071,
        13432.63020321428,
        13452.508417417834,
        13465.46422316834,
        13452.93017677397,
        13440.396130379602,
        13427.862083985243,
        13415.328037590883,
        13402.793991196515,
        13364.03735883139,
        13322.731978668155,
        13281.42659850492,
        13240.121218341656,
        13198.815838178392,
        13157.510458015156,
        13072.689641017101,
        12981.81780465793,
        12890.945968298762,
        12800.074131939658,
        12709.202295580551,
        12637.42215415132
    ]
}