{
    "time": [
        21.38473626747283,
        21.394736267472833,
        21.404736267472835,
        21.414736267472836,
        21.424736267472838,
        21.43473626747284,
        21.44473626747284,
        21.454736267472843,
        21.456132450965796
    ],
    "frequency": [
        10803.238908911124,
        10655.220952175649,
        10507.202995440173,
        10348.403120241303,
        10168.98741510736,
        10031.311468027328,
        9932.632830203678,
        9833.954192380028,
        9820.176843856374
    ]
}