{
    "time": [
        3.9230371405826627,
        3.9330371405826625,
        3.9430371405826623,
        3.953037140582662,
        3.963037140582662,
        3.9730371405826617,
        3.9830371405826615,
        3.9930371405826612,
        4.003037140582661,
        4.013037140582661,
        4.023037140582661,
        4.03303714058266,
        4.04303714058266,
        4.05303714058266,
        4.06303714058266,
        4.0730371405826595,
        4.083037140582659,
        4.093037140582659,
        4.103037140582659,
        4.113037140582659,
        4.1230371405826585,
        4.133037140582658,
        4.143037140582658,
        4.153037140582658,
        4.163037140582658,
        4.173037140582657,
        4.183037140582657,
        4.193037140582657,
        4.203037140582657,
        4.2130371405826565,
        4.223037140582656,
        4.233037140582656,
        4.243037140582656,
        4.253037140582656,
        4.2630371405826555,
        4.273037140582655,
        4.283037140582655,
        4.293037140582655,
        4.303037140582655,
        4.313037140582654,
        4.323037140582654,
        4.333037140582654,
        4.343037140582654,
        4.353037140582654,
        4.363037140582653,
        4.373037140582653,
        4.383037140582653,
        4.393037140582653,
        4.4030371405826525,
        4.413037140582652,
        4.423037140582652,
        4.433037140582652,
        4.443037140582652,
        4.453037140582651,
        4.463037140582651,
        4.473037140582651,
        4.483037140582651,
        4.493037140582651,
        4.50303714058265,
        4.51303714058265,
        4.52303714058265,
        4.53303714058265,
        4.5430371405826495,
        4.553037140582649,
        4.563037140582649,
        4.573037140582649,
        4.583037140582649,
        4.5930371405826484,
        4.603037140582648,
        4.613037140582648,
        4.623037140582648,
        4.633037140582648,
        4.643037140582647,
        4.653037140582647,
        4.663037140582647,
        4.673037140582647,
        4.6830371405826465,
        4.693037140582646,
        4.703037140582646,
        4.709778979501015
    ],
    "frequency": [
        9212.434494600284,
        9246.703779872667,
        9257.945690456958,
        9259.067601581946,
        9260.189512706937,
        9261.311423831923,
        9262.433334956911,
        9250.476775514551,
        9233.199344189725,
        9215.921912864897,
        9196.864418536667,
        9167.790211084832,
        9138.716003632997,
        9109.641796181162,
        9080.567588729327,
        9051.493381277493,
        9021.607186859952,
        8991.11760216908,
        8960.62801747821,
        8930.138432787338,
        8902.637469895202,
        8877.691446057217,
        8852.745422219234,
        8827.799398381248,
        8810.83824797514,
        8801.718196249425,
        8792.598144523712,
        8783.478092797995,
        8774.358041072283,
        8765.237989346566,
        8756.117937620853,
        8747.907955553948,
        8744.962938850853,
        8742.017922147757,
        8739.072905444662,
        8733.685695904647,
        8723.765639641588,
        8713.84558337853,
        8703.925527115473,
        8694.005470852413,
        8684.085414589355,
        8674.165358326298,
        8659.912958340705,
        8642.603472412307,
        8625.29398648391,
        8607.984500555513,
        8590.675014627115,
        8573.365528698718,
        8555.088997756338,
        8536.526468233798,
        8517.963938711258,
        8499.401409188717,
        8484.533458803196,
        8470.28779661148,
        8456.042134419764,
        8441.796472228045,
        8427.55081003633,
        8407.222666778982,
        8384.9025401871,
        8362.58241359522,
        8340.26228700334,
        8316.62475380238,
        8288.906949537952,
        8261.189145273525,
        8233.471341009099,
        8202.325676053735,
        8158.245426046113,
        8114.165176038492,
        8070.08492603087,
        8016.953260690487,
        7955.82426533975,
        7894.6952699890135,
        7833.566274638277,
        7765.246560649753,
        7652.882846439346,
        7540.51913222894,
        7427.122351660712,
        7296.005086270727,
        7164.887820880741,
        7076.490672613102
    ]
}