{
    "time": [
        53.13848927812686,
        53.14848927812686,
        53.15848927812686,
        53.168489278126856,
        53.178489278126854,
        53.18848927812685,
        53.19848927812685,
        53.20848927812685,
        53.218489278126846,
        53.228489278126844,
        53.23848927812684,
        53.24848927812684,
        53.25848927812684,
        53.268489278126836,
        53.278489278126834,
        53.28848927812683,
        53.29848927812683,
        53.30848927812683,
        53.318489278126826,
        53.328489278126824,
        53.33848927812682,
        53.34848927812682,
        53.35848927812682,
        53.368489278126816,
        53.378489278126814,
        53.38848927812681,
        53.39848927812681,
        53.40848927812681,
        53.418489278126806,
        53.428489278126804,
        53.4384892781268,
        53.4484892781268,
        53.4584892781268,
        53.468489278126796,
        53.478489278126794,
        53.48848927812679,
        53.49848927812679,
        53.50848927812679,
        53.518489278126786,
        53.528489278126784,
        53.53848927812678,
        53.54848927812678,
        53.55848927812678,
        53.568489278126776,
        53.578489278126774,
        53.58848927812677,
        53.59848927812677,
        53.60848927812677,
        53.618489278126766,
        53.628489278126764,
        53.63848927812676,
        53.64848927812676,
        53.65848927812676,
        53.668489278126756,
        53.678489278126754,
        53.68848927812675,
        53.69848927812675,
        53.70848927812675,
        53.71848927812675,
        53.728489278126744,
        53.73848927812674,
        53.74043578974882
    ],
    "frequency": [
        13479.578990774882,
        13609.896816969584,
        13740.214643164285,
        13844.47819432733,
        13933.672519579099,
        13992.464416064393,
        14011.081248377923,
        13981.04261453588,
        13950.969270029404,
        13897.967239964597,
        13827.059011005698,
        13756.150782046805,
        13683.043356613663,
        13606.248923320345,
        13529.45449002703,
        13452.660056733712,
        13375.865623440393,
        13299.071190147079,
        13222.27675685376,
        13145.482323560444,
        13062.141766371888,
        12972.194136335314,
        12882.24650629874,
        12792.298876262164,
        12702.351246225591,
        12612.403616189018,
        12522.455986152443,
        12432.508356115868,
        12342.560726079295,
        12273.273782624936,
        12207.028887642613,
        12140.783992660294,
        12074.539097677976,
        12008.294202695655,
        11945.616421587292,
        11893.872578833514,
        11842.128736079736,
        11792.247048184741,
        11772.54784189949,
        11752.848635614242,
        11733.149429328992,
        11713.76769328262,
        11706.101938800575,
        11698.436184318532,
        11690.77042983649,
        11701.825534006228,
        11716.486289453134,
        11731.14704490004,
        11748.123398611275,
        11789.080429701044,
        11830.037460790812,
        11870.994491880583,
        11941.977426678377,
        12020.168122395211,
        12098.358818112049,
        12214.26809820014,
        12330.42094328673,
        12519.519229624042,
        12722.815038487826,
        12950.81260156322,
        13204.208374719614,
        13253.53215646311
    ]
}