{
    "time": [
        29.570669106553645,
        29.580669106553646,
        29.590669106553648,
        29.60066910655365,
        29.61066910655365,
        29.620669106553652,
        29.630669106553654,
        29.640669106553656,
        29.650669106553657,
        29.66066910655366,
        29.67066910655366,
        29.680669106553662,
        29.690669106553663,
        29.700669106553665,
        29.710669106553667,
        29.720669106553668,
        29.73066910655367,
        29.74066910655367,
        29.750669106553673,
        29.760669106553674,
        29.770669106553676,
        29.780669106553677,
        29.79066910655368,
        29.80066910655368,
        29.810669106553682,
        29.820669106553684,
        29.830669106553685,
        29.840669106553687,
        29.85066910655369,
        29.86066910655369,
        29.87066910655369,
        29.880669106553693,
        29.890669106553695,
        29.900669106553696,
        29.910669106553698,
        29.9206691065537,
        29.9306691065537,
        29.940669106553703,
        29.950669106553704,
        29.960669106553706,
        29.970669106553707,
        29.98066910655371,
        29.99066910655371,
        30.000669106553712,
        30.010669106553713,
        30.020669106553715,
        30.030669106553717,
        30.040669106553718,
        30.05066910655372,
        30.06066910655372,
        30.070669106553723,
        30.080669106553724,
        30.090669106553726,
        30.100669106553728,
        30.11066910655373,
        30.12066910655373,
        30.12222068750603
    ],
    "frequency": [
        13237.640473378691,
        12960.89854600127,
        12794.421803322737,
        12647.997503123031,
        12591.159540475428,
        12561.20911543458,
        12531.25869039373,
        12501.30826535288,
        12471.357840312032,
        12442.308675749546,
        12413.660443101777,
        12385.01221045401,
        12356.363977806242,
        12327.715745158474,
        12291.990122878111,
        12244.92516924249,
        12197.86021560687,
        12150.795261971247,
        12103.730308335624,
        11991.144682103815,
        11822.299160936032,
        11653.45363976825,
        11484.608118600465,
        11347.104616752371,
        11215.322746572634,
        11083.540876392895,
        10979.007873071201,
        10918.185471449784,
        10857.363069828367,
        10796.540668206948,
        10735.71826658553,
        10674.895864964114,
        10636.7373565543,
        10634.956520470789,
        10633.175684387279,
        10631.394848303771,
        10629.61401222026,
        10627.833176136748,
        10626.052340053238,
        10624.271503969729,
        10622.49066788622,
        10635.657631225715,
        10651.562339695683,
        10667.46704816565,
        10683.371756635617,
        10699.276465105586,
        10715.181173575555,
        10729.96937593632,
        10738.563845730652,
        10747.158315524981,
        10755.752785319313,
        10764.347255113644,
        10772.941724907974,
        10817.099324808536,
        10867.78465949305,
        10918.469994177565,
        10926.334234163302
    ]
}