{
    "time": [
        8.59885348620184,
        8.60885348620184,
        8.61885348620184,
        8.62885348620184,
        8.638853486201839,
        8.648853486201839,
        8.658853486201838,
        8.668853486201838,
        8.678853486201838,
        8.688853486201838,
        8.698853486201838,
        8.708853486201837,
        8.718853486201837,
        8.728853486201837,
        8.734835355285963
    ],
    "frequency": [
        12842.019006958517,
        12944.049612925353,
        13046.080218892192,
        13155.617249044337,
        13284.42183875535,
        13413.226428466365,
        13520.039101348084,
        13609.62320410318,
        13699.207306858276,
        13770.394314784096,
        13838.10544110641,
        13898.51199465014,
        13906.078663878841,
        13913.645333107543,
        13918.17161558044
    ]
}