{
    "time": [
        55.16869848617497,
        55.178698486174966,
        55.188698486174964,
        55.19869848617496,
        55.20869848617496,
        55.21869848617496,
        55.228698486174956,
        55.238698486174954,
        55.24869848617495,
        55.25869848617495,
        55.26869848617495,
        55.278698486174946,
        55.288698486174944,
        55.29869848617494,
        55.30869848617494,
        55.31869848617494,
        55.328698486174936,
        55.338698486174934,
        55.34869848617493,
        55.35869848617493,
        55.36869848617493,
        55.378698486174926,
        55.388698486174924,
        55.39869848617492,
        55.40869848617492,
        55.41869848617492,
        55.428698486174916,
        55.438698486174914,
        55.44869848617491,
        55.452864002630534
    ],
    "frequency": [
        15794.884397878555,
        15167.278059266904,
        14539.671720655253,
        13912.065382043602,
        13284.45904343195,
        12781.911368392059,
        12289.67110281435,
        11797.430837236643,
        11305.190571658935,
        10812.950306081228,
        10320.71004050352,
        9828.469774925814,
        9380.759632704247,
        8865.98250660293,
        8326.91095394908,
        7960.80725642566,
        7715.091822507842,
        7488.968950508055,
        7423.821905033592,
        7359.215370176504,
        7337.729044298894,
        7337.729044298894,
        7422.732777127898,
        7528.452561439485,
        7658.241575898347,
        7863.4623336796885,
        8099.556614968815,
        8422.58928925414,
        9040.328191346718,
        9369.25212745415
    ]
}