{
    "time": [
        44.618050926543134,
        44.62805092654313,
        44.63805092654313,
        44.64805092654313,
        44.658050926543126,
        44.668050926543124,
        44.67805092654312,
        44.68805092654312,
        44.69805092654312,
        44.708050926543116,
        44.718050926543114,
        44.72805092654311,
        44.73805092654311,
        44.74805092654311,
        44.758050926543106,
        44.768050926543104,
        44.7780509265431,
        44.7880509265431,
        44.7980509265431,
        44.808050926543096,
        44.818050926543094,
        44.82805092654309,
        44.83805092654309,
        44.84805092654309,
        44.858050926543086,
        44.868050926543084,
        44.87805092654308,
        44.88805092654308,
        44.89805092654308,
        44.908050926543076,
        44.918050926543074,
        44.92805092654307,
        44.93805092654307,
        44.94805092654307,
        44.958050926543066,
        44.96200506599121
    ],
    "frequency": [
        9675.308336732116,
        9602.762662722378,
        9530.21698871264,
        9459.978762162393,
        9391.681085900122,
        9325.013639323823,
        9275.591039163422,
        9226.168439003022,
        9193.543113173762,
        9170.801735281846,
        9151.918360525082,
        9151.511290308972,
        9151.104220092868,
        9148.57670833983,
        9145.20781152214,
        9144.518760182145,
        9151.492432015599,
        9158.46610384905,
        9184.14098056782,
        9214.424346293821,
        9243.661330999463,
        9270.915902445606,
        9298.17047389175,
        9294.412564256176,
        9286.769205007196,
        9280.53108210323,
        9276.14173585396,
        9271.752389604688,
        9292.377267912778,
        9313.642697209265,
        9350.262152161024,
        9401.156167458645,
        9451.34921635118,
        9490.827089268072,
        9530.304962184964,
        9545.915063647903
    ]
}