{
    "time": [
        44.08391486360879,
        44.09391486360879,
        44.103914863608786,
        44.113914863608784,
        44.12391486360878,
        44.13391486360878,
        44.14391486360878,
        44.153914863608776,
        44.163914863608774,
        44.17391486360877,
        44.18391486360877,
        44.19391486360877,
        44.203914863608766,
        44.213914863608764,
        44.22391486360876,
        44.23391486360876,
        44.24391486360876,
        44.253914863608756,
        44.263914863608754,
        44.27391486360875,
        44.28391486360875,
        44.29391486360875,
        44.303914863608746,
        44.313914863608744,
        44.32391486360874,
        44.33391486360874,
        44.34391486360874,
        44.353914863608736,
        44.363914863608734,
        44.37391486360873,
        44.38391486360873,
        44.39391486360873,
        44.403914863608726,
        44.413914863608724,
        44.42391486360872,
        44.43391486360872,
        44.44391486360872,
        44.453914863608716,
        44.463914863608714,
        44.47391486360871,
        44.48391486360871,
        44.49391486360871,
        44.503914863608706,
        44.513914863608704,
        44.5239148636087,
        44.5339148636087,
        44.5439148636087,
        44.553914863608696,
        44.563914863608694,
        44.57391486360869,
        44.58391486360869,
        44.59391486360869,
        44.603914863608686,
        44.613914863608684,
        44.62391486360868,
        44.63391486360868,
        44.64391486360868,
        44.65391486360868,
        44.663914863608674,
        44.67391486360867,
        44.68391486360867,
        44.69391486360867,
        44.70391486360867,
        44.713914863608665,
        44.72391486360866,
        44.73391486360866,
        44.74391486360866,
        44.75391486360866,
        44.763914863608655,
        44.77391486360865,
        44.78391486360865,
        44.79391486360865,
        44.80391486360865,
        44.813914863608645,
        44.82258022129461
    ],
    "frequency": [
        12019.097008633024,
        11558.896491108311,
        10799.484368627895,
        10267.229847880924,
        9951.552149500385,
        9694.381272060113,
        9455.537035913567,
        9278.333388360968,
        9101.12974080837,
        8923.926093255772,
        8750.533252186995,
        8657.397433164144,
        8562.607098958817,
        8404.69515667093,
        8246.783214383042,
        8118.660129006277,
        8012.740962274405,
        7906.821795542535,
        7812.146400922094,
        7726.924082861971,
        7641.701764801847,
        7579.062433550209,
        7517.70236454692,
        7456.342295543631,
        7408.717305066751,
        7387.799099724722,
        7366.880894382692,
        7345.962689040662,
        7325.044483698633,
        7304.126278356603,
        7283.208073014573,
        7286.838116890018,
        7290.673121202724,
        7294.508125515431,
        7298.3431298281375,
        7302.178134140843,
        7308.796598254396,
        7325.232331023134,
        7341.668063791873,
        7358.103796560612,
        7374.53952932935,
        7390.97526209809,
        7409.344814259248,
        7437.752253612619,
        7466.159692965991,
        7494.567132319364,
        7526.982868329651,
        7570.446250540319,
        7613.909632750987,
        7657.373014961653,
        7700.836397172321,
        7817.258658375352,
        7938.494278583452,
        8059.729898791548,
        8180.965518999647,
        8328.766020731506,
        8507.041896889727,
        8685.317773047947,
        8863.593649206166,
        9041.86952536439,
        9218.697116752131,
        9385.632598599303,
        9552.568080446476,
        9719.503562293645,
        9886.43904414082,
        10069.86744341004,
        10346.64650806636,
        10608.447277827658,
        10593.107260576835,
        10577.767243326012,
        10562.427226075191,
        10547.087208824369,
        10531.747191573544,
        10516.407174322723,
        10503.114500683998
    ]
}