{
    "time": [
        59.54247055410357,
        59.55247055410357,
        59.56247055410357,
        59.57247055410357,
        59.582470554103566,
        59.59247055410356,
        59.60247055410356,
        59.61247055410356,
        59.62247055410356,
        59.632470554103556,
        59.642470554103554,
        59.65247055410355,
        59.66247055410355,
        59.67247055410355,
        59.682470554103546,
        59.692470554103544,
        59.70247055410354,
        59.71247055410354,
        59.72247055410354,
        59.732470554103536,
        59.742470554103534,
        59.75247055410353,
        59.76247055410353,
        59.77247055410353,
        59.782470554103526,
        59.792470554103524,
        59.80247055410352,
        59.81247055410352,
        59.82247055410352,
        59.832470554103516,
        59.842470554103514,
        59.85247055410351,
        59.86247055410351,
        59.87247055410351,
        59.882470554103506,
        59.892470554103504,
        59.9024705541035,
        59.9124705541035,
        59.9224705541035,
        59.932470554103496,
        59.942470554103494,
        59.95247055410349,
        59.96247055410349,
        59.97247055410349,
        59.982470554103486,
        59.992470554103484,
        59.998302163374724
    ],
    "frequency": [
        11079.691227709436,
        11238.20917264372,
        11396.727117578004,
        11555.24506251229,
        11713.763007446572,
        11841.962829352036,
        11959.408197517638,
        12076.853565683241,
        12194.29893384884,
        12306.879109286416,
        12418.579867052618,
        12530.280624818817,
        12641.981382585018,
        12771.835061497066,
        12928.943476141263,
        13086.051890785458,
        13243.160305429654,
        13400.268720073851,
        13557.377134718048,
        13714.485549362244,
        13871.59396400644,
        14028.66390415702,
        14185.683255074066,
        14342.702605991115,
        14499.72195690816,
        14656.74130782521,
        14806.528678551906,
        14933.867542405374,
        15061.206406258842,
        15200.383653063009,
        15370.168804867662,
        15539.657276731563,
        15704.080792163408,
        15868.504307595253,
        16032.927823027097,
        16197.351338458942,
        16361.774853890787,
        16526.19836932263,
        16690.621884754477,
        16855.04540018632,
        17012.383842198473,
        17166.925125884427,
        17321.46640957038,
        17476.00769325634,
        17630.548976942297,
        17785.09026062825,
        17875.21269890151
    ]
}