{
    "time": [
        59.32308890690434,
        59.33308890690434,
        59.343088906904335,
        59.35308890690433,
        59.36308890690433,
        59.37308890690433,
        59.38308890690433,
        59.393088906904325,
        59.40308890690432,
        59.41308890690432,
        59.42308890690432,
        59.43308890690432,
        59.443088906904315,
        59.45308890690431,
        59.46308890690431,
        59.47308890690431,
        59.48308890690431,
        59.493088906904305,
        59.5030889069043,
        59.5130889069043,
        59.5230889069043,
        59.5330889069043,
        59.543088906904295,
        59.55308890690429,
        59.56308890690429,
        59.57308890690429,
        59.58308890690429,
        59.593088906904285,
        59.60308890690428,
        59.61308890690428,
        59.62308890690428,
        59.63308890690428,
        59.643088906904275,
        59.65308890690427,
        59.66308890690427,
        59.67308890690427,
        59.68308890690427,
        59.693088906904265,
        59.70308890690426,
        59.71308890690426,
        59.72308890690426,
        59.73308890690426,
        59.743088906904255,
        59.75308890690425,
        59.76308890690425,
        59.77308890690425,
        59.78308890690425,
        59.793088906904245,
        59.801364337093304
    ],
    "frequency": [
        11315.742094537532,
        11185.51429916923,
        11055.28650380093,
        10927.933587060532,
        10818.045629914082,
        10738.071359878513,
        10738.071359878511,
        10746.216743453966,
        10857.412890566458,
        10968.60903767895,
        11079.805184791441,
        11191.001331903932,
        11315.214361345346,
        11454.992616694492,
        11594.770872043633,
        11734.549127392776,
        11874.327382741918,
        12014.105638091061,
        12153.883893440205,
        12293.662148789346,
        12479.395337841226,
        12689.973041435507,
        12900.550745029788,
        13111.128448624067,
        13321.706152218347,
        13532.283855812628,
        13748.621465052103,
        13970.906839904865,
        14193.192214757628,
        14415.477589610393,
        14637.762964463156,
        14860.048339315917,
        15116.355456933812,
        15382.559033121073,
        15647.914188609628,
        15881.426097545856,
        16114.938006482087,
        16348.449915418314,
        16581.961824354545,
        16815.47373329077,
        17048.985642227002,
        17282.49755116323,
        17516.00946009946,
        17749.52136903569,
        17955.03373828296,
        18108.659994162066,
        18262.28625004117,
        18415.91250592027,
        18543.0448414937
    ]
}