{
    "time": [
        39.01294865633663,
        39.02294865633663,
        39.03294865633663,
        39.04294865633663,
        39.052948656336625,
        39.06294865633662,
        39.07294865633662,
        39.08294865633662,
        39.09294865633662,
        39.102948656336615,
        39.11294865633661,
        39.12294865633661,
        39.13294865633661,
        39.14294865633661,
        39.152948656336605,
        39.1629486563366,
        39.1729486563366,
        39.1829486563366,
        39.1929486563366,
        39.202948656336595,
        39.21294865633659,
        39.22294865633659,
        39.23294865633659,
        39.24294865633659,
        39.252948656336585,
        39.26294865633658,
        39.27294865633658,
        39.28294865633658,
        39.29294865633658,
        39.302948656336575,
        39.31294865633657,
        39.32294865633657,
        39.33294865633657,
        39.34294865633657,
        39.352948656336565,
        39.36294865633656,
        39.37294865633656,
        39.38294865633656,
        39.39294865633656,
        39.402948656336555,
        39.41294865633655,
        39.42294865633655,
        39.43294865633655,
        39.44294865633655,
        39.452948656336545,
        39.46294865633654,
        39.47294865633654,
        39.48294865633654,
        39.49294865633654,
        39.502948656336535,
        39.51294865633653,
        39.52294865633653,
        39.53294865633653,
        39.54294865633653,
        39.552948656336525,
        39.56294865633652,
        39.57294865633652,
        39.58294865633652,
        39.59294865633652,
        39.602948656336515,
        39.61294865633651,
        39.62294865633651,
        39.63294865633651,
        39.64294865633651,
        39.652948656336505,
        39.6629486563365,
        39.6729486563365,
        39.6829486563365,
        39.6929486563365,
        39.702948656336496,
        39.71294865633649,
        39.72294865633649,
        39.73294865633649,
        39.73727578278767
    ],
    "frequency": [
        10390.490547812356,
        10141.95622518964,
        10048.178099545921,
        10017.65634062732,
        10030.848502778572,
        10089.976177673983,
        10227.324092807645,
        10364.672007941308,
        10533.000305092362,
        10708.50041887426,
        10884.000532656164,
        11059.500646438066,
        11258.301617631512,
        11493.755186432107,
        11729.208755232703,
        11935.824651531932,
        12135.603437180913,
        12314.853107371015,
        12488.345210697757,
        12661.837314024495,
        12835.329417351235,
        13008.821520677975,
        13182.313624004715,
        13355.805727331455,
        13487.515799996021,
        13607.255008061255,
        13719.425378420368,
        13819.314771244852,
        13919.204164069333,
        14019.093556893813,
        14118.982949718295,
        14218.872342542778,
        14318.761735367258,
        14418.651128191741,
        14517.136264074228,
        14611.858964166418,
        14706.581664258609,
        14801.304364350799,
        14896.02706444299,
        14990.74976453518,
        15171.457620260297,
        15358.948425045939,
        15546.439229831582,
        15733.930034617224,
        15921.420839402868,
        16108.911644188509,
        16296.402448974155,
        16475.22255199654,
        16616.092208543872,
        16756.96186509121,
        16917.821694043898,
        17083.995714822904,
        17250.169735601907,
        17416.343756380913,
        17582.51777715992,
        17742.16936188275,
        17900.327567188193,
        18058.485772493634,
        18216.643977799074,
        18379.12467736039,
        18542.97833050231,
        18706.83198364423,
        18969.808404070747,
        19519.200064605473,
        20068.591725140195,
        20301.239724219773,
        20382.63108133601,
        20464.022438452244,
        20536.416333321496,
        20592.764195940443,
        20649.11205855938,
        20705.459921178328,
        20761.807783797267,
        20786.190216477862
    ]
}