{
    "time": [
        43.41048249015402,
        43.420482490154015,
        43.43048249015401,
        43.44048249015401,
        43.45048249015401,
        43.46048249015401,
        43.470482490154005,
        43.480482490154,
        43.490482490154,
        43.500482490154,
        43.510482490154,
        43.520482490153995,
        43.53048249015399,
        43.54048249015399,
        43.55048249015399,
        43.56048249015399,
        43.570482490153985,
        43.58048249015398,
        43.59048249015398,
        43.60048249015398,
        43.61048249015398,
        43.620482490153975,
        43.63048249015397,
        43.64048249015397,
        43.65048249015397,
        43.66048249015397,
        43.670482490153965,
        43.68048249015396,
        43.69048249015396,
        43.70048249015396,
        43.71048249015396,
        43.720482490153955,
        43.73048249015395,
        43.74048249015395,
        43.75048249015395,
        43.76048249015395,
        43.761466430118254
    ],
    "frequency": [
        11235.646053964509,
        11383.988688896494,
        11532.331323828477,
        11597.979704849533,
        11663.592793377156,
        11729.205881904782,
        11794.818970432405,
        11857.004666516827,
        11909.984178992549,
        11962.96369146827,
        12015.943203943993,
        12066.308633460989,
        12113.508562757539,
        12160.708492054087,
        12207.908421350636,
        12284.026449860608,
        12395.28342605963,
        12506.54040225865,
        12627.069902577929,
        12755.443336653714,
        12883.816770729503,
        13012.190204805287,
        13140.563638881076,
        13310.585107869369,
        13490.15777120809,
        13669.730434546815,
        13892.647299651433,
        14193.236323066314,
        14493.825346481191,
        14794.41436989607,
        15154.726522188186,
        15521.462480770155,
        15888.198439352123,
        16322.89124697576,
        16797.58767875818,
        17272.2841105406,
        17318.991389555074
    ]
}