{
    "time": [
        57.016397813624856,
        57.026397813624854,
        57.03639781362485,
        57.04639781362485,
        57.05639781362485,
        57.066397813624846,
        57.076397813624844,
        57.08639781362484,
        57.09639781362484,
        57.10639781362484,
        57.116397813624836,
        57.126397813624834,
        57.13639781362483,
        57.14639781362483,
        57.15639781362483,
        57.166397813624826,
        57.176397813624824,
        57.18639781362482,
        57.19639781362482,
        57.20639781362482,
        57.216397813624816,
        57.226397813624814,
        57.23639781362481,
        57.24639781362481,
        57.25639781362481,
        57.266397813624806,
        57.276397813624804,
        57.2863978136248,
        57.2963978136248,
        57.3063978136248,
        57.316397813624796,
        57.326397813624794,
        57.33635515264632
    ],
    "frequency": [
        15089.742966860455,
        15103.14377846244,
        15116.544590064423,
        15142.272898287894,
        15178.553688154634,
        15214.943782386848,
        15252.633507691826,
        15290.323232996805,
        15335.959246779723,
        15386.541066260652,
        15436.4358903907,
        15482.590018024232,
        15528.744145657765,
        15585.451318192969,
        15646.812690909186,
        15720.844800079918,
        15836.648187508838,
        15952.451574937755,
        16051.321004070065,
        16145.175790130128,
        16224.95488677609,
        16273.450693924897,
        16321.946501073706,
        16394.81599633771,
        16472.016877813378,
        16550.995168793015,
        16632.77821901854,
        16714.561269244063,
        16774.716124141174,
        16833.159899754333,
        16884.504771228167,
        16927.697710988792,
        16970.70638544209
    ]
}