{
    "time": [
        9.424341837206226,
        9.434341837206226,
        9.444341837206226,
        9.454341837206226,
        9.464341837206225,
        9.474341837206225,
        9.484341837206225,
        9.494341837206225,
        9.504341837206224,
        9.514341837206224,
        9.524341837206224,
        9.534341837206224,
        9.544341837206224,
        9.554341837206223,
        9.564341837206223,
        9.574341837206223,
        9.584341837206223,
        9.594341837206223,
        9.604341837206222,
        9.614341837206222,
        9.624341837206222,
        9.634341837206222,
        9.644341837206222,
        9.654341837206221,
        9.664341837206221,
        9.67434183720622,
        9.68434183720622,
        9.69434183720622,
        9.70434183720622,
        9.71434183720622,
        9.72434183720622,
        9.73434183720622,
        9.74434183720622,
        9.75434183720622,
        9.764341837206219,
        9.774341837206219,
        9.784341837206219,
        9.794341837206218,
        9.804341837206218,
        9.814341837206218,
        9.824341837206218,
        9.834341837206217,
        9.844341837206217,
        9.854341837206217,
        9.864341837206217,
        9.874341837206217,
        9.884341837206216,
        9.894341837206216,
        9.904341837206216,
        9.912407169714442
    ],
    "frequency": [
        8672.638820275937,
        8708.932150192504,
        8745.225480109071,
        8781.518810025638,
        8817.812139942205,
        8854.105469858772,
        8890.398799775337,
        8926.692129691904,
        8962.985459608472,
        8999.278789525039,
        9035.648006809946,
        9093.740901773801,
        9151.833796737656,
        9209.92669170151,
        9268.019586665363,
        9326.112481629218,
        9384.205376593072,
        9442.298271556927,
        9500.39116652078,
        9556.392708153362,
        9608.968008132748,
        9661.543308112134,
        9714.118608091521,
        9766.693908070909,
        9819.269208050293,
        9871.84450802968,
        9924.419808009066,
        9976.995107988452,
        10029.57040796784,
        10082.145707947227,
        10193.015305190178,
        10527.950892705909,
        10862.886480221638,
        11197.822067737365,
        11469.321331175894,
        11582.645402139864,
        11695.969473103838,
        11766.556952362716,
        11801.046887003926,
        11835.536821645135,
        11870.026756286345,
        11904.468011694258,
        11937.520865725417,
        11970.573719756574,
        12003.626573787733,
        12036.67942781889,
        12069.732281850049,
        12102.785135881208,
        12135.837989912367,
        12162.49621572308
    ]
}