{
    "time": [
        49.860836486627896,
        49.870836486627894,
        49.88083648662789,
        49.89083648662789,
        49.90083648662789,
        49.910836486627886,
        49.920836486627884,
        49.93083648662788,
        49.94083648662788,
        49.95083648662788,
        49.960836486627876,
        49.970836486627874,
        49.98083648662787,
        49.99083648662787,
        50.00083648662787,
        50.010836486627866,
        50.020836486627864,
        50.03083648662786,
        50.04083648662786,
        50.05083648662786,
        50.060836486627856,
        50.06997244140747
    ],
    "frequency": [
        14353.832715880391,
        13988.471849212212,
        13623.11098254403,
        13257.75011587585,
        13092.60481974405,
        12952.48704407337,
        12831.285739939056,
        12755.011950763497,
        12678.738161587935,
        12602.464372412374,
        12529.763857717382,
        12477.61083947768,
        12425.457821237977,
        12407.213131393055,
        12392.68479059771,
        12365.565497623955,
        12324.886143396983,
        12284.20678917001,
        12241.335985304077,
        12198.19121566941,
        12155.046446034747,
        12115.629579598812
    ]
}