{
    "time": [
        38.476752345263364,
        38.48675234526336,
        38.49675234526336,
        38.50675234526336,
        38.516752345263356,
        38.526752345263354,
        38.53675234526335,
        38.54675234526335,
        38.55675234526335,
        38.566752345263346,
        38.576752345263344,
        38.58675234526334,
        38.59675234526334,
        38.60675234526334,
        38.616752345263336,
        38.626752345263334,
        38.63675234526333,
        38.64675234526333,
        38.65675234526333,
        38.666752345263326,
        38.676752345263324,
        38.68675234526332,
        38.69675234526332,
        38.70675234526332,
        38.716752345263316,
        38.726752345263314,
        38.73675234526331,
        38.74675234526331,
        38.75675234526331,
        38.766752345263306,
        38.776752345263304,
        38.7867523452633,
        38.7967523452633,
        38.8067523452633,
        38.816752345263296,
        38.826752345263294,
        38.83675234526329,
        38.84675234526329,
        38.85675234526329,
        38.866752345263286,
        38.876752345263284,
        38.88675234526328,
        38.89675234526328,
        38.90675234526328,
        38.916752345263276,
        38.926752345263274,
        38.93675234526327,
        38.94675234526327,
        38.95675234526327,
        38.96675234526327,
        38.976752345263264,
        38.98675234526326,
        38.99675234526326,
        39.00675234526326,
        39.01675234526326,
        39.026752345263255,
        39.03675234526325,
        39.04675234526325,
        39.05675234526325,
        39.06675234526325,
        39.076752345263245,
        39.077570168044744
    ],
    "frequency": [
        13372.387887016852,
        12568.09364348764,
        11763.799399958429,
        10959.505156429219,
        10155.21091290001,
        9695.131368191489,
        9300.376656753471,
        8905.621945315455,
        8550.966199482364,
        8436.32697472593,
        8321.687749969491,
        8215.588887533506,
        8162.363533182304,
        8109.138178831103,
        8055.912824479901,
        8002.6874701287,
        7968.709174729066,
        7952.684336859888,
        7936.659498990712,
        7920.634661121535,
        7904.609823252359,
        7888.584985383182,
        7872.560147514006,
        7855.031176881948,
        7834.754851414824,
        7814.478525947701,
        7794.2022004805785,
        7773.925875013454,
        7753.649549546331,
        7733.373224079207,
        7710.111399024349,
        7686.455685979376,
        7662.799972934401,
        7639.144259889426,
        7615.488546844451,
        7590.920579474692,
        7564.561356367431,
        7538.202133260171,
        7511.842910152909,
        7485.483687045649,
        7459.124463938389,
        7432.765240831128,
        7406.406017723868,
        7374.057632913414,
        7323.693856753138,
        7273.330080592863,
        7222.966304432588,
        7172.602528272313,
        7122.238752112038,
        7071.874975951762,
        7021.403932498416,
        6969.791467673012,
        6918.17900284761,
        6866.566538022206,
        6814.954073196803,
        6763.3416083714,
        6711.729143545997,
        6660.116678720594,
        6608.50421389519,
        6556.891749069788,
        6505.279284244385,
        6501.058299290029
    ]
}