{
    "time": [
        53.720837221703775,
        53.73083722170377,
        53.74083722170377,
        53.75083722170377,
        53.76083722170377,
        53.770837221703765,
        53.78083722170376,
        53.79083722170376,
        53.80083722170376,
        53.81083722170376,
        53.820837221703755,
        53.83083722170375,
        53.84083722170375,
        53.85083722170375,
        53.86083722170375,
        53.870837221703745,
        53.88083722170374,
        53.89083722170374,
        53.90083722170374,
        53.91083722170374,
        53.920837221703735,
        53.93083722170373,
        53.94083722170373,
        53.95083722170373,
        53.96083722170373,
        53.970837221703725,
        53.98083722170372,
        53.98480202639649
    ],
    "frequency": [
        9118.865615993542,
        9115.447256685029,
        9112.028897376516,
        9147.534076741966,
        9208.953706239485,
        9272.353588106458,
        9343.642900675957,
        9414.932213245456,
        9476.474730092366,
        9535.59514873455,
        9615.152627810457,
        9725.202744231452,
        9835.21098134512,
        9919.083040701109,
        10002.955100057101,
        10068.910819852232,
        10123.017549629778,
        10175.477172657118,
        10221.439573012452,
        10267.401973367783,
        10321.011363049363,
        10376.502013726364,
        10426.969995314212,
        10469.99372314602,
        10512.919042696722,
        10525.18608228638,
        10537.453121876038,
        10542.31676348918
    ]
}