{
    "time": [
        37.29570378716414,
        37.30570378716414,
        37.31570378716414,
        37.32570378716414,
        37.335703787164135,
        37.34570378716413,
        37.35570378716413,
        37.36570378716413,
        37.37570378716413,
        37.385703787164125,
        37.39570378716412,
        37.40570378716412,
        37.41570378716412,
        37.42570378716412,
        37.435703787164115,
        37.44570378716411,
        37.45570378716411,
        37.46570378716411,
        37.47570378716411,
        37.485703787164105,
        37.4957037871641,
        37.5057037871641,
        37.5157037871641,
        37.52040950598253
    ],
    "frequency": [
        12879.720899578533,
        12294.964247314343,
        10774.838646768443,
        10122.077478421712,
        9912.164834019264,
        9735.708826865992,
        9602.12805315529,
        9505.430623419245,
        9439.607027393904,
        9439.607027393904,
        9439.607027393906,
        9508.863992282655,
        9589.124709260093,
        9669.385426237532,
        9884.594006275058,
        10101.06642081511,
        10340.341082365932,
        10636.127081296769,
        11115.713448286893,
        11839.912071475315,
        12756.210865085155,
        13532.980434986497,
        13992.794278544316,
        14227.394375279731
    ]
}