{
    "time": [
        46.5904204423676,
        46.6004204423676,
        46.6104204423676,
        46.620420442367596,
        46.630420442367594,
        46.64042044236759,
        46.65042044236759,
        46.66042044236759,
        46.670420442367586,
        46.680420442367584,
        46.69042044236758,
        46.70042044236758,
        46.71042044236758,
        46.720420442367576,
        46.730420442367574,
        46.74042044236757,
        46.75042044236757,
        46.76042044236757,
        46.770420442367566,
        46.780420442367564,
        46.79042044236756,
        46.80042044236756,
        46.81042044236756,
        46.820420442367556,
        46.830420442367554,
        46.84042044236755,
        46.85042044236755,
        46.86042044236755,
        46.870420442367546,
        46.880420442367544,
        46.89042044236754,
        46.90042044236754,
        46.90374947899232
    ],
    "frequency": [
        13134.678655490043,
        12910.200792432945,
        12685.722929375841,
        12461.245066318741,
        12236.767203261641,
        12012.28934020454,
        11787.81147714744,
        11563.33361409034,
        11338.855751033238,
        11114.377887976138,
        10867.631595724099,
        10619.340663742994,
        10371.049731761892,
        10122.75879978079,
        9980.664005090859,
        9865.646882187853,
        9750.629759284848,
        9635.61263638184,
        9522.788348906175,
        9440.338798438062,
        9357.889247969952,
        9275.439697501839,
        9192.990147033728,
        9110.540596565617,
        9028.091046097503,
        8953.15904818801,
        8878.553346845518,
        8803.947645503025,
        8729.341944160533,
        8654.736242818042,
        8580.13054147555,
        8505.524840133057,
        8480.68832891442
    ]
}