{
    "time": [
        51.65345590231098,
        51.66345590231098,
        51.67345590231098,
        51.683455902310975,
        51.69345590231097,
        51.70345590231097,
        51.71345590231097,
        51.72345590231097,
        51.733455902310965,
        51.74345590231096,
        51.75345590231096,
        51.76345590231096,
        51.77345590231096,
        51.783455902310955,
        51.79345590231095,
        51.80345590231095,
        51.81345590231095,
        51.82345590231095,
        51.833455902310945,
        51.84345590231094,
        51.85345590231094,
        51.86345590231094,
        51.87345590231094,
        51.883455902310935,
        51.89345590231093,
        51.90345590231093,
        51.91345590231093,
        51.92345590231093,
        51.933455902310925,
        51.94345590231092,
        51.95345590231092,
        51.96345590231092,
        51.97345590231092,
        51.983455902310915,
        51.99345590231091,
        52.00345590231091,
        52.01345590231091,
        52.02345590231091,
        52.033455902310905,
        52.0434559023109,
        52.0534559023109,
        52.0634559023109,
        52.0734559023109,
        52.083455902310895,
        52.09345590231089,
        52.10345590231089,
        52.11345590231089,
        52.11888569419641
    ],
    "frequency": [
        14342.92474356393,
        14776.124131292909,
        15209.323519021891,
        15492.409255323384,
        15755.875549614777,
        16019.34184390617,
        16153.204635399405,
        16253.111496995189,
        16351.658930344955,
        16398.983233206116,
        16446.307536067274,
        16476.53088199767,
        16457.907892445826,
        16439.28490289398,
        16420.661913342137,
        16379.446494919888,
        16296.932325828628,
        16114.135860566892,
        15610.299343236977,
        14943.189996291629,
        14124.646975122001,
        13417.650571771675,
        12862.904850513223,
        12449.474482462274,
        12036.044114411325,
        11725.763340619642,
        11455.77085837776,
        11401.143422359013,
        11346.515986340264,
        11303.127864612447,
        11306.011424284989,
        11308.894983957533,
        11311.778543630076,
        11314.66210330262,
        11319.452149716351,
        11334.998297516151,
        11350.544445315954,
        11366.090593115758,
        11381.636740915557,
        11397.182888715359,
        11412.729036515162,
        11428.275184314964,
        11440.91534809587,
        11452.08914182698,
        11463.262935558087,
        11474.436729289195,
        11485.610523020303,
        11491.677660473466
    ]
}