{
    "time": [
        56.06717547163735,
        56.07717547163735,
        56.087175471637345,
        56.09717547163734,
        56.10717547163734,
        56.11717547163734,
        56.12717547163734,
        56.137175471637335,
        56.14717547163733,
        56.15717547163733,
        56.16717547163733,
        56.17717547163733,
        56.187175471637325,
        56.19717547163732,
        56.20717547163732,
        56.21717547163732,
        56.22717547163732,
        56.237175471637315,
        56.24717547163731,
        56.25717547163731,
        56.26717547163731,
        56.27717547163731,
        56.287175471637305,
        56.2971754716373,
        56.3071754716373,
        56.3171754716373,
        56.3271754716373,
        56.337175471637295,
        56.34717547163729,
        56.35717547163729,
        56.36717547163729,
        56.37717547163729,
        56.387175471637285,
        56.39717547163728,
        56.40717547163728,
        56.41717547163728,
        56.42717547163728,
        56.437175471637275,
        56.43761158625009
    ],
    "frequency": [
        17328.646223060336,
        16006.22948123822,
        14913.70896019591,
        14264.82124215913,
        13782.76206300082,
        13544.562774101241,
        13348.928305374326,
        13201.080470884934,
        13053.23263639554,
        12935.595762260125,
        12840.895842129661,
        12757.638808183141,
        12715.27305444056,
        12672.907300697978,
        12669.982044108217,
        12694.191046246835,
        12718.400048385452,
        12767.827138217726,
        12818.136470787023,
        12979.242760798998,
        13176.373206784927,
        13472.23069898556,
        13789.829750851666,
        14107.428802717768,
        14435.068957261468,
        14763.619700571233,
        15091.67857222296,
        15385.548959294458,
        15679.419346365956,
        15977.49159484618,
        16279.347590262067,
        16561.00360871406,
        16798.655313041432,
        17023.887423592838,
        17210.06617813508,
        17396.244932677324,
        17593.363418305402,
        17811.849662606408,
        17821.37816699034
    ]
}