{
    "time": [
        34.38520048384128,
        34.39520048384128,
        34.40520048384128,
        34.415200483841275,
        34.42520048384127,
        34.43520048384127,
        34.44520048384127,
        34.45520048384127,
        34.465200483841265,
        34.47520048384126,
        34.48520048384126,
        34.49520048384126,
        34.50520048384126,
        34.515200483841255,
        34.52520048384125,
        34.53520048384125,
        34.54520048384125,
        34.55520048384125,
        34.565200483841245,
        34.57520048384124,
        34.58520048384124,
        34.59520048384124,
        34.60520048384124,
        34.615200483841235,
        34.62520048384123,
        34.63520048384123,
        34.64520048384123,
        34.65520048384123,
        34.665200483841225,
        34.67520048384122,
        34.68520048384122,
        34.69520048384122,
        34.70520048384122,
        34.715200483841215,
        34.72520048384121,
        34.73520048384121,
        34.74520048384121,
        34.75520048384121,
        34.765200483841205,
        34.7752004838412,
        34.7852004838412,
        34.7952004838412,
        34.8052004838412,
        34.815200483841195,
        34.82520048384119,
        34.83520048384119,
        34.84520048384119,
        34.85520048384119,
        34.865200483841186,
        34.87520048384118,
        34.88520048384118,
        34.89520048384118,
        34.90520048384118,
        34.915200483841176,
        34.921550070126194
    ],
    "frequency": [
        9302.080741936474,
        9341.337085479501,
        9380.59342902253,
        9419.849772565558,
        9459.106116108585,
        9498.362459651611,
        9543.587528683429,
        9601.305334487075,
        9659.023140290723,
        9716.740946094373,
        9774.45875189802,
        9832.176557701667,
        9889.894363505315,
        9947.612169308964,
        10005.32997511261,
        10077.590502807278,
        10155.7796486004,
        10233.968794393524,
        10312.15794018665,
        10390.347085979773,
        10473.007547624537,
        10570.683834369178,
        10668.360121113823,
        10766.036407858468,
        10863.712694603111,
        10956.296308101015,
        11017.596598402823,
        11078.896888704629,
        11140.197179006438,
        11201.497469308248,
        11262.797759610054,
        11325.548524297295,
        11392.269928707421,
        11458.991333117543,
        11525.712737527667,
        11604.289438567394,
        11746.59368391089,
        11888.897929254386,
        12032.987807177196,
        12247.05231299304,
        12461.116818808885,
        12675.181324624731,
        12864.851288870508,
        13030.264770637299,
        13195.678252404086,
        13361.091734170875,
        13484.636149330141,
        13607.236729933757,
        13729.257594791006,
        13837.96746921785,
        13946.677343644697,
        14055.38721807154,
        14164.097092498385,
        14272.806966925233,
        14341.833239695927
    ]
}