{
    "time": [
        32.766314013454426,
        32.776314013454424,
        32.78631401345442,
        32.79631401345442,
        32.80631401345442,
        32.81631401345442,
        32.826314013454414,
        32.83631401345441,
        32.84631401345441,
        32.85631401345441,
        32.86631401345441,
        32.876314013454405,
        32.8863140134544,
        32.8963140134544,
        32.9063140134544,
        32.9163140134544,
        32.926314013454395,
        32.93631401345439,
        32.94631401345439,
        32.95631401345439,
        32.96631401345439,
        32.976314013454385,
        32.98631401345438,
        32.99631401345438,
        33.00631401345438,
        33.01631401345438,
        33.026314013454375,
        33.03631401345437,
        33.04631401345437,
        33.05631401345437,
        33.06631401345437,
        33.076314013454365,
        33.08631401345436,
        33.09631401345436,
        33.10631401345436,
        33.11631401345436,
        33.126314013454355,
        33.13631401345435,
        33.14631401345435,
        33.15631401345435,
        33.16631401345435,
        33.176314013454345,
        33.18631401345434,
        33.19631401345434,
        33.20631401345434,
        33.21631401345434,
        33.226314013454335,
        33.23631401345433,
        33.24631401345433,
        33.25631401345433,
        33.26631401345433,
        33.276314013454325,
        33.28631401345432,
        33.29631401345432,
        33.30631401345432,
        33.31631401345432,
        33.326314013454315,
        33.33631401345431,
        33.34631401345431,
        33.35631401345431,
        33.36631401345431,
        33.376314013454305,
        33.3863140134543,
        33.3963140134543,
        33.4063140134543,
        33.4163140134543,
        33.426314013454295,
        33.43631401345429,
        33.44631401345429,
        33.45631401345429,
        33.46631401345429,
        33.476314013454285,
        33.48631401345428,
        33.49631401345428,
        33.50631401345428,
        33.51631401345428,
        33.526314013454275,
        33.53182580902421
    ],
    "frequency": [
        8900.707566305777,
        8218.642065809327,
        7984.944016778474,
        7801.9101649708,
        7693.921176667918,
        7717.290981571001,
        7740.660786474082,
        7775.87063814804,
        7840.786762878823,
        7905.702887609606,
        7970.6190123403885,
        8035.5351370711705,
        8099.213969413912,
        8152.3271623754545,
        8205.440355336998,
        8258.553548298542,
        8311.666741260084,
        8369.474939703749,
        8427.899451961455,
        8486.323964219164,
        8563.04174478002,
        8663.956811406952,
        8764.871878033882,
        8865.786944660815,
        8964.278373845305,
        9053.633510239453,
        9142.988646633601,
        9232.343783027749,
        9374.142011741873,
        9518.812232570463,
        9663.482453399054,
        9808.152674227642,
        9994.373536695619,
        10184.25320153315,
        10374.132866370684,
        10574.76413137441,
        10777.302440534457,
        10979.840749694502,
        11106.701042226128,
        11231.340001709203,
        11350.87386801768,
        11420.98328272692,
        11491.092697436165,
        11561.202112145407,
        11623.320024995935,
        11662.269699834407,
        11701.219374672877,
        11740.16904951135,
        11771.299264040417,
        11800.511520169268,
        11829.72377629812,
        11784.784135813596,
        11712.877043804123,
        11623.514549154832,
        11478.621758755735,
        11333.728968356638,
        11188.836177957543,
        11043.943387558444,
        10867.124778929312,
        10650.11944768639,
        10433.114116443467,
        10006.229163168691,
        9511.867905603554,
        9047.597347334979,
        8667.838017659913,
        8288.078687984847,
        8072.622927691254,
        7863.963955342344,
        7664.461596901989,
        7489.1880601288485,
        7313.91452335571,
        7138.640986582571,
        6934.18070965168,
        6692.136301726945,
        6450.0918938022105,
        6177.747093840607,
        5895.361951261712,
        5739.717033473435
    ]
}