{
    "time": [
        0.012074335285890192,
        0.022074335285890194,
        0.032074335285890196,
        0.0420743352858902,
        0.0520743352858902,
        0.0620743352858902,
        0.0720743352858902,
        0.0820743352858902,
        0.09207433528589021,
        0.10207433528589022,
        0.11207433528589021,
        0.1220743352858902,
        0.13207433528589022,
        0.14207433528589022,
        0.1520743352858902,
        0.16207433528589021,
        0.17207433528589022,
        0.18207433528589023,
        0.19207433528589024,
        0.20207433528589022,
        0.21207433528589023,
        0.22207433528589024,
        0.23207433528589022,
        0.24207433528589023,
        0.25207433528589024,
        0.26207433528589025,
        0.27207433528589026,
        0.28207433528589027,
        0.2920743352858902,
        0.3020743352858902,
        0.31207433528589024,
        0.32207433528589025,
        0.33207433528589025,
        0.34207433528589026,
        0.35207433528589027,
        0.3620743352858903,
        0.3720743352858903,
        0.38207433528589024,
        0.39207433528589025,
        0.40207433528589026,
        0.41207433528589027,
        0.4220743352858903,
        0.4320743352858903,
        0.4420743352858903,
        0.45207433528589025,
        0.46207433528589026,
        0.47207433528589027,
        0.4820743352858903,
        0.4920743352858903,
        0.5020743352858903,
        0.5120743352858903,
        0.5220743352858903,
        0.5309386931016085
    ],
    "frequency": [
        11200.040356917092,
        11233.021483378265,
        11266.002609839437,
        11298.983736300608,
        11331.964862761783,
        11364.945989222953,
        11414.377833946517,
        11468.576818431042,
        11522.775802915568,
        11576.974787400097,
        11631.173771884622,
        11677.511813380743,
        11710.492939841915,
        11743.47406630309,
        11776.45519276426,
        11809.436319225433,
        11847.04259193184,
        11911.74380178361,
        11976.44501163538,
        12041.146221487152,
        12105.847431338923,
        12170.548641190693,
        12235.054024653435,
        12290.122511562848,
        12345.190998472259,
        12400.25948538167,
        12455.327972291083,
        12510.396459200494,
        12565.690110707435,
        12623.760451226572,
        12681.830791745706,
        12739.90113226484,
        12797.971472783976,
        12857.291784779973,
        12956.352953900852,
        13055.414123021732,
        13154.475292142608,
        13253.536461263486,
        13352.597630384364,
        13508.91495555782,
        13666.046465197836,
        13820.343396196065,
        13971.362238413012,
        14122.381080629959,
        14277.629845817337,
        14532.683890450404,
        14787.73793508347,
        15042.791979716536,
        15421.381976817887,
        15831.290262835319,
        16244.649167586467,
        16667.08242900998,
        17041.542387261863
    ]
}