{
    "time": [
        1.1738258864070543,
        1.1838258864070543,
        1.1938258864070543,
        1.2038258864070543,
        1.2138258864070544,
        1.2238258864070544,
        1.2338258864070544,
        1.2438258864070544,
        1.2538258864070544,
        1.2638258864070544,
        1.2738258864070544,
        1.2838258864070544,
        1.2938258864070544,
        1.3038258864070544,
        1.3138258864070544,
        1.3238258864070545,
        1.3338258864070545,
        1.3438258864070545,
        1.3538258864070545,
        1.3638258864070545,
        1.3738258864070545,
        1.3838258864070545,
        1.3938258864070545,
        1.4038258864070545,
        1.4138258864070545,
        1.4238258864070545,
        1.4338258864070546,
        1.4438258864070546,
        1.4538258864070546,
        1.4638258864070546,
        1.4738258864070546,
        1.4838258864070546,
        1.4938258864070546,
        1.5038258864070546,
        1.5138258864070546,
        1.5238258864070546,
        1.5338258864070546,
        1.5438258864070546,
        1.5538258864070547,
        1.5638258864070547,
        1.5738258864070547,
        1.5838258864070547,
        1.5938258864070547,
        1.6038258864070547,
        1.6138258864070547,
        1.6238258864070547,
        1.6338258864070547,
        1.6438258864070547,
        1.6538258864070547,
        1.6638258864070548,
        1.6738258864070548,
        1.6838258864070548,
        1.6938258864070548,
        1.7038258864070548,
        1.7138258864070548,
        1.7238258864070548,
        1.7338258864070548,
        1.7438258864070548,
        1.7538258864070548,
        1.7638258864070548,
        1.7738258864070549,
        1.7838258864070549,
        1.7938258864070549,
        1.8038258864070549,
        1.8138258864070549,
        1.823825886407055,
        1.833825886407055,
        1.843825886407055,
        1.853825886407055,
        1.863825886407055,
        1.8644752980582384
    ],
    "frequency": [
        11827.648698153833,
        11695.272365479359,
        11562.896032804882,
        11430.519700130402,
        11298.143367455927,
        11076.555147805942,
        10878.361669655009,
        10806.657822789666,
        10734.953975924323,
        10663.25012905898,
        10630.369973747798,
        10610.513523846628,
        10590.657073945455,
        10605.824755265861,
        10648.652392307606,
        10691.480029349348,
        10734.30766639109,
        10777.135303432833,
        10823.603733637581,
        10893.27548767678,
        10962.947241715978,
        11041.690557791577,
        11197.70552130078,
        11353.720484809988,
        11509.735448319194,
        11665.7504118284,
        11790.394709287044,
        11897.314054908737,
        12004.23340053043,
        12111.152746152124,
        12206.176295104531,
        12288.91150302608,
        12371.646710947627,
        12454.381918869174,
        12493.181132079499,
        12509.728173663809,
        12526.275215248117,
        12542.822256832427,
        12497.60080110184,
        12440.237723609565,
        12382.87464611729,
        12325.511568625017,
        12264.655585210861,
        12138.296358567042,
        12011.937131923223,
        11885.577905279406,
        11643.751875514736,
        11304.177804741075,
        10964.603733967415,
        10625.029663193754,
        10296.391052431369,
        9969.343642294427,
        9665.40994246715,
        9481.553924863709,
        9297.697907260268,
        9133.311398153024,
        9016.508751675545,
        8899.706105198064,
        8697.26972109227,
        8432.517055743318,
        8435.073815827196,
        8442.040991231115,
        8449.008166635038,
        8478.01187987921,
        8508.0974100325,
        8538.182940185792,
        8611.026705297661,
        8737.38593194148,
        8863.745158585298,
        8990.104385229117,
        8998.31030063082
    ]
}