{
    "time": [
        53.25742913133665,
        53.26742913133665,
        53.277429131336646,
        53.287429131336644,
        53.29742913133664,
        53.30742913133664,
        53.31742913133664,
        53.327429131336636,
        53.337429131336634,
        53.34742913133663,
        53.35742913133663,
        53.36742913133663,
        53.377429131336626,
        53.387429131336624,
        53.39742913133662,
        53.40742913133662,
        53.41742913133662,
        53.427429131336616,
        53.437429131336614,
        53.44742913133661,
        53.45742913133661,
        53.46742913133661,
        53.477429131336606,
        53.487429131336604,
        53.4974291313366,
        53.5074291313366,
        53.5174291313366,
        53.527429131336596,
        53.537429131336594,
        53.54742913133659,
        53.55742913133659,
        53.56742913133659,
        53.57742913133659,
        53.587429131336584,
        53.59742913133658,
        53.60742913133658,
        53.61742913133658,
        53.62742913133658,
        53.637429131336575,
        53.64742913133657,
        53.65742913133657,
        53.66742913133657,
        53.67742913133657,
        53.687429131336565,
        53.69742913133656,
        53.70742913133656,
        53.71742913133656,
        53.72742913133656,
        53.737429131336555,
        53.74742913133655,
        53.75742913133655,
        53.76742913133655,
        53.77742913133655,
        53.787429131336545,
        53.79742913133654,
        53.80742913133654,
        53.81742913133654,
        53.82742913133654,
        53.837429131336535,
        53.84742913133653,
        53.85742913133653,
        53.85935045455646
    ],
    "frequency": [
        14832.405657639541,
        14860.382673591925,
        14888.359689544308,
        14916.33670549669,
        14955.133734145078,
        14998.65353673767,
        15035.001184108638,
        15045.659094947638,
        15056.317005786641,
        15050.821413874231,
        15012.13714490304,
        14973.452875931847,
        14854.232343707547,
        14666.337322990328,
        14478.442302273112,
        14104.171757670741,
        13668.476362572295,
        13232.334501634263,
        12794.027918380363,
        12433.861233282423,
        12146.097640629352,
        11858.33404797628,
        11591.0876371517,
        11335.985384166548,
        11080.883131181397,
        10866.60574980385,
        10706.984945610433,
        10547.364141417016,
        10387.7433372236,
        10228.122533030182,
        10083.254314739197,
        9938.565100924847,
        9793.875887110495,
        9677.860455314223,
        9582.531363920938,
        9487.20227252765,
        9391.87318113436,
        9312.7979289908,
        9236.279594762062,
        9159.761260533323,
        9083.242926304585,
        8978.923511856989,
        8869.209723808437,
        8759.49593575989,
        8636.860744641031,
        8487.649992895009,
        8338.439241148986,
        8186.111558509221,
        8023.3361929681105,
        7860.560827426999,
        7697.785461885887,
        7510.065632071899,
        7320.507608859438,
        7179.823185784603,
        7039.138762709768,
        6898.4543396349345,
        6781.607038546868,
        6693.437048878748,
        6620.175304304249,
        6613.687880315292,
        6607.200456326334,
        6605.95401249158
    ]
}