{
    "time": [
        38.56128729079284,
        38.57128729079284,
        38.58128729079284,
        38.591287290792835,
        38.60128729079283,
        38.61128729079283,
        38.62128729079283,
        38.63128729079283,
        38.641287290792825,
        38.65128729079282,
        38.66128729079282,
        38.67128729079282,
        38.68128729079282,
        38.691287290792815,
        38.70128729079281,
        38.71128729079281,
        38.72128729079281,
        38.73128729079281,
        38.741287290792805,
        38.7512872907928,
        38.7612872907928,
        38.7712872907928,
        38.7812872907928,
        38.791287290792795,
        38.80128729079279,
        38.81128729079279,
        38.82128729079279,
        38.83128729079279,
        38.841287290792785,
        38.85128729079278,
        38.86128729079278,
        38.87128729079278,
        38.88128729079278,
        38.891287290792775,
        38.90128729079277,
        38.91128729079277,
        38.92128729079277,
        38.93128729079277,
        38.941287290792765,
        38.95128729079276,
        38.96128729079276,
        38.97128729079276,
        38.98128729079276,
        38.991287290792755,
        39.00128729079275,
        39.01128729079275,
        39.02128729079275,
        39.03128729079275,
        39.041287290792745,
        39.05128729079274,
        39.06128729079274,
        39.07128729079274,
        39.08128729079274,
        39.091287290792735,
        39.10128729079273,
        39.11128729079273,
        39.12128729079273,
        39.13128729079273,
        39.141287290792725,
        39.15128729079272,
        39.16128729079272,
        39.17128729079272,
        39.18128729079272,
        39.191287290792715,
        39.20128729079271,
        39.21128729079271,
        39.22128729079271,
        39.23128729079271,
        39.241287290792705,
        39.2512872907927,
        39.2612872907927,
        39.2712872907927,
        39.2812872907927,
        39.291287290792695,
        39.30128729079269,
        39.3073995693304
    ],
    "frequency": [
        7042.47391918336,
        7176.555771687675,
        7310.63762419199,
        7637.988729166076,
        8001.925185963504,
        8587.830502010223,
        9147.52794218017,
        9567.730890653465,
        9945.481750820274,
        10290.263657259991,
        10596.968040974265,
        10898.65220910894,
        11022.233923242187,
        11139.213498641377,
        11256.193074040566,
        11346.289876909254,
        11418.875541422873,
        11491.461205936492,
        11564.046870450109,
        11634.91556896779,
        11671.208401224598,
        11707.50123348141,
        11743.794065738217,
        11780.086897995025,
        11812.681895430283,
        11841.413720966932,
        11866.986012055575,
        11886.140562413335,
        11905.295112771095,
        11924.449663128853,
        11943.327325663136,
        11938.538688073697,
        11933.750050484257,
        11928.961412894816,
        11924.172775305378,
        11922.703763210768,
        11922.703763210768,
        11922.703763210768,
        11922.703763210768,
        11922.703763210768,
        11901.190276887643,
        11868.35390484577,
        11835.517532803897,
        11802.681160762022,
        11769.844788720147,
        11757.272243074243,
        11757.272243074243,
        11757.272243074243,
        11757.272243074243,
        11756.933937047253,
        11751.187571939925,
        11745.441206832595,
        11739.694841725268,
        11725.773558533012,
        11702.265701275766,
        11678.757844018517,
        11650.959654262439,
        11622.227828725794,
        11593.49600318915,
        11564.764177652509,
        11536.032352115864,
        11473.545462118273,
        11417.519613172368,
        11391.66097018939,
        11365.802327206413,
        11348.08658373229,
        11330.847488410307,
        11310.187989587397,
        11286.680132330148,
        11263.1722750729,
        11191.512226860443,
        11114.894025429405,
        10995.973869402485,
        10862.762678278044,
        10706.597206725377,
        10495.856902033262
    ]
}