{
    "time": [
        43.93335797206475,
        43.943357972064746,
        43.953357972064744,
        43.96335797206474,
        43.97335797206474,
        43.98335797206474,
        43.993357972064736,
        44.003357972064734,
        44.01335797206473,
        44.02335797206473,
        44.03335797206473,
        44.043357972064726,
        44.053357972064724,
        44.06335797206472,
        44.07335797206472,
        44.08335797206472,
        44.093357972064716,
        44.103357972064714,
        44.11335797206471,
        44.12335797206471,
        44.13335797206471,
        44.143357972064706,
        44.153357972064704,
        44.1633579720647,
        44.1733579720647,
        44.1833579720647,
        44.193357972064696,
        44.203357972064694,
        44.21335797206469,
        44.22335797206469,
        44.23335797206469,
        44.243357972064686,
        44.253357972064684,
        44.26335797206468,
        44.27335797206468,
        44.28335797206468,
        44.293357972064676,
        44.303357972064674,
        44.31335797206467,
        44.32335797206467,
        44.33335797206467,
        44.343357972064666,
        44.353357972064664,
        44.36335797206466,
        44.37335797206466,
        44.38335797206466,
        44.393357972064656,
        44.403357972064654,
        44.41335797206465,
        44.42335797206465,
        44.43335797206465,
        44.443357972064646,
        44.453357972064644,
        44.46335797206464,
        44.47335797206464,
        44.48335797206464,
        44.493357972064636,
        44.503357972064634,
        44.51335797206463,
        44.52335797206463,
        44.53335797206463,
        44.543357972064626,
        44.553357972064624,
        44.56335797206462,
        44.57335797206462,
        44.58335797206462,
        44.59335797206462,
        44.603357972064615,
        44.61335797206461,
        44.62335797206461,
        44.63335797206461,
        44.64335797206461,
        44.653357972064605,
        44.6633579720646,
        44.6733579720646,
        44.6833579720646,
        44.6933579720646,
        44.703357972064595,
        44.71335797206459,
        44.72335797206459,
        44.73335797206459,
        44.73748854004136
    ],
    "frequency": [
        15219.330053135243,
        14771.069401133547,
        14322.808749131853,
        13916.158198168907,
        13585.164045846901,
        13254.169893524893,
        12923.17574120289,
        12592.181588880881,
        12326.298688432029,
        12105.005455165323,
        11883.712221898615,
        11662.41898863191,
        11440.451211013371,
        11215.510287088415,
        10990.569363163457,
        10888.214663456642,
        10834.459222177273,
        10780.703780897904,
        10738.820647528926,
        10717.542452022513,
        10696.264256516102,
        10674.986061009691,
        10681.75058752565,
        10693.909556386458,
        10706.068525247265,
        10718.227494108072,
        10730.386462968881,
        10791.607198316113,
        10858.217201640538,
        10924.827204964962,
        10991.437208289388,
        11433.329613777138,
        11541.155965403417,
        11633.669858909561,
        11726.183752415709,
        11818.697645921855,
        11901.137222019272,
        11982.549448304679,
        12063.961674590086,
        12145.373900875495,
        12213.831340411249,
        12280.030170875656,
        12346.229001340062,
        12389.207625872434,
        12421.124919132057,
        12453.042212391681,
        12434.641100447505,
        12407.763379807828,
        12380.885659168149,
        12315.025797541504,
        12210.999063954581,
        12106.972330367658,
        11995.117960543048,
        11867.448787504574,
        11739.779614466099,
        11612.110441427625,
        11435.550318267215,
        11247.086300924682,
        10981.700167831943,
        10563.873783342377,
        10131.76343312422,
        9677.828595654057,
        9272.073506024824,
        8990.546611632268,
        8709.019717239706,
        8520.54357077248,
        8368.175139967472,
        8336.967119891397,
        8305.759099815321,
        8274.551079739247,
        8243.343059663172,
        8212.135039587096,
        8167.281860526209,
        8121.4519009739315,
        8153.460315181203,
        8224.774197848481,
        8219.454648971878,
        8214.135100095275,
        8225.854660528134,
        8293.944886148653,
        8585.415801676156,
        8810.416846059792
    ]
}