{
    "time": [
        28.814134150436416,
        28.824134150436418,
        28.83413415043642,
        28.84413415043642,
        28.854134150436423,
        28.864134150436424,
        28.874134150436426,
        28.884134150436427,
        28.89413415043643,
        28.90413415043643,
        28.914134150436432,
        28.924134150436434,
        28.934134150436435,
        28.944134150436437,
        28.95413415043644,
        28.96413415043644,
        28.97413415043644,
        28.984134150436443,
        28.994134150436444,
        29.004134150436446,
        29.014134150436448,
        29.02413415043645,
        29.03413415043645,
        29.044134150436452,
        29.054134150436454,
        29.064134150436455,
        29.074134150436457,
        29.08413415043646,
        29.09413415043646,
        29.10413415043646,
        29.114134150436463,
        29.124134150436465,
        29.134134150436466,
        29.144134150436468,
        29.15413415043647,
        29.16413415043647,
        29.174134150436473,
        29.184134150436474,
        29.194134150436476,
        29.204134150436477,
        29.21413415043648,
        29.22413415043648,
        29.234134150436482,
        29.244134150436484,
        29.254134150436485,
        29.264134150436487,
        29.27413415043649,
        29.28413415043649,
        29.29413415043649,
        29.304134150436493,
        29.314134150436495,
        29.324134150436496,
        29.334134150436498,
        29.3441341504365,
        29.3541341504365,
        29.364134150436502,
        29.374134150436504,
        29.384134150436505,
        29.394134150436507,
        29.40413415043651,
        29.41413415043651,
        29.42413415043651,
        29.434134150436513,
        29.444134150436515,
        29.454134150436516,
        29.464134150436518,
        29.47413415043652,
        29.48413415043652,
        29.494134150436523,
        29.504134150436524,
        29.514134150436526,
        29.524134150436527,
        29.5257710300795
    ],
    "frequency": [
        14456.149427592876,
        14178.047636524272,
        13899.945845455666,
        13621.84405438706,
        13343.742263318454,
        13065.64047224985,
        12824.649504387948,
        12635.97101650808,
        12447.292528628212,
        12270.703417817434,
        12152.271382348223,
        12033.83934687901,
        11915.407311409797,
        11796.975275940586,
        11691.175960826578,
        11591.653241944881,
        11492.130523063188,
        11392.607804181489,
        11298.587961664125,
        11205.285412712536,
        11111.982863760946,
        11018.680314809357,
        10925.377765857766,
        10789.22211488842,
        10644.914172509969,
        10500.606230131518,
        10356.298287753067,
        10211.990345374616,
        10067.682402996164,
        9895.77832865122,
        9699.842975852887,
        9503.907623054552,
        9307.972270256218,
        9123.80123079005,
        8983.712186277224,
        8843.623141764401,
        8703.534097251577,
        8568.721049455844,
        8507.440856811098,
        8446.160664166351,
        8384.880471521607,
        8323.60027887686,
        8265.235340577136,
        8218.344828796337,
        8171.4543170155375,
        8124.5638052347385,
        8077.6732934539405,
        8042.550989436107,
        8018.361439707916,
        7994.171889979727,
        7969.982340251538,
        7945.792790523348,
        7921.603240795159,
        7897.614895042807,
        7879.597851107328,
        7861.580807171849,
        7843.5637632363705,
        7825.546719300892,
        7807.529675365413,
        7771.089753729411,
        7730.269888563091,
        7689.450023396772,
        7648.630158230454,
        7607.810293064134,
        7565.710382379778,
        7494.955949424821,
        7424.201516469864,
        7342.113519281949,
        7200.604653372041,
        7059.095787462132,
        6917.586921552223,
        6776.078055642315,
        6752.914757451505
    ]
}