{
    "time": [
        46.77942208920592,
        46.78942208920592,
        46.79942208920592,
        46.80942208920592,
        46.819422089205915,
        46.82942208920591,
        46.83942208920591,
        46.84942208920591,
        46.85942208920591,
        46.869422089205905,
        46.8794220892059,
        46.8894220892059,
        46.8994220892059,
        46.9094220892059,
        46.919422089205895,
        46.92942208920589,
        46.93942208920589,
        46.94942208920589,
        46.95942208920589,
        46.969422089205885,
        46.97942208920588,
        46.98942208920588,
        46.99942208920588,
        47.00942208920588,
        47.019422089205875,
        47.02942208920587,
        47.03942208920587,
        47.04942208920587,
        47.05942208920587,
        47.069422089205865,
        47.07942208920586,
        47.08942208920586,
        47.09942208920586,
        47.10942208920586,
        47.119422089205855,
        47.12942208920585,
        47.13942208920585,
        47.14942208920585,
        47.15942208920585,
        47.169422089205845,
        47.17942208920584,
        47.18942208920584,
        47.19942208920584,
        47.20942208920584,
        47.219422089205835,
        47.22942208920583,
        47.23942208920583,
        47.24942208920583,
        47.25942208920583,
        47.269422089205825,
        47.27942208920582,
        47.28942208920582,
        47.29942208920582,
        47.30942208920582,
        47.319422089205815,
        47.32942208920581,
        47.33942208920581,
        47.34942208920581,
        47.35942208920581,
        47.369422089205806,
        47.379422089205804,
        47.3894220892058,
        47.3994220892058,
        47.4094220892058,
        47.409557583965345
    ],
    "frequency": [
        14659.635266432706,
        14457.591186560217,
        14301.729397085586,
        14225.121016800582,
        14148.512636515581,
        14071.904256230577,
        13995.295875945574,
        13690.971944362318,
        13612.900681991918,
        13583.716537121443,
        13554.532392250965,
        13502.209022675144,
        13422.269843247324,
        13342.330663819506,
        13272.37895538821,
        13209.997845727561,
        13147.616736066917,
        13085.23562640627,
        13022.854516745623,
        12919.431975582034,
        12782.133839486845,
        12644.835703391655,
        12575.334838327768,
        12524.26258480444,
        12516.569634233245,
        12547.838360880185,
        12579.107087527125,
        12610.375814174062,
        12641.644540821002,
        12672.91326746794,
        12704.18199411488,
        12735.450720761819,
        12781.448536874854,
        12836.521842517526,
        12891.5951481602,
        12946.668453802875,
        12955.887087263258,
        12947.927775025853,
        12939.968462788449,
        12932.009150551048,
        12893.624904694305,
        12833.67052012343,
        12773.71613555256,
        12713.761750981688,
        12653.807366410816,
        12593.852981839944,
        12529.267832657799,
        12463.603506699224,
        12397.939180740654,
        12332.274854782081,
        12266.610528823507,
        12200.946202864934,
        12118.515779141777,
        11993.7535598205,
        11868.991340499222,
        11744.229121177947,
        11619.466901856671,
        11499.189695382762,
        11391.500200810699,
        11283.810706238633,
        11176.12121166657,
        11068.431717094505,
        10960.74222252244,
        10853.052727950377,
        10851.593591733095
    ]
}