{
    "time": [
        45.54384853765469,
        45.55384853765469,
        45.563848537654685,
        45.57384853765468,
        45.58384853765468,
        45.59384853765468,
        45.60384853765468,
        45.613848537654675,
        45.62384853765467,
        45.63384853765467,
        45.64384853765467,
        45.65384853765467,
        45.663848537654665,
        45.67384853765466,
        45.68384853765466,
        45.69384853765466,
        45.70384853765466,
        45.713848537654656,
        45.72384853765465,
        45.73384853765465,
        45.74384853765465,
        45.75384853765465,
        45.763848537654646,
        45.773848537654644,
        45.78384853765464,
        45.79384853765464,
        45.80384853765464,
        45.813848537654636,
        45.823848537654634,
        45.83384853765463,
        45.84384853765463,
        45.85384853765463,
        45.863848537654626,
        45.873848537654624,
        45.88384853765462,
        45.89384853765462,
        45.90384853765462,
        45.913848537654616,
        45.923848537654614,
        45.93384853765461,
        45.94384853765461,
        45.95384853765461,
        45.963848537654606,
        45.973848537654604,
        45.9838485376546,
        45.9938485376546,
        46.0038485376546,
        46.013848537654596,
        46.023848537654594,
        46.03384853765459,
        46.04384853765459,
        46.05384853765459,
        46.063848537654586,
        46.073848537654584,
        46.08384853765458,
        46.09384853765458,
        46.10384853765458,
        46.113848537654576,
        46.123848537654574,
        46.13384853765457,
        46.14384853765457,
        46.15384853765457,
        46.163848537654566,
        46.173848537654564,
        46.18384853765456,
        46.19384853765456,
        46.20384853765456,
        46.213848537654556,
        46.223848537654554,
        46.23384853765455,
        46.24384853765455,
        46.25384853765455,
        46.263848537654546,
        46.273848537654544,
        46.28384853765454,
        46.29384853765454,
        46.30384853765454,
        46.313848537654536,
        46.323848537654534,
        46.33384853765453,
        46.3402191588506
    ],
    "frequency": [
        6726.914794641234,
        6794.047589169586,
        6861.180383697936,
        6928.313178226286,
        6995.445972754638,
        7061.846483113755,
        7127.58712291686,
        7193.327762719966,
        7259.068402523071,
        7324.8090423261765,
        7390.549682129282,
        7456.290321932388,
        7522.03512993247,
        7588.205447119904,
        7654.375764307339,
        7720.546081494773,
        7786.716398682207,
        7860.879727924642,
        7972.007868272945,
        8083.13600862125,
        8194.264148969552,
        8293.271676111122,
        8388.811706274799,
        8484.351736438475,
        8557.034306138907,
        8621.48591378901,
        8685.937521439115,
        8750.389129089217,
        8785.275718706289,
        8819.468992659607,
        8853.662266612924,
        8876.648448809095,
        8891.413726198029,
        8906.17900358696,
        8920.944280975891,
        8916.522510968218,
        8901.295818660878,
        8886.069126353541,
        8870.842434046202,
        8855.615741738864,
        8840.38904943153,
        8806.934742653135,
        8771.744164876178,
        8736.553587099223,
        8701.363009322267,
        8666.17243154531,
        8630.981853768353,
        8595.791275991398,
        8551.57288063425,
        8504.419252843789,
        8457.26562505333,
        8410.111997262866,
        8362.958369472406,
        8308.758972612157,
        8227.54994697302,
        8146.340921333882,
        8065.131895694745,
        7963.532985835164,
        7849.840349940395,
        7736.1477140456245,
        7623.557983070846,
        7532.603874355015,
        7441.649765639186,
        7350.695656923354,
        7259.741548207525,
        7168.554161878288,
        7077.194008034263,
        6985.833854190238,
        6900.409356129323,
        6817.395685476,
        6735.476687296106,
        6693.368303631369,
        6651.259919966632,
        6609.151536301895,
        6566.074074234408,
        6522.762593893534,
        6479.451113552661,
        6422.969429971297,
        6321.458147922405,
        6219.946865873513,
        6155.277873367418
    ]
}