{
    "time": [
        52.185106547381224,
        52.19510654738122,
        52.20510654738122,
        52.21510654738122,
        52.225106547381216,
        52.235106547381214,
        52.24510654738121,
        52.25510654738121,
        52.26510654738121,
        52.275106547381206,
        52.285106547381204,
        52.2951065473812,
        52.3051065473812,
        52.3151065473812,
        52.325106547381196,
        52.335106547381194,
        52.34510654738119,
        52.35510654738119,
        52.36510654738119,
        52.375106547381186,
        52.385106547381184,
        52.39510654738118,
        52.40510654738118,
        52.41510654738118,
        52.425106547381176,
        52.435106547381174,
        52.44510654738117,
        52.45510654738117,
        52.46510654738117,
        52.475106547381166,
        52.485106547381164,
        52.49510654738116,
        52.50510654738116,
        52.51510654738116,
        52.52510654738116,
        52.535106547381154,
        52.54510654738115,
        52.55510654738115,
        52.56510654738115,
        52.57510654738115,
        52.585106547381145,
        52.59510654738114,
        52.60510654738114,
        52.61510654738114,
        52.62510654738114,
        52.635106547381135,
        52.64510654738113,
        52.65510654738113,
        52.66510654738113,
        52.67510654738113,
        52.685106547381125,
        52.69510654738112,
        52.70510654738112,
        52.71510654738112,
        52.72510654738112,
        52.735106547381115,
        52.74510654738111,
        52.75510654738111,
        52.76510654738111,
        52.77510654738111,
        52.785106547381105,
        52.7951065473811,
        52.8051065473811,
        52.80832217572288
    ],
    "frequency": [
        10855.768773397886,
        10719.981154512014,
        10584.193535626142,
        10477.975797860523,
        10379.685347527113,
        10312.21071687061,
        10278.5696401196,
        10248.918580076337,
        10277.414550971313,
        10322.883222991088,
        10399.136330293377,
        10475.389437595666,
        10551.642544897955,
        10648.418720034786,
        10752.528999664239,
        10856.63927929369,
        10960.749558923138,
        11065.639191994527,
        11170.599351457666,
        11275.559510920806,
        11382.339228524777,
        11489.317852592987,
        11596.296476661199,
        11703.27510072941,
        11817.618411908483,
        11932.959246483404,
        12048.541161744219,
        12167.524338463569,
        12274.21749025161,
        12314.586782352828,
        12354.956074454043,
        12388.733123435006,
        12382.274036698815,
        12375.814949962623,
        12339.07366044505,
        12284.379780824043,
        12229.685901203036,
        12151.039952272196,
        12049.540017846299,
        11948.040083420401,
        11846.540148994502,
        11690.032191876895,
        11533.168656855018,
        11376.305121833142,
        11151.225754912906,
        10850.878221679868,
        10550.530688446832,
        10287.230745376168,
        10025.375877692619,
        9763.521010009068,
        9510.371947036805,
        9284.303911270066,
        9058.235875503327,
        8897.027756560441,
        8759.772163416272,
        8656.746361070953,
        8567.036823068276,
        8506.501898508279,
        8472.982267064124,
        8463.293636959834,
        8453.605006855543,
        8460.780827431758,
        8515.197106336404,
        8534.66900230913
    ]
}