{
    "time": [
        53.63314999548841,
        53.64314999548841,
        53.653149995488405,
        53.6631499954884,
        53.6731499954884,
        53.6831499954884,
        53.6931499954884,
        53.703149995488396,
        53.71314999548839,
        53.72314999548839,
        53.73314999548839,
        53.74314999548839,
        53.74653268789934
    ],
    "frequency": [
        13921.144029479226,
        13806.595640787347,
        13692.047252095468,
        13577.498863403589,
        13462.950474711706,
        13348.402086019829,
        13233.853697327948,
        13119.305308636069,
        13004.756919944188,
        12890.208531252309,
        12775.66014256043,
        12661.111753868548,
        12622.363557357061
    ]
}