{
    "time": [
        40.7331494464743,
        40.7431494464743,
        40.753149446474296,
        40.763149446474294,
        40.77314944647429,
        40.78314944647429,
        40.79314944647429,
        40.803149446474286,
        40.813149446474284,
        40.82314944647428,
        40.83314944647428,
        40.84314944647428,
        40.853149446474276,
        40.863149446474274,
        40.87314944647427,
        40.88314944647427,
        40.89314944647427,
        40.903149446474266,
        40.913149446474264,
        40.92314944647426,
        40.93314944647426,
        40.94314944647426,
        40.95314944647426,
        40.963149446474254,
        40.97314944647425,
        40.98314944647425,
        40.99314944647425,
        41.00314944647425,
        41.013149446474245,
        41.02314944647424,
        41.03314944647424,
        41.04314944647424,
        41.05314944647424,
        41.063149446474235,
        41.07314944647423,
        41.08314944647423,
        41.09314944647423,
        41.10314944647423,
        41.113149446474225,
        41.12314944647422,
        41.13314944647422,
        41.14314944647422,
        41.15314944647422,
        41.163149446474215,
        41.17314944647421,
        41.18314944647421,
        41.18456561723939
    ],
    "frequency": [
        14452.224092585073,
        14167.122249964024,
        13882.020407342974,
        13596.918564721924,
        13340.242264940334,
        13174.475907873508,
        13008.709550806681,
        12842.943193739857,
        12677.17683667303,
        12526.48315851176,
        12394.178084670428,
        12261.873010829093,
        12129.567936987758,
        12066.502261838003,
        12020.46134725303,
        11974.42043266806,
        11928.379518083084,
        11882.338603498112,
        11843.251915973173,
        11812.841052760261,
        11782.430189547347,
        11752.019326334437,
        11721.608463121524,
        11691.197599908613,
        11660.7867366957,
        11630.375873482788,
        11599.965010269878,
        11569.554147056966,
        11539.143283844054,
        11509.268707244622,
        11482.21966992595,
        11455.170632607278,
        11428.121595288607,
        11401.072557969936,
        11374.023520651263,
        11346.974483332591,
        11319.92544601392,
        11292.876408695247,
        11265.475644284808,
        11229.634269783875,
        11193.79289528294,
        11157.951520782008,
        11122.110146281075,
        11086.268771780142,
        11050.427397279207,
        11014.586022778274,
        11009.510272103056
    ]
}