{
    "time": [
        15.353307576545077,
        15.363307576545077,
        15.373307576545077,
        15.383307576545077,
        15.393307576545077,
        15.403307576545076,
        15.413307576545076,
        15.41615523681024
    ],
    "frequency": [
        12536.435752375026,
        12639.49741704298,
        12742.559081710933,
        12845.620746378887,
        12948.68241104684,
        13051.744075714792,
        13154.805740382746,
        13184.15420111641
    ]
}