{
    "time": [
        9.775747416301968,
        9.785747416301968,
        9.795747416301968,
        9.805747416301967,
        9.815747416301967,
        9.825747416301967,
        9.835747416301967,
        9.845747416301966,
        9.855747416301966,
        9.865747416301966,
        9.875747416301966,
        9.885747416301966,
        9.895747416301965,
        9.905747416301965,
        9.915747416301965,
        9.925747416301965,
        9.935747416301965,
        9.945747416301964,
        9.955747416301964,
        9.965747416301964,
        9.975747416301964,
        9.985747416301963,
        9.995747416301963,
        10.005747416301963,
        10.015747416301963,
        10.025747416301963,
        10.035747416301962,
        10.045747416301962,
        10.055747416301962,
        10.065747416301962,
        10.075747416301962,
        10.085747416301961,
        10.095747416301961,
        10.105747416301961,
        10.11574741630196,
        10.12574741630196,
        10.13574741630196,
        10.14574741630196,
        10.15574741630196,
        10.16574741630196,
        10.17574741630196,
        10.18574741630196,
        10.195747416301959,
        10.205747416301959,
        10.215747416301959,
        10.225747416301958,
        10.235747416301958,
        10.245747416301958,
        10.255747416301958,
        10.265747416301958,
        10.275747416301957,
        10.285747416301957,
        10.295747416301957,
        10.305747416301957,
        10.315747416301956,
        10.325747416301956,
        10.335747416301956,
        10.342819830893754
    ],
    "frequency": [
        7912.498885833466,
        7926.307244386673,
        7940.115602939883,
        7953.923961493088,
        7988.343843481618,
        8023.325018483079,
        8160.475686936441,
        8370.36273694519,
        8618.71288862061,
        9026.059465940254,
        9433.4060432599,
        9830.150891129973,
        10174.49683255058,
        10518.842773971184,
        10802.225743796584,
        11048.187130525603,
        11283.13329474158,
        11373.949806764595,
        11464.766318787613,
        11555.58283081063,
        11646.399342833647,
        11698.815376377243,
        11748.317039115158,
        11797.81870185307,
        11847.320364590985,
        11896.8220273289,
        11946.323690066814,
        11995.825352804728,
        12045.327015542642,
        12088.73892118942,
        12125.738240902503,
        12162.737560615586,
        12199.736880328668,
        12236.736200041749,
        12273.735519754831,
        12310.734839467916,
        12347.734159180998,
        12384.73347889408,
        12421.732798607161,
        12458.732118320244,
        12495.731438033328,
        12532.36567605854,
        12563.520785044215,
        12594.67589402989,
        12625.831003015566,
        12656.98611200124,
        12688.141220986916,
        12719.29632997259,
        12750.451438958265,
        12781.60654794394,
        12812.761656929613,
        12843.916765915292,
        12875.071874900965,
        12906.226983886641,
        12938.456683165494,
        12972.977579548515,
        13007.498475931534,
        13031.913085061655
    ]
}