{
    "time": [
        19.854452480189053,
        19.864452480189055,
        19.874452480189056,
        19.884452480189058,
        19.89445248018906,
        19.90445248018906,
        19.914452480189063,
        19.924452480189064,
        19.934452480189066,
        19.944452480189067,
        19.95445248018907,
        19.96445248018907,
        19.974452480189072,
        19.984452480189073,
        19.994452480189075,
        20.004452480189077,
        20.014452480189078,
        20.02445248018908,
        20.03445248018908,
        20.044452480189083,
        20.054452480189084,
        20.064452480189086,
        20.074452480189088,
        20.08445248018909,
        20.09445248018909,
        20.104452480189092,
        20.114452480189094,
        20.124452480189095,
        20.134452480189097,
        20.1444524801891,
        20.1544524801891,
        20.1644524801891,
        20.174452480189103,
        20.184452480189105,
        20.194452480189106,
        20.204452480189108,
        20.21445248018911,
        20.22445248018911,
        20.2264931915917
    ],
    "frequency": [
        9878.79122873756,
        9761.665847668597,
        9837.820287825863,
        9917.465546952737,
        9997.77733777927,
        10081.717194212013,
        10165.657050644757,
        10249.596907077503,
        10333.536763510247,
        10417.47661994299,
        10501.416476375733,
        10599.401924847596,
        10721.275632176088,
        10843.14933950458,
        10965.023046833072,
        11086.896754161564,
        11208.770461490054,
        11330.644168818546,
        11452.517876147038,
        11574.363464178401,
        11683.317307033232,
        11792.271149888062,
        11901.224992742893,
        12010.178835597724,
        12121.485233067615,
        12247.28656828982,
        12373.087903512025,
        12501.711814357888,
        12660.175565215864,
        12818.63931607384,
        12977.103066931815,
        13142.558512587644,
        13329.959122297947,
        13456.218980908492,
        13531.513868738528,
        13606.808756568564,
        13682.103644398601,
        13757.398532228637,
        13772.764045843778
    ]
}