{
    "time": [
        56.038116295800606,
        56.048116295800604,
        56.0581162958006,
        56.0681162958006,
        56.0781162958006,
        56.088116295800596,
        56.098116295800594,
        56.10811629580059,
        56.11811629580059,
        56.12811629580059,
        56.138116295800586,
        56.148116295800584,
        56.15811629580058,
        56.16811629580058,
        56.17811629580058,
        56.188116295800576,
        56.198116295800574,
        56.20811629580057,
        56.21811629580057,
        56.22811629580057,
        56.238116295800566,
        56.248116295800564,
        56.25811629580056,
        56.26811629580056,
        56.27811629580056,
        56.288116295800556,
        56.298116295800554,
        56.30811629580055,
        56.31811629580055,
        56.32811629580055,
        56.338116295800546,
        56.348116295800544,
        56.35811629580054,
        56.36811629580054,
        56.37811629580054,
        56.388116295800536,
        56.398116295800534,
        56.40811629580053,
        56.41811629580053,
        56.42811629580053,
        56.438116295800526,
        56.448116295800524,
        56.45811629580052,
        56.46811629580052,
        56.47811629580052,
        56.488116295800516,
        56.498116295800514,
        56.50811629580051,
        56.51811629580051,
        56.52811629580051,
        56.538116295800506,
        56.548116295800504,
        56.5581162958005,
        56.5681162958005,
        56.5781162958005,
        56.588116295800496,
        56.598116295800494,
        56.60811629580049,
        56.61811629580049,
        56.62811629580049,
        56.63811629580049,
        56.648116295800484,
        56.65811629580048,
        56.66811629580048,
        56.67811629580048,
        56.68811629580048,
        56.698116295800475,
        56.70811629580047,
        56.71811629580047,
        56.72811629580047,
        56.73811629580047,
        56.748116295800465,
        56.7577350943308
    ],
    "frequency": [
        14741.74402951845,
        14079.076675420896,
        13416.409321323343,
        12753.741967225791,
        12293.479388173204,
        11871.910156523816,
        11468.637607433735,
        11091.872835186696,
        10983.946256548097,
        10890.264205070474,
        10796.58215359285,
        10717.91391204961,
        10673.78830809275,
        10629.662704135888,
        10585.537100179026,
        10541.411496222167,
        10536.04905147041,
        10533.743504674409,
        10531.437957878405,
        10529.1324110824,
        10526.826864286397,
        10524.521317490391,
        10534.344071105907,
        10557.077834861855,
        10579.811598617805,
        10602.545362373752,
        10625.2791261297,
        10652.645633825183,
        10693.376960554586,
        10734.108287283987,
        10774.83961401339,
        10815.570940742793,
        10872.619778552264,
        10931.865344704129,
        10991.11091085599,
        11050.356477007854,
        11145.036695852552,
        11245.01358873382,
        11344.990481615088,
        11444.967374496357,
        11531.234131640944,
        11615.242493020352,
        11699.250854399757,
        11783.259215779168,
        11860.29194937446,
        11937.099594064199,
        12013.907238753936,
        12090.714883443674,
        12163.339736737682,
        12234.291080072777,
        12305.24242340787,
        12376.193766742965,
        12415.594200518051,
        12453.192348268265,
        12490.790496018482,
        12541.881909012562,
        12596.65852082107,
        12651.43513262958,
        12700.516490540555,
        12733.414869821998,
        12766.313249103445,
        12799.342995600357,
        12833.557310053056,
        12867.771624505758,
        12901.520049961955,
        12928.083958698522,
        12954.647867435091,
        12993.604970843073,
        13066.92135895601,
        13140.237747068948,
        13280.898072885982,
        13434.968743558078,
        13583.166217620925
    ]
}