{
    "time": [
        24.98501097224555,
        24.995010972245552,
        25.005010972245554,
        25.015010972245555,
        25.025010972245557,
        25.03501097224556,
        25.04501097224556,
        25.05501097224556,
        25.065010972245563,
        25.075010972245565,
        25.085010972245566,
        25.095010972245568,
        25.10501097224557,
        25.11501097224557,
        25.125010972245573,
        25.135010972245574,
        25.145010972245576,
        25.155010972245577,
        25.16501097224558,
        25.17501097224558,
        25.185010972245582,
        25.195010972245584,
        25.205010972245585,
        25.215010972245587,
        25.225010972245588,
        25.23501097224559,
        25.24501097224559,
        25.255010972245593,
        25.265010972245594,
        25.275010972245596,
        25.285010972245598,
        25.2950109722456,
        25.3050109722456,
        25.315010972245602,
        25.325010972245604,
        25.335010972245605,
        25.345010972245607,
        25.35501097224561,
        25.36501097224561,
        25.37501097224561,
        25.385010972245613,
        25.395010972245615,
        25.405010972245616,
        25.415010972245618,
        25.42501097224562,
        25.43501097224562,
        25.445010972245623,
        25.455010972245624,
        25.465010972245626,
        25.475010972245627,
        25.48501097224563,
        25.49501097224563,
        25.505010972245632,
        25.515010972245634,
        25.525010972245635,
        25.535010972245637,
        25.545010972245638,
        25.55501097224564,
        25.56501097224564,
        25.575010972245643,
        25.585010972245644,
        25.595010972245646,
        25.605010972245648,
        25.61501097224565,
        25.62501097224565,
        25.635010972245652,
        25.645010972245654,
        25.655010972245655,
        25.665010972245657,
        25.67501097224566,
        25.68501097224566,
        25.69501097224566,
        25.705010972245663,
        25.715010972245665,
        25.725010972245666,
        25.735010972245668,
        25.74501097224567,
        25.75501097224567,
        25.765010972245673,
        25.771474943074185
    ],
    "frequency": [
        6204.636330804969,
        6472.8293318742,
        6704.37959947737,
        6849.822726980293,
        6995.265854483216,
        7113.840447068831,
        7201.215542439801,
        7288.590637810771,
        7366.738287589268,
        7417.024475289744,
        7467.3106629902195,
        7488.213719982687,
        7508.52160347711,
        7528.829486971535,
        7595.364366547148,
        7664.063035282574,
        7732.761704017998,
        7801.460372753423,
        7874.867575886294,
        7964.132997839803,
        8053.398419793311,
        8142.66384174682,
        8231.92926370033,
        8321.194685653838,
        8410.460107607349,
        8499.725529560856,
        8576.15627825379,
        8650.425109319116,
        8724.693940384443,
        8795.761109995561,
        8827.205574761118,
        8858.650039526676,
        8890.094504292234,
        8921.538969057792,
        8952.98343382335,
        8978.831588652434,
        8984.136505157101,
        8989.441421661766,
        8994.746338166433,
        9000.0512546711,
        9005.356171175765,
        9010.661087680432,
        9002.897405686976,
        8986.319541609895,
        8969.741677532815,
        8953.163813455732,
        8936.585949378652,
        8920.008085301572,
        8903.430221224491,
        8886.85235714741,
        8849.107256802674,
        8800.308826134755,
        8751.510395466838,
        8702.71196479892,
        8653.913534131003,
        8605.115103463084,
        8556.316672795165,
        8489.5929662821,
        8377.643625338043,
        8265.694284393989,
        8153.226650435104,
        8033.866029080124,
        7914.5054077251425,
        7795.144786370163,
        7675.784165015182,
        7556.423543660202,
        7449.247919908854,
        7345.581009880174,
        7241.914099851496,
        7138.247189822816,
        7034.580279794137,
        6932.396063116835,
        6842.875597100599,
        6753.355131084363,
        6662.315945143546,
        6687.633003546526,
        6681.596217722791,
        6640.63914176765,
        6599.682065812507,
        6573.207531392989
    ]
}