{
    "time": [
        55.57330660744062,
        55.58330660744062,
        55.59330660744062,
        55.603306607440615,
        55.61330660744061,
        55.62330660744061,
        55.63330660744061,
        55.64330660744061,
        55.653306607440605,
        55.6633066074406,
        55.6733066074406,
        55.6833066074406,
        55.6933066074406,
        55.703306607440595,
        55.71330660744059,
        55.72330660744059,
        55.73330660744059,
        55.74330660744059,
        55.753306607440585,
        55.76330660744058,
        55.77330660744058,
        55.78330660744058,
        55.79330660744058,
        55.803306607440575,
        55.81330660744057,
        55.82330660744057,
        55.83330660744057,
        55.84330660744057,
        55.853306607440565,
        55.86330660744056,
        55.87330660744056,
        55.88330660744056,
        55.89330660744056,
        55.903306607440555,
        55.91330660744055,
        55.92330660744055,
        55.93330660744055,
        55.94330660744055,
        55.953306607440545,
        55.96330660744054,
        55.97330660744054,
        55.98330660744054,
        55.99330660744054,
        56.003306607440535,
        56.01330660744053,
        56.02330660744053,
        56.03330660744053,
        56.04330660744053,
        56.053306607440526,
        56.06330660744052,
        56.07330660744052,
        56.08330660744052,
        56.09330660744052,
        56.103306607440516,
        56.113306607440514,
        56.12330660744051,
        56.13330660744051,
        56.14330660744051,
        56.153306607440506,
        56.163306607440504,
        56.1733066074405,
        56.1833066074405,
        56.1933066074405,
        56.203306607440496,
        56.213306607440494,
        56.22330660744049,
        56.23330660744049,
        56.236280481583066
    ],
    "frequency": [
        11807.00406693741,
        11841.03584664395,
        11875.067626350487,
        11909.099406057023,
        11943.131185763561,
        11977.1629654701,
        12025.427020096042,
        12082.404469453215,
        12139.097092985185,
        12192.860429814493,
        12246.623766643805,
        12277.893636944833,
        12300.206484245542,
        12322.51933154625,
        12344.832178846957,
        12367.145026147666,
        12395.752516594024,
        12430.815562352273,
        12465.878608110523,
        12500.941653868773,
        12536.004699627023,
        12571.067745385271,
        12605.13458520938,
        12638.639273378376,
        12672.143961547374,
        12705.648649716371,
        12739.153337885367,
        12772.658026054367,
        12806.162714223363,
        12838.396396315193,
        12869.452236843928,
        12900.508077372668,
        12931.563917901405,
        12962.619758430144,
        12993.67559895888,
        13018.545446152955,
        13043.295831394073,
        13068.046216635194,
        13092.79660187631,
        13117.546987117428,
        13135.576129857749,
        13149.148921764168,
        13162.721713670591,
        13176.29450557701,
        13189.867297483432,
        13198.175007922135,
        13204.185815766406,
        13210.196623610678,
        13216.20743145495,
        13222.218239299222,
        13225.937928779553,
        13217.474434975835,
        13209.01094117212,
        13200.5474473684,
        13192.083953564686,
        13149.601817134197,
        13081.423672604275,
        13013.245528074356,
        12896.324214924356,
        12760.596295860152,
        12624.868376795948,
        12489.140457731744,
        12353.412538667542,
        12186.461486832952,
        12012.494836724702,
        11838.528186616451,
        11664.561536508203,
        11612.826044265443
    ]
}