{
    "time": [
        33.06155464250126,
        33.071554642501255,
        33.08155464250125,
        33.09155464250125,
        33.10155464250125,
        33.11155464250125,
        33.121554642501245,
        33.13155464250124,
        33.14155464250124,
        33.15155464250124,
        33.16155464250124,
        33.171554642501235,
        33.18155464250123,
        33.19155464250123,
        33.20155464250123,
        33.21155464250123,
        33.221554642501225,
        33.23155464250122,
        33.24155464250122,
        33.25155464250122,
        33.26155464250122,
        33.271554642501215,
        33.28155464250121,
        33.29155464250121,
        33.30155464250121,
        33.31155464250121,
        33.321554642501205,
        33.3315546425012,
        33.3415546425012,
        33.3515546425012,
        33.3615546425012,
        33.371554642501195,
        33.38155464250119,
        33.39155464250119,
        33.40155464250119,
        33.41155464250119,
        33.421554642501185,
        33.43155464250118,
        33.44155464250118,
        33.45155464250118,
        33.46155464250118,
        33.471554642501175,
        33.48155464250117,
        33.49155464250117,
        33.498838911585835
    ],
    "frequency": [
        12260.367758831893,
        12305.796910698156,
        12351.226062564418,
        12396.655214430679,
        12442.084366296938,
        12487.513518163201,
        12532.942670029463,
        12578.371821895726,
        12623.800973761985,
        12666.105321735211,
        12705.648146713891,
        12745.19097169257,
        12784.733796671248,
        12824.27662164993,
        12863.136003335934,
        12901.360734148662,
        12939.58546496139,
        12959.593302204232,
        12978.14353921629,
        12996.693776228345,
        13015.244013240403,
        13033.794250252457,
        13052.344487264514,
        13070.910623534606,
        13090.750449215951,
        13110.590274897297,
        13130.43010057864,
        13150.269926259987,
        13170.10975194133,
        13189.436457574193,
        13205.497268840041,
        13221.558080105891,
        13237.618891371738,
        13244.808308036201,
        13243.341886138012,
        13241.875464239827,
        13240.40904234164,
        13234.212149446776,
        13223.834394474994,
        13213.456639503216,
        13203.078884531435,
        13191.36895022999,
        13144.993357699846,
        13098.617765169703,
        13064.836535674667
    ]
}