{
    "time": [
        15.194018605279016,
        15.204018605279016,
        15.214018605279016,
        15.224018605279015,
        15.234018605279015,
        15.244018605279015,
        15.254018605279015,
        15.264018605279015,
        15.274018605279014,
        15.284018605279014,
        15.294018605279014,
        15.304018605279014,
        15.314018605279013,
        15.324018605279013,
        15.334018605279013,
        15.344018605279013,
        15.354018605279013,
        15.364018605279012,
        15.374018605279012,
        15.384018605279012,
        15.394018605279012,
        15.404018605279012,
        15.414018605279011,
        15.417639465873238
    ],
    "frequency": [
        12548.071350536995,
        12568.237783344703,
        12588.404216152408,
        12608.570648960114,
        12628.73708176782,
        12648.903514575528,
        12669.069947383236,
        12693.387738958856,
        12718.035601279387,
        12742.683463599917,
        12767.331325920448,
        12791.97918824098,
        12816.62705056151,
        12841.274912882041,
        12866.187051680356,
        12895.375309691513,
        12924.563567702666,
        12953.751825713822,
        12982.940083724974,
        13012.12834173613,
        13038.497276426655,
        13064.216784935037,
        13089.936293443418,
        13099.248968929503
    ]
}