{
    "time": [
        15.433463134016689,
        15.443463134016689,
        15.453463134016689,
        15.463463134016688,
        15.473463134016688,
        15.483463134016688,
        15.493463134016688,
        15.503463134016688,
        15.513463134016687,
        15.523463134016687,
        15.533463134016687,
        15.543463134016687,
        15.553463134016686,
        15.563463134016686,
        15.573463134016686,
        15.583463134016686,
        15.593463134016686,
        15.603463134016685,
        15.613463134016685,
        15.623463134016685,
        15.633463134016685,
        15.643463134016685,
        15.653463134016684,
        15.663463134016684,
        15.673463134016684,
        15.683463134016684,
        15.693463134016683,
        15.703463134016683,
        15.713463134016683,
        15.723463134016683,
        15.733463134016683,
        15.743463134016682,
        15.753463134016682,
        15.763463134016682,
        15.773463134016682,
        15.783463134016682,
        15.793463134016681,
        15.803463134016681,
        15.813463134016681,
        15.82346313401668,
        15.83346313401668,
        15.84346313401668,
        15.85346313401668,
        15.86346313401668,
        15.866109581085821
    ],
    "frequency": [
        14182.508577861496,
        14164.788871482237,
        14147.069165102974,
        14129.349458723713,
        14096.212066659971,
        14031.80478608144,
        13967.39750550291,
        13902.990224924379,
        13838.582944345846,
        13763.604940598536,
        13687.292071791857,
        13610.979202985172,
        13603.24704957631,
        13596.159167024605,
        13589.071284472902,
        13588.80741927543,
        13602.983184378836,
        13617.158949482247,
        13631.334714585653,
        13641.151574664773,
        13648.633228469349,
        13656.114882273927,
        13651.22996187952,
        13587.85595318193,
        13524.48194448434,
        13461.10793578675,
        13351.348110300767,
        13235.916880173008,
        13120.485650045252,
        13005.054419917493,
        12776.444560474829,
        12525.469082848565,
        12141.862725471481,
        11758.95720840727,
        11652.775275565391,
        11546.59334272351,
        11440.41140988163,
        11334.229477039751,
        11236.379101562357,
        11188.282755675791,
        11140.186409789225,
        11070.956741756383,
        10974.764049983256,
        10878.571358210129,
        10853.114471488549
    ]
}