{
    "time": [
        25.751256482995394,
        25.761256482995396,
        25.771256482995398,
        25.7812564829954,
        25.7912564829954,
        25.801256482995402,
        25.811256482995404,
        25.821256482995405,
        25.831256482995407,
        25.84125648299541,
        25.85125648299541,
        25.86125648299541,
        25.871256482995413,
        25.881256482995415,
        25.891256482995416,
        25.901256482995418,
        25.91125648299542,
        25.92125648299542,
        25.931256482995423,
        25.941256482995424,
        25.951256482995426,
        25.961256482995427,
        25.97125648299543,
        25.98125648299543,
        25.991256482995432,
        26.001256482995434,
        26.011256482995435,
        26.021256482995437,
        26.03125648299544,
        26.04125648299544,
        26.05125648299544,
        26.061256482995443,
        26.071256482995445,
        26.081256482995446,
        26.091256482995448,
        26.10125648299545,
        26.11125648299545,
        26.121256482995452,
        26.131256482995454,
        26.141256482995455,
        26.151256482995457,
        26.16125648299546,
        26.17125648299546,
        26.18125648299546,
        26.191256482995463,
        26.201256482995465,
        26.211256482995466,
        26.221256482995468,
        26.22446763741826
    ],
    "frequency": [
        9756.175835718244,
        10130.229489498886,
        10504.283143279528,
        10732.17182203218,
        10864.940316725751,
        10997.708811419323,
        11078.228503386666,
        11144.779127293219,
        11211.329751199772,
        11236.74793482578,
        11253.82926162846,
        11270.910588431143,
        11287.991915233826,
        11305.073242036506,
        11322.154568839189,
        11328.828853402214,
        11324.835815967821,
        11320.842778533428,
        11316.849741099035,
        11312.856703664642,
        11308.863666230249,
        11304.870628795856,
        11300.877591361463,
        11296.884553927068,
        11292.891516492677,
        11282.18702377397,
        11267.629074794411,
        11253.071125814853,
        11238.513176835295,
        11223.955227855735,
        11209.397278876175,
        11194.839329896618,
        11169.783904152937,
        11143.230205214222,
        11116.676506275508,
        11090.122807336793,
        11063.569108398076,
        11037.015409459362,
        11010.461710520649,
        10969.157130713997,
        10924.90096581614,
        10880.64480091828,
        10836.38863602042,
        10754.451250677292,
        10648.236454922433,
        10542.021659167573,
        10429.83185720309,
        10255.136469448413,
        10199.039082745421
    ]
}