{
    "time": [
        45.03196943196,
        45.04196943196,
        45.051969431959996,
        45.061969431959994,
        45.07196943195999,
        45.08196943195999,
        45.09196943195999,
        45.101969431959986,
        45.111969431959984,
        45.12196943195998,
        45.12595236184974
    ],
    "frequency": [
        13429.235567199681,
        13199.67813027688,
        13057.93467879524,
        13072.965225260425,
        13087.995771725604,
        13124.880627727045,
        13172.345511301315,
        13219.810394875585,
        13343.505969843978,
        13481.786997323634,
        13536.863361077172
    ]
}