{
    "time": [
        37.0408815796515,
        37.050881579651495,
        37.06088157965149,
        37.07088157965149,
        37.08088157965149,
        37.09088157965149,
        37.100881579651485,
        37.11088157965148,
        37.12088157965148,
        37.13088157965148,
        37.14088157965148,
        37.150881579651475,
        37.16088157965147,
        37.17088157965147,
        37.18088157965147,
        37.19088157965147,
        37.200881579651465,
        37.21088157965146,
        37.22088157965146,
        37.23088157965146,
        37.24088157965146,
        37.250881579651455,
        37.26088157965145,
        37.27088157965145,
        37.28088157965145,
        37.29088157965145,
        37.300881579651445,
        37.31088157965144,
        37.32088157965144,
        37.33088157965144,
        37.34088157965144,
        37.350881579651436,
        37.36088157965143,
        37.37088157965143,
        37.38088157965143,
        37.39088157965143,
        37.400881579651426,
        37.410881579651424,
        37.42088157965142,
        37.43088157965142,
        37.44088157965142,
        37.450881579651416,
        37.460881579651414,
        37.47088157965141,
        37.48088157965141,
        37.49088157965141,
        37.500881579651406,
        37.510881579651404,
        37.5208815796514,
        37.5308815796514,
        37.5408815796514,
        37.550881579651396,
        37.560881579651394,
        37.57088157965139,
        37.58088157965139,
        37.59088157965139,
        37.600881579651386,
        37.610881579651384,
        37.62088157965138,
        37.63088157965138,
        37.64088157965138,
        37.650881579651376,
        37.660881579651374,
        37.67088157965137,
        37.68088157965137,
        37.69088157965137,
        37.700881579651366,
        37.710881579651364,
        37.72088157965136,
        37.73088157965136,
        37.74088157965136,
        37.750881579651356,
        37.760881579651354,
        37.77088157965135,
        37.78088157965135,
        37.79088157965135,
        37.800881579651346,
        37.810881579651344,
        37.815211333396775
    ],
    "frequency": [
        10301.466767068863,
        10491.421595703894,
        10681.376424338927,
        10859.020309942025,
        11026.25326912315,
        11193.486228304278,
        11313.036598105238,
        11403.696857226514,
        11494.357116347794,
        11585.017375469071,
        11675.67763459035,
        11711.336852226044,
        11724.1284231779,
        11736.919994129756,
        11749.711565081609,
        11762.503136033465,
        11775.29470698532,
        11788.086277937176,
        11800.87784888903,
        11794.596686547306,
        11760.862636641714,
        11727.128586736122,
        11693.39453683053,
        11659.66048692494,
        11625.926437019349,
        11592.192387113759,
        11558.458337208167,
        11524.724287302575,
        11490.990237396985,
        11457.256187491394,
        11423.522137585804,
        11389.788087680212,
        11350.234565538603,
        11286.985641217618,
        11223.736716896632,
        11160.487792575646,
        11097.23886825466,
        11033.989943933675,
        10970.74101961269,
        10907.492095291704,
        10844.243170970718,
        10780.994246649734,
        10717.745322328747,
        10654.496398007763,
        10591.247473686777,
        10515.151132141373,
        10423.051821288016,
        10330.952510434658,
        10238.853199581301,
        10146.753888727944,
        10054.654577874586,
        9962.555267021227,
        9834.497357697674,
        9674.762615436372,
        9515.027873175073,
        9355.293130913773,
        9195.558388652473,
        9033.926337215831,
        8871.107912671505,
        8708.289488127179,
        8545.47106358285,
        8387.2921044384,
        8239.275354852623,
        8091.258605266848,
        7943.241855681072,
        7795.5321389697965,
        7673.9610486433685,
        7552.38995831694,
        7430.818867990511,
        7315.997680778674,
        7233.9717320498985,
        7151.945783321123,
        7069.919834592347,
        6987.893885863571,
        6912.089325940632,
        6854.527256657278,
        6796.965187373924,
        6739.4031180905695,
        6714.48015958313
    ]
}