{
    "time": [
        57.88096336492548,
        57.890963364925476,
        57.900963364925474,
        57.91096336492547,
        57.92096336492547,
        57.93096336492547,
        57.940963364925466,
        57.950963364925464,
        57.96096336492546,
        57.97096336492546,
        57.98096336492546,
        57.990963364925456,
        58.000963364925454,
        58.01096336492545,
        58.02096336492545,
        58.03096336492545,
        58.040963364925446,
        58.050963364925444,
        58.06096336492544,
        58.07096336492544,
        58.08096336492544,
        58.090963364925436,
        58.100963364925434,
        58.11096336492543,
        58.12096336492543,
        58.13096336492543,
        58.140963364925426,
        58.150963364925424,
        58.16096336492542,
        58.17096336492542,
        58.18096336492542,
        58.190963364925416,
        58.200963364925414,
        58.21096336492541,
        58.22096336492541,
        58.23096336492541,
        58.240963364925406,
        58.250963364925404,
        58.2609633649254,
        58.2709633649254,
        58.2809633649254,
        58.290963364925396,
        58.300963364925394,
        58.31096336492539,
        58.32096336492539,
        58.33096336492539,
        58.340963364925386,
        58.350963364925384,
        58.36096336492538,
        58.37096336492538,
        58.38096336492538,
        58.390963364925376,
        58.400963364925374,
        58.41096336492537,
        58.42096336492537,
        58.43096336492537,
        58.440963364925366,
        58.450963364925364,
        58.46096336492536,
        58.47096336492536,
        58.48096336492536,
        58.490963364925356,
        58.500963364925354,
        58.51096336492535,
        58.52096336492535,
        58.53096336492535,
        58.54096336492535,
        58.550963364925344,
        58.553774750621606
    ],
    "frequency": [
        13513.577076151903,
        13176.823072083746,
        12854.157939337814,
        12579.713927706416,
        12305.269916075016,
        12030.825904443618,
        11756.381892812218,
        11510.02127143666,
        11334.26894871703,
        11158.516625997398,
        10982.764303277765,
        10881.345030702105,
        10827.436385560226,
        10773.527740418349,
        10733.140113612304,
        10722.06007587563,
        10710.98003813896,
        10699.900000402286,
        10688.819962665615,
        10677.739924928943,
        10714.325064112145,
        10801.079402135449,
        10887.833740158756,
        10974.58807818206,
        11061.342416205367,
        11148.09675422867,
        11256.485390009086,
        11383.905823980807,
        11511.326257952529,
        11638.746691924249,
        11766.16712589597,
        11878.09802869222,
        11979.284843905061,
        12080.471659117902,
        12181.658474330743,
        12256.900715855458,
        12266.224162243632,
        12275.547608631805,
        12284.871055019981,
        12294.194501408154,
        12298.871694404741,
        12255.070920226959,
        12211.270146049177,
        12167.469371871395,
        12119.622299206088,
        11952.657592622438,
        11785.692886038787,
        11618.728179455136,
        11424.620579903865,
        11181.914991386304,
        10939.209402868746,
        10717.665592734666,
        10505.298202781809,
        10292.930812828952,
        10049.190580731938,
        9789.040528039626,
        9528.890475347316,
        9272.008854136617,
        9017.167986193164,
        8708.855915013613,
        8350.975636178384,
        8168.946444790192,
        8057.448968074661,
        8115.3673471527145,
        8173.285726230766,
        8155.783866842163,
        8064.769271148068,
        8145.4283700910855,
        8185.729018457564
    ]
}