{
    "time": [
        11.10858155025132,
        11.118581550251319,
        11.128581550251319,
        11.138581550251319,
        11.148581550251318,
        11.158581550251318,
        11.168581550251318,
        11.178581550251318,
        11.188581550251318,
        11.198581550251317,
        11.208581550251317,
        11.218581550251317,
        11.228581550251317,
        11.238581550251316,
        11.248581550251316,
        11.258581550251316,
        11.268581550251316,
        11.278581550251316,
        11.288581550251315,
        11.298581550251315,
        11.308581550251315,
        11.318581550251315,
        11.328581550251315,
        11.338581550251314,
        11.348581550251314,
        11.358581550251314,
        11.368581550251314,
        11.378581550251313,
        11.388581550251313,
        11.398581550251313,
        11.408581550251313,
        11.418581550251313,
        11.428581550251312,
        11.438581550251312,
        11.448581550251312,
        11.458581550251312,
        11.468581550251312,
        11.478581550251311,
        11.488581550251311,
        11.498581550251311,
        11.50858155025131,
        11.51858155025131,
        11.52858155025131,
        11.53858155025131,
        11.54623122558896
    ],
    "frequency": [
        17800.714825888394,
        17691.763622947696,
        17582.812420006994,
        17473.861217066293,
        17364.910014125595,
        17240.800441923875,
        17090.99253788041,
        16941.184633836947,
        16791.376729793483,
        16629.773352834076,
        16407.530857824546,
        16185.288362815012,
        15963.045867805478,
        15763.110735418151,
        15584.119473444145,
        15405.128211470135,
        15226.136949496127,
        15047.145687522121,
        14890.237913357862,
        14736.14978348458,
        14582.061653611301,
        14446.341661241344,
        14340.594905445956,
        14234.848149650568,
        14129.10139385518,
        14023.35463805979,
        13943.850069679294,
        13881.073424175365,
        13818.296778671436,
        13755.520133167505,
        13692.743487663578,
        13629.966842159647,
        13570.596720011366,
        13519.23401005361,
        13467.871300095849,
        13416.508590138088,
        13365.145880180331,
        13313.783170222572,
        13270.865335077096,
        13231.78501228315,
        13192.704689489201,
        13153.624366695254,
        13114.544043901304,
        13075.463721107357,
        13045.568542960933
    ]
}