{
    "time": [
        6.537124787777214,
        6.547124787777213,
        6.557124787777213,
        6.567124787777213,
        6.577124787777213,
        6.5871247877772126,
        6.597124787777212,
        6.607124787777212,
        6.617124787777212,
        6.627124787777212,
        6.6371247877772115,
        6.647124787777211,
        6.657124787777211,
        6.667124787777211,
        6.677124787777211,
        6.68712478777721,
        6.69712478777721,
        6.70712478777721,
        6.71712478777721,
        6.72712478777721,
        6.737124787777209,
        6.747124787777209,
        6.757124787777209,
        6.767124787777209,
        6.7771247877772085,
        6.787124787777208,
        6.797124787777208,
        6.807124787777208,
        6.817124787777208,
        6.827124787777207,
        6.837124787777207,
        6.847124787777207,
        6.857124787777207,
        6.867124787777207,
        6.867703507674474
    ],
    "frequency": [
        13461.264873694057,
        13287.39535246152,
        13145.918415049386,
        13030.4299906898,
        12914.941566330215,
        12799.45314197063,
        12683.964717611045,
        12568.47629325146,
        12452.987868891876,
        12354.164156117064,
        12271.369146006333,
        12188.5741358956,
        12105.779125784868,
        12022.984115674137,
        11940.189105563404,
        11857.487438741515,
        11788.967430374012,
        11720.44742200651,
        11651.927413639009,
        11583.407405271508,
        11514.887396904005,
        11446.367388536504,
        11377.847380169002,
        11309.3273718015,
        11240.807363434,
        11172.287355066495,
        11100.803279811807,
        11026.682032665058,
        10952.560785518306,
        10878.439538371555,
        10804.318291224805,
        10730.197044078053,
        10656.075796931304,
        10581.954549784552,
        10577.665005731144
    ]
}