{
    "time": [
        51.919586767811445,
        51.92958676781144,
        51.93958676781144,
        51.94958676781144,
        51.95958676781144,
        51.969586767811435,
        51.97958676781143,
        51.98958676781143,
        51.99958676781143,
        52.00958676781143,
        52.019586767811425,
        52.02958676781142,
        52.03958676781142,
        52.04958676781142,
        52.05958676781142,
        52.069586767811415,
        52.07958676781141,
        52.08958676781141,
        52.09958676781141,
        52.10958676781141,
        52.119586767811406,
        52.1295867678114,
        52.1395867678114,
        52.1495867678114,
        52.1595867678114,
        52.169586767811396,
        52.179586767811394,
        52.18958676781139,
        52.19958676781139,
        52.20958676781139,
        52.219586767811386,
        52.229586767811384,
        52.23958676781138,
        52.24958676781138,
        52.25958676781138,
        52.269586767811376,
        52.279586767811374,
        52.28958676781137,
        52.29958676781137,
        52.30958676781137,
        52.319586767811366,
        52.329586767811364,
        52.33958676781136,
        52.34958676781136,
        52.35958676781136,
        52.369586767811356,
        52.379586767811354,
        52.38958676781135,
        52.39958676781135,
        52.40958676781135,
        52.419586767811346,
        52.429586767811344,
        52.43958676781134,
        52.44958676781134,
        52.45321263017679
    ],
    "frequency": [
        9399.139520588784,
        9543.966752145434,
        9688.793983702086,
        9831.074310008587,
        9945.29908841415,
        10059.523866819716,
        10202.453579283017,
        10350.38445448182,
        10487.337835888931,
        10606.7769474343,
        10726.216058979666,
        10863.598630174296,
        11002.563814037878,
        11078.631837732548,
        11078.631837732548,
        11078.631837732548,
        11136.45802479305,
        11195.089033754819,
        11253.720042716599,
        11312.351051678383,
        11369.289959760199,
        11396.350425434859,
        11423.410891109523,
        11447.822770243743,
        11470.373158305963,
        11496.741113767244,
        11550.86204511657,
        11604.982976465893,
        11632.533886283873,
        11646.064119121202,
        11661.292361649434,
        11683.842749711652,
        11706.39313777387,
        11715.92007508109,
        11720.430152693534,
        11726.092873225585,
        11735.113028450474,
        11744.133183675365,
        11763.83184118898,
        11786.382229251198,
        11803.107493338357,
        11807.6175709508,
        11812.127648563246,
        11866.858531057529,
        11929.999617631742,
        11966.741918187145,
        11962.2318405747,
        11957.721762962256,
        12086.5485465089,
        12226.360952494699,
        12407.444501322068,
        12637.4584595567,
        12867.472417791329,
        13382.57984145699,
        13570.267836395595
    ]
}