{
    "time": [
        31.10216820056618,
        31.11216820056618,
        31.122168200566183,
        31.132168200566184,
        31.142168200566186,
        31.152168200566187,
        31.16216820056619,
        31.17216820056619,
        31.182168200566192,
        31.192168200566194,
        31.202168200566195,
        31.212168200566197,
        31.2221682005662,
        31.2321682005662,
        31.2421682005662,
        31.252168200566203,
        31.262168200566204,
        31.272168200566206,
        31.282168200566208,
        31.29216820056621,
        31.30216820056621,
        31.312168200566212,
        31.322168200566214,
        31.332168200566215,
        31.342168200566217,
        31.35216820056622,
        31.36216820056622,
        31.37216820056622,
        31.382168200566223,
        31.392168200566225,
        31.402168200566226,
        31.412168200566228,
        31.42216820056623,
        31.43216820056623,
        31.442168200566233,
        31.452168200566234,
        31.462168200566236,
        31.472168200566237,
        31.48216820056624,
        31.49216820056624,
        31.502168200566242,
        31.512168200566244,
        31.522168200566245,
        31.532168200566247,
        31.54216820056625,
        31.544987243049825
    ],
    "frequency": [
        10453.971716868771,
        10452.81209923903,
        10451.652481609288,
        10450.492863979547,
        10449.333246349805,
        10448.173628720064,
        10447.014011090323,
        10445.85439346058,
        10444.694775830838,
        10443.535158201097,
        10442.375540571356,
        10441.215922941614,
        10440.056305311873,
        10438.896687682132,
        10437.737070052392,
        10436.531564079422,
        10435.044874810523,
        10433.558185541622,
        10432.071496272723,
        10430.584807003823,
        10429.098117734924,
        10427.611428466025,
        10426.124739197125,
        10424.638049928226,
        10423.151360659325,
        10421.664671390427,
        10420.177982121528,
        10421.564973051052,
        10425.305675082478,
        10429.046377113902,
        10432.787079145326,
        10436.527781176752,
        10440.268483208174,
        10444.0091852396,
        10447.749887271022,
        10451.490589302448,
        10454.644937703566,
        10456.644278444497,
        10458.643619185434,
        10460.642959926367,
        10462.6423006673,
        10464.641641408234,
        10466.640982149165,
        10468.640322890098,
        10470.639663631033,
        10471.203286279817
    ]
}