{
    "time": [
        30.548328025371482,
        30.558328025371484,
        30.568328025371486,
        30.578328025371487,
        30.58832802537149,
        30.59832802537149,
        30.60832802537149,
        30.618328025371493,
        30.628328025371495,
        30.638328025371496,
        30.648328025371498,
        30.6583280253715,
        30.6683280253715,
        30.678328025371503,
        30.688328025371504,
        30.698328025371506,
        30.708328025371507,
        30.71832802537151,
        30.72832802537151,
        30.738328025371512,
        30.748328025371514,
        30.758328025371515,
        30.760142941908512
    ],
    "frequency": [
        11246.45278502785,
        11679.774727633823,
        12113.096670239796,
        12546.418612845771,
        12979.740555451745,
        13178.299914457513,
        13231.514889865273,
        13251.09610897425,
        13225.438888688372,
        13132.52104643289,
        12966.360000771934,
        12817.02036750729,
        12672.579719971964,
        12576.913627966602,
        12516.096513214885,
        12461.240611796655,
        12415.627775732864,
        12370.014939669074,
        12260.0209996036,
        12077.34849836408,
        11872.090736077005,
        11666.832973789931,
        11629.580403077758
    ]
}