{
    "time": [
        31.340224724765637,
        31.35022472476564,
        31.36022472476564,
        31.37022472476564,
        31.380224724765643,
        31.390224724765645,
        31.400224724765646,
        31.410224724765648,
        31.42022472476565,
        31.43022472476565,
        31.440224724765653,
        31.450224724765654,
        31.460224724765656,
        31.470224724765657,
        31.48022472476566,
        31.49022472476566,
        31.500224724765662,
        31.510224724765663,
        31.520224724765665,
        31.530224724765667,
        31.540224724765668,
        31.55022472476567,
        31.55749097313348
    ],
    "frequency": [
        10003.148624173953,
        10168.419886612135,
        10333.691149050315,
        10498.962411488497,
        10664.23367392668,
        10829.504936364861,
        10980.273030997465,
        11118.301777649134,
        11256.330524300805,
        11394.359270952478,
        11532.38801760415,
        11670.41676425582,
        11749.125672101673,
        11822.736562569862,
        11896.347453038052,
        11969.958343506241,
        12043.569233974431,
        12117.18012444262,
        12190.791014910812,
        12264.401905379002,
        12338.012795847191,
        12411.62368631538,
        12465.111187587121
    ]
}