{
    "time": [
        59.60519680803605,
        59.615196808036046,
        59.625196808036044,
        59.63519680803604,
        59.64519680803604,
        59.65519680803604,
        59.665196808036036,
        59.675196808036034,
        59.68519680803603,
        59.69519680803603,
        59.70519680803603,
        59.715196808036026,
        59.725196808036024,
        59.73519680803602,
        59.74519680803602,
        59.75519680803602,
        59.765196808036016,
        59.775196808036014,
        59.78519680803601,
        59.79519680803601,
        59.80519680803601,
        59.815196808036006,
        59.825196808036004,
        59.835196808036,
        59.845196808036,
        59.855196808036,
        59.865196808035996,
        59.875196808035994,
        59.88519680803599,
        59.89519680803599,
        59.90519680803599,
        59.91519680803599,
        59.925196808035984,
        59.93519680803598,
        59.94519680803598,
        59.95519680803598,
        59.96519680803598,
        59.975196808035975,
        59.98519680803597,
        59.99519680803597,
        60.001337216555726
    ],
    "frequency": [
        19200.03140316613,
        18814.991529945666,
        18429.951656725203,
        18044.911783504744,
        17659.87191028428,
        17274.832037063818,
        16889.792163843355,
        16504.75229062289,
        16087.60709325433,
        15647.561523859571,
        15207.515954464809,
        14767.470385070048,
        14370.607920857845,
        13985.56804763741,
        13600.528174416973,
        13199.379634983266,
        12718.079793457746,
        12236.779951932227,
        11755.480110406708,
        11277.407067337823,
        10804.858132021714,
        10450.598668166647,
        10290.165387658155,
        10129.73210714966,
        10044.059351578257,
        9995.929367425697,
        9947.79938327314,
        9946.70517632857,
        9959.539838769255,
        9979.526013762963,
        10115.16506001108,
        10250.804106259198,
        10386.443152507316,
        10534.68227247598,
        10830.337889413087,
        11125.99350635019,
        11379.021447573841,
        11596.652680263658,
        11814.283912953473,
        12031.915145643288,
        12165.54961318065
    ]
}