{
    "time": [
        2.5209870995169363,
        2.530987099516936,
        2.540987099516936,
        2.5509870995169357,
        2.5609870995169355,
        2.5709870995169353,
        2.580987099516935,
        2.590987099516935,
        2.6009870995169346,
        2.6109870995169344,
        2.620987099516934,
        2.630987099516934,
        2.640987099516934,
        2.6509870995169336,
        2.6609870995169334,
        2.670987099516933,
        2.680987099516933,
        2.6909870995169327,
        2.7009870995169325,
        2.7109870995169323,
        2.720987099516932,
        2.730987099516932,
        2.7409870995169316,
        2.7509870995169314,
        2.760987099516931,
        2.770987099516931,
        2.780987099516931,
        2.7909870995169306,
        2.8009870995169304,
        2.81098709951693,
        2.82098709951693,
        2.8309870995169297,
        2.8409870995169295,
        2.8509870995169293,
        2.860987099516929,
        2.870987099516929,
        2.8809870995169287,
        2.8909870995169284,
        2.9009870995169282,
        2.910987099516928,
        2.920987099516928,
        2.9309870995169276,
        2.9409870995169274,
        2.950987099516927,
        2.960987099516927,
        2.9709870995169267,
        2.9809870995169265,
        2.9909870995169263,
        3.000987099516926,
        3.010987099516926,
        3.0209870995169257,
        3.0309870995169255,
        3.0409870995169253,
        3.050987099516925,
        3.060987099516925,
        3.0709870995169246,
        3.0809870995169244,
        3.090987099516924,
        3.100987099516924,
        3.1109870995169238,
        3.1209870995169235,
        3.1309870995169233,
        3.140987099516923,
        3.150987099516923,
        3.1609870995169227,
        3.1709870995169225,
        3.1809870995169223,
        3.190987099516922,
        3.200987099516922,
        3.2109870995169216,
        3.2209870995169214,
        3.230987099516921,
        3.240987099516921,
        3.2509870995169208,
        3.2609870995169206,
        3.2709870995169203,
        3.28098709951692,
        3.29098709951692,
        3.3009870995169197,
        3.3109870995169195,
        3.3209870995169193,
        3.330987099516919,
        3.340987099516919,
        3.3509870995169186,
        3.3609870995169184,
        3.3694341807033954
    ],
    "frequency": [
        8363.496954240334,
        8976.522082555364,
        9589.547210870393,
        9846.551035285996,
        10097.292140401316,
        10348.033245516635,
        10598.774350631955,
        10827.109320026306,
        11050.83801990305,
        11274.566719779796,
        11498.295419656542,
        11701.04520114678,
        11859.265249446713,
        12017.485297746643,
        12175.705346046576,
        12333.92539434651,
        12455.63071527145,
        12561.110747471406,
        12666.590779671362,
        12731.447971654572,
        12770.01410842768,
        12808.58024520079,
        12847.146381973898,
        12828.853142761494,
        12797.20913310151,
        12765.565123441524,
        12733.921113781536,
        12688.77512113703,
        12582.924983560935,
        12477.07484598484,
        12371.224708408745,
        12265.37457083265,
        12159.524433256554,
        12053.67429568046,
        11934.748271804989,
        11797.62422994505,
        11660.500188085109,
        11523.376146225168,
        11386.252104365225,
        11249.128062505284,
        11101.28304348101,
        10920.856672612666,
        10740.430301744324,
        10560.00393087598,
        10379.577560007638,
        10217.624185652963,
        10062.216938211697,
        9906.809690770431,
        9751.402443329163,
        9595.995195887897,
        9466.087062782204,
        9374.671034875577,
        9283.255006968951,
        9191.838979062324,
        9104.68172175308,
        9018.344362063486,
        8932.007002373894,
        8827.036107978127,
        8711.3376976588,
        8595.639287339476,
        8479.940877020152,
        8339.124249603867,
        8193.42995512768,
        8047.735660651491,
        7901.384569033128,
        7739.328883198652,
        7577.273197364176,
        7443.520017334868,
        7347.355104861662,
        7251.190192388457,
        7155.025279915252,
        7058.860367442047,
        6962.695454968842,
        6866.530542495637,
        6770.365630022431,
        6674.200717549227,
        6578.035805076021,
        6481.870892602816,
        6385.705980129611,
        6289.541067656406,
        6193.376155183201,
        6097.2112427099955,
        6001.04633023679,
        5904.881417763585,
        5808.71650529038,
        5727.485222995217
    ]
}