{
    "time": [
        20.46389831326936,
        20.473898313269363,
        20.483898313269364,
        20.493898313269366,
        20.503898313269367,
        20.51389831326937,
        20.52389831326937,
        20.533898313269372,
        20.543898313269374,
        20.553898313269375,
        20.563898313269377,
        20.57389831326938,
        20.58389831326938,
        20.59389831326938,
        20.603898313269383,
        20.606253456891334
    ],
    "frequency": [
        15605.836650789373,
        15408.558921433143,
        15133.940751826281,
        14729.620077568623,
        14184.564544789413,
        13552.37909389782,
        12920.193643006229,
        12288.008192114637,
        11607.940486053356,
        10818.829568628415,
        10029.718651203475,
        9313.004786684336,
        8842.573278219446,
        8372.141769754557,
        7870.847447302797,
        7750.046926930766
    ]
}