{
    "time": [
        46.74009908717556,
        46.750099087175556,
        46.760099087175554,
        46.77009908717555,
        46.78009908717555,
        46.79009908717555,
        46.800099087175546,
        46.810099087175544,
        46.82009908717554,
        46.83009908717554,
        46.84009908717554,
        46.850099087175536,
        46.860099087175534,
        46.87009908717553,
        46.88009908717553,
        46.89009908717553,
        46.900099087175526,
        46.910099087175524,
        46.92009908717552,
        46.93009908717552,
        46.94009908717552,
        46.950099087175516,
        46.960099087175514,
        46.97009908717551,
        46.98009908717551,
        46.99009908717551,
        47.000099087175506,
        47.010099087175504,
        47.0200990871755,
        47.022383890620894
    ],
    "frequency": [
        13640.71799140695,
        13278.127133826936,
        12915.536276246923,
        12552.94541866691,
        12165.54174264397,
        11739.929140770457,
        11438.047049083452,
        11246.595013638555,
        11084.456801615248,
        10963.747345201517,
        10843.037888787785,
        10722.328432374054,
        10640.681292263653,
        10561.86414376854,
        10483.04699527343,
        10415.957112027963,
        10357.539696084517,
        10322.808218824619,
        10297.77218342029,
        10272.736148015962,
        10247.700112611632,
        10213.133088597511,
        10178.360817202603,
        10132.25847020656,
        10082.186399397895,
        9983.61809404232,
        9742.19918121481,
        9303.739716529431,
        8677.838831421323,
        8534.832781544434
    ]
}