{
    "time": [
        53.45832807818175,
        53.46832807818175,
        53.47832807818175,
        53.488328078181745,
        53.49832807818174,
        53.50832807818174,
        53.51832807818174,
        53.52832807818174,
        53.538328078181735,
        53.54832807818173,
        53.55832807818173,
        53.56832807818173,
        53.57832807818173,
        53.588328078181725,
        53.59832807818172,
        53.60832807818172,
        53.61832807818172,
        53.62832807818172,
        53.638328078181715,
        53.64832807818171,
        53.65832807818171,
        53.66832807818171,
        53.67832807818171,
        53.688328078181705,
        53.6983280781817,
        53.7083280781817,
        53.7183280781817,
        53.7283280781817,
        53.738328078181695,
        53.74832807818169,
        53.75832807818169,
        53.76832807818169,
        53.77832807818169,
        53.788328078181685,
        53.79832807818168,
        53.80832807818168,
        53.81832807818168,
        53.82832807818168,
        53.838328078181675,
        53.84832807818167,
        53.85832807818167,
        53.86832807818167,
        53.87832807818167,
        53.888328078181665,
        53.89832807818166,
        53.90832807818166,
        53.91832807818166,
        53.92832807818166,
        53.938328078181655,
        53.94832807818165,
        53.95832807818165,
        53.96832807818165,
        53.97832807818165,
        53.988328078181645,
        53.99832807818164,
        54.00832807818164,
        54.0087085045115
    ],
    "frequency": [
        18883.670666769372,
        18749.524758189422,
        18609.2493236698,
        18350.73332171004,
        18062.00874173683,
        17676.515762344046,
        17291.022782951262,
        16914.077287536307,
        16547.529475934083,
        16180.981664331865,
        15810.232411177794,
        15404.450327606319,
        14998.668244034841,
        14631.747106540317,
        14310.50295704633,
        13989.258807552344,
        13707.780448936346,
        13445.628032626784,
        13183.47561631722,
        12960.075558731929,
        12780.69136129366,
        12601.307163855392,
        12421.922966417122,
        12296.500581122016,
        12193.537712694426,
        12090.574844266837,
        12003.940334180377,
        11946.080224703026,
        11888.220115225671,
        11830.360005748316,
        11772.499896270961,
        11714.639786793608,
        11664.549554267389,
        11618.6575329111,
        11572.765511554808,
        11526.873490198519,
        11507.59943768842,
        11497.303150845662,
        11487.006864002902,
        11476.710577160145,
        11466.414290317387,
        11456.11800347463,
        11445.562537409332,
        11430.918929455189,
        11416.275321501045,
        11401.6317135469,
        11373.489724538318,
        11313.477081226236,
        11253.464437914154,
        11193.45179460207,
        11093.821482547968,
        10933.787767049102,
        10773.754051550233,
        10588.27859583014,
        10374.115829500799,
        10159.953063171455,
        10151.80574765268
    ]
}