{
    "time": [
        16.339761133218012,
        16.349761133218013,
        16.359761133218015,
        16.369761133218017,
        16.379761133218018,
        16.38976113321802,
        16.39976113321802,
        16.409761133218023,
        16.419761133218024,
        16.429761133218026,
        16.439761133218028,
        16.44976113321803,
        16.45976113321803,
        16.469761133218032,
        16.479761133218034,
        16.489761133218035,
        16.499761133218037,
        16.50976113321804,
        16.51976113321804,
        16.52976113321804,
        16.539761133218043,
        16.549761133218045,
        16.559761133218046,
        16.569761133218048,
        16.57976113321805,
        16.58976113321805,
        16.599761133218053,
        16.609761133218054,
        16.619761133218056,
        16.629761133218057,
        16.63976113321806,
        16.64976113321806,
        16.659761133218062,
        16.669761133218064,
        16.679761133218065,
        16.689761133218067,
        16.699761133218068,
        16.70976113321807,
        16.71976113321807,
        16.729761133218073,
        16.739761133218074,
        16.749761133218076,
        16.759761133218078,
        16.76976113321808,
        16.77976113321808,
        16.789761133218082,
        16.799761133218084,
        16.809761133218085,
        16.819761133218087,
        16.82976113321809,
        16.83976113321809,
        16.84976113321809,
        16.859761133218093,
        16.869761133218095,
        16.879761133218096,
        16.889761133218098,
        16.8997611332181,
        16.9097611332181,
        16.918814731060923
    ],
    "frequency": [
        10485.365925484262,
        10626.961024307864,
        10768.556123131464,
        10910.151221955066,
        11051.746320778668,
        11193.341419602268,
        11334.93651842587,
        11476.53161724947,
        11540.957013117606,
        11590.072813022043,
        11639.188612926479,
        11688.304412830916,
        11737.420212735353,
        11786.536012639788,
        11835.651812544225,
        11883.40204919758,
        11916.985502123693,
        11950.568955049803,
        11984.152407975915,
        12017.735860902023,
        12051.319313828135,
        12084.902766754247,
        12118.486219680357,
        12146.267300166706,
        12169.006096418761,
        12191.744892670813,
        12214.48368892287,
        12237.222485174923,
        12259.961281426979,
        12282.700077679034,
        12303.389975298658,
        12322.490564150383,
        12341.591153002108,
        12360.691741853834,
        12379.792330705559,
        12398.892919557285,
        12419.02120094167,
        12439.486117568522,
        12459.95103419537,
        12480.415950822218,
        12500.880867449065,
        12521.345784075915,
        12543.607402292328,
        12567.30362154447,
        12590.999840796609,
        12614.696060048747,
        12638.392279300886,
        12662.088498553028,
        12685.784717805167,
        12710.977376235878,
        12742.276660488706,
        12773.575944741533,
        12804.875228994362,
        12836.174513247188,
        12867.473797500017,
        12898.773081752845,
        12926.330392061776,
        12951.517981756355,
        12974.32181252883
    ]
}