{
    "time": [
        14.895430205324656,
        14.905430205324656,
        14.915430205324656,
        14.925430205324655,
        14.935430205324655,
        14.945430205324655,
        14.955430205324655,
        14.965430205324655,
        14.975430205324654,
        14.985430205324654,
        14.995430205324654,
        15.005430205324654,
        15.015430205324654,
        15.025430205324653,
        15.035430205324653,
        15.045430205324653,
        15.055430205324653,
        15.059969761985059
    ],
    "frequency": [
        13974.054301805698,
        13687.178056891269,
        13400.301811976839,
        13177.893467561757,
        13025.92659187736,
        12873.959716192963,
        12721.992840508567,
        12570.769508224412,
        12440.61269340213,
        12310.455878579854,
        12180.299063757573,
        12086.927417798875,
        12003.255179698832,
        11965.934587759353,
        11955.89391918735,
        11964.451173996576,
        12036.170235225189,
        12068.727509433029
    ]
}