{
    "time": [
        5.30854391982997,
        5.3185439198299695,
        5.328543919829969,
        5.338543919829969,
        5.348543919829969,
        5.358543919829969,
        5.3685439198299685,
        5.378543919829968,
        5.388543919829968,
        5.398543919829968,
        5.408543919829968,
        5.418543919829967,
        5.428543919829967,
        5.438543919829967,
        5.448543919829967,
        5.458543919829967,
        5.468543919829966,
        5.478543919829966,
        5.488543919829966,
        5.498543919829966,
        5.5085439198299655,
        5.518543919829965,
        5.528543919829965,
        5.538543919829965,
        5.548543919829965,
        5.558543919829964,
        5.568543919829964,
        5.578543919829964,
        5.588543919829964,
        5.598543919829964,
        5.608543919829963,
        5.618543919829963,
        5.628543919829963,
        5.638543919829963,
        5.6485439198299625,
        5.658543919829962,
        5.668543919829962,
        5.678543919829962,
        5.688543919829962,
        5.6985439198299614,
        5.708543919829961,
        5.718543919829961,
        5.728543919829961,
        5.738543919829961,
        5.74854391982996,
        5.75854391982996,
        5.76854391982996,
        5.77854391982996,
        5.7885439198299595,
        5.791406840216712
    ],
    "frequency": [
        8760.338671032156,
        8475.990413161075,
        8208.115281958728,
        8065.176775985901,
        7927.7423864541215,
        7873.930243029056,
        7820.118099603991,
        7766.305956178927,
        7712.493812753863,
        7658.681669328798,
        7606.47506630733,
        7554.398798476623,
        7502.3225306459135,
        7450.246262815207,
        7398.169994984499,
        7343.207658124626,
        7286.452663106002,
        7229.697668087378,
        7172.942673068755,
        7116.187678050131,
        7062.762488806287,
        7030.214821412095,
        6997.667154017903,
        6965.119486623712,
        6932.57181922952,
        6900.024151835329,
        6894.474320991111,
        6894.47432099111,
        6894.47432099111,
        6894.47432099111,
        6894.47432099111,
        6896.115859159003,
        6905.2883836064575,
        6914.460908053911,
        6923.633432501365,
        6932.80595694882,
        6941.978481396274,
        6954.301633566633,
        6969.436298904932,
        6984.570964243232,
        7003.374044990896,
        7053.822929451895,
        7104.271813912894,
        7154.7206983738915,
        7205.16958283489,
        7297.758541186154,
        7390.58448859439,
        7483.410436002626,
        7576.23638341086,
        7602.811713136322
    ]
}