{
    "time": [
        46.46527555606798,
        46.47527555606798,
        46.485275556067975,
        46.49527555606797,
        46.50527555606797,
        46.51527555606797,
        46.52527555606797,
        46.535275556067965,
        46.54527555606796,
        46.55527555606796,
        46.56527555606796,
        46.57527555606796,
        46.585275556067955,
        46.59527555606795,
        46.60527555606795,
        46.61527555606795,
        46.62527555606795,
        46.635275556067946,
        46.64527555606794,
        46.65527555606794,
        46.66527555606794,
        46.67527555606794,
        46.685275556067936,
        46.695275556067934,
        46.70527555606793,
        46.71527555606793,
        46.72527555606793,
        46.735275556067926,
        46.745275556067924,
        46.75527555606792,
        46.76527555606792,
        46.77527555606792,
        46.785275556067916,
        46.795275556067914,
        46.80527555606791,
        46.81527555606791,
        46.82527555606791,
        46.835275556067906,
        46.845275556067904,
        46.8552755560679,
        46.8652755560679,
        46.8752755560679,
        46.885275556067896,
        46.895275556067894,
        46.90527555606789,
        46.91527555606789,
        46.92527555606789,
        46.935275556067886,
        46.945275556067884,
        46.95527555606788,
        46.96527555606788,
        46.97527555606788,
        46.985275556067876,
        46.995275556067874,
        47.00527555606787,
        47.01527555606787,
        47.02527555606787,
        47.035275556067866,
        47.045275556067864,
        47.05527555606786,
        47.06527555606786,
        47.07527555606786,
        47.085275556067856,
        47.095275556067854,
        47.10527555606785,
        47.11527555606785,
        47.12527555606785,
        47.135275556067846,
        47.145275556067844,
        47.15527555606784,
        47.16527555606784,
        47.17527555606784,
        47.18280124588278
    ],
    "frequency": [
        7476.29560389001,
        7732.345965979757,
        7988.396328069505,
        8321.49086325822,
        8869.154137728012,
        9675.03523555233,
        11016.833109698428,
        11562.261023864285,
        12047.666432674654,
        12189.109289130534,
        12262.74468737857,
        12286.413072937317,
        12286.413072937317,
        12243.294720736203,
        12180.704632225374,
        12137.336082954413,
        12169.991781307886,
        12202.647479661362,
        12247.668850665967,
        12316.517948027878,
        12385.367045389788,
        12401.323166394313,
        12408.277620673292,
        12414.80355331142,
        12421.062562162504,
        12439.82164029381,
        12542.911197841026,
        12645.738021563195,
        12731.38761636749,
        12817.037211171782,
        12902.686805976076,
        12988.33640078037,
        13073.350008769066,
        13156.80346011683,
        13240.256911464592,
        13323.710362812357,
        13397.34342671432,
        13463.22773040993,
        13544.256061548534,
        13687.319121001874,
        13801.887628949386,
        13882.360599891857,
        13941.931285374783,
        13993.141357792734,
        14044.351430210683,
        14351.67267685542,
        14543.658975868175,
        14692.020667153094,
        14840.38235843801,
        14975.827692926017,
        15089.962560210457,
        15204.097427494897,
        15318.232294779335,
        15428.545622454656,
        15517.087698884608,
        15605.629775314559,
        15694.171851744512,
        15782.713928174464,
        15872.692847758759,
        15989.527679645627,
        16106.362511532498,
        16223.197343419366,
        16328.764355099545,
        16410.40360098323,
        16492.04284686692,
        16572.49619003498,
        16651.557354469714,
        16752.585696701623,
        17057.51176893387,
        17362.437841166113,
        17667.36391339836,
        17972.289985630603,
        18201.767889241448
    ]
}