{
    "time": [
        48.620171902078816,
        48.630171902078814,
        48.64017190207881,
        48.65017190207881,
        48.66017190207881,
        48.670171902078806,
        48.680171902078804,
        48.6901719020788,
        48.7001719020788,
        48.7101719020788,
        48.720171902078796,
        48.730171902078794,
        48.74017190207879,
        48.75017190207879,
        48.76017190207879,
        48.770171902078786,
        48.780171902078784,
        48.79017190207878,
        48.80017190207878,
        48.81017190207878,
        48.820171902078776,
        48.830171902078774,
        48.84017190207877,
        48.85017190207877,
        48.86017190207877,
        48.870171902078766,
        48.880171902078764,
        48.89017190207876,
        48.90017190207876,
        48.91017190207876,
        48.920171902078756,
        48.930171902078754,
        48.94017190207875,
        48.95017190207875,
        48.96017190207875,
        48.97017190207875,
        48.980171902078744,
        48.99017190207874,
        49.00017190207874,
        49.00066390121874
    ],
    "frequency": [
        12858.687954964706,
        12778.293682591382,
        12697.89941021806,
        12617.505137844739,
        12537.110865471413,
        12429.74537524322,
        12295.360831717215,
        12171.206912968013,
        12265.338021797268,
        12359.469130626525,
        12235.88623605081,
        12111.106411107352,
        12013.778999771159,
        11916.451588434966,
        11815.580912276793,
        11706.205899183686,
        11596.830886090576,
        11487.455872997467,
        11369.128541159595,
        11230.40901235857,
        11091.689483557548,
        10952.96995475652,
        10819.650913739844,
        10689.601355488889,
        10559.551797237933,
        10404.12103421228,
        10240.630160982519,
        10083.353117444894,
        9930.03153298061,
        9826.979730570796,
        9748.94999562021,
        9670.920260669627,
        9600.044175650188,
        9540.142560940661,
        9480.240946231135,
        9418.819410804683,
        9280.099882003637,
        9148.108833221375,
        9023.261257300433,
        9017.118767301976
    ]
}