{
    "time": [
        3.0160253392650938,
        3.0260253392650935,
        3.0360253392650933,
        3.046025339265093,
        3.056025339265093,
        3.0660253392650927,
        3.0760253392650925,
        3.0860253392650923,
        3.096025339265092,
        3.106025339265092,
        3.1160253392650916,
        3.1260253392650914,
        3.136025339265091,
        3.146025339265091,
        3.1560253392650908,
        3.1660253392650906,
        3.1760253392650903,
        3.18602533926509,
        3.19602533926509,
        3.2060253392650897,
        3.2160253392650895,
        3.2260253392650893,
        3.236025339265089,
        3.246025339265089,
        3.2560253392650886,
        3.2660253392650884,
        3.276025339265088,
        3.286025339265088,
        3.296025339265088,
        3.3060253392650876,
        3.3160253392650874,
        3.326025339265087,
        3.336025339265087,
        3.3460253392650867,
        3.3560253392650865,
        3.3660253392650863,
        3.376025339265086,
        3.386025339265086,
        3.3960253392650857,
        3.4060253392650854,
        3.4160253392650852,
        3.426025339265085,
        3.436025339265085,
        3.4460253392650846,
        3.4560253392650844,
        3.466025339265084,
        3.476025339265084,
        3.4860253392650837,
        3.4960253392650835,
        3.5060253392650833,
        3.516025339265083,
        3.526025339265083,
        3.5360253392650827,
        3.5460253392650825,
        3.5560253392650822,
        3.566025339265082,
        3.576025339265082,
        3.5860253392650816,
        3.5960253392650814,
        3.606025339265081,
        3.616025339265081,
        3.6260253392650807,
        3.6360253392650805,
        3.6460253392650803,
        3.65602533926508,
        3.66602533926508,
        3.6760253392650797,
        3.6860253392650795,
        3.6960253392650793,
        3.706025339265079,
        3.716025339265079,
        3.7260253392650786,
        3.7360253392650784,
        3.746025339265078,
        3.756025339265078,
        3.7660253392650778,
        3.7760253392650776,
        3.7860253392650773,
        3.796025339265077,
        3.806025339265077,
        3.8160253392650767,
        3.8260253392650765,
        3.8360253392650763,
        3.846025339265076,
        3.856025339265076,
        3.862416700597072
    ],
    "frequency": [
        19918.22055715837,
        19837.258129080314,
        19756.295701002255,
        19507.06062908309,
        19329.346455253573,
        19229.35785657717,
        18537.261708100774,
        18383.433094752465,
        16572.363531297022,
        15476.870927306612,
        15189.342485535284,
        14824.711698339297,
        14460.080911143308,
        14063.003520664664,
        13456.235101346336,
        12867.896148245809,
        12344.878862861558,
        11828.272043983878,
        11499.978754989816,
        11310.668602260748,
        11239.670780715373,
        11298.657210747671,
        11371.523396017921,
        11529.48567269255,
        11698.697147375691,
        11867.90862205883,
        12034.35501868341,
        12199.578344131596,
        12364.80166957978,
        12726.23010050003,
        12839.284797177661,
        12943.88825425451,
        13050.620201905065,
        13162.013335709016,
        13273.406469512965,
        13382.767097510492,
        13485.319506409365,
        13587.871915308237,
        13733.024619860127,
        13880.612777081966,
        14053.66996709881,
        14304.204443785784,
        14535.59265557054,
        14574.663419010252,
        14694.307896058937,
        14813.952373107622,
        14943.22952354237,
        15119.033653083294,
        15294.837782624218,
        15463.766644919466,
        15632.245602396184,
        16116.029092726718,
        16208.078390052782,
        16333.180344876295,
        16497.617828110695,
        16662.055311345095,
        17896.686600507965,
        19052.364285083273,
        19206.192898431582,
        19314.94791395429,
        19414.93651263069,
        19494.32527711537,
        19530.13517448637,
        19493.940206639712,
        19385.058021922174,
        19208.66134220025,
        19014.351514812908,
        18798.997867959835,
        16812.044945544167,
        14959.36936658185,
        14578.845954614979,
        13954.569356820299,
        13379.997288177645,
        12973.623638375375,
        12581.360674337184,
        12214.234502023835,
        11917.488110218685,
        11729.475360570752,
        11559.750282989302,
        11438.884943929917,
        11374.67328738999,
        11326.095830543154,
        11245.522539357593,
        11155.03511974094,
        10945.191626776657,
        10807.547231621398
    ]
}