{
    "time": [
        40.291284849129866,
        40.301284849129864,
        40.31128484912986,
        40.32128484912986,
        40.33128484912986,
        40.341284849129856,
        40.351284849129854,
        40.36128484912985,
        40.37128484912985,
        40.38128484912985,
        40.391284849129846,
        40.401284849129844,
        40.41128484912984,
        40.42128484912984,
        40.43128484912984,
        40.441284849129836,
        40.451284849129834,
        40.46128484912983,
        40.47128484912983,
        40.48128484912983,
        40.491284849129826,
        40.501284849129824,
        40.51128484912982,
        40.52128484912982,
        40.53128484912982,
        40.541284849129816,
        40.551284849129814,
        40.56128484912981,
        40.57128484912981,
        40.58128484912981,
        40.591284849129806,
        40.601284849129804,
        40.6112848491298,
        40.6212848491298,
        40.6312848491298,
        40.641284849129796,
        40.651284849129794,
        40.66128484912979,
        40.67128484912979,
        40.68128484912979,
        40.69128484912979,
        40.701284849129785,
        40.71128484912978,
        40.72128484912978,
        40.72393253312085
    ],
    "frequency": [
        15449.67022258458,
        15667.295890271405,
        15884.92155795823,
        16102.547225645054,
        16320.172893331881,
        16446.03512665422,
        16545.87144905381,
        16632.005454421684,
        16688.592843636034,
        16743.00737310221,
        16728.29465190648,
        16694.51406961126,
        16609.63298578974,
        16524.75190196822,
        16161.066202441216,
        15474.19320884786,
        14683.384444577292,
        13801.80087205454,
        12768.968292730877,
        12549.142176737536,
        11301.202518259444,
        11235.082255790905,
        11198.005231836889,
        11193.867295783379,
        11192.489213261013,
        11228.411358726506,
        11264.333504192,
        11305.285587535413,
        11348.723933764259,
        11391.669795176393,
        11433.280961686998,
        11474.892128197605,
        11506.727507406242,
        11537.100234399417,
        11559.420986012992,
        11572.668142793165,
        11586.223638901489,
        11603.844859485394,
        11621.466080069295,
        11654.460091932253,
        11793.632602582067,
        12214.84006029127,
        12197.863843526964,
        12180.887626762662,
        12176.39286102708
    ]
}