{
    "time": [
        56.11319292047281,
        56.12319292047281,
        56.13319292047281,
        56.143192920472806,
        56.153192920472804,
        56.1631929204728,
        56.1731929204728,
        56.1831929204728,
        56.1931929204728,
        56.203192920472794,
        56.21319292047279,
        56.22319292047279,
        56.23319292047279,
        56.24319292047279,
        56.253192920472785,
        56.26319292047278,
        56.27319292047278,
        56.28319292047278,
        56.29319292047278,
        56.303192920472775,
        56.31319292047277,
        56.32319292047277,
        56.33319292047277,
        56.34319292047277,
        56.353192920472765,
        56.36319292047276,
        56.37319292047276,
        56.38319292047276,
        56.39319292047276,
        56.403192920472755,
        56.41319292047275,
        56.42319292047275,
        56.43319292047275,
        56.44319292047275,
        56.453192920472745,
        56.46319292047274,
        56.47319292047274,
        56.48319292047274,
        56.49319292047274,
        56.503192920472735,
        56.51319292047273,
        56.52319292047273,
        56.53319292047273,
        56.54319292047273,
        56.553192920472725,
        56.56319292047272,
        56.57319292047272,
        56.58319292047272,
        56.59319292047272,
        56.603192920472715,
        56.61319292047271,
        56.62319292047271,
        56.63319292047271,
        56.64319292047271,
        56.653192920472705,
        56.6631929204727,
        56.6731929204727,
        56.6831929204727,
        56.6931929204727,
        56.703192920472695,
        56.71319292047269,
        56.72319292047269,
        56.73319292047269,
        56.74319292047269,
        56.753192920472685,
        56.76319292047268,
        56.77319292047268,
        56.78319292047268,
        56.79319292047268,
        56.803192920472675,
        56.81319292047267,
        56.82319292047267,
        56.83319292047267,
        56.84319292047267,
        56.853192920472665,
        56.86319292047266,
        56.86713565348025
    ],
    "frequency": [
        15358.946816458909,
        15496.13236287965,
        15633.31790930039,
        15770.503455721131,
        15907.689002141871,
        16044.874548562613,
        16161.962402427767,
        16265.674675521841,
        16369.386948615918,
        16473.099221709996,
        16576.811494804067,
        16672.090932321084,
        16761.766957928747,
        16851.442983536406,
        16941.11900914407,
        17004.338243870036,
        17060.98780480377,
        17117.637365737508,
        17158.308445804374,
        17175.144853774193,
        17191.981261744007,
        17208.817669713826,
        17225.63626056397,
        17231.809610152904,
        17237.98295974184,
        17244.15630933077,
        17250.329658919705,
        17252.104861651613,
        17236.50903111115,
        17220.913200570685,
        17205.31737003022,
        17176.62335696218,
        17128.4712301685,
        17080.31910337481,
        17032.166976581128,
        16970.26140233887,
        16887.950074486438,
        16805.638746634002,
        16723.32741878157,
        16641.016090929137,
        16558.617240383563,
        16447.496947782754,
        16336.376655181948,
        16225.256362581142,
        16102.042840033837,
        15960.937706572498,
        15819.83257311116,
        15678.727439649821,
        15537.557003228545,
        15396.131176282073,
        15254.705349335607,
        15113.279522389139,
        14971.853695442669,
        14851.48367659915,
        14736.247817605728,
        14621.011958612307,
        14505.776099618884,
        14390.540240625463,
        14287.266043564276,
        14201.610818017834,
        14115.955592471393,
        14030.300366924948,
        13944.645141378509,
        13858.989915832068,
        13773.390954874072,
        13699.310759806873,
        13625.230564739668,
        13551.150369672467,
        13477.070174605264,
        13402.989979538062,
        13330.539295096663,
        13264.396263786666,
        13198.25323247667,
        13132.110201166674,
        13065.967169856678,
        12999.824138546679,
        12973.745707269916
    ]
}