{
    "time": [
        49.75579965549234,
        49.76579965549234,
        49.775799655492335,
        49.78579965549233,
        49.79579965549233,
        49.80579965549233,
        49.81579965549233,
        49.825799655492325,
        49.83579965549232,
        49.84579965549232,
        49.85579965549232,
        49.86579965549232,
        49.875799655492315,
        49.88579965549231,
        49.89579965549231,
        49.90579965549231,
        49.91579965549231,
        49.925799655492305,
        49.9357996554923,
        49.9457996554923,
        49.9557996554923,
        49.9657996554923,
        49.975799655492295,
        49.98019241450398
    ],
    "frequency": [
        12372.902427345223,
        12492.340759921159,
        12614.619469208974,
        12739.034398975571,
        12908.387387356539,
        13138.076488464088,
        13595.687400860981,
        14212.46565122515,
        14794.727522532827,
        15039.407430829688,
        15156.39673927487,
        15178.791426632857,
        15201.186113990847,
        15208.102427699321,
        15203.125830508656,
        15198.149233317992,
        15193.172636127329,
        15180.248472261193,
        15146.656441224213,
        15113.064410187231,
        15079.472379150251,
        15045.880348113267,
        15012.288317076287,
        14997.532147370428
    ]
}