{
    "time": [
        5.059363127105955,
        5.069363127105955,
        5.079363127105955,
        5.089363127105955,
        5.0993631271059545,
        5.109363127105954,
        5.119363127105954,
        5.129363127105954,
        5.139363127105954,
        5.1493631271059535,
        5.159363127105953,
        5.169363127105953,
        5.179363127105953,
        5.189363127105953,
        5.199363127105952,
        5.209363127105952,
        5.219363127105952,
        5.229363127105952,
        5.2393631271059515,
        5.249363127105951,
        5.251929082946057
    ],
    "frequency": [
        12620.324138411632,
        12541.445292011098,
        12483.042477532988,
        12439.22089619936,
        12396.094851442655,
        12371.917427258582,
        12347.740003074512,
        12323.56257889044,
        12299.385154706366,
        12246.095319192,
        12190.58798283607,
        12135.080646480139,
        12079.57331012421,
        11993.635286588691,
        11893.471672111824,
        11793.308057634958,
        11693.144443158093,
        11548.104441705435,
        11385.338568180525,
        11222.572694655615,
        11180.807690281503
    ]
}