{
    "time": [
        20.959561296351787,
        20.969561296351788,
        20.97956129635179,
        20.98956129635179,
        20.999561296351793,
        21.009561296351794,
        21.019561296351796,
        21.029561296351797,
        21.0395612963518,
        21.0495612963518,
        21.059561296351802,
        21.069561296351804,
        21.079561296351805,
        21.089561296351807,
        21.09956129635181,
        21.10956129635181,
        21.11956129635181,
        21.129561296351813,
        21.139561296351815,
        21.149561296351816,
        21.159561296351818,
        21.16956129635182,
        21.17956129635182,
        21.189561296351823,
        21.199561296351824,
        21.209561296351826,
        21.219561296351827,
        21.22956129635183,
        21.23956129635183,
        21.249561296351832,
        21.259561296351833,
        21.269561296351835,
        21.279561296351837,
        21.289561296351838,
        21.29956129635184,
        21.30956129635184,
        21.319561296351843,
        21.329561296351844,
        21.339561296351846,
        21.349561296351848,
        21.35956129635185,
        21.36956129635185,
        21.379561296351852,
        21.389561296351854,
        21.399561296351855,
        21.409561296351857,
        21.41956129635186,
        21.42956129635186,
        21.43956129635186,
        21.449561296351863,
        21.459561296351865,
        21.469561296351866,
        21.479561296351868,
        21.48956129635187,
        21.49956129635187,
        21.509561296351873,
        21.519561296351874,
        21.529561296351876,
        21.539561296351877,
        21.54956129635188,
        21.55956129635188,
        21.569561296351882,
        21.579561296351883,
        21.585543152052377
    ],
    "frequency": [
        9660.297295400516,
        9860.875713768795,
        10018.407521399035,
        10083.300539106407,
        10148.193556813781,
        10213.086574521156,
        10277.979592228528,
        10342.872609935901,
        10412.672695913321,
        10485.800244276743,
        10558.92779264016,
        10632.05534100358,
        10705.182889366999,
        10778.310437730417,
        10851.437986093837,
        10924.565534457257,
        11011.782604960124,
        11112.071814144245,
        11212.361023328365,
        11312.650232512486,
        11412.939441696606,
        11524.939079498075,
        11712.659906945282,
        11900.38073439249,
        12088.101561839692,
        12275.8223892869,
        12463.543216734104,
        12651.264044181311,
        12843.055866942106,
        13037.90347335697,
        13232.751079771835,
        13427.598686186702,
        13622.446292601566,
        13817.29389901643,
        14016.047689360463,
        14216.626107728702,
        14417.204526096939,
        14595.987042729217,
        14727.616629783377,
        14859.246216837533,
        14990.875803891693,
        15122.50539094585,
        15254.134978000007,
        15359.17092909854,
        15462.24594964889,
        15565.320970199235,
        15668.395990749583,
        15771.471011299933,
        15874.546031850281,
        15966.710747619298,
        16057.294549463018,
        16147.87835130674,
        16238.46215315046,
        16329.04595499418,
        16436.546615672,
        16552.88209832558,
        16669.217580979162,
        16785.553063632746,
        16918.73920025402,
        17072.515987669663,
        17226.292775085312,
        17380.06956250096,
        17533.846349916614,
        17625.83340515719
    ]
}