{
    "time": [
        14.459115634479593,
        14.469115634479593,
        14.479115634479593,
        14.489115634479592,
        14.499115634479592,
        14.509115634479592,
        14.519115634479592,
        14.529115634479592,
        14.539115634479591,
        14.549115634479591,
        14.559115634479591,
        14.56911563447959,
        14.57911563447959,
        14.58911563447959,
        14.59911563447959,
        14.60911563447959,
        14.61911563447959,
        14.62911563447959,
        14.63911563447959,
        14.649115634479589,
        14.659115634479589,
        14.669115634479589,
        14.679115634479588,
        14.689115634479588,
        14.699115634479588,
        14.709115634479588,
        14.719115634479587,
        14.729115634479587,
        14.739115634479587,
        14.749115634479587,
        14.759115634479587,
        14.769115634479586,
        14.779115634479586,
        14.789115634479586,
        14.799115634479586,
        14.809115634479586,
        14.819115634479585,
        14.829115634479585,
        14.839115634479585,
        14.849115634479585,
        14.859115634479585,
        14.869115634479584,
        14.879115634479584,
        14.889115634479584,
        14.899115634479584,
        14.909115634479583,
        14.919115634479583,
        14.929115634479583,
        14.939115634479583,
        14.949115634479583,
        14.959115634479582,
        14.969115634479582,
        14.979115634479582,
        14.989115634479582,
        14.999115634479582,
        15.009115634479581,
        15.019115634479581,
        15.02911563447958,
        15.03911563447958,
        15.04911563447958,
        15.05911563447958,
        15.06911563447958,
        15.07911563447958,
        15.08911563447958,
        15.09911563447958,
        15.10911563447958,
        15.119115634479579,
        15.129115634479579,
        15.139115634479579,
        15.149115634479578,
        15.159115634479578,
        15.169115634479578,
        15.179115634479578,
        15.189115634479577,
        15.199115634479577,
        15.207719361049685
    ],
    "frequency": [
        14171.758851866876,
        13873.278298600928,
        13574.797745334981,
        13276.317192069033,
        12977.836638803083,
        12679.356085537132,
        12498.339359529826,
        12324.225703458022,
        12150.112047386214,
        11975.99839131441,
        11751.775218358318,
        11397.329561355024,
        11131.22103719704,
        10899.069495767963,
        10771.722432103947,
        10647.3555349098,
        10525.344440810819,
        10443.262288662685,
        10370.90802386596,
        10376.238033745709,
        10381.568043625457,
        10404.785141622122,
        10456.086486714707,
        10507.387831807291,
        10572.778677924849,
        10674.75953362405,
        10776.74038932325,
        10878.721245022449,
        10980.702100721648,
        11082.68295642085,
        11355.019952356844,
        11575.369800223229,
        11663.55723641544,
        11751.744672607652,
        11839.932108799863,
        11931.381217727903,
        12027.948455549244,
        12124.515693370584,
        12220.949321471098,
        12315.920406601173,
        12410.891491731249,
        12456.418171811487,
        12499.058250849479,
        12529.831372244313,
        12519.171352484815,
        12508.511332725317,
        12497.851312965817,
        12480.01144455933,
        12417.82799596226,
        12355.644547365187,
        12293.461098768117,
        12173.540368757336,
        12021.05573828451,
        11868.571107811687,
        11716.086477338862,
        11534.199404287778,
        11218.966289371318,
        10957.795805263628,
        10698.2158611378,
        10439.532714973979,
        10180.849568810152,
        9863.435358887222,
        9523.499173223216,
        9181.5465149503,
        8839.537547666408,
        8608.878401705693,
        8440.983090493588,
        8296.753529711115,
        8206.14336175538,
        8115.5331937996425,
        8084.06664660483,
        8094.726666364328,
        8105.386686123826,
        8203.32365373874,
        8315.253861213474,
        8411.55555121828
    ]
}