{
    "time": [
        46.13204370709635,
        46.14204370709635,
        46.15204370709635,
        46.162043707096345,
        46.17204370709634,
        46.18204370709634,
        46.19204370709634,
        46.20204370709634,
        46.212043707096335,
        46.22204370709633,
        46.23204370709633,
        46.24204370709633,
        46.25204370709633,
        46.262043707096325,
        46.27204370709632,
        46.28204370709632,
        46.29204370709632,
        46.30204370709632,
        46.312043707096315,
        46.32204370709631,
        46.33204370709631,
        46.34204370709631,
        46.35204370709631,
        46.362043707096305,
        46.3720437070963,
        46.3820437070963,
        46.3920437070963,
        46.4020437070963,
        46.412043707096295,
        46.42204370709629,
        46.43204370709629,
        46.44204370709629,
        46.45204370709629,
        46.462043707096285,
        46.47204370709628,
        46.48204370709628,
        46.49204370709628,
        46.50204370709628,
        46.512043707096275,
        46.52204370709627,
        46.53204370709627,
        46.54204370709627,
        46.55204370709627,
        46.562043707096265,
        46.57204370709626,
        46.58204370709626,
        46.59204370709626,
        46.60204370709626,
        46.612043707096255,
        46.62204370709625,
        46.63204370709625,
        46.64204370709625,
        46.65204370709625,
        46.662043707096245,
        46.67204370709624,
        46.68204370709624,
        46.69204370709624,
        46.70204370709624,
        46.712043707096235,
        46.72204370709623,
        46.73204370709623,
        46.74204370709623,
        46.75204370709623,
        46.762043707096225,
        46.77204370709622,
        46.78204370709622,
        46.79204370709622,
        46.80204370709622,
        46.812043707096215,
        46.82204370709621,
        46.83204370709621,
        46.83996305075983
    ],
    "frequency": [
        6394.363288985541,
        6529.348418711927,
        6661.8365001848315,
        6788.881328162628,
        6901.421928415239,
        6958.592101005266,
        6969.856164466126,
        6969.856164466126,
        6984.812409872614,
        7039.260193291668,
        7093.70797671072,
        7151.608820176375,
        7216.680561335736,
        7281.752302495096,
        7346.824043654457,
        7411.895784813815,
        7476.967525973176,
        7547.006208945454,
        7620.851015207545,
        7694.695821469636,
        7768.540627731727,
        7842.385433993819,
        7916.230240255909,
        7987.817418784234,
        8059.280134521741,
        8130.742850259248,
        8202.205565996755,
        8273.668281734263,
        8341.073108956518,
        8400.214666808246,
        8459.356224659974,
        8518.497782511702,
        8568.238623501831,
        8590.658299027324,
        8613.077974552816,
        8635.497650078309,
        8657.917325603801,
        8667.736895899903,
        8663.925551060569,
        8660.114206221235,
        8656.302861381904,
        8652.491516542568,
        8648.680171703236,
        8644.868826863902,
        8636.720030717679,
        8623.424641743259,
        8610.129252768838,
        8596.833863794416,
        8583.538474819996,
        8570.243085845575,
        8547.468953621837,
        8511.472919028129,
        8475.47688443442,
        8439.480849840711,
        8403.484815247002,
        8367.488780653293,
        8329.300160520319,
        8270.664086069035,
        8212.028011617751,
        8153.391937166467,
        8094.755862715183,
        8036.119788263898,
        7958.27148810771,
        7868.592786005738,
        7778.914083903766,
        7689.235381801795,
        7599.556679699822,
        7497.84724813056,
        7393.901479785083,
        7289.955711439608,
        7186.009943094132,
        7103.6917169034705
    ]
}