{
    "time": [
        36.7047196861469,
        36.7147196861469,
        36.7247196861469,
        36.734719686146896,
        36.744719686146894,
        36.75471968614689,
        36.76471968614689,
        36.77471968614689,
        36.784719686146886,
        36.794719686146884,
        36.80471968614688,
        36.81471968614688,
        36.82471968614688,
        36.834719686146876,
        36.844719686146874,
        36.85471968614687,
        36.86471968614687,
        36.87471968614687,
        36.884719686146866,
        36.889192920092896
    ],
    "frequency": [
        11412.600661513274,
        11340.529172533683,
        11268.45768355409,
        11245.560065758475,
        11248.563044465958,
        11251.56602317344,
        11254.569001880922,
        11257.571980588404,
        11260.574959295887,
        11271.75336376777,
        11295.109864825969,
        11318.466365884167,
        11341.822866942364,
        11365.179368000561,
        11388.535869058758,
        11417.915811896046,
        11449.057813306978,
        11480.19981471791,
        11511.341816128843,
        11525.272361914713
    ]
}