{
    "time": [
        26.13017747607131,
        26.14017747607131,
        26.150177476071313,
        26.160177476071315,
        26.170177476071316,
        26.180177476071318,
        26.19017747607132,
        26.20017747607132,
        26.210177476071323,
        26.220177476071324,
        26.230177476071326,
        26.240177476071327,
        26.25017747607133,
        26.26017747607133,
        26.270177476071332,
        26.280177476071334,
        26.290177476071335,
        26.293859088037337
    ],
    "frequency": [
        10780.798637811922,
        10722.872728138613,
        10664.946818465305,
        10615.89718439629,
        10593.787071552239,
        10571.676958708187,
        10549.566845864136,
        10527.456733020084,
        10516.139342095206,
        10511.64712869197,
        10507.154915288735,
        10502.662701885498,
        10498.17048848226,
        10497.69718955629,
        10500.608809354682,
        10503.520429153077,
        10506.43204895147,
        10507.503994380491
    ]
}