{
    "time": [
        22.844237851149266,
        22.854237851149268,
        22.86423785114927,
        22.87423785114927,
        22.884237851149273,
        22.894237851149274,
        22.904237851149276,
        22.914237851149277,
        22.92423785114928,
        22.93423785114928,
        22.944237851149282,
        22.954237851149284,
        22.964237851149285,
        22.974237851149287,
        22.984237851149288,
        22.99423785114929,
        23.00423785114929,
        23.014237851149293,
        23.024237851149294,
        23.034237851149296,
        23.044237851149298,
        23.0542378511493,
        23.0642378511493,
        23.074237851149302,
        23.084237851149304,
        23.094237851149305,
        23.104237851149307,
        23.11423785114931,
        23.12423785114931,
        23.13423785114931,
        23.142084056684226
    ],
    "frequency": [
        13103.02900385467,
        13106.886281130983,
        13110.743558407295,
        13114.60083568361,
        13118.458112959923,
        13095.534828505051,
        13056.533469377891,
        13017.532110250733,
        12978.530751123573,
        12939.529391996417,
        12900.528032869255,
        12846.460970539676,
        12780.887256842367,
        12715.313543145057,
        12649.73982944775,
        12584.166115750439,
        12518.592402053131,
        12453.018688355822,
        12387.444974658512,
        12321.871260961205,
        12167.88247416393,
        11994.047844911442,
        11825.8369227602,
        11671.224391934684,
        11516.611861109168,
        11361.999330283654,
        11207.386799458138,
        11052.774268632624,
        10898.161737807108,
        10743.549206981594,
        10622.237037468587
    ]
}