{
    "time": [
        41.69273228874115,
        41.702732288741146,
        41.712732288741144,
        41.72273228874114,
        41.73273228874114,
        41.74273228874114,
        41.752732288741136,
        41.762732288741134,
        41.77273228874113,
        41.78273228874113,
        41.79273228874113,
        41.802732288741126,
        41.812732288741124,
        41.82273228874112,
        41.83273228874112,
        41.84273228874112,
        41.852732288741116,
        41.862732288741114,
        41.87273228874111,
        41.88273228874111,
        41.89273228874111,
        41.902732288741106,
        41.912732288741104,
        41.9227322887411,
        41.9327322887411,
        41.9427322887411,
        41.952732288741096,
        41.962732288741094,
        41.96358229044557
    ],
    "frequency": [
        12772.80204617776,
        12397.56301034497,
        12022.32397451218,
        11846.33725378765,
        11691.476699316998,
        11536.616144846346,
        11448.043835194327,
        11421.135395881887,
        11397.739396216102,
        11374.343396550317,
        11354.477595335104,
        11339.283578746077,
        11324.08956215705,
        11316.309421092214,
        11310.039671769637,
        11299.44150725536,
        11274.442231725381,
        11249.442956195406,
        11236.819082198093,
        11231.41826272228,
        11225.29382854844,
        11197.133821056708,
        11168.973813564975,
        11023.333653392583,
        10723.317590879866,
        10424.454548420646,
        10230.581046573705,
        10036.707544726765,
        10020.228264024458
    ]
}