{
    "time": [
        27.671927876792374,
        27.681927876792376,
        27.691927876792377,
        27.70192787679238,
        27.71192787679238,
        27.721927876792382,
        27.731927876792383,
        27.741927876792385,
        27.751927876792386,
        27.761927876792388,
        27.77192787679239,
        27.78192787679239,
        27.791927876792393,
        27.801927876792394,
        27.811927876792396,
        27.821927876792397,
        27.8319278767924,
        27.8419278767924,
        27.851927876792402,
        27.861927876792404,
        27.871927876792405,
        27.881927876792407,
        27.89192787679241,
        27.90192787679241,
        27.91192787679241,
        27.921927876792413,
        27.931927876792415,
        27.941927876792416,
        27.951927876792418,
        27.96192787679242,
        27.97192787679242,
        27.981927876792422,
        27.991927876792424,
        28.001927876792426,
        28.011927876792427,
        28.02192787679243,
        28.03192787679243,
        28.041927876792432,
        28.051927876792433,
        28.061927876792435,
        28.071927876792437,
        28.081927876792438,
        28.09192787679244,
        28.10192787679244,
        28.111927876792443,
        28.121927876792444,
        28.131927876792446,
        28.141927876792447,
        28.15192787679245,
        28.16192787679245,
        28.171927876792452,
        28.181927876792454,
        28.191927876792455,
        28.201927876792457,
        28.21192787679246,
        28.22192787679246,
        28.23192787679246,
        28.241927876792463,
        28.251927876792465,
        28.261927876792466,
        28.271927876792468,
        28.28192787679247,
        28.29192787679247,
        28.301927876792472,
        28.311927876792474,
        28.321927876792476,
        28.331927876792477,
        28.34192787679248,
        28.35192787679248,
        28.361927876792482,
        28.371927876792483,
        28.381927876792485,
        28.391927876792487,
        28.401927876792488,
        28.41192787679249,
        28.42192787679249,
        28.431927876792493,
        28.441927876792494,
        28.451927876792496,
        28.457734333967036
    ],
    "frequency": [
        8416.889217271444,
        8634.122040062766,
        8931.230996431248,
        9246.337948172493,
        9688.72729690468,
        10188.886727230767,
        10795.596149464478,
        11339.96460863579,
        11623.05534602901,
        11906.146083422233,
        12189.236820815453,
        12472.327558208675,
        12742.115909872682,
        12942.638515526218,
        13143.161121179752,
        13346.454042923297,
        13552.546720956088,
        13758.639398988884,
        13964.732077021676,
        14165.557195063477,
        14366.079800717009,
        14694.550353318704,
        15348.887277030164,
        16003.224200741624,
        16949.453759326774,
        18224.571867072198,
        19262.10502608943,
        19780.67918729515,
        19589.705441778715,
        18706.091803900938,
        17474.831124617573,
        15693.189189213856,
        13754.511258705941,
        12904.810481874147,
        12714.731546175255,
        12587.990926076676,
        12426.805660077773,
        11268.230605190834,
        10379.747446703383,
        10246.06570960102,
        8837.693719211082,
        8060.779261215417,
        7851.958236790714,
        7727.188615495189,
        7613.151855210914,
        7519.574639239261,
        7425.997423267609,
        7352.687660113293,
        7311.840462665352,
        7270.993265217412,
        7230.146067769474,
        7189.298870321534,
        7138.8293694293525,
        6932.507057696167,
        6901.314652372282,
        6870.122247048397,
        6838.929841724514,
        6807.73743640063,
        6767.963552318945,
        6722.010455190016,
        6676.057358061085,
        6630.104260932156,
        6584.151163803225,
        6549.773149084139,
        6517.505143576673,
        6485.2371380692075,
        6452.9691325617405,
        6415.2995714740955,
        6373.285311241931,
        6331.271051009764,
        6289.256790777597,
        6247.242530545431,
        6197.243841323434,
        6133.920913222317,
        6070.5979851212,
        5997.768740667331,
        5917.559698405921,
        5860.288720022645,
        5846.920546312409,
        6280.320290735764
    ]
}