{
    "time": [
        30.61285648772922,
        30.622856487729223,
        30.632856487729224,
        30.642856487729226,
        30.652856487729228,
        30.66285648772923,
        30.67285648772923,
        30.682856487729232,
        30.692856487729234,
        30.702856487729235,
        30.712856487729237,
        30.72285648772924,
        30.73285648772924,
        30.74285648772924,
        30.752856487729243,
        30.762856487729245,
        30.772856487729246,
        30.782856487729248,
        30.79285648772925,
        30.80285648772925,
        30.812856487729253,
        30.822856487729254,
        30.832856487729256,
        30.842856487729257,
        30.85285648772926,
        30.86285648772926,
        30.872856487729262,
        30.882856487729264,
        30.892856487729265,
        30.902856487729267,
        30.912856487729268,
        30.92285648772927,
        30.93285648772927,
        30.942856487729273,
        30.952856487729274,
        30.962856487729276,
        30.972856487729278,
        30.98285648772928,
        30.99285648772928,
        31.002856487729282,
        31.012856487729284,
        31.022856487729285,
        31.032856487729287,
        31.04285648772929,
        31.05285648772929,
        31.06285648772929,
        31.072856487729293,
        31.082856487729295,
        31.092856487729296,
        31.102856487729298,
        31.1128564877293,
        31.1228564877293,
        31.132856487729303,
        31.142856487729304,
        31.152856487729306,
        31.162856487729307,
        31.17285648772931,
        31.176546060732885
    ],
    "frequency": [
        12562.970223132306,
        12374.898841874852,
        12186.827460617396,
        11678.674876213901,
        10206.3511575283,
        8987.637429341179,
        8423.903059500697,
        8059.8005643356155,
        7891.879688212888,
        7723.958812090159,
        7634.20576955151,
        7570.235911980949,
        7524.559767491992,
        7502.170317342296,
        7479.780867192598,
        7455.345150608446,
        7418.0294003589515,
        7380.713650109459,
        7343.0367940185915,
        7303.525999636772,
        7264.015205254954,
        7224.504410873134,
        7193.553521272634,
        7174.362564001467,
        7155.171606730299,
        7135.980649459133,
        7116.244753592323,
        7096.094248457595,
        7075.943743322867,
        7055.79323818814,
        7035.642733053413,
        7015.045267311619,
        6987.814854967394,
        6960.584442623171,
        6933.354030278944,
        6906.12361793472,
        6862.318647517433,
        6818.339370437672,
        6774.360093357911,
        6730.380816278151,
        6668.174291967112,
        6574.336155310291,
        6480.498018653471,
        6386.659881996652,
        6292.002125746264,
        6196.846962610061,
        6101.69179947386,
        6016.587092475009,
        5952.892967049145,
        5889.198841623282,
        5831.579422145161,
        5815.836840008656,
        5800.09425787215,
        5784.351675735646,
        5818.656158210802,
        5885.824508659893,
        6416.192053295033,
        6942.814934882061
    ]
}