{
    "time": [
        34.78856062567398,
        34.79856062567398,
        34.80856062567398,
        34.818560625673975,
        34.82856062567397,
        34.83856062567397,
        34.84856062567397,
        34.85856062567397,
        34.868560625673965,
        34.87856062567396,
        34.88856062567396,
        34.89856062567396,
        34.90856062567396,
        34.918560625673955,
        34.92856062567395,
        34.93856062567395,
        34.94856062567395,
        34.95856062567395,
        34.968560625673945,
        34.97856062567394,
        34.98856062567394,
        34.99856062567394,
        35.00856062567394,
        35.018560625673935,
        35.02856062567393,
        35.03856062567393,
        35.04856062567393,
        35.05856062567393,
        35.068560625673925,
        35.07856062567392,
        35.08856062567392,
        35.09856062567392,
        35.10856062567392,
        35.118560625673915,
        35.12856062567391,
        35.13856062567391,
        35.14856062567391,
        35.15856062567391,
        35.168560625673905,
        35.1785606256739,
        35.1885606256739,
        35.1985606256739,
        35.2085606256739,
        35.218560625673895,
        35.22856062567389,
        35.23856062567389,
        35.24856062567389,
        35.25856062567389,
        35.268560625673885,
        35.27856062567388,
        35.28856062567388,
        35.29856062567388,
        35.30856062567388,
        35.318560625673875,
        35.32856062567387,
        35.33856062567387,
        35.34856062567387,
        35.35856062567387,
        35.368560625673865,
        35.37856062567386,
        35.38856062567386,
        35.39856062567386,
        35.40856062567386,
        35.418560625673855,
        35.42856062567385,
        35.43856062567385,
        35.44856062567385,
        35.45856062567385,
        35.468560625673845,
        35.47856062567384,
        35.48856062567384,
        35.49856062567384,
        35.50856062567384,
        35.518560625673835,
        35.52856062567383,
        35.53856062567383,
        35.543372301351575
    ],
    "frequency": [
        9403.19504859737,
        9522.16830950851,
        9656.421113135468,
        9889.000420179793,
        10121.579727224118,
        10354.159034268441,
        10586.738341312765,
        10819.31764835709,
        11067.137245691743,
        11322.079947644183,
        11552.624298416951,
        11777.66631310337,
        12002.708327789787,
        12227.750342476202,
        12515.127819731995,
        12806.380542871622,
        13097.633266011253,
        13291.515478668645,
        13458.64458328191,
        13625.773687895175,
        13792.902792508441,
        13960.031897121706,
        14111.569000133064,
        14195.740558872922,
        14279.912117612777,
        14353.530055852547,
        14377.20330674813,
        14400.876557643714,
        14424.549808539301,
        14440.330065411985,
        14413.54820581294,
        14386.766346213895,
        14359.984486614852,
        14333.202627015808,
        14268.159395491832,
        14150.479322199291,
        14032.799248906753,
        13915.119175614213,
        13797.439102321674,
        13679.759029029135,
        13562.078955736595,
        13344.855165911431,
        13105.767109602797,
        12866.679053294163,
        12627.590996985527,
        12388.502940676894,
        12149.41488436826,
        11910.326828059624,
        11671.23877175099,
        11432.150715442356,
        11210.402215637114,
        11055.736976452645,
        10901.071737268176,
        10746.406498083708,
        10591.74125889924,
        10484.231989224263,
        10381.940164366802,
        10279.648339509338,
        10177.356514651878,
        10075.064689794413,
        9972.772864936953,
        9870.481040079489,
        9776.631615442084,
        9730.115754033217,
        9683.599892624352,
        9637.084031215489,
        9590.568169806624,
        9544.052308397759,
        9545.450906445005,
        9567.545940614218,
        9589.64097478343,
        9611.736008952641,
        9633.831043121854,
        9664.749942835404,
        9699.901133559153,
        9735.0523242829,
        9751.96593722782
    ]
}