{
    "time": [
        49.62612201583409,
        49.63612201583409,
        49.64612201583409,
        49.656122015834086,
        49.666122015834084,
        49.67612201583408,
        49.68612201583408,
        49.69612201583408,
        49.706122015834076,
        49.716122015834074,
        49.72612201583407,
        49.73612201583407,
        49.74612201583407,
        49.756122015834066,
        49.76448630623831
    ],
    "frequency": [
        9216.280783684306,
        9112.345754883741,
        9008.410726083173,
        8892.597408551073,
        8730.227796891482,
        8567.85818523189,
        8379.48713239211,
        8170.161984387763,
        7960.836836383416,
        7725.476706239437,
        7473.459007833421,
        7221.441309427404,
        7013.079423533827,
        6845.224352020877,
        6704.8254956248875
    ]
}