{
    "time": [
        25.670478289212532,
        25.680478289212534,
        25.690478289212535,
        25.700478289212537,
        25.71047828921254,
        25.72047828921254,
        25.73047828921254,
        25.740478289212543,
        25.750478289212545,
        25.760478289212546,
        25.770478289212548,
        25.78047828921255,
        25.79047828921255,
        25.800478289212553,
        25.810478289212554,
        25.820478289212556,
        25.830478289212557,
        25.84047828921256,
        25.85047828921256,
        25.860478289212562,
        25.870478289212564,
        25.880478289212565,
        25.890478289212567,
        25.90047828921257,
        25.91047828921257,
        25.92047828921257,
        25.930478289212573,
        25.940478289212574,
        25.950478289212576,
        25.960478289212578,
        25.97047828921258,
        25.98047828921258,
        25.990478289212582,
        26.000478289212584,
        26.010478289212585,
        26.015207172813966
    ],
    "frequency": [
        9784.077723097518,
        10007.255627289338,
        10228.139916386097,
        10329.31389961973,
        10430.48788285336,
        10530.403174876285,
        10604.795809606901,
        10799.22569183455,
        10869.825897866287,
        10918.519258780867,
        10967.212619695449,
        11015.905980610032,
        11053.322494644883,
        11079.862569737965,
        11106.402644831047,
        11132.94271992413,
        11159.482795017215,
        11186.022870110297,
        11212.562945203379,
        11242.99910427676,
        11291.354316851657,
        11339.709529426555,
        11388.06474200145,
        11436.419954576346,
        11497.383655888556,
        11575.495922355694,
        11653.608188822836,
        11742.104657778327,
        11861.132873347293,
        11980.16108891626,
        12245.22432132564,
        12530.892038691189,
        12816.559756056737,
        13160.09861288507,
        13509.743996118965,
        13675.087228026257
    ]
}