{
    "time": [
        18.07075631367182,
        18.08075631367182,
        18.09075631367182,
        18.100756313671823,
        18.110756313671825,
        18.120756313671826,
        18.130756313671828,
        18.14075631367183,
        18.15075631367183,
        18.160756313671833,
        18.170756313671834,
        18.180756313671836,
        18.190756313671837,
        18.20075631367184,
        18.21075631367184,
        18.220756313671842,
        18.230756313671844,
        18.240756313671845,
        18.250756313671847,
        18.26075631367185,
        18.27075631367185,
        18.28075631367185,
        18.290756313671853,
        18.300756313671855,
        18.310756313671856,
        18.320756313671858,
        18.33075631367186,
        18.34075631367186,
        18.350756313671862,
        18.360756313671864,
        18.370756313671865,
        18.380756313671867,
        18.39075631367187,
        18.40075631367187,
        18.41075631367187,
        18.420756313671873,
        18.430756313671875,
        18.440756313671876,
        18.450756313671878,
        18.46075631367188,
        18.47075631367188,
        18.480756313671883,
        18.490756313671884,
        18.500756313671886,
        18.510756313671887,
        18.52075631367189,
        18.53075631367189,
        18.540756313671892,
        18.550756313671894,
        18.560756313671895,
        18.570756313671897,
        18.5807563136719,
        18.5907563136719,
        18.6007563136719,
        18.610756313671903,
        18.620756313671905,
        18.630756313671906,
        18.640756313671908,
        18.65075631367191,
        18.66075631367191,
        18.670756313671912,
        18.680756313671914,
        18.690756313671915,
        18.700756313671917,
        18.71075631367192,
        18.72075631367192,
        18.73075631367192,
        18.740756313671923,
        18.750756313671925,
        18.760756313671926,
        18.770756313671928,
        18.78075631367193,
        18.79075631367193,
        18.800756313671933,
        18.810756313671934,
        18.820756313671936,
        18.830756313671937,
        18.84075631367194,
        18.85075631367194,
        18.860756313671942,
        18.870756313671944,
        18.880756313671945,
        18.884185679183062
    ],
    "frequency": [
        5662.2371968644775,
        5921.812897296852,
        6181.388597729227,
        6382.987816062416,
        6579.151597980839,
        6735.805080392362,
        6828.437977409385,
        6896.209673658653,
        6946.979626831453,
        6997.7495800042525,
        7048.519533177053,
        7099.289486349853,
        7151.286409309048,
        7203.540864036606,
        7255.795318764164,
        7308.0497734917235,
        7360.138156788047,
        7412.186072168854,
        7464.23398754966,
        7522.636896916216,
        7591.517769057088,
        7660.3986411979595,
        7744.730513010215,
        7835.814364926626,
        7926.898216843037,
        8017.157373787762,
        8105.179583622952,
        8193.201793458142,
        8262.191083650601,
        8324.378203326376,
        8386.56532300215,
        8436.688607526305,
        8472.601669139061,
        8508.51473075182,
        8544.427792364577,
        8558.864669250006,
        8565.544926246426,
        8572.225183242846,
        8578.905440239267,
        8585.585697235687,
        8578.284813841676,
        8570.511423882204,
        8562.738033922733,
        8554.964643963262,
        8545.93112169656,
        8513.43835166597,
        8480.94558163538,
        8448.45281160479,
        8410.283632054154,
        8360.404379814212,
        8310.52512757427,
        8270.106044756758,
        8234.897160822684,
        8196.786089315003,
        8135.709453919149,
        8073.852794588766,
        7983.315664472571,
        7892.778534356376,
        7802.24140424018,
        7711.704274123985,
        7621.167144007789,
        7491.21015395156,
        7359.660477714351,
        7228.110801477143,
        7099.716546197816,
        7004.149575519608,
        6908.582604841402,
        6832.837048529285,
        6772.981945841353,
        6713.126843153422,
        6673.8761342819425,
        6649.8272090948285,
        6625.7782839077145,
        6601.729358720601,
        6577.680433533487,
        6540.24383725017,
        6499.627874711931,
        6459.011912173692,
        6394.978582473805,
        6326.097710332933,
        6237.822213292322,
        6036.880082840028,
        5967.96968164969
    ]
}