{
    "time": [
        21.28761039358845,
        21.297610393588453,
        21.307610393588455,
        21.317610393588456,
        21.327610393588458,
        21.33761039358846,
        21.34761039358846,
        21.357610393588462,
        21.367610393588464,
        21.377610393588466,
        21.387610393588467,
        21.39761039358847,
        21.40761039358847,
        21.417610393588472,
        21.427610393588473,
        21.437610393588475,
        21.447610393588477,
        21.457610393588478,
        21.46761039358848,
        21.47761039358848,
        21.487610393588483,
        21.497610393588484,
        21.507610393588486,
        21.517610393588487,
        21.52761039358849,
        21.53761039358849,
        21.547610393588492,
        21.557610393588494,
        21.567610393588495,
        21.577610393588497,
        21.5876103935885,
        21.5976103935885,
        21.6076103935885,
        21.617610393588503,
        21.627610393588505,
        21.637610393588506,
        21.647610393588508,
        21.65761039358851,
        21.66761039358851,
        21.677610393588512,
        21.687610393588514,
        21.697610393588516,
        21.70543313422182
    ],
    "frequency": [
        9412.800617950921,
        9626.391815743707,
        9839.983013536494,
        10053.57421132928,
        10235.557262393268,
        10382.313016312153,
        10529.068770231042,
        10675.82452414993,
        10822.580278068817,
        10969.336031987707,
        11116.091785906596,
        11262.847539825483,
        11409.60329374437,
        11556.35904766326,
        11703.114801582147,
        11849.870555501037,
        11996.341626070001,
        12142.018293563018,
        12287.694961056033,
        12365.731435122376,
        12440.776991103623,
        12515.822547084868,
        12587.408257781595,
        12640.730100189327,
        12694.051942597056,
        12747.37378500479,
        12800.695627412519,
        12854.102586086992,
        12927.173259016105,
        13000.243931945217,
        13073.31460487433,
        13146.385277803442,
        13219.455950732556,
        13270.301406024862,
        13317.204878513145,
        13364.108351001429,
        13419.186575401642,
        13479.861705769461,
        13540.53683613728,
        13601.2119665051,
        13661.887096872917,
        13722.562227240738,
        13770.026808016672
    ]
}