{
    "time": [
        0.10398613518197575,
        0.11398613518197574,
        0.12398613518197574,
        0.13398613518197572,
        0.14398613518197573,
        0.15398613518197574,
        0.16398613518197572,
        0.1739861351819757,
        0.1839861351819757,
        0.19398613518197572,
        0.2039861351819757,
        0.21398613518197568,
        0.2239861351819757,
        0.2339861351819757,
        0.24398613518197568,
        0.25398613518197566,
        0.26398613518197567,
        0.2739861351819757,
        0.2839861351819757,
        0.29398613518197564,
        0.30398613518197565,
        0.31398613518197566,
        0.3239861351819756,
        0.3339861351819756,
        0.3439861351819756,
        0.35398613518197564,
        0.36398613518197565,
        0.3739861351819756,
        0.3839861351819756,
        0.3939861351819756,
        0.40398613518197557,
        0.4139861351819756,
        0.4239861351819756,
        0.4339861351819756,
        0.4439861351819756,
        0.45398613518197556,
        0.46398613518197557,
        0.4739861351819756,
        0.48398613518197553,
        0.49398613518197554,
        0.5039861351819755,
        0.5139861351819756,
        0.5239861351819756,
        0.5339861351819755,
        0.5439861351819755,
        0.5539861351819755,
        0.5639861351819755,
        0.5739861351819755,
        0.5839861351819755,
        0.5939861351819755,
        0.6039861351819755,
        0.6139861351819755,
        0.6239861351819755,
        0.6339861351819754,
        0.6439861351819754,
        0.6539861351819755,
        0.6639861351819755,
        0.6739861351819755,
        0.6839861351819755,
        0.6939861351819755,
        0.7039861351819754,
        0.7139861351819754,
        0.7239861351819754,
        0.7339861351819754,
        0.7439861351819754,
        0.7539861351819754,
        0.7639861351819754,
        0.7739861351819755,
        0.7825936602684811
    ],
    "frequency": [
        6496.342300664269,
        6572.0325307933035,
        6647.722760922339,
        6736.370281927605,
        6834.722930764821,
        6928.341461574466,
        6993.704815750266,
        7059.068169926066,
        7129.287945539606,
        7201.441056889529,
        7274.714101006883,
        7350.769289982514,
        7426.824478958146,
        7513.1147493366725,
        7601.088357048234,
        7683.633303936975,
        7758.997192833062,
        7834.3529759920375,
        7906.140327588853,
        7977.927679185668,
        8048.994704749929,
        8119.527173832101,
        8188.793064215371,
        8250.636710754668,
        8312.480357293967,
        8400.163115945192,
        8498.018288951935,
        8574.30336614043,
        8597.592667718596,
        8620.88196929676,
        8641.664678124556,
        8662.042817005451,
        8676.121485231693,
        8681.943810626235,
        8687.792527043763,
        8699.437177832842,
        8711.081828621926,
        8709.305202696403,
        8697.660551907322,
        8685.153979178465,
        8667.68700299484,
        8650.220026811217,
        8643.230175866194,
        8640.319013168923,
        8635.710397615088,
        8626.976909523277,
        8618.243421431464,
        8609.509933339654,
        8600.776445247842,
        8570.512595082522,
        8512.28934113711,
        8454.105673726175,
        8401.704745175306,
        8349.303816624435,
        8275.349826343878,
        8185.695404730896,
        8096.329555200812,
        8008.595059380618,
        7920.860563560425,
        7822.687641089282,
        7720.496614048627,
        7621.84695096598,
        7531.7092328864455,
        7441.57151480691,
        7381.577493534146,
        7326.265402286005,
        7264.20222344207,
        7193.452480578548,
        7132.554461922387
    ]
}