{
    "time": [
        23.511174394212023,
        23.521174394212025,
        23.531174394212027,
        23.541174394212028,
        23.55117439421203,
        23.56117439421203,
        23.571174394212033,
        23.581174394212034,
        23.591174394212036,
        23.601174394212038,
        23.61117439421204,
        23.62117439421204,
        23.631174394212042,
        23.641174394212044,
        23.651174394212045,
        23.661174394212047,
        23.67117439421205,
        23.68117439421205,
        23.69117439421205,
        23.701174394212053,
        23.704958541134967
    ],
    "frequency": [
        11058.559117095603,
        11345.049988820025,
        11611.102472738117,
        11815.73880968411,
        12000.856596128348,
        12119.82874980143,
        12139.088640337523,
        12122.522174555239,
        11997.791454892922,
        11873.060735230607,
        11724.03294966049,
        11560.32388010369,
        11402.149572070752,
        11260.764466544419,
        11119.379361018087,
        11001.34308869525,
        10906.895548566328,
        10812.448008437404,
        10718.000468308484,
        10623.55292817956,
        10587.812591343998
    ]
}