{
    "time": [
        3.5257801228315775,
        3.5357801228315773,
        3.545780122831577,
        3.555780122831577,
        3.5657801228315766,
        3.5757801228315764,
        3.585780122831576,
        3.595780122831576,
        3.605780122831576,
        3.6157801228315756,
        3.6257801228315754,
        3.635780122831575,
        3.645780122831575,
        3.6557801228315747,
        3.6657801228315745,
        3.6757801228315743,
        3.685780122831574,
        3.695780122831574,
        3.7057801228315737,
        3.7157801228315734,
        3.7257801228315732,
        3.735780122831573,
        3.745780122831573,
        3.7557801228315726,
        3.7657801228315724,
        3.775780122831572,
        3.785780122831572,
        3.7957801228315717,
        3.8057801228315715,
        3.8157801228315713,
        3.825780122831571,
        3.835780122831571,
        3.8457801228315707,
        3.8557801228315705,
        3.8657801228315702,
        3.87578012283157,
        3.87873587949712
    ],
    "frequency": [
        15445.912732421015,
        15542.19039132594,
        15638.468050230862,
        15734.745709135783,
        15776.205891490426,
        15810.59076967075,
        15844.97564785108,
        15834.477255315973,
        15823.015629255864,
        15809.160198358779,
        15764.58720812502,
        15720.014217891261,
        15675.441227657499,
        15630.86823742374,
        15586.29524718998,
        15536.095500932226,
        15479.461583929331,
        15422.827666926434,
        15366.19374992354,
        15309.559832920644,
        15252.925915917749,
        15196.291998914854,
        15135.492057205929,
        15068.63257185529,
        15001.77308650465,
        14934.91360115401,
        14868.054115803368,
        14801.194630452728,
        14728.202612601475,
        14627.041304331811,
        14525.879996062147,
        14424.718687792485,
        14323.557379522821,
        14200.958310854949,
        14046.66719081501,
        13892.376070775068,
        13846.771370125749
    ]
}