{
    "time": [
        24.780695907212376,
        24.790695907212378,
        24.80069590721238,
        24.81069590721238,
        24.820695907212382,
        24.830695907212384,
        24.840695907212385,
        24.850695907212387,
        24.86069590721239,
        24.87069590721239,
        24.88069590721239,
        24.890695907212393,
        24.900695907212395,
        24.910695907212396,
        24.920695907212398,
        24.9306959072124,
        24.9406959072124,
        24.950695907212403,
        24.960695907212404,
        24.970695907212406,
        24.980695907212407,
        24.99069590721241,
        25.00069590721241,
        25.010695907212412,
        25.020695907212414,
        25.02866284495401
    ],
    "frequency": [
        12163.839612081352,
        12049.019212638428,
        11934.1988131955,
        11831.888699033214,
        11741.11125369995,
        11652.082584046164,
        11604.313553045791,
        11556.544522045418,
        11498.701305181143,
        11432.974463305061,
        11364.374447418793,
        11263.316985460693,
        11162.259523502591,
        11089.110562716873,
        11034.439466212665,
        10977.956926547082,
        10908.435955558514,
        10838.914984569947,
        10753.533878789487,
        10659.32073862835,
        10562.001909261051,
        10448.693871776173,
        10335.385834291295,
        10238.347167290538,
        10148.860435290875,
        10077.566913036862
    ]
}