{
    "time": [
        26.259425763643318,
        26.26942576364332,
        26.27942576364332,
        26.289425763643322,
        26.299425763643324,
        26.309425763643326,
        26.319425763643327,
        26.32942576364333,
        26.33942576364333,
        26.349425763643332,
        26.359425763643333,
        26.369425763643335,
        26.379425763643336,
        26.389425763643338,
        26.39942576364334,
        26.40942576364334,
        26.419425763643343,
        26.429425763643344,
        26.439425763643346,
        26.449425763643347,
        26.45942576364335,
        26.46942576364335,
        26.479425763643352,
        26.489425763643354,
        26.499425763643355,
        26.509425763643357,
        26.51942576364336,
        26.52942576364336,
        26.53942576364336,
        26.549425763643363,
        26.559425763643365,
        26.569425763643366,
        26.579425763643368,
        26.58942576364337,
        26.59942576364337,
        26.609425763643372,
        26.619425763643374,
        26.629425763643376,
        26.639425763643377,
        26.64722188712715
    ],
    "frequency": [
        10042.837093741884,
        10410.436960145948,
        10671.213667593536,
        10871.722685632078,
        11072.231703670619,
        11272.740721709162,
        11372.482954329955,
        11460.70692226691,
        11548.930890203867,
        11637.154858140822,
        11706.402763661747,
        11765.218742286383,
        11824.034720911022,
        11882.850699535658,
        11926.850219957307,
        11947.976649060985,
        11969.103078164664,
        11990.229507268341,
        12011.355936372018,
        12039.928955023855,
        12077.221695093824,
        12114.514435163794,
        12151.807175233764,
        12200.652438771218,
        12259.001623914712,
        12317.350809058204,
        12375.699994201697,
        12496.746720241954,
        12619.280009043283,
        12741.813297844612,
        12871.058128153794,
        13005.26125398383,
        13139.464379813864,
        13273.791198450139,
        13445.337802772,
        13616.884407093861,
        13786.681924763583,
        13954.359056807514,
        14122.036188851445,
        14252.75935153334
    ]
}