{
    "time": [
        27.56264324314868,
        27.572643243148683,
        27.582643243148684,
        27.592643243148686,
        27.602643243148687,
        27.61264324314869,
        27.62264324314869,
        27.632643243148692,
        27.642643243148694,
        27.652643243148695,
        27.662643243148697,
        27.6726432431487,
        27.6826432431487,
        27.6926432431487,
        27.702643243148703,
        27.712643243148705,
        27.722643243148706,
        27.732643243148708,
        27.74264324314871,
        27.75264324314871,
        27.762643243148712,
        27.772643243148714,
        27.782643243148716,
        27.792643243148717,
        27.80264324314872,
        27.81264324314872,
        27.822643243148722,
        27.832643243148723,
        27.842643243148725,
        27.84505160554286
    ],
    "frequency": [
        11134.423075678416,
        10968.56768120933,
        10802.712286740243,
        10636.856892271157,
        10471.001497802072,
        10310.470754057616,
        10150.129733317683,
        9989.788712577749,
        9829.447691837815,
        9724.122317065488,
        9664.365594058252,
        9630.294412676327,
        9676.858092941713,
        9723.421773207097,
        9769.985453472482,
        9817.005141887872,
        9893.835214325753,
        9970.66528676363,
        10047.49535920151,
        10057.682128106335,
        10063.708016140678,
        10069.733904175024,
        10040.246744541892,
        9993.68306427651,
        9902.9210796581,
        9777.716517166727,
        9652.511954675356,
        9499.244869651267,
        9104.11878282789,
        9008.958101983186
    ]
}