{
    "time": [
        52.712971603786166,
        52.72297160378616,
        52.73297160378616,
        52.74297160378616,
        52.75297160378616,
        52.762971603786156,
        52.772971603786154,
        52.78297160378615,
        52.79297160378615,
        52.80297160378615,
        52.812971603786146,
        52.822971603786144,
        52.83297160378614,
        52.84297160378614,
        52.85297160378614,
        52.862971603786136,
        52.872971603786134,
        52.88297160378613,
        52.89297160378613,
        52.90297160378613,
        52.912971603786126,
        52.922971603786124,
        52.93297160378612,
        52.94297160378612,
        52.95297160378612,
        52.962971603786116,
        52.972971603786114,
        52.98297160378611,
        52.99297160378611,
        53.00297160378611,
        53.012971603786106,
        53.022971603786104,
        53.0329716037861,
        53.0429716037861,
        53.0529716037861,
        53.062971603786096,
        53.072971603786094,
        53.08297160378609,
        53.09297160378609,
        53.10297160378609,
        53.112971603786086,
        53.122971603786084,
        53.13297160378608,
        53.14297160378608,
        53.15297160378608,
        53.162971603786076,
        53.16549464048819
    ],
    "frequency": [
        13580.942282795448,
        12987.34119690262,
        12393.740111009796,
        11520.792920585187,
        11044.005907673189,
        10569.920472973121,
        10152.113611540426,
        9734.306750107735,
        9536.693613764728,
        9445.26362963181,
        9372.464431756724,
        9361.035683740112,
        9349.606935723497,
        9412.917734144226,
        9509.107478146967,
        9726.072272252713,
        9971.790354609933,
        10217.50843696715,
        10455.613787475828,
        10692.943574226621,
        10955.722737189537,
        11247.69277173197,
        11535.72683018915,
        11663.580019851204,
        11791.433209513258,
        11848.176805164792,
        11853.891179173099,
        11854.840165520629,
        11826.6186836327,
        11798.397201744772,
        11793.802254612692,
        11799.398489977939,
        11811.560194800735,
        11842.716530189027,
        11873.872865577321,
        11946.244432813388,
        12027.966374259966,
        12094.345726161158,
        12134.968283748494,
        12175.59084133583,
        12024.703437092681,
        11842.932774034507,
        11250.409008705132,
        10238.515928985933,
        9541.066958016732,
        9285.995716541176,
        9221.640306151472
    ]
}