{
    "time": [
        2.201706429853144,
        2.2117064298531437,
        2.2217064298531435,
        2.2317064298531433,
        2.241706429853143,
        2.251706429853143,
        2.2617064298531426,
        2.2717064298531424,
        2.281706429853142,
        2.291706429853142,
        2.3017064298531418,
        2.3117064298531416,
        2.3217064298531414,
        2.331706429853141,
        2.341706429853141,
        2.3517064298531407,
        2.3617064298531405,
        2.3717064298531403,
        2.38170642985314,
        2.39170642985314,
        2.4017064298531396,
        2.4117064298531394,
        2.421706429853139,
        2.424498746867932
    ],
    "frequency": [
        11210.575144212246,
        11617.973522828135,
        12094.91928486119,
        12690.819377618334,
        12904.703526391677,
        13095.520118864704,
        13162.185308092758,
        13228.850497320815,
        13249.272345974132,
        13222.112454066404,
        13194.952562158678,
        13114.177584641158,
        12995.661692680173,
        12877.145800719185,
        12782.788465519709,
        12690.44483303344,
        12598.101200547173,
        12465.867000147327,
        12236.242459472922,
        12006.617918798514,
        11637.71756649957,
        11185.87572839831,
        10734.03389029705,
        10362.117571395753
    ]
}