{
    "time": [
        7.582988934808693,
        7.592988934808693,
        7.6029889348086925,
        7.612988934808692,
        7.622988934808692,
        7.632988934808692,
        7.642988934808692,
        7.6529889348086915,
        7.662988934808691,
        7.672988934808691,
        7.682988934808691,
        7.692988934808691,
        7.70298893480869,
        7.71298893480869,
        7.72298893480869,
        7.73298893480869,
        7.7429889348086895,
        7.752988934808689,
        7.762988934808689,
        7.772988934808689,
        7.782988934808689,
        7.7929889348086885,
        7.802988934808688,
        7.812988934808688,
        7.822988934808688,
        7.832988934808688,
        7.842988934808687,
        7.852988934808687,
        7.862988934808687,
        7.872988934808687,
        7.882988934808687,
        7.892988934808686,
        7.902988934808686,
        7.912988934808686,
        7.922988934808686,
        7.9329889348086855,
        7.942988934808685,
        7.952988934808685,
        7.962988934808685,
        7.972988934808685,
        7.982988934808684,
        7.992988934808684,
        8.002988934808684,
        8.012988934808684,
        8.022988934808684,
        8.032988934808683,
        8.042988934808683,
        8.04616527320167
    ],
    "frequency": [
        10476.377662829555,
        10508.2405936684,
        10540.103524507249,
        10614.373561045333,
        10721.663133900032,
        10835.218790069017,
        10992.854688338166,
        11150.490586607317,
        11328.815068429189,
        11516.578974702645,
        11690.681907993796,
        11823.56465830839,
        11956.447408622982,
        12043.384672102908,
        12119.624946842174,
        12183.00647273202,
        12224.807863215392,
        12266.60925369876,
        12290.084470556001,
        12312.298424680064,
        12329.381144493604,
        12341.288070310744,
        12352.096901886383,
        12345.72303051293,
        12339.34915913948,
        12343.011946595594,
        12352.766456099398,
        12371.353682296885,
        12428.974788501739,
        12486.595894706592,
        12558.626777545107,
        12635.544342349918,
        12691.924935591673,
        12702.377093230341,
        12712.829250869014,
        12688.142190202696,
        12658.26087018169,
        12649.781030699765,
        12669.274794762745,
        12688.768558825728,
        12694.581635481969,
        12700.335310530678,
        12712.50901174262,
        12729.770036888744,
        12748.413513220687,
        12777.18188846422,
        12805.950263707757,
        12815.088073186744
    ]
}