{
    "time": [
        40.95460129906575,
        40.96460129906575,
        40.974601299065746,
        40.984601299065744,
        40.99460129906574,
        41.00460129906574,
        41.01460129906574,
        41.024601299065736,
        41.034601299065734,
        41.04460129906573,
        41.05460129906573,
        41.06460129906573,
        41.074601299065726,
        41.084601299065724,
        41.09460129906572,
        41.10460129906572,
        41.11460129906572,
        41.124601299065716,
        41.134601299065714,
        41.14460129906571,
        41.15460129906571,
        41.16460129906571,
        41.174601299065706,
        41.184601299065704,
        41.1946012990657,
        41.2046012990657,
        41.2146012990657,
        41.2246012990657,
        41.234601299065694,
        41.24460129906569,
        41.25460129906569,
        41.26460129906569,
        41.27460129906569,
        41.284601299065685,
        41.29460129906568,
        41.30460129906568,
        41.31460129906568,
        41.32460129906568,
        41.334601299065675,
        41.34460129906567,
        41.35460129906567,
        41.36460129906567,
        41.37460129906567,
        41.384601299065665,
        41.39460129906566,
        41.40460129906566,
        41.41460129906566,
        41.42460129906566,
        41.434601299065655,
        41.44460129906565,
        41.45460129906565,
        41.46460129906565,
        41.47460129906565,
        41.484601299065645,
        41.49460129906564,
        41.50460129906564,
        41.51460129906564,
        41.52460129906564,
        41.534601299065635,
        41.54460129906563,
        41.55460129906563,
        41.56460129906563,
        41.57460129906563,
        41.584601299065625,
        41.59460129906562,
        41.60460129906562,
        41.61460129906562,
        41.62460129906562,
        41.634601299065615,
        41.64460129906561,
        41.65460129906561,
        41.66460129906561,
        41.67460129906561,
        41.684601299065605,
        41.6946012990656,
        41.7046012990656,
        41.7146012990656,
        41.7246012990656,
        41.734601299065595,
        41.74460129906559,
        41.75460129906559,
        41.75776040027362
    ],
    "frequency": [
        3726.728780887107,
        4097.031832521825,
        4467.334884156544,
        4650.874289641084,
        4819.362178134852,
        4987.85006662862,
        5091.8470032126625,
        5193.277839095214,
        5294.708674977765,
        5393.800292438069,
        5491.0048434921655,
        5607.925012466691,
        5813.134620247561,
        5904.421161937384,
        5995.372788654686,
        6083.537718491877,
        6159.141258200619,
        6234.744797909361,
        6310.348337618103,
        6385.951877326845,
        6462.850498736453,
        6541.399630901389,
        6619.948763066324,
        6703.788540220712,
        6811.793596947486,
        6919.798653674259,
        7027.803710401035,
        7135.808767127809,
        7239.761657725729,
        7338.509138161642,
        7437.256618597556,
        7569.5208911450145,
        7771.1303303683535,
        7972.739769591692,
        8207.540392380552,
        8459.552191409693,
        8717.902536227346,
        8977.114672371628,
        9064.613889759145,
        9125.436035699457,
        9100.023081175506,
        9074.610126651558,
        8982.969008971822,
        8856.686173414351,
        8563.241859420561,
        8242.285716289087,
        7973.473130657969,
        7704.660545026851,
        7501.00754977537,
        7321.552993983174,
        7142.098438190978,
        6962.643882398782,
        6827.9585280243555,
        6699.586803457663,
        6571.2150788909685,
        6442.843354324275,
        6314.4716297575815,
        6209.466727141255,
        6114.962302505328,
        6020.4578778694,
        5925.953453233473,
        5831.449028597544,
        5708.217236057193,
        5583.41139272846,
        5468.603824169584,
        5379.412551517786,
        5290.221278865987,
        5201.030006214189,
        5111.838733562391,
        5051.769654096641,
        5004.967462848372,
        4958.165271600104,
        4913.550399142159,
        4883.496818139927,
        4853.443237137695,
        4823.389656135465,
        4780.16675558459,
        4731.882141989087,
        4683.597528393584,
        4635.312914798083,
        4587.028301202579,
        4571.774703088709
    ]
}