{
    "time": [
        17.965276367399753,
        17.975276367399754,
        17.985276367399756,
        17.995276367399757,
        18.00527636739976,
        18.01527636739976,
        18.025276367399762,
        18.035276367399764,
        18.045276367399765,
        18.055276367399767,
        18.06527636739977,
        18.07527636739977,
        18.08527636739977,
        18.095276367399773,
        18.105276367399775,
        18.115276367399776,
        18.125276367399778,
        18.13527636739978,
        18.14527636739978,
        18.155276367399782,
        18.165276367399784,
        18.175276367399785,
        18.185276367399787,
        18.19527636739979,
        18.20527636739979,
        18.21527636739979,
        18.225276367399793,
        18.235276367399795,
        18.245276367399796,
        18.255276367399798,
        18.2652763673998,
        18.2752763673998,
        18.285276367399803,
        18.295276367399804,
        18.305276367399806,
        18.315276367399807,
        18.32527636739981,
        18.328342658294112
    ],
    "frequency": [
        10073.427422475555,
        10283.839207766534,
        10494.25099305751,
        10704.662778348491,
        10903.585634125016,
        11090.379770046618,
        11263.994564746756,
        11359.32398583778,
        11454.653406928803,
        11549.982828019827,
        11645.312249110852,
        11740.641670201878,
        11831.569138289347,
        11911.623767970033,
        11991.678397650721,
        12071.733027331407,
        12151.787657012093,
        12231.84228669278,
        12299.451921244783,
        12364.378986420288,
        12429.306051595795,
        12494.233116771302,
        12559.160181946805,
        12625.336426423397,
        12691.588533745342,
        12757.840641067287,
        12824.09274838923,
        12948.564674943129,
        13083.829394058772,
        13219.094113174417,
        13489.780360206078,
        13813.01033835252,
        14124.638558073095,
        14427.631528892123,
        14730.624499711152,
        15033.61747053018,
        15336.610441349208,
        15429.51690009521
    ]
}