{
    "time": [
        27.787066646886924,
        27.797066646886925,
        27.807066646886927,
        27.81706664688693,
        27.82706664688693,
        27.83706664688693,
        27.847066646886933,
        27.857066646886935,
        27.867066646886936,
        27.877066646886938,
        27.88706664688694,
        27.89706664688694,
        27.907066646886943,
        27.917066646886944,
        27.927066646886946,
        27.937066646886947,
        27.94706664688695,
        27.95706664688695,
        27.967066646886952,
        27.977066646886954,
        27.987066646886955,
        27.997066646886957,
        28.00706664688696,
        28.01706664688696,
        28.02706664688696,
        28.037066646886963,
        28.047066646886964,
        28.057066646886966,
        28.067066646886968,
        28.072910946317226
    ],
    "frequency": [
        12370.818046622635,
        12086.307591563333,
        11937.553723978415,
        11882.785461379499,
        11828.01719878058,
        11773.248936181662,
        10943.096438558312,
        10858.773646425558,
        10828.90004864433,
        10799.0264508631,
        10478.500963290338,
        10139.933521769792,
        9801.366080249245,
        9746.28881038242,
        9715.170479360311,
        9684.0521483382,
        9635.849521197075,
        9580.36998246051,
        9524.890443723945,
        9469.410904987382,
        9413.931366250818,
        9358.451827514253,
        9302.97228877769,
        9242.63155497198,
        9179.739770169403,
        9116.847985366825,
        9053.956200564247,
        9001.954595873953,
        8952.165266238575,
        8923.066891156479
    ]
}