{
    "time": [
        39.131723613322144,
        39.14172361332214,
        39.15172361332214,
        39.16172361332214,
        39.171723613322136,
        39.181723613322134,
        39.19172361332213,
        39.20172361332213,
        39.21172361332213,
        39.221723613322126,
        39.231723613322124,
        39.24172361332212,
        39.25172361332212,
        39.26172361332212,
        39.271723613322116,
        39.281723613322114,
        39.29172361332211,
        39.30172361332211,
        39.31172361332211,
        39.321723613322106,
        39.331723613322104,
        39.3417236133221,
        39.3517236133221,
        39.3617236133221,
        39.3717236133221,
        39.381723613322094,
        39.39172361332209,
        39.40172361332209,
        39.41172361332209,
        39.42172361332209,
        39.431723613322085,
        39.44172361332208,
        39.45172361332208,
        39.46172361332208,
        39.47172361332208,
        39.481723613322075,
        39.485686546704514
    ],
    "frequency": [
        10580.387966650747,
        10684.13769793012,
        10706.261027865192,
        10695.975899775513,
        10654.07807834267,
        10612.22716894079,
        10574.103531389597,
        10535.979893838405,
        10537.793782174944,
        10576.67379601846,
        10615.610027756145,
        10656.751472896653,
        10697.89291803716,
        10762.704290509251,
        10848.415634551973,
        10933.743446258557,
        11009.169429016132,
        11084.595411773707,
        11141.387611082238,
        11182.529056222746,
        11222.818207282957,
        11246.817383614913,
        11270.816559946868,
        11304.345701523423,
        11345.487146663932,
        11385.776297724145,
        11413.203927817816,
        11440.631557911487,
        11456.36754148754,
        11463.224449010955,
        11470.592732982548,
        11484.306548029383,
        11498.020363076219,
        11515.966353043876,
        11536.967056593228,
        11605.930294383237,
        11649.11634818374
    ]
}