{
    "time": [
        15.952917950582382,
        15.962917950582382,
        15.972917950582382,
        15.982917950582381,
        15.992917950582381,
        16.00291795058238,
        16.01291795058238,
        16.022917950582382,
        16.03291795058238,
        16.04291795058238,
        16.05291795058238,
        16.06291795058238,
        16.07291795058238,
        16.082917950582377,
        16.09291795058238,
        16.10291795058238,
        16.11291795058238,
        16.122917950582377,
        16.132917950582378,
        16.14291795058238,
        16.152917950582378,
        16.162917950582376,
        16.172917950582377,
        16.18291795058238,
        16.192917950582377,
        16.202917950582375,
        16.212917950582376,
        16.222917950582378,
        16.232917950582376,
        16.242917950582374,
        16.252917950582376,
        16.262917950582377,
        16.272917950582375,
        16.282917950582373,
        16.292917950582375,
        16.302917950582376,
        16.312917950582374,
        16.322917950582372,
        16.332917950582374,
        16.342917950582375,
        16.352917950582373,
        16.36291795058237,
        16.372917950582373,
        16.382917950582375,
        16.392917950582373,
        16.40291795058237,
        16.412917950582372,
        16.422917950582374,
        16.43291795058237,
        16.44291795058237,
        16.45291795058237,
        16.462917950582373,
        16.47291795058237,
        16.48291795058237,
        16.486689179420882
    ],
    "frequency": [
        8598.678839318041,
        8849.149141660582,
        9099.619444003125,
        9350.089746345668,
        9600.560048688209,
        9851.030351030706,
        10101.500653373292,
        10346.008236404887,
        10560.92866227065,
        10775.849088136412,
        10990.76951400225,
        11205.68993986809,
        11348.116118158538,
        11457.058540924983,
        11566.000963691467,
        11654.606662102218,
        11721.30610461229,
        11788.005547122357,
        11854.70498963245,
        11921.404432142543,
        11963.610150835259,
        12005.760492977035,
        12047.91083511883,
        12090.061177260624,
        12132.2115194024,
        12178.327095448993,
        12225.016705206057,
        12271.706314963121,
        12318.395924720167,
        12388.80859894631,
        12474.815774814588,
        12560.822950682865,
        12646.830126551113,
        12756.720945219606,
        12886.41430565589,
        13016.107666092172,
        13145.801026528407,
        13287.289307760499,
        13604.111659683456,
        13920.934011606409,
        14242.275433691826,
        14620.238941248856,
        14998.202448806021,
        15376.093447911124,
        15753.201834410354,
        16130.310220909587,
        16511.120049667657,
        16900.20013097655,
        17289.280212285303,
        17658.98200676912,
        18022.12341599072,
        18321.027354458136,
        18606.352747417874,
        18891.67814037761,
        18999.280875406614
    ]
}