{
    "time": [
        31.01833274526119,
        31.028332745261192,
        31.038332745261194,
        31.048332745261195,
        31.058332745261197,
        31.0683327452612,
        31.0783327452612,
        31.0883327452612,
        31.098332745261203,
        31.108332745261205,
        31.118332745261206,
        31.128332745261208,
        31.13833274526121,
        31.14833274526121,
        31.158332745261212,
        31.168332745261214,
        31.178332745261216,
        31.188332745261217,
        31.19833274526122,
        31.20833274526122,
        31.218332745261222,
        31.228332745261223,
        31.238332745261225,
        31.248332745261227,
        31.258332745261228,
        31.26833274526123,
        31.27833274526123,
        31.288332745261233,
        31.298332745261234,
        31.308332745261236,
        31.314706642556033
    ],
    "frequency": [
        13494.324776995454,
        13373.844452338879,
        13253.364127682304,
        13132.883803025728,
        13012.403478369153,
        12891.923153712576,
        12795.609343399521,
        12736.6329607005,
        12677.656578001479,
        12618.680195302459,
        12559.703812603439,
        12522.661262047162,
        12485.899316831441,
        12449.137371615718,
        12412.375426399994,
        12375.613481184271,
        12338.851535968548,
        12302.089590752827,
        12265.327645537105,
        12220.660395344687,
        12175.809220353829,
        12130.958045362968,
        12086.10687037211,
        12041.255695381253,
        11991.954956978972,
        11939.303577641873,
        11886.652198304775,
        11834.000818967677,
        11781.34943963058,
        11675.188041433135,
        11606.271316973744
    ]
}