{
    "time": [
        37.44410424711378,
        37.454104247113776,
        37.464104247113774,
        37.47410424711377,
        37.48410424711377,
        37.49410424711377,
        37.504104247113766,
        37.514104247113764,
        37.52410424711376,
        37.53410424711376,
        37.54410424711376,
        37.554104247113756,
        37.564104247113754,
        37.57410424711375,
        37.58410424711375,
        37.59410424711375,
        37.604104247113746,
        37.614104247113744,
        37.614259903429904
    ],
    "frequency": [
        10847.196107717056,
        10450.63350060481,
        10184.812411906483,
        10044.280278669003,
        10044.280278669003,
        10044.280278669003,
        10077.80583164482,
        10154.484929504422,
        10231.164027364028,
        10395.810570233261,
        10579.84040509627,
        10763.87023995928,
        11001.104674043907,
        11282.362392675142,
        11563.620111306376,
        11844.877829937612,
        12374.686854062875,
        12972.910559678357,
        12982.222289503927
    ]
}