{
    "time": [
        36.23992575626115,
        36.24992575626115,
        36.25992575626115,
        36.269925756261145,
        36.27992575626114,
        36.28992575626114,
        36.29992575626114,
        36.30992575626114,
        36.319925756261135,
        36.32992575626113,
        36.33992575626113,
        36.34992575626113,
        36.35992575626113,
        36.369925756261125,
        36.37992575626112,
        36.38992575626112,
        36.39992575626112,
        36.400264740097505
    ],
    "frequency": [
        13547.912987242327,
        13629.028065969851,
        13706.927897155436,
        13771.988949884773,
        13832.645514038546,
        13879.117694559518,
        13937.287810653319,
        14026.514397253564,
        14227.726554994662,
        14434.369888568635,
        14522.00314326531,
        14616.002000698425,
        14870.935105270655,
        14968.802721686483,
        15047.805428572123,
        15126.808135457759,
        15205.810842343399,
        15208.488906409893
    ]
}