{
    "time": [
        30.1422672466238,
        30.1522672466238,
        30.162267246623802,
        30.172267246623804,
        30.182267246623805,
        30.192267246623807,
        30.20226724662381,
        30.21226724662381,
        30.22226724662381,
        30.232267246623813,
        30.242267246623815,
        30.252267246623816,
        30.262267246623818,
        30.27226724662382,
        30.28226724662382,
        30.292267246623823,
        30.302267246623824,
        30.312267246623826,
        30.322267246623827,
        30.33226724662383,
        30.34226724662383,
        30.352267246623832,
        30.362267246623833,
        30.372267246623835,
        30.382267246623837,
        30.387948273563527
    ],
    "frequency": [
        13839.022426544301,
        13608.76125519472,
        13378.500083845138,
        12512.749474370505,
        12352.472820642211,
        12192.196166913922,
        12050.156370539227,
        11918.857575407794,
        11795.022936379382,
        11696.225377661283,
        11597.427818943184,
        11475.117568390111,
        11347.990699445274,
        11210.860467348159,
        11060.486048271592,
        10911.703687896124,
        10813.32763295918,
        10714.951578022235,
        10625.43657206306,
        10541.104776509186,
        10445.840129383578,
        10314.232648897796,
        10182.625168412014,
        10075.826142775957,
        9974.05167167741,
        9916.233320469057
    ]
}