{
    "time": [
        12.831673064795641,
        12.841673064795641,
        12.85167306479564,
        12.86167306479564,
        12.87167306479564,
        12.88167306479564,
        12.89167306479564,
        12.90167306479564,
        12.91167306479564,
        12.92167306479564,
        12.931673064795639,
        12.941673064795639,
        12.951673064795639,
        12.961673064795638,
        12.971673064795638,
        12.981673064795638,
        12.991673064795638,
        13.001673064795638,
        13.011673064795637,
        13.021673064795637,
        13.031673064795637,
        13.041673064795637,
        13.051673064795636,
        13.061673064795636,
        13.071673064795636,
        13.081673064795636,
        13.091673064795636,
        13.101673064795635,
        13.111673064795635,
        13.121673064795635,
        13.131673064795635,
        13.134992322830865
    ],
    "frequency": [
        8385.503336624039,
        8338.555511216024,
        8298.316287601869,
        8306.79718509493,
        8315.278082587993,
        8323.758980081053,
        8332.239877574115,
        8358.697138094003,
        8385.894499020025,
        8413.09185994605,
        8440.289220872073,
        8467.486581798095,
        8494.683942724118,
        8521.881303650141,
        8550.580199520016,
        8586.301371026117,
        8622.022542532215,
        8657.743714038314,
        8693.464885544412,
        8729.186057050512,
        8764.964971687168,
        8824.716749479192,
        8884.468527271216,
        8942.065672213768,
        8958.497411106573,
        8974.92914999938,
        8991.360888892184,
        9004.418524134766,
        9009.28718751041,
        9014.155850886056,
        9019.024514261702,
        9020.640549264746
    ]
}