{
    "time": [
        19.526888987796173,
        19.536888987796175,
        19.546888987796176,
        19.556888987796178,
        19.56688898779618,
        19.57688898779618,
        19.586888987796183,
        19.596888987796184,
        19.606888987796186,
        19.616888987796187,
        19.62688898779619,
        19.63688898779619,
        19.646888987796192,
        19.656888987796194,
        19.666888987796195,
        19.676888987796197,
        19.6868889877962,
        19.6968889877962,
        19.7068889877962,
        19.716888987796203,
        19.726888987796205,
        19.736888987796206,
        19.746888987796208,
        19.75688898779621,
        19.76688898779621,
        19.776888987796212,
        19.786888987796214,
        19.79331384485111
    ],
    "frequency": [
        11575.564328099877,
        11603.747727651127,
        11631.931127202377,
        11647.50786895645,
        11650.359760577707,
        11653.211652198966,
        11656.063543820223,
        11673.544309869649,
        11691.556256951275,
        11710.376276573532,
        11733.191409543588,
        11756.006542513645,
        11744.740572580864,
        11732.06549870861,
        11719.390424836354,
        11706.715350964098,
        11652.548062778396,
        11597.79174365025,
        11541.794687577969,
        11457.554196611592,
        11373.313705645218,
        11289.073214678841,
        11203.323526787219,
        11112.06299490698,
        10892.857644093448,
        10516.407950087443,
        10259.429016409023,
        10215.453826002708
    ]
}