{
    "time": [
        3.567524330089322,
        3.5775243300893216,
        3.5875243300893214,
        3.597524330089321,
        3.607524330089321,
        3.6175243300893207,
        3.6275243300893205,
        3.6375243300893203,
        3.64752433008932,
        3.65752433008932,
        3.6675243300893197,
        3.6775243300893194,
        3.6875243300893192,
        3.697524330089319,
        3.707524330089319,
        3.7175243300893186,
        3.7275243300893184,
        3.737524330089318,
        3.747524330089318,
        3.7575243300893177,
        3.7675243300893175,
        3.7775243300893173,
        3.787524330089317,
        3.797524330089317,
        3.8075243300893167,
        3.8175243300893165,
        3.8275243300893163,
        3.837524330089316,
        3.847524330089316,
        3.8575243300893156,
        3.8675243300893154,
        3.877524330089315,
        3.887524330089315,
        3.8975243300893148,
        3.9075243300893145,
        3.9175243300893143,
        3.927524330089314,
        3.937524330089314,
        3.9475243300893137,
        3.9575243300893135,
        3.9675243300893133,
        3.977524330089313,
        3.987524330089313,
        3.9975243300893126,
        4.007524330089312,
        4.017524330089312,
        4.027524330089312,
        4.037524330089312,
        4.047524330089312,
        4.057524330089311,
        4.067524330089311,
        4.077524330089311,
        4.087524330089311,
        4.0975243300893105,
        4.10752433008931,
        4.11752433008931,
        4.12752433008931,
        4.13752433008931,
        4.147524330089309,
        4.157524330089309,
        4.167524330089309,
        4.177524330089309,
        4.187524330089309,
        4.197524330089308,
        4.207524330089308,
        4.217524330089308,
        4.227524330089308,
        4.2375243300893075,
        4.247524330089307,
        4.257524330089307,
        4.267524330089307,
        4.277524330089307,
        4.2875243300893064,
        4.297524330089306,
        4.307524330089306,
        4.317524330089306,
        4.327524330089306,
        4.337524330089305,
        4.347524330089305,
        4.357524330089305,
        4.367417677642981
    ],
    "frequency": [
        13243.798959696604,
        13238.280191321834,
        13232.761422947062,
        13212.323692559741,
        13180.907579716544,
        13152.876849120346,
        13143.709344368111,
        13134.541839615877,
        13136.124644313015,
        13141.719135017067,
        13155.553913908974,
        13188.22584064124,
        13220.89776737351,
        13237.181910972953,
        13251.239898659851,
        13261.019716517056,
        13265.705712412688,
        13269.32350047179,
        13241.207525097994,
        13213.091549724202,
        13170.715008251433,
        13119.169053399477,
        13063.294951425254,
        12988.319017095135,
        12913.343082765015,
        12852.627714533872,
        12796.395763786284,
        12748.057101685703,
        12715.255130416277,
        12682.45315914685,
        12636.816678388346,
        12589.956719432023,
        12552.2635046131,
        12524.147529239306,
        12495.115947148484,
        12452.941984087793,
        12410.768021027103,
        12311.504485519725,
        12180.29660044202,
        12064.362173523674,
        12003.44422688045,
        11942.526280237229,
        11885.326076238256,
        11829.09412549067,
        11743.43077431168,
        11607.536893338338,
        11471.643012364997,
        11300.302963798084,
        11126.921115659683,
        10968.20499044441,
        10822.939117679805,
        10686.371508726948,
        10630.139557979363,
        10573.907607231775,
        10533.462233778206,
        10500.660262508778,
        10470.019258948741,
        10445.866085053709,
        10223.941156254528,
        10009.442652081985,
        9896.286324348428,
        9806.014684826081,
        9749.78273407849,
        9693.5507833309,
        9582.3183677589,
        9469.854466263721,
        9391.150112322213,
        9339.604157470258,
        9289.279011574334,
        9247.105048513644,
        9204.931085452952,
        9169.376955548876,
        9136.57498427945,
        9107.743311358921,
        9088.999327776393,
        9070.255344193863,
        9059.557250377848,
        9050.185258586584,
        9046.922650059063,
        9051.608645954695,
        9056.244664557755
    ]
}