{
    "time": [
        22.055079149664742,
        22.065079149664744,
        22.075079149664745,
        22.085079149664747,
        22.09507914966475,
        22.10507914966475,
        22.11507914966475,
        22.125079149664753,
        22.135079149664755,
        22.145079149664756,
        22.155079149664758,
        22.16507914966476,
        22.17507914966476,
        22.185079149664762,
        22.195079149664764,
        22.205079149664765,
        22.215079149664767,
        22.22507914966477,
        22.227510146001652
    ],
    "frequency": [
        13699.045647107698,
        13802.45480428802,
        13876.147580473576,
        13881.955341687935,
        13864.05760294519,
        13815.593740592503,
        13721.630612193096,
        13625.552433399673,
        13511.006905446106,
        13396.461377492536,
        13290.313021965918,
        13184.631136056369,
        13078.949250146821,
        13000.805678542303,
        12924.740288885638,
        12880.848561128982,
        12855.791726889138,
        12830.734892649292,
        12824.643585424197
    ]
}