{
    "time": [
        29.22696095444043,
        29.23696095444043,
        29.246960954440432,
        29.256960954440434,
        29.266960954440435,
        29.276960954440437,
        29.28696095444044,
        29.29696095444044,
        29.30696095444044,
        29.316960954440443,
        29.326960954440445,
        29.336960954440446,
        29.346960954440448,
        29.35696095444045,
        29.36696095444045,
        29.376960954440452,
        29.386960954440454,
        29.396960954440456,
        29.406960954440457,
        29.41696095444046,
        29.42696095444046,
        29.436960954440462,
        29.446960954440463,
        29.456960954440465,
        29.466960954440466,
        29.476960954440468,
        29.48696095444047,
        29.49696095444047,
        29.506960954440473,
        29.516960954440474,
        29.526960954440476,
        29.536960954440477,
        29.54696095444048,
        29.55696095444048,
        29.566960954440482,
        29.576960954440484,
        29.586960954440485,
        29.596960954440487,
        29.60696095444049,
        29.61696095444049,
        29.62696095444049,
        29.636960954440493,
        29.646960954440495,
        29.656960954440496,
        29.666960954440498,
        29.6769609544405,
        29.6869609544405,
        29.696960954440502,
        29.706960954440504,
        29.716960954440506,
        29.721289386746882
    ],
    "frequency": [
        10117.277834175573,
        10186.291663344027,
        10255.305492512482,
        10324.319321680938,
        10400.51009776648,
        10514.927761914172,
        10629.345426061867,
        10743.76309020956,
        10871.109236212402,
        11002.926821636007,
        11134.763947719925,
        11266.7843294288,
        11398.804711137676,
        11498.679088748857,
        11594.027142205276,
        11656.168191038672,
        11711.389071418831,
        11766.60995179899,
        11801.909383040307,
        11827.335530628685,
        11852.761678217063,
        11878.18782580544,
        11902.863273320272,
        11927.381344209063,
        11951.899415097854,
        11976.417485986647,
        12000.93555687544,
        12020.977876123925,
        12039.13941011562,
        12057.300944107319,
        12075.462478099013,
        12095.581342165246,
        12116.013067905904,
        12136.444793646564,
        12156.876519387224,
        12182.345275537424,
        12214.695507960136,
        12247.045740382848,
        12279.39597280556,
        12317.919707576153,
        12369.290903724097,
        12420.662099872045,
        12478.395844416842,
        12548.680980964707,
        12618.966117512573,
        12689.251254060438,
        12762.060951501659,
        12869.701262720744,
        12977.341573939833,
        13084.981885158919,
        13131.573265213823
    ]
}