{
    "time": [
        38.55897444459922,
        38.56897444459922,
        38.57897444459922,
        38.588974444599216,
        38.598974444599214,
        38.60897444459921,
        38.61897444459921,
        38.62897444459921,
        38.63897444459921,
        38.648974444599205,
        38.6589744445992,
        38.6689744445992,
        38.6789744445992,
        38.6889744445992,
        38.698974444599195,
        38.70897444459919,
        38.71897444459919,
        38.72897444459919,
        38.73897444459919,
        38.748974444599185,
        38.75897444459918,
        38.76897444459918,
        38.77897444459918,
        38.78897444459918,
        38.798974444599175,
        38.80897444459917,
        38.81897444459917,
        38.82897444459917,
        38.83897444459917,
        38.848974444599165,
        38.85897444459916,
        38.86897444459916,
        38.87897444459916,
        38.88897444459916,
        38.898974444599155,
        38.90897444459915,
        38.91897444459915,
        38.92897444459915,
        38.93897444459915,
        38.948974444599145,
        38.95897444459914,
        38.96897444459914,
        38.97897444459914,
        38.983821327937925
    ],
    "frequency": [
        12523.118977753467,
        12280.200469280207,
        12037.281960806944,
        11794.363452333684,
        11504.02173761236,
        11165.101343845876,
        10827.05445690699,
        10533.757962301463,
        10240.461467695932,
        9947.164973090403,
        9736.253877659012,
        9557.482680947069,
        9378.71148423513,
        9215.641414494421,
        9055.74051076871,
        9036.625459988112,
        9020.982980275818,
        9005.340500563523,
        8989.698020851229,
        8974.751952582994,
        8985.633677600243,
        8996.515402617493,
        9007.397127634744,
        9018.278852651993,
        9040.727978385548,
        9092.509980191768,
        9144.291981997989,
        9196.07398380421,
        9247.85598561043,
        9299.63798741665,
        9365.356758047523,
        9463.292283202769,
        9561.227808358013,
        9659.16333351326,
        9757.098858668503,
        9877.218218459573,
        10014.872039927768,
        10152.525861395963,
        10290.179682864158,
        10449.547885985156,
        10637.257642532695,
        10824.967399080231,
        11081.251364270198,
        11206.89141881595
    ]
}