{
    "time": [
        21.462238273218908,
        21.47223827321891,
        21.48223827321891,
        21.492238273218913,
        21.502238273218914,
        21.512238273218916,
        21.522238273218917,
        21.53223827321892,
        21.54223827321892,
        21.552238273218922,
        21.562238273218924,
        21.572238273218925,
        21.582238273218927,
        21.59223827321893,
        21.596367508963063
    ],
    "frequency": [
        9763.85804303469,
        9768.516943838864,
        9773.175844643036,
        9779.087738067095,
        9797.723341283785,
        9816.358944500475,
        9837.766319270246,
        9871.861002428057,
        9905.955685585868,
        9970.639484707186,
        10082.080391942984,
        10193.52129917878,
        10305.880338185802,
        10421.277727335304,
        10468.928029740886
    ]
}