{
    "time": [
        51.08660243781995,
        51.096602437819946,
        51.106602437819944,
        51.11660243781994,
        51.12660243781994,
        51.13660243781994,
        51.146602437819936,
        51.156602437819934,
        51.16660243781993,
        51.17660243781993,
        51.18660243781993,
        51.19660243781993,
        51.206602437819924,
        51.21660243781992,
        51.22660243781992,
        51.23047577580691
    ],
    "frequency": [
        9961.611496285806,
        9803.86605114934,
        9749.77381324189,
        9745.62261731725,
        9741.471421392607,
        9739.28500919332,
        9760.317735211505,
        9781.350461229691,
        9808.65125587169,
        9855.97488941262,
        9903.29852295355,
        9984.174122582452,
        10115.628660196135,
        10175.651115528679,
        10204.332105553478,
        10215.441222370227
    ]
}