{
    "time": [
        24.476736435141984,
        24.486736435141985,
        24.496736435141987,
        24.50673643514199,
        24.51673643514199,
        24.52673643514199,
        24.536736435141993,
        24.546736435141995,
        24.556736435141996,
        24.566736435141998,
        24.576736435142,
        24.586736435142,
        24.596736435142002,
        24.606736435142004,
        24.616736435142005,
        24.626736435142007,
        24.63673643514201,
        24.644714038128253
    ],
    "frequency": [
        11015.58121387712,
        11062.285527387929,
        11108.989840898736,
        11149.60300111879,
        11186.16080322966,
        11217.723806354086,
        11229.387264812312,
        11241.05072327054,
        11266.19602693751,
        11294.691596066617,
        11346.239009013394,
        11432.180385609507,
        11518.097940367827,
        11589.148683207377,
        11660.199426046926,
        11753.321983546386,
        11861.041758891679,
        11946.976319038882
    ]
}