{
    "time": [
        18.077589654712707,
        18.08758965471271,
        18.09758965471271,
        18.10758965471271,
        18.117589654712713,
        18.127589654712715,
        18.137589654712716,
        18.147589654712718,
        18.15758965471272,
        18.16758965471272,
        18.177589654712722,
        18.187589654712724,
        18.197589654712726,
        18.207589654712727,
        18.208093788479783
    ],
    "frequency": [
        11321.09322450989,
        11426.21543144427,
        11531.337638378653,
        11632.176884292765,
        11726.600959154875,
        11821.025034016984,
        11895.373908796413,
        11964.725709962215,
        12040.614850336804,
        12142.48427842887,
        12244.353706520938,
        12346.223134613003,
        12448.09256270507,
        12549.961990797136,
        12555.09757265032
    ]
}