{
    "time": [
        55.0849159927434,
        55.094915992743395,
        55.10491599274339,
        55.11491599274339,
        55.12491599274339,
        55.13491599274339,
        55.144915992743385,
        55.15491599274338,
        55.16491599274338,
        55.17491599274338,
        55.18491599274338,
        55.194915992743375,
        55.20491599274337,
        55.21491599274337,
        55.22491599274337,
        55.23491599274337,
        55.244915992743366,
        55.25491599274336,
        55.26491599274336,
        55.27491599274336,
        55.28491599274336,
        55.294915992743356,
        55.304915992743354,
        55.31491599274335,
        55.32491599274335,
        55.33491599274335,
        55.344915992743346,
        55.354915992743344,
        55.36491599274334,
        55.37491599274334,
        55.38491599274334,
        55.394915992743336,
        55.404915992743334,
        55.41491599274333,
        55.42491599274333,
        55.43491599274333,
        55.444915992743326,
        55.454915992743324,
        55.455470121069844
    ],
    "frequency": [
        9595.617351599252,
        9553.824089952388,
        9512.030828305524,
        9470.237566658656,
        9439.21503851139,
        9431.348071613156,
        9423.481104714925,
        9415.614137816692,
        9409.870156681667,
        9407.247834382257,
        9404.625512082846,
        9402.003189783434,
        9399.380867484026,
        9396.758545184613,
        9394.136222885203,
        9391.513900585793,
        9383.45666645129,
        9371.454499003983,
        9359.452331556678,
        9347.450164109374,
        9335.447996662067,
        9323.445829214763,
        9309.46598998074,
        9294.141794043555,
        9278.817598106372,
        9263.493402169192,
        9248.169206232009,
        9232.845010294825,
        9217.520814357644,
        9202.132460319603,
        9186.529642638106,
        9170.926824956612,
        9155.324007275116,
        9139.72118959362,
        9126.914007511316,
        9115.769137738818,
        9104.624267966323,
        9093.479398193826,
        9092.861829390193
    ]
}