{
    "time": [
        12.875459132544613,
        12.885459132544613,
        12.895459132544612,
        12.905459132544612,
        12.915459132544612,
        12.925459132544612,
        12.935459132544612,
        12.945459132544611,
        12.955459132544611,
        12.965459132544611,
        12.97545913254461,
        12.98545913254461,
        12.99545913254461,
        13.00545913254461,
        13.01545913254461,
        13.016289190939403
    ],
    "frequency": [
        15677.525775043323,
        14944.125454979523,
        14281.47005920972,
        13875.361320959431,
        13469.252582709145,
        13230.860457727305,
        13070.955142041257,
        12947.75848698131,
        12833.540404348418,
        12779.08650212141,
        12729.426466194063,
        12292.673152853255,
        11767.396279119977,
        11321.04247170386,
        11145.32234457634,
        11130.7365479107
    ]
}