{
    "time": [
        48.00159978669511,
        48.01159978669511,
        48.021599786695106,
        48.031599786695104,
        48.0415997866951,
        48.0515997866951,
        48.0615997866951,
        48.071599786695096,
        48.081599786695094,
        48.09159978669509,
        48.10159978669509,
        48.11159978669509,
        48.121599786695086,
        48.131599786695084,
        48.14159978669508,
        48.15159978669508,
        48.16159978669508,
        48.171599786695076,
        48.181599786695074,
        48.19159978669507,
        48.20159978669507,
        48.21159978669507,
        48.221599786695066,
        48.231599786695064,
        48.24159978669506,
        48.25159978669506,
        48.26159978669506,
        48.271599786695056,
        48.281599786695054,
        48.29159978669505,
        48.30159978669505,
        48.31159978669505,
        48.321599786695046,
        48.331599786695044,
        48.34159978669504,
        48.35159978669504,
        48.36159978669504,
        48.371599786695036,
        48.381599786695034,
        48.39159978669503,
        48.40159978669503,
        48.41159978669503,
        48.421599786695026,
        48.431599786695024,
        48.44159978669502,
        48.45159978669502,
        48.46159978669502,
        48.471599786695016,
        48.481599786695014,
        48.49159978669501,
        48.50159978669501,
        48.51159978669501,
        48.521599786695006,
        48.531599786695004,
        48.541599786695,
        48.551599786695,
        48.561599786695,
        48.571599786694996,
        48.581599786694994,
        48.59159978669499,
        48.60159978669499,
        48.61159978669499,
        48.621599786694986,
        48.631599786694984,
        48.64159978669498,
        48.65159978669498,
        48.66159978669498,
        48.671599786694976,
        48.681599786694974,
        48.69159978669497,
        48.70159978669497,
        48.71159978669497,
        48.721599786694966,
        48.731599786694964,
        48.74159978669496,
        48.75159978669496,
        48.76159978669496,
        48.76949740034663
    ],
    "frequency": [
        12231.664920174813,
        12099.359922253167,
        11967.054924331524,
        11826.21498229642,
        11679.69265908162,
        11545.029419699102,
        11457.613400687813,
        11370.197381676528,
        11311.935930779511,
        11260.919448290437,
        11221.658335693799,
        11199.936547411919,
        11178.21693814199,
        11157.857213916832,
        11137.497489691674,
        11115.276127558269,
        11091.823569235698,
        11065.004580158768,
        11024.906275567995,
        10984.807970977223,
        10931.923216381307,
        10875.892825164445,
        10817.885642561461,
        10756.948596087335,
        10696.07385840235,
        10654.610904767522,
        10613.147951132694,
        10578.186242017431,
        10547.495507322674,
        10521.418338662275,
        10513.360932172072,
        10505.30352568187,
        10500.30275282873,
        10496.046375667403,
        10489.438215882727,
        10479.367494140628,
        10469.261175857657,
        10451.773519296177,
        10434.285862734694,
        10410.667324573278,
        10383.0479775774,
        10353.843947662957,
        10318.51096888728,
        10283.177990111606,
        10238.527727862518,
        10191.631389832231,
        10157.377651911222,
        10141.614650526346,
        10125.837968964792,
        10107.937154967061,
        10090.03634096933,
        10030.369745266413,
        9943.630186250903,
        9867.618999132388,
        9832.697545463641,
        9797.776091794894,
        9762.854638126155,
        9727.933184457419,
        9685.893359550451,
        9633.511179047331,
        9581.47816652462,
        9572.747803107433,
        9564.017439690246,
        9486.246091399966,
        9364.02100355935,
        9260.01084539081,
        9225.089391722064,
        9190.167938053317,
        9063.433927686841,
        8915.017749594666,
        8788.040485532505,
        8692.00648794348,
        8596.559092561529,
        8561.637638892782,
        8526.716185224033,
        8513.093978393099,
        8513.093978393099,
        8513.093978393099
    ]
}