{
    "time": [
        49.10608818241222,
        49.11608818241222,
        49.12608818241222,
        49.136088182412216,
        49.146088182412214,
        49.15608818241221,
        49.16608818241221,
        49.17608818241221,
        49.186088182412206,
        49.196088182412204,
        49.2060881824122,
        49.2160881824122,
        49.2260881824122,
        49.236088182412196,
        49.246088182412194,
        49.25608818241219,
        49.26608818241219,
        49.27608818241219,
        49.286088182412186,
        49.296088182412184,
        49.30608818241218,
        49.31608818241218,
        49.32608818241218,
        49.336088182412176,
        49.346088182412174,
        49.35608818241217,
        49.36608818241217,
        49.37608818241217,
        49.386088182412166,
        49.396088182412164,
        49.40608818241216,
        49.41608818241216,
        49.42608818241216,
        49.436088182412156,
        49.446088182412154,
        49.45608818241215,
        49.46608818241215,
        49.47608818241215,
        49.486088182412146,
        49.496088182412144,
        49.50608818241214,
        49.51608818241214,
        49.52608818241214,
        49.536088182412136,
        49.546088182412134,
        49.55608818241213,
        49.56608818241213,
        49.57608818241213,
        49.58608818241213,
        49.596088182412124,
        49.60608818241212,
        49.61608818241212,
        49.62608818241212,
        49.63608818241212,
        49.646088182412115,
        49.65608818241211,
        49.66608818241211,
        49.67608818241211,
        49.68048894263819
    ],
    "frequency": [
        7172.288931519245,
        7258.189696258975,
        7344.090460998705,
        7429.991225738435,
        7515.891990478164,
        7601.7927552178935,
        7687.693519957624,
        7773.594284697353,
        7859.495049437083,
        7945.3958141768135,
        8018.151783454238,
        8090.587022910448,
        8163.02226236666,
        8235.45750182287,
        8307.89274127908,
        8380.32798073529,
        8452.275579216544,
        8510.691094907032,
        8569.106610597519,
        8627.522126288008,
        8685.937641978495,
        8744.353157668982,
        8857.552666564574,
        8999.582547851276,
        9141.612429137978,
        9451.02887621858,
        9830.451559084442,
        10182.938445030508,
        10464.63104291577,
        10738.54914633846,
        10979.999944525767,
        11221.45074271307,
        11449.18379027764,
        11657.709479621317,
        11811.975864201151,
        11913.639358174769,
        12015.302852148385,
        12105.726682487772,
        12154.016842125246,
        12202.307001762718,
        12250.597161400192,
        12279.398651672618,
        12301.348724235108,
        12323.298796797593,
        12345.24886936008,
        12386.248854980959,
        12428.857819366958,
        12471.46678375296,
        12541.111757690855,
        12611.53490716217,
        12624.191145264216,
        12629.678663404839,
        12635.16618154546,
        12637.16233456711,
        12594.04612060508,
        12550.92990664305,
        12503.197788292078,
        12452.89553866971,
        12430.758724727642
    ]
}