{
    "time": [
        45.186833458656494,
        45.19683345865649,
        45.20683345865649,
        45.21683345865649,
        45.226833458656486,
        45.236833458656484,
        45.24683345865648,
        45.25683345865648,
        45.26683345865648,
        45.276833458656476,
        45.286833458656474,
        45.29683345865647,
        45.30683345865647,
        45.31683345865647,
        45.326833458656466,
        45.336833458656464,
        45.34683345865646,
        45.35683345865646,
        45.36683345865646,
        45.376833458656456,
        45.386833458656454,
        45.39683345865645,
        45.40683345865645,
        45.41683345865645,
        45.41794427409679
    ],
    "frequency": [
        17190.84069555605,
        16579.987080765313,
        15969.133465974579,
        15431.668166430716,
        15020.051889989714,
        14612.16365445848,
        14243.650047017469,
        13875.136439576458,
        13526.917924091926,
        13200.09182130028,
        12873.265718508634,
        12681.931545121959,
        12507.826549410778,
        12357.888813830803,
        12267.834505704353,
        12177.780197577904,
        12159.634844863016,
        12174.117814062076,
        12185.732011965069,
        12167.69852547802,
        12149.665038990972,
        12136.310489030411,
        12127.853765234868,
        12119.397041439324,
        12118.457655502643
    ]
}