{
    "time": [
        26.18066702157708,
        26.19066702157708,
        26.200667021577082,
        26.210667021577084,
        26.220667021577086,
        26.230667021577087,
        26.24066702157709,
        26.25066702157709,
        26.260667021577092,
        26.270667021577093,
        26.280667021577095,
        26.290667021577097,
        26.300667021577098,
        26.3106670215771,
        26.3206670215771,
        26.330667021577103,
        26.340667021577104,
        26.350667021577106,
        26.360667021577108,
        26.37066702157711,
        26.38066702157711,
        26.390667021577112,
        26.400667021577114,
        26.410667021577115,
        26.420667021577117,
        26.43066702157712,
        26.44066702157712,
        26.45066702157712,
        26.460667021577123,
        26.470667021577125,
        26.480667021577126,
        26.490667021577128,
        26.50066702157713,
        26.51066702157713,
        26.51411503421418
    ],
    "frequency": [
        9219.738583622917,
        9329.449745026051,
        9426.923462221592,
        9494.438023085051,
        9559.878598955835,
        9596.448986090209,
        9633.01937322458,
        9643.438182688808,
        9641.15253349291,
        9638.866884297011,
        9636.581235101114,
        9634.295585905214,
        9629.933919991536,
        9617.323441669338,
        9604.712963347141,
        9592.102485024943,
        9579.492006702745,
        9565.615652297176,
        9547.776439060897,
        9529.937225824617,
        9512.098012588336,
        9494.258799352057,
        9476.419586115779,
        9458.580372879498,
        9444.864545062752,
        9444.864545062752,
        9444.864545062752,
        9444.864545062752,
        9433.215461063159,
        9421.354794965524,
        9409.49412886789,
        9397.633462770254,
        9385.77279667262,
        9373.912130574985,
        9369.82255791614
    ]
}