{
    "time": [
        6.025494839646292,
        6.035494839646292,
        6.045494839646292,
        6.0554948396462915,
        6.065494839646291,
        6.075494839646291,
        6.085494839646291,
        6.095494839646291,
        6.1054948396462905,
        6.11549483964629,
        6.12549483964629,
        6.133787169105438
    ],
    "frequency": [
        12335.394711050561,
        11946.956042354375,
        11650.6471609723,
        11421.115220379093,
        11191.583279785886,
        11019.860254256499,
        10868.520513206035,
        10722.133747457381,
        10590.30001747564,
        10458.4662874939,
        10341.936894117121,
        10254.08976460344
    ]
}