{
    "time": [
        3.0253807631981315,
        3.0353807631981313,
        3.045380763198131,
        3.055380763198131,
        3.0653807631981307,
        3.0753807631981305,
        3.0853807631981303,
        3.09538076319813,
        3.10538076319813,
        3.1153807631981296,
        3.1253807631981294,
        3.135380763198129,
        3.145380763198129,
        3.1553807631981288,
        3.1653807631981286,
        3.1753807631981283,
        3.185380763198128,
        3.195380763198128,
        3.2053807631981277,
        3.2153807631981275,
        3.2253807631981273,
        3.235380763198127,
        3.245380763198127,
        3.2553807631981266,
        3.2653807631981264,
        3.275380763198126,
        3.285380763198126,
        3.295380763198126,
        3.3053807631981256,
        3.3153807631981254,
        3.325380763198125,
        3.335380763198125,
        3.3453807631981247,
        3.3553807631981245,
        3.3653807631981243,
        3.375380763198124,
        3.385380763198124,
        3.3953807631981237,
        3.4053807631981234,
        3.4153807631981232,
        3.425380763198123,
        3.435380763198123,
        3.4453807631981226,
        3.4553807631981224,
        3.465380763198122,
        3.475380763198122,
        3.4853807631981217,
        3.4906076508522905
    ],
    "frequency": [
        8411.119675921662,
        8590.227918905384,
        8769.336161889107,
        8959.224076396615,
        9166.612568272503,
        9374.001060148394,
        9647.265322447416,
        9941.065685938252,
        10238.35259222521,
        10535.968544852301,
        10699.259356078543,
        10819.450413870247,
        10939.641471661957,
        10942.453726443313,
        10889.035478535887,
        10835.61723062846,
        10782.198982721035,
        10759.681348356042,
        10737.82842875755,
        10715.975509159058,
        10686.006401648763,
        10650.394236377146,
        10614.782071105528,
        10553.977893969326,
        10487.53080510887,
        10421.083716248413,
        10354.636627387958,
        10288.1895385275,
        10221.742449667045,
        10140.412719469561,
        10044.259873236193,
        9948.107027002825,
        9838.49184803397,
        9710.288053056147,
        9595.300706757876,
        9588.016400225046,
        9580.732093692215,
        9573.447787159383,
        9544.252159401785,
        9506.545160878897,
        9467.244999541614,
        9413.826751634188,
        9360.408503726761,
        9278.911300642067,
        9140.023856082757,
        8999.044832921974,
        8742.637242966333,
        8608.615876328899
    ]
}