{
    "time": [
        0.07199040127982936,
        0.08199040127982936,
        0.09199040127982935,
        0.10199040127982935,
        0.11199040127982934,
        0.12199040127982934,
        0.13199040127982933,
        0.14199040127982931,
        0.15199040127982932,
        0.16199040127982933,
        0.1719904012798293,
        0.1819904012798293,
        0.1919904012798293,
        0.2019904012798293,
        0.2119904012798293,
        0.22199040127982927,
        0.23199040127982928,
        0.2419904012798293,
        0.2519904012798293,
        0.26199040127982925,
        0.27199040127982926,
        0.2819904012798293,
        0.2919904012798292,
        0.30199040127982923,
        0.31199040127982924,
        0.32199040127982925,
        0.33199040127982926,
        0.3419904012798292,
        0.3519904012798292,
        0.36199040127982923,
        0.3719904012798292,
        0.3819904012798292,
        0.3919904012798292,
        0.4019904012798292,
        0.4119904012798292,
        0.4219904012798292,
        0.4319904012798292,
        0.4419904012798292,
        0.45199040127982915,
        0.46199040127982915,
        0.47199040127982916,
        0.4819904012798292,
        0.4919904012798292,
        0.5019904012798291,
        0.5119904012798291,
        0.5219904012798291,
        0.5319904012798291,
        0.5419904012798291,
        0.5519904012798291,
        0.5619904012798291,
        0.5719904012798291,
        0.5819904012798292,
        0.5919904012798292,
        0.6019904012798291,
        0.6119904012798291,
        0.6219904012798291,
        0.6319157445673911
    ],
    "frequency": [
        10532.202504973531,
        10478.444045972603,
        10424.685586971671,
        10384.363299973698,
        10354.36288607384,
        10327.445748043807,
        10320.966713887028,
        10314.487679730248,
        10315.47718946687,
        10319.719179723666,
        10325.05709243033,
        10333.479313260146,
        10341.901534089966,
        10336.176334090862,
        10327.506309991315,
        10317.623367133883,
        10305.869012827734,
        10294.114658521581,
        10291.63629288394,
        10289.556581552737,
        10289.374344246731,
        10290.913446880259,
        10292.00955629651,
        10288.619823716286,
        10285.230091136062,
        10272.178977550948,
        10254.048493831158,
        10234.623264599288,
        10210.633192201854,
        10186.643119804421,
        10169.882078267286,
        10155.083354466738,
        10143.476246344082,
        10137.743432573789,
        10132.010618803493,
        10126.411420103272,
        10120.824221902503,
        10110.568809291783,
        10095.31916727332,
        10079.75406178883,
        10058.022973593184,
        10036.29188539754,
        10011.730114461387,
        9985.390398229947,
        9959.176399911032,
        9933.536065577648,
        9907.895731244262,
        9878.18518343777,
        9847.083657800684,
        9815.54386445054,
        9783.032391200119,
        9750.520917949698,
        9721.138838385528,
        9692.198176445809,
        9665.872970220755,
        9642.850650746619,
        9620.000208340949
    ]
}