{
    "time": [
        24.068790827889618,
        24.07879082788962,
        24.08879082788962,
        24.098790827889623,
        24.108790827889624,
        24.118790827889626,
        24.128790827889627,
        24.13879082788963,
        24.14879082788963,
        24.158790827889632,
        24.168790827889634,
        24.178790827889635,
        24.188790827889637,
        24.19879082788964,
        24.20879082788964,
        24.21879082788964,
        24.220770563924813
    ],
    "frequency": [
        9279.586936075902,
        9039.069315141609,
        8798.551694207315,
        8607.387506693976,
        8472.550760464292,
        8337.714014234609,
        8170.029633740639,
        8000.0244455160655,
        7865.597096134742,
        7784.311777977451,
        7703.026459820162,
        7628.095497037829,
        7554.1307163813,
        7507.477343638846,
        7515.0338008502895,
        7522.590258061735,
        7524.086237125706
    ]
}