{
    "time": [
        13.881337928741662,
        13.891337928741661,
        13.901337928741661,
        13.911337928741661,
        13.92133792874166,
        13.93133792874166,
        13.94133792874166,
        13.95133792874166,
        13.96133792874166,
        13.97133792874166,
        13.98133792874166,
        13.99133792874166,
        14.001337928741659,
        14.011337928741659,
        14.021337928741659,
        14.031337928741658,
        14.041337928741658,
        14.051337928741658,
        14.061337928741658,
        14.071337928741658,
        14.081337928741657,
        14.091337928741657,
        14.101337928741657,
        14.111337928741657,
        14.121337928741656,
        14.131337928741656,
        14.141337928741656,
        14.151337928741656,
        14.161337928741656,
        14.171337928741655,
        14.181337928741655,
        14.191337928741655,
        14.201337928741655,
        14.211337928741655,
        14.221337928741654,
        14.231337928741654,
        14.241337928741654,
        14.251337928741654,
        14.261337928741654,
        14.271337928741653,
        14.281337928741653,
        14.291337928741653,
        14.301337928741653,
        14.311337928741652,
        14.321337928741652,
        14.331337928741652,
        14.341337928741652,
        14.351337928741652,
        14.361337928741651,
        14.371337928741651,
        14.381337928741651,
        14.39133792874165,
        14.40133792874165,
        14.41133792874165,
        14.42133792874165,
        14.43133792874165,
        14.44133792874165,
        14.45133792874165,
        14.46133792874165,
        14.471337928741649,
        14.481337928741649,
        14.491337928741649,
        14.501337928741648,
        14.511337928741648,
        14.521337928741648,
        14.531337928741648,
        14.541337928741648,
        14.551337928741647,
        14.561337928741647,
        14.571337928741647,
        14.581337928741647,
        14.591337928741646,
        14.601337928741646,
        14.611337928741646,
        14.621337928741646,
        14.631337928741646,
        14.641337928741645,
        14.651337928741645,
        14.661337928741645,
        14.671337928741645,
        14.681337928741645,
        14.683656977383885
    ],
    "frequency": [
        8575.328115195785,
        8561.562724460216,
        8547.797333724648,
        8534.031942989079,
        8520.26655225351,
        8511.694884144476,
        8515.458858173733,
        8519.222832202991,
        8522.986806232248,
        8526.750780261505,
        8592.731135466685,
        8658.977078381617,
        8767.87340786671,
        8972.6335950583,
        9002.478914734913,
        9025.79127001289,
        9049.10362529087,
        9072.41598056885,
        9069.73637470057,
        9060.47120785932,
        9051.206041018071,
        9041.940874176822,
        9032.675707335573,
        9025.1294430493,
        9018.952665155135,
        9012.77588726097,
        9006.599109366804,
        9000.422331472639,
        8993.028384329928,
        8982.991120251909,
        8972.953856173888,
        8962.91659209587,
        8952.879328017849,
        8947.631688701491,
        8947.631688701491,
        8947.631688701491,
        8947.631688701491,
        8951.622427446053,
        8958.505122813836,
        8965.387818181622,
        8972.270513549407,
        8979.15320891719,
        8964.1771840086,
        8946.110108668167,
        8898.301332624327,
        8722.263162640593,
        8620.34686154842,
        8612.317050286005,
        8604.28723902359,
        8596.257427761175,
        8589.416752243565,
        8584.291340799471,
        8579.165929355375,
        8574.04051791128,
        8568.915106467184,
        8563.78969502309,
        8557.82301347563,
        8543.652758306664,
        8529.482503137695,
        8515.312247968726,
        8501.141992799758,
        8492.217488361766,
        8488.064137708792,
        8483.91078705582,
        8479.757436402846,
        8422.618528729658,
        8333.867983197695,
        8249.320433046194,
        8218.237292675554,
        8187.154152304915,
        8156.071011934276,
        8124.987871563637,
        8106.486986121266,
        8089.280247701805,
        8072.073509282343,
        8052.578539344893,
        8019.455567887429,
        7986.332596429966,
        7953.209624972502,
        7920.086653515037,
        7886.963682057574,
        7879.282303859034
    ]
}