{
    "time": [
        25.420610585255304,
        25.430610585255305,
        25.440610585255307,
        25.45061058525531,
        25.46061058525531,
        25.47061058525531,
        25.480610585255313,
        25.490610585255315,
        25.500610585255316,
        25.510610585255318,
        25.52061058525532,
        25.53061058525532,
        25.540610585255322,
        25.550610585255324,
        25.560610585255326,
        25.570610585255327,
        25.58061058525533,
        25.59061058525533,
        25.600610585255332,
        25.610610585255333,
        25.620610585255335,
        25.630610585255337,
        25.640610585255338,
        25.65061058525534,
        25.652579656045862
    ],
    "frequency": [
        11543.16104963817,
        11507.111597979005,
        11471.062146319837,
        11431.77858917446,
        11388.075643377513,
        11344.372697580568,
        11304.342478152366,
        11264.98527646499,
        11221.435611447434,
        11166.417220796138,
        11111.398830144843,
        11087.040147015065,
        11076.439151480936,
        11053.587725945052,
        10934.411926817324,
        10815.236127689594,
        10725.7408287423,
        10662.001641131581,
        10598.262453520863,
        10566.446208301042,
        10536.030858544395,
        10515.937355930457,
        10512.647140618548,
        10509.35692530664,
        10508.70905862012
    ]
}