{
    "time": [
        33.147580322623654,
        33.15758032262365,
        33.16758032262365,
        33.17758032262365,
        33.187580322623646,
        33.197580322623644,
        33.20758032262364,
        33.21758032262364,
        33.22758032262364,
        33.237580322623636,
        33.247580322623634,
        33.25758032262363,
        33.26758032262363,
        33.27758032262363,
        33.287580322623626,
        33.297580322623624,
        33.30758032262362,
        33.31758032262362,
        33.32758032262362,
        33.337580322623616,
        33.347580322623614,
        33.35758032262361,
        33.36758032262361,
        33.37758032262361,
        33.387580322623606,
        33.397580322623604,
        33.4075803226236,
        33.4175803226236,
        33.4195440607919
    ],
    "frequency": [
        12718.086082711876,
        12667.248436413578,
        12616.410790115278,
        12579.519769663768,
        12555.116094037056,
        12531.1756774896,
        12515.163652771547,
        12499.15162805349,
        12484.97376048163,
        12472.10884398787,
        12461.326251412447,
        12467.321338083315,
        12473.316424754183,
        12470.674684387483,
        12463.132677129443,
        12446.663490691624,
        12385.218045356974,
        12323.772600022328,
        12267.976224184662,
        12214.67984653188,
        12169.68867976657,
        12154.003238203171,
        12138.317796639776,
        12121.888322468478,
        12105.208745000582,
        12092.621758306916,
        12090.769129571334,
        12088.916500835752,
        12088.552693059777
    ]
}