{
    "time": [
        14.59246792796393,
        14.60246792796393,
        14.61246792796393,
        14.62246792796393,
        14.63246792796393,
        14.64246792796393,
        14.65246792796393,
        14.66246792796393,
        14.672467927963929,
        14.682467927963929,
        14.692467927963929,
        14.702467927963928,
        14.712467927963928,
        14.722467927963928,
        14.732467927963928,
        14.742467927963927,
        14.752467927963927,
        14.762467927963927,
        14.772467927963927,
        14.782467927963927,
        14.792467927963926,
        14.802467927963926,
        14.812467927963926,
        14.822467927963926,
        14.832467927963926,
        14.842467927963925,
        14.852467927963925,
        14.862467927963925,
        14.872467927963925,
        14.882467927963924,
        14.892467927963924,
        14.902467927963924,
        14.912467927963924,
        14.922467927963924,
        14.932467927963923,
        14.942467927963923,
        14.952467927963923,
        14.962467927963923,
        14.972467927963923,
        14.982467927963922,
        14.992467927963922,
        15.002467927963922,
        15.012467927963922,
        15.022467927963921,
        15.032467927963921,
        15.042467927963921,
        15.05246792796392,
        15.06246792796392,
        15.07246792796392,
        15.08246792796392,
        15.09246792796392,
        15.10246792796392,
        15.11246792796392,
        15.12246792796392,
        15.13246792796392,
        15.142467927963919,
        15.149085492707023
    ],
    "frequency": [
        10834.232260328692,
        10841.74180036627,
        10849.251340403847,
        10856.760880441427,
        10822.088435657826,
        10787.043915482467,
        10751.999395307106,
        10716.954875131745,
        10654.599888387442,
        10562.437351562636,
        10470.274814737826,
        10378.112277913018,
        9926.776945430078,
        9386.090062724497,
        8845.403180018917,
        8515.407703828536,
        8194.374867222114,
        7766.8038769633,
        7117.258028004888,
        6888.326196145455,
        6836.337072808384,
        6794.970724665442,
        6843.246339192725,
        6891.521953720008,
        6994.8419553488375,
        7114.9945959500765,
        7235.147236551314,
        7337.431961932492,
        7433.983190987054,
        7518.45771899404,
        7586.043579332234,
        7653.62943967043,
        7721.54821636634,
        7793.639800727082,
        7865.731385087824,
        7940.056799112512,
        8016.090891992986,
        8092.124984873461,
        8112.383834738042,
        8125.901006805681,
        8139.418178873319,
        8136.234799618598,
        8119.338334534049,
        8102.4418694495,
        8085.545404364952,
        8044.199815877501,
        7981.812867873012,
        7919.425919868525,
        7857.038971864036,
        7792.7936556637505,
        7720.702071303009,
        7648.610486942266,
        7595.015976390558,
        7549.958736165098,
        7528.09141425057,
        7614.109781953728,
        7671.032993690909
    ]
}