{
    "time": [
        10.535678649791313,
        10.545678649791313,
        10.555678649791313,
        10.565678649791312,
        10.575678649791312,
        10.585678649791312,
        10.595678649791312,
        10.605678649791312,
        10.615678649791311,
        10.625678649791311,
        10.635678649791311,
        10.64567864979131,
        10.65567864979131,
        10.66567864979131,
        10.67567864979131,
        10.68567864979131,
        10.69567864979131,
        10.70567864979131,
        10.71567864979131,
        10.725678649791309,
        10.735678649791309,
        10.745678649791309,
        10.755678649791308,
        10.765678649791308,
        10.775678649791308,
        10.785678649791308,
        10.795678649791308,
        10.805678649791307,
        10.815678649791307,
        10.825678649791307,
        10.835678649791307,
        10.845678649791306,
        10.855678649791306,
        10.865678649791306,
        10.875678649791306,
        10.885678649791306,
        10.895678649791305,
        10.905678649791305,
        10.915678649791305,
        10.925678649791305,
        10.935678649791305,
        10.945678649791304,
        10.955678649791304,
        10.965678649791304,
        10.975678649791304,
        10.985678649791303,
        10.995678649791303,
        11.005678649791303,
        11.015678649791303,
        11.025678649791303,
        11.035678649791302,
        11.045678649791302,
        11.055678649791302,
        11.065678649791302,
        11.075678649791302,
        11.085678649791301,
        11.095678649791301,
        11.105678649791301,
        11.1156786497913,
        11.1256786497913,
        11.1356786497913,
        11.1456786497913,
        11.1556786497913,
        11.1656786497913,
        11.174200901238343
    ],
    "frequency": [
        11896.163442699948,
        11461.975491436388,
        11027.787540172825,
        10593.599588909263,
        10159.4116376457,
        9725.223686382138,
        9363.445357822733,
        9078.87331429349,
        8794.301270764247,
        8511.336497111142,
        8231.981607713267,
        7952.626718315392,
        7821.205099092726,
        7720.37235341311,
        7577.69109269914,
        7435.0098319851695,
        7288.579081727478,
        7114.786869429257,
        6940.994657131037,
        6828.98717282904,
        6734.366968355567,
        6639.7467638820945,
        6558.357210139557,
        6493.989724103181,
        6429.622238066806,
        6365.2547520304315,
        6329.234059536696,
        6295.441129367597,
        6261.648199198498,
        6251.182060917453,
        6257.326230039107,
        6263.470399160761,
        6269.614568282415,
        6281.860454744836,
        6294.73395195211,
        6307.607449159386,
        6312.398376078223,
        6304.888836040647,
        6297.3792960030705,
        6279.677305549158,
        6245.884375380059,
        6212.091445210963,
        6167.691766049431,
        6119.02994660593,
        6070.368127162428,
        6021.706307718927,
        5976.823973346153,
        5935.232674676496,
        5893.641376006835,
        5852.050077337177,
        5813.522534914662,
        5788.17783728784,
        5762.833139661016,
        5741.252869713632,
        5723.229973623447,
        5705.259333772388,
        5694.861509104974,
        5684.46368443756,
        5705.279487093112,
        5744.383467026724,
        5845.762257534016,
        5963.008699042486,
        6165.766280057068,
        6446.0461069541725,
        6699.47893322359
    ]
}