{
    "time": [
        21.517131049193445,
        21.527131049193446,
        21.537131049193448,
        21.54713104919345,
        21.55713104919345,
        21.567131049193453,
        21.577131049193454,
        21.587131049193456,
        21.597131049193457,
        21.60713104919346,
        21.61713104919346,
        21.627131049193462,
        21.637131049193464,
        21.647131049193465,
        21.657131049193467,
        21.66713104919347,
        21.67713104919347,
        21.68713104919347,
        21.697131049193473,
        21.707131049193475,
        21.717131049193476,
        21.727131049193478,
        21.73713104919348,
        21.74713104919348,
        21.757131049193482,
        21.767131049193484,
        21.777131049193486,
        21.787131049193487,
        21.79713104919349,
        21.80713104919349,
        21.81713104919349,
        21.827131049193493,
        21.837131049193495,
        21.847131049193496,
        21.857131049193498,
        21.8671310491935,
        21.8771310491935,
        21.887131049193503,
        21.897131049193504,
        21.907131049193506,
        21.917131049193507,
        21.92713104919351,
        21.93713104919351,
        21.947131049193512,
        21.957131049193514,
        21.965071323823494
    ],
    "frequency": [
        8568.808199097426,
        8026.674137071919,
        7484.540075046412,
        7060.635641121495,
        6749.67034450966,
        6444.357758606532,
        6380.388479615278,
        6316.419200624023,
        6321.248956875125,
        6386.037552971614,
        6450.088876887038,
        6498.769865323418,
        6547.450853759798,
        6593.612467834695,
        6637.7720844506575,
        6681.294467695982,
        6716.172749335256,
        6751.0510309745305,
        6790.341738875219,
        6832.82633491315,
        6878.438430598669,
        6955.087164776009,
        7031.73589895335,
        7175.246915144469,
        7362.780897471809,
        7553.12412428895,
        7765.208176034506,
        7977.2922277800635,
        8122.235655615879,
        8227.044397802296,
        8315.110079580762,
        8297.987077965554,
        8280.864076350348,
        8260.90836469139,
        8239.41900413968,
        8224.274631760129,
        8242.391725808498,
        8260.508819856868,
        8238.597959420531,
        8197.118053352337,
        8131.667115385756,
        7959.259993106247,
        7786.852870826737,
        7521.638692387681,
        7215.605798482466,
        6972.607276140991
    ]
}