{
    "time": [
        55.519720673280545,
        55.52972067328054,
        55.53972067328054,
        55.54972067328054,
        55.55972067328054,
        55.569720673280536,
        55.579720673280534,
        55.58972067328053,
        55.59972067328053,
        55.60972067328053,
        55.619720673280526,
        55.629720673280524,
        55.63972067328052,
        55.64972067328052,
        55.65972067328052,
        55.663291357195305
    ],
    "frequency": [
        12137.468260712032,
        12198.508152292097,
        12259.548043872162,
        12320.587935452228,
        12372.592811096089,
        12424.476718939131,
        12466.276799627343,
        12498.205358299985,
        12530.133916972627,
        12562.062475645269,
        12593.99103431791,
        12623.874163318102,
        12653.522110656992,
        12697.795343290156,
        12762.650228093962,
        12836.38754234545
    ]
}