{
    "time": [
        15.66933655301942,
        15.67933655301942,
        15.68933655301942,
        15.69933655301942,
        15.70933655301942,
        15.719336553019419,
        15.729336553019419,
        15.739336553019418,
        15.749336553019418,
        15.759336553019418,
        15.769336553019418,
        15.778339695239032
    ],
    "frequency": [
        13441.35358036994,
        12390.062758593645,
        11338.771936817353,
        10914.74508683427,
        10439.123419502475,
        9927.13113616989,
        8319.899184945609,
        7327.975494758001,
        6719.351440450302,
        6286.291300798165,
        5926.6789601473465,
        5604.011206194147
    ]
}