{
    "time": [
        19.130522747943356,
        19.140522747943358,
        19.15052274794336,
        19.16052274794336,
        19.170522747943362,
        19.180522747943364,
        19.190522747943366,
        19.200522747943367,
        19.21052274794337,
        19.22052274794337,
        19.230522747943372,
        19.240522747943373,
        19.250522747943375,
        19.260522747943376,
        19.270522747943378,
        19.28052274794338,
        19.29052274794338,
        19.300522747943383,
        19.310522747943384,
        19.320522747943386,
        19.330522747943387,
        19.34052274794339,
        19.35052274794339,
        19.360522747943392,
        19.370522747943394,
        19.380522747943395,
        19.390522747943397,
        19.4005227479434,
        19.4105227479434,
        19.4205227479434,
        19.430522747943403,
        19.440522747943405,
        19.450522747943406,
        19.460522747943408,
        19.47052274794341,
        19.48052274794341,
        19.490522747943412,
        19.500522747943414,
        19.510522747943416,
        19.520522747943417,
        19.53052274794342,
        19.54052274794342,
        19.550522747943422,
        19.560522747943423,
        19.570522747943425,
        19.580522747943427,
        19.590522747943428,
        19.60052274794343,
        19.61052274794343,
        19.620522747943433,
        19.630522747943434,
        19.640522747943436,
        19.643241231717084
    ],
    "frequency": [
        12356.183097791753,
        12421.345752034094,
        12486.508406276438,
        12551.67106051878,
        12616.833714761122,
        12681.996369003466,
        12743.787518101495,
        12766.187180497302,
        12788.586842893106,
        12810.986505288914,
        12833.386167684723,
        12855.785830080527,
        12878.185492476336,
        12900.58515487214,
        12909.024451349393,
        12905.70598284631,
        12902.387514343227,
        12899.069045840146,
        12895.750577337063,
        12892.432108833982,
        12889.113640330897,
        12886.710889274422,
        12886.710889274422,
        12886.710889274422,
        12886.710889274424,
        12886.710889274422,
        12876.180074102436,
        12865.319631728711,
        12854.459189354988,
        12843.598746981263,
        12877.244891776721,
        12950.552877799357,
        13023.860863821994,
        13050.011399224028,
        13040.325058728544,
        13030.638718233058,
        13020.952377737574,
        13011.26603724209,
        12973.699617717226,
        12916.682295255176,
        12859.664972793127,
        12751.457022163007,
        12612.98638189803,
        12474.515741633051,
        12175.080410306151,
        11795.603776777236,
        11365.100337585322,
        10851.401413308178,
        10316.103856683996,
        9739.686089268307,
        9249.655522253617,
        9056.673815459004,
        9004.212051605797
    ]
}