{
    "time": [
        25.33445496718932,
        25.34445496718932,
        25.354454967189323,
        25.364454967189324,
        25.374454967189326,
        25.384454967189328,
        25.39445496718933,
        25.40445496718933,
        25.414454967189332,
        25.424454967189334,
        25.434454967189335,
        25.444454967189337,
        25.45445496718934,
        25.46445496718934,
        25.47445496718934,
        25.484454967189343,
        25.494454967189345,
        25.504454967189346,
        25.514454967189348,
        25.52445496718935,
        25.53445496718935,
        25.544454967189353,
        25.554454967189354,
        25.564454967189356,
        25.574454967189357,
        25.58445496718936,
        25.59445496718936,
        25.604454967189362,
        25.614454967189364,
        25.624454967189365,
        25.634454967189367,
        25.64445496718937,
        25.65445496718937,
        25.66445496718937,
        25.667817342733965
    ],
    "frequency": [
        12262.501965624735,
        10834.58273285853,
        10074.447749815243,
        9712.260236186516,
        9382.208071471643,
        9156.414647101712,
        9001.760010199041,
        9008.160274455096,
        9036.084028340305,
        9129.839625862085,
        9261.48017989234,
        9391.773389198393,
        9417.951908465779,
        9444.130427733162,
        9470.618827600172,
        9515.855308894206,
        9561.091790188237,
        9606.328271482269,
        9653.736182015517,
        9701.39914123337,
        9749.062100451223,
        9784.617402340573,
        9788.107871576223,
        9791.598340811875,
        9795.088810047526,
        9798.579279283178,
        9785.359868283951,
        9767.40888364346,
        9749.457899002971,
        9733.033057912588,
        9720.467368664245,
        9707.901679415902,
        9747.560598985707,
        9855.457239742456,
        9893.482749349085
    ]
}