{
    "time": [
        33.06616429332079,
        33.07616429332079,
        33.086164293320785,
        33.09616429332078,
        33.10616429332078,
        33.11616429332078,
        33.12616429332078,
        33.136164293320775,
        33.14616429332077,
        33.15616429332077,
        33.16616429332077,
        33.17616429332077,
        33.186164293320765,
        33.19616429332076,
        33.20616429332076,
        33.21616429332076,
        33.22616429332076,
        33.236164293320755,
        33.24616429332075,
        33.25616429332075,
        33.26616429332075,
        33.27616429332075,
        33.28519308565934
    ],
    "frequency": [
        7894.661341810925,
        7103.123081960998,
        6844.280309894765,
        6585.437537828531,
        6331.055760427212,
        6216.014528397756,
        6100.973296368302,
        5985.932064338847,
        5876.998963465966,
        5860.406478077105,
        5843.813992688241,
        5827.22150729938,
        5810.629021910517,
        5794.036536521654,
        5785.270306830001,
        5792.460383831842,
        5799.650460833682,
        5806.840537835524,
        5814.030614837365,
        5825.996136433171,
        5961.888591767962,
        6097.7810471027515,
        6220.47552306267
    ]
}