{
    "time": [
        52.39222304956563,
        52.40222304956563,
        52.412223049565625,
        52.42222304956562,
        52.43222304956562,
        52.44222304956562,
        52.45222304956562,
        52.462223049565615,
        52.47222304956561,
        52.48222304956561,
        52.49222304956561,
        52.50222304956561,
        52.512223049565605,
        52.5222230495656,
        52.5322230495656,
        52.53302208687178
    ],
    "frequency": [
        11065.550869973296,
        11121.720505489347,
        11177.890141005399,
        11236.293316967349,
        11299.48415692289,
        11320.137336969086,
        11339.796709399705,
        11359.456081830323,
        11368.586809981682,
        11371.395291757484,
        11374.203773533285,
        11375.481889433804,
        11372.673407658003,
        11369.8649258822,
        11367.056444106396,
        11366.832035935138
    ]
}