{
    "time": [
        1.3359058908260155,
        1.3459058908260155,
        1.3559058908260155,
        1.3659058908260155,
        1.3759058908260156,
        1.3859058908260156,
        1.3959058908260156,
        1.4059058908260156,
        1.4159058908260156,
        1.4259058908260156,
        1.4359058908260156,
        1.4459058908260156,
        1.4559058908260156,
        1.4619808102683973
    ],
    "frequency": [
        12366.180756835516,
        11799.660786837572,
        11297.49585812069,
        10972.4855351967,
        10659.812490039774,
        10349.34866494486,
        10038.884839849949,
        9728.421014755037,
        9417.957189660123,
        9203.523977399916,
        9089.06382019625,
        9035.630433771428,
        8987.938701603234,
        8958.96635850429
    ]
}