{
    "time": [
        6.226449126368383,
        6.236449126368383,
        6.246449126368383,
        6.256449126368382,
        6.266449126368382,
        6.276449126368382,
        6.286449126368382,
        6.2964491263683815,
        6.306449126368381,
        6.316449126368381,
        6.326449126368381,
        6.336449126368381,
        6.34644912636838,
        6.35644912636838,
        6.36644912636838,
        6.37644912636838,
        6.38644912636838,
        6.396449126368379,
        6.406449126368379,
        6.416449126368379,
        6.426449126368379,
        6.4364491263683785,
        6.446449126368378,
        6.447982483795657
    ],
    "frequency": [
        10521.753650194934,
        10517.51920100243,
        10513.284751809922,
        10608.483972927173,
        10910.212136066519,
        10916.400946424797,
        10922.589756783076,
        10928.778567141355,
        10935.09268419337,
        10941.44435798213,
        10947.79603177089,
        10954.14770555965,
        10960.499379348412,
        10966.85105313717,
        10979.719390433893,
        10993.128479543499,
        11006.5375686531,
        11019.946657762706,
        11042.347485533688,
        11084.941062705375,
        11127.53463987706,
        11214.936342100053,
        11322.209054976884,
        11338.65779608029
    ]
}