{
    "time": [
        57.90389825315377,
        57.91389825315377,
        57.923898253153766,
        57.933898253153764,
        57.94389825315376,
        57.95389825315376,
        57.96389825315376,
        57.973898253153756,
        57.983898253153754,
        57.99389825315375,
        58.00389825315375,
        58.01389825315375,
        58.023898253153746,
        58.033898253153744,
        58.04389825315374,
        58.05389825315374,
        58.06389825315374,
        58.073898253153736,
        58.083898253153734,
        58.09389825315373,
        58.10389825315373,
        58.11389825315373,
        58.123898253153726,
        58.133898253153724,
        58.14389825315372,
        58.15389825315372,
        58.16389825315372,
        58.173898253153716,
        58.183898253153714,
        58.19389825315371,
        58.20389825315371,
        58.21389825315371,
        58.223898253153706,
        58.233898253153704,
        58.2438982531537,
        58.2538982531537,
        58.2638982531537,
        58.273898253153696,
        58.283898253153694,
        58.29389825315369,
        58.30389825315369,
        58.31389825315369,
        58.323898253153686,
        58.333898253153684,
        58.34389825315368,
        58.35389825315368,
        58.36389825315368,
        58.373898253153676,
        58.383898253153674,
        58.39389825315367,
        58.40389825315367,
        58.41389825315367,
        58.423898253153666,
        58.42603676156376
    ],
    "frequency": [
        17404.738026404753,
        17442.458031778082,
        17391.51454801386,
        17193.36618309692,
        16869.10648778244,
        16544.846792467953,
        16088.453293034912,
        15615.104205997099,
        15048.789406327473,
        14420.1226501054,
        13862.195369892877,
        13392.349688926925,
        12922.504007960972,
        12452.658326995019,
        11982.812646029068,
        11573.721251319359,
        11287.049210482086,
        11000.377169644815,
        10713.705128807542,
        10485.416499178482,
        10259.096466938545,
        10179.340577078778,
        10095.853672166962,
        9844.386969678117,
        9739.283103874091,
        9556.135705808854,
        9355.96160175272,
        9275.492256956295,
        9195.022912159868,
        9102.046213986956,
        8959.54841590996,
        8810.529125544157,
        8632.406877947942,
        8438.589082782917,
        8243.930477579199,
        8164.299355124408,
        8084.6682326696155,
        8005.037110214824,
        7923.538673507707,
        7807.118903836944,
        7690.6991341661815,
        7574.27936449542,
        7439.3975694453775,
        7278.738287299772,
        7118.079005154168,
        7006.6075529588015,
        6895.381896088737,
        6784.156239218673,
        6703.16285044444,
        6652.86950994668,
        6602.576169448921,
        6559.028220955228,
        6517.1171038737575,
        6508.154376238252
    ]
}