{
    "time": [
        22.224995787496503,
        22.234995787496505,
        22.244995787496507,
        22.254995787496508,
        22.26499578749651,
        22.27499578749651,
        22.284995787496513,
        22.294995787496514,
        22.304995787496516,
        22.314995787496517,
        22.32499578749652,
        22.33499578749652,
        22.344995787496522,
        22.354995787496524,
        22.364995787496525,
        22.374995787496527,
        22.38499578749653,
        22.39499578749653,
        22.40499578749653,
        22.414995787496533,
        22.424995787496535,
        22.434995787496536,
        22.444995787496538,
        22.45499578749654,
        22.46499578749654,
        22.474995787496542,
        22.484995787496544,
        22.494995787496546,
        22.504995787496547,
        22.51499578749655,
        22.52499578749655,
        22.534995787496552,
        22.544995787496553,
        22.554995787496555,
        22.564995787496557,
        22.568973890900676
    ],
    "frequency": [
        10472.910743165547,
        10394.143870913354,
        10335.92649827604,
        10310.812423065196,
        10285.69834785435,
        10260.584517452298,
        10235.59118298766,
        10210.597848523023,
        10185.604514058386,
        10155.722273706655,
        10103.575686984135,
        10051.429100261617,
        9970.57602955969,
        9864.678345753971,
        9779.768854842812,
        9737.650457874626,
        9695.53206090644,
        9653.413663938256,
        9601.655029812804,
        9547.502805139417,
        9470.277583132776,
        9364.750170948751,
        9301.43884158694,
        9274.362729250248,
        9247.286616913558,
        9220.210504576866,
        9193.134392240174,
        9179.23308722851,
        9167.951373754888,
        9156.669660281266,
        9145.387946807643,
        9135.57477631584,
        9135.57477631584,
        9135.57477631584,
        9135.57477631584,
        9135.57477631584
    ]
}