{
    "time": [
        50.182640204442215,
        50.19264020444221,
        50.20264020444221,
        50.21264020444221,
        50.22264020444221,
        50.232640204442205,
        50.2426402044422,
        50.2526402044422,
        50.2626402044422,
        50.2726402044422,
        50.28155513898264
    ],
    "frequency": [
        8532.376476084502,
        8671.77239570365,
        8799.132510275334,
        8806.434201302998,
        8811.138202063437,
        8811.138202063437,
        8811.138202063437,
        8815.981018549544,
        8836.84299291431,
        8857.704967279078,
        8975.861040141901
    ]
}