{
    "time": [
        58.80460523563249,
        58.81460523563249,
        58.82460523563249,
        58.83460523563249,
        58.844605235632486,
        58.854605235632484,
        58.86460523563248,
        58.87460523563248,
        58.88460523563248,
        58.894605235632476,
        58.904605235632474,
        58.91460523563247,
        58.92460523563247,
        58.93460523563247,
        58.944605235632466,
        58.954605235632464,
        58.96460523563246,
        58.97460523563246,
        58.98460523563246,
        58.994605235632456,
        59.004605235632454,
        59.01460523563245,
        59.02460523563245,
        59.03460523563245,
        59.042465213760224
    ],
    "frequency": [
        13059.843379499587,
        13014.254328729618,
        12968.665277959648,
        12923.076227189678,
        12877.48717641971,
        12831.89812564974,
        12788.167361343645,
        12747.649026199848,
        12707.130691056052,
        12668.555054087466,
        12645.45249457566,
        12622.349935063852,
        12600.840441659966,
        12592.62619827799,
        12584.411954896015,
        12576.197711514038,
        12541.711880582901,
        12497.35496632023,
        12452.998052057561,
        12385.46440932064,
        12308.4889876139,
        12290.60313508863,
        12272.717282563357,
        12254.831430038084,
        12240.773189073554
    ]
}