{
    "time": [
        30.311130699689368,
        30.32113069968937,
        30.33113069968937,
        30.341130699689373,
        30.351130699689374,
        30.361130699689376,
        30.371130699689378,
        30.38113069968938,
        30.39113069968938,
        30.401130699689382,
        30.411130699689384,
        30.421130699689385,
        30.431130699689387,
        30.44113069968939,
        30.45113069968939,
        30.46113069968939,
        30.471130699689393,
        30.481130699689395,
        30.491130699689396,
        30.501130699689398,
        30.5111306996894,
        30.5211306996894,
        30.531130699689403,
        30.541130699689404,
        30.551130699689406,
        30.561130699689407,
        30.57113069968941,
        30.58113069968941,
        30.591130699689412,
        30.601130699689413,
        30.611130699689415,
        30.621130699689417,
        30.631130699689418,
        30.64113069968942,
        30.65113069968942,
        30.661130699689423,
        30.671130699689424,
        30.681130699689426,
        30.691130699689428,
        30.70113069968943,
        30.71113069968943,
        30.721130699689432,
        30.731130699689434,
        30.73470616920029
    ],
    "frequency": [
        14230.692408627092,
        14023.891721428421,
        13817.091034229754,
        13610.290347031085,
        13403.489659832414,
        13196.688972633743,
        12989.888285435076,
        12787.839113908562,
        12709.05789973764,
        12630.276685566718,
        12551.495471395794,
        12472.714257224872,
        12393.933043053948,
        12315.151828883027,
        12271.960914073457,
        12230.857671897325,
        12189.754429721195,
        12148.651187545063,
        12107.547945368931,
        12066.444703192801,
        12032.350442794457,
        12017.031873372334,
        12001.713303950211,
        11986.394734528087,
        11971.076165105966,
        11955.757595683841,
        11940.439026261718,
        11925.120456839593,
        11916.520343329392,
        11916.52034332939,
        11916.52034332939,
        11916.52034332939,
        11927.655079612106,
        11957.198034926205,
        11991.698747391023,
        12109.870568647399,
        12228.042389903774,
        12350.433942083242,
        12495.876183629549,
        12641.318425175861,
        12786.760666722172,
        13012.314363839048,
        13366.82982760818,
        13493.585750791528
    ]
}