{
    "time": [
        15.896495650729808,
        15.906495650729807,
        15.916495650729807,
        15.926495650729807,
        15.936495650729807,
        15.946495650729807,
        15.956495650729806,
        15.966495650729806,
        15.967153065017095
    ],
    "frequency": [
        14326.553111834095,
        14389.059973640204,
        14451.566835446309,
        14514.073697252416,
        14576.580559058522,
        14639.087420864627,
        14701.594282670734,
        14764.101144476843,
        14768.210434877337
    ]
}