{
    "time": [
        3.1999589468431466,
        3.2099589468431464,
        3.219958946843146,
        3.229958946843146,
        3.239958946843146,
        3.2499589468431456,
        3.2599589468431454,
        3.269958946843145,
        3.279958946843145,
        3.2899589468431447,
        3.2999589468431445,
        3.3099589468431443,
        3.319958946843144,
        3.329958946843144,
        3.3399589468431437,
        3.3499589468431434,
        3.3599589468431432,
        3.369958946843143,
        3.379958946843143,
        3.3899589468431426,
        3.3999589468431424,
        3.409958946843142,
        3.419958946843142,
        3.4299589468431417,
        3.4399589468431415,
        3.4499589468431413,
        3.459958946843141,
        3.469958946843141,
        3.4799589468431407,
        3.4899589468431405,
        3.4999589468431402,
        3.50995894684314,
        3.51995894684314,
        3.5299589468431396,
        3.5399589468431394,
        3.549958946843139,
        3.559958946843139,
        3.5606999500329772
    ],
    "frequency": [
        9968.249741056417,
        10061.9171648581,
        10220.03235433513,
        10474.105241397205,
        10872.984901244488,
        11378.78898977359,
        11774.774692316942,
        12098.633878200744,
        12308.44890751652,
        12509.346008662711,
        12625.909913838143,
        12739.859429627497,
        12792.313186956442,
        12844.766944285384,
        12857.481276423883,
        12857.481276423883,
        12857.481276423881,
        12857.481276423883,
        12857.481276423883,
        12834.219936899035,
        12810.06360128702,
        12785.907265675009,
        12761.750930062994,
        12701.882006042277,
        12620.578682182415,
        12539.27535832255,
        12457.972034462688,
        12376.668710602824,
        12295.365386742958,
        12183.827787949167,
        12069.553530911111,
        11955.279273873055,
        11841.005016834999,
        11726.730759796943,
        11612.456502758887,
        11498.182245720829,
        11383.907988682773,
        11375.440229784614
    ]
}