{
    "time": [
        54.854485084297714,
        54.86448508429771,
        54.87448508429771,
        54.88448508429771,
        54.894485084297706,
        54.904485084297704,
        54.9144850842977,
        54.9244850842977,
        54.9344850842977,
        54.944485084297696,
        54.954485084297694,
        54.96448508429769,
        54.97448508429769,
        54.98448508429769,
        54.994485084297686,
        55.004485084297684,
        55.01448508429768,
        55.02448508429768,
        55.03448508429768,
        55.044485084297676,
        55.054485084297674,
        55.06448508429767,
        55.07448508429767,
        55.08448508429767,
        55.094485084297666,
        55.104485084297664,
        55.11448508429766,
        55.12448508429766,
        55.13448508429766,
        55.144485084297656,
        55.154485084297654,
        55.16448508429765,
        55.17448508429765,
        55.18448508429765,
        55.194485084297646,
        55.204485084297644,
        55.21448508429764,
        55.22448508429764,
        55.23448508429764,
        55.24448508429764,
        55.254485084297635,
        55.26448508429763,
        55.27448508429763,
        55.28448508429763,
        55.29448508429763,
        55.304485084297625,
        55.31448508429762,
        55.32448508429762,
        55.33448508429762,
        55.34448508429762,
        55.354485084297615,
        55.36448508429761,
        55.37448508429761,
        55.38448508429761,
        55.39448508429761,
        55.404485084297605,
        55.4144850842976,
        55.4244850842976,
        55.4344850842976,
        55.4444850842976,
        55.454485084297595,
        55.46448508429759,
        55.47448508429759,
        55.48448508429759,
        55.48699377709029
    ],
    "frequency": [
        13168.652616826577,
        13071.140315568573,
        12973.62801431057,
        12876.115713052566,
        12778.603411794562,
        12681.09111053656,
        12583.578809278555,
        12486.06650802055,
        12388.554206762548,
        12291.041905504544,
        12165.455207134353,
        12036.599666186266,
        11907.74412523818,
        11778.888584290096,
        11650.03304334201,
        11521.177502393923,
        11392.321961445836,
        11263.466420497749,
        11134.610879549664,
        11002.999165875543,
        10870.66104273967,
        10738.3229196038,
        10605.984796467925,
        10473.646673332052,
        10341.308550196181,
        10208.970427060307,
        10091.999244869041,
        9985.110760797772,
        9878.222276726503,
        9771.333792655234,
        9664.445308583963,
        9557.556824512696,
        9465.920425605222,
        9399.751364037284,
        9333.582302469349,
        9267.413240901411,
        9201.244179333476,
        9135.07511776554,
        9068.906056197604,
        9002.736994629668,
        8944.131720950989,
        8911.047190167023,
        8877.962659383054,
        8844.878128599086,
        8811.793597815118,
        8778.70906703115,
        8745.624536247182,
        8712.540005463215,
        8687.421965590707,
        8668.516519428442,
        8649.611073266176,
        8630.705627103911,
        8611.800180941646,
        8592.89473477938,
        8573.989288617115,
        8568.865252177642,
        8566.108207945645,
        8563.351163713647,
        8560.59411948165,
        8557.837075249652,
        8562.88690918141,
        8635.67287690614,
        8708.45884463087,
        8870.189710062688,
        8919.9890644193
    ]
}