{
    "time": [
        28.938862226547815,
        28.948862226547817,
        28.95886222654782,
        28.96886222654782,
        28.97886222654782,
        28.988862226547823,
        28.99688626346712
    ],
    "frequency": [
        12087.940496314408,
        11925.45424208688,
        11762.967987859352,
        11600.481733631827,
        11437.995479404297,
        11275.50922517677,
        11145.129654896828
    ]
}