{
    "time": [
        7.047336696477036,
        7.057336696477035,
        7.067336696477035,
        7.077336696477035,
        7.087336696477035,
        7.097336696477035,
        7.107336696477034,
        7.117336696477034,
        7.127336696477034,
        7.137336696477034,
        7.1473366964770335,
        7.157336696477033,
        7.167336696477033,
        7.177336696477033,
        7.187336696477033,
        7.1973366964770324,
        7.207336696477032,
        7.217336696477032,
        7.227336696477032,
        7.237336696477032,
        7.247336696477031,
        7.257336696477031,
        7.258402050060855
    ],
    "frequency": [
        17863.26437162308,
        17874.766837451458,
        17886.269303279838,
        17897.77176910821,
        17909.274234936587,
        17920.776700764967,
        17932.27916659334,
        17943.78163242172,
        17955.284098250093,
        17966.78656407847,
        17978.28902990685,
        17989.791495735226,
        18006.89962329582,
        18029.904554952573,
        18052.909486609322,
        18075.914418266075,
        18098.919349922828,
        18121.92428157958,
        18149.1334595355,
        18177.889624106443,
        18206.645788677382,
        18235.40195324832,
        18238.465501546594
    ]
}