{
    "time": [
        25.008171284032127,
        25.018171284032128,
        25.02817128403213,
        25.03817128403213,
        25.048171284032133,
        25.058171284032134,
        25.068171284032136,
        25.078171284032138,
        25.08817128403214,
        25.09817128403214,
        25.108171284032142,
        25.118171284032144,
        25.128171284032145,
        25.138171284032147,
        25.14817128403215,
        25.15817128403215,
        25.16817128403215,
        25.178171284032153,
        25.188171284032155,
        25.198171284032156,
        25.208171284032158,
        25.21817128403216,
        25.22817128403216,
        25.238171284032163,
        25.248171284032164,
        25.258171284032166,
        25.268171284032167,
        25.27817128403217,
        25.28817128403217,
        25.298171284032172,
        25.308171284032174,
        25.318171284032175,
        25.328171284032177,
        25.338171284032178,
        25.34817128403218,
        25.35817128403218,
        25.368171284032183,
        25.378171284032184,
        25.388171284032186,
        25.398171284032188,
        25.40817128403219,
        25.41817128403219,
        25.428171284032192,
        25.438171284032194,
        25.448171284032195,
        25.458171284032197,
        25.4681712840322,
        25.4781712840322,
        25.4881712840322,
        25.498171284032203,
        25.508171284032205,
        25.518171284032206,
        25.528171284032208,
        25.53817128403221,
        25.54817128403221,
        25.558171284032213,
        25.568171284032214,
        25.578171284032216,
        25.588171284032217,
        25.59817128403222,
        25.60817128403222,
        25.618171284032222,
        25.628171284032224,
        25.638171284032225,
        25.648171284032227,
        25.65817128403223,
        25.66817128403223,
        25.67817128403223,
        25.688171284032233,
        25.698171284032234,
        25.707876208903315
    ],
    "frequency": [
        13539.238643486837,
        13315.541114517406,
        13091.843585547973,
        12907.21208324374,
        12741.2825974697,
        12658.44416969301,
        12588.142466509793,
        12517.840763326578,
        12462.172751863432,
        12416.32381500482,
        12370.474878146206,
        12339.029161982155,
        12337.093317981456,
        12335.157473980758,
        12333.221629980062,
        12331.285785979364,
        12326.246156794494,
        12305.398606017756,
        12284.55105524102,
        12263.70350446428,
        12223.450227606805,
        12178.573843954282,
        12133.697460301757,
        12088.198746598402,
        12013.346111904786,
        11938.493477211166,
        11863.64084251755,
        11790.148812480404,
        11724.49845071763,
        11652.253277211468,
        11547.43440692982,
        11442.615536648173,
        11337.796666366525,
        11194.838075406278,
        11030.400090627956,
        10865.962105849636,
        10701.524121071314,
        10537.086136292994,
        10372.648151514672,
        10208.21016673635,
        10043.77218195803,
        9861.611859380568,
        9679.089425029128,
        9496.566990677691,
        9314.044556326251,
        9122.441874478562,
        8928.015803104192,
        8733.589731729822,
        8539.16366035545,
        8362.17231427746,
        8189.435464984492,
        8016.698615691522,
        7851.35795165398,
        7695.1553667701255,
        7538.952781886271,
        7377.880903425427,
        7259.763811790894,
        7205.836728914333,
        7151.909646037774,
        7133.302533061646,
        7140.879416577614,
        7195.083048597133,
        7249.286680616653,
        7325.789333665271,
        7408.754076552295,
        7491.7188194393175,
        7585.234723320069,
        7682.026923354913,
        7819.327185931219,
        7981.705473639083,
        8181.139046044219
    ]
}