{
    "time": [
        28.32620845338771,
        28.336208453387712,
        28.346208453387714,
        28.356208453387715,
        28.366208453387717,
        28.37620845338772,
        28.38620845338772,
        28.39620845338772,
        28.406208453387723,
        28.416208453387725,
        28.426208453387726,
        28.436208453387728,
        28.44620845338773,
        28.44633984840255
    ],
    "frequency": [
        12218.244323953028,
        12350.947381977652,
        12483.650440002277,
        12599.726256130993,
        12708.610816561446,
        12835.147041808874,
        13009.591449129955,
        13237.0824057436,
        13476.018447526363,
        13775.450988710085,
        14076.121746750108,
        14347.254846080952,
        14588.356372748392,
        14591.52432661532
    ]
}