{
    "time": [
        25.77500678790024,
        25.78500678790024,
        25.795006787900242,
        25.805006787900243,
        25.815006787900245,
        25.825006787900247,
        25.835006787900248,
        25.84500678790025,
        25.85500678790025,
        25.865006787900253,
        25.875006787900254,
        25.885006787900256,
        25.895006787900257,
        25.90500678790026,
        25.91500678790026,
        25.925006787900262,
        25.935006787900264,
        25.945006787900265,
        25.955006787900267,
        25.96500678790027,
        25.97500678790027,
        25.98500678790027,
        25.995006787900273,
        26.005006787900275,
        26.015006787900276,
        26.025006787900278,
        26.03500678790028,
        26.04500678790028,
        26.055006787900282,
        26.065006787900284,
        26.075006787900286,
        26.085006787900287,
        26.09500678790029,
        26.10500678790029,
        26.115006787900292,
        26.125006787900293,
        26.135006787900295,
        26.145006787900297,
        26.155006787900298,
        26.1650067879003,
        26.1750067879003,
        26.185006787900303,
        26.195006787900304,
        26.205006787900306,
        26.215006787900307,
        26.22500678790031,
        26.23500678790031,
        26.245006787900312,
        26.255006787900314,
        26.265006787900315,
        26.275006787900317,
        26.28500678790032,
        26.29500678790032,
        26.30500678790032,
        26.315006787900323,
        26.325006787900325,
        26.335006787900326,
        26.345006787900328,
        26.35500678790033,
        26.35795812871695
    ],
    "frequency": [
        13911.654534995429,
        13681.14104704674,
        13450.627559098051,
        13260.47718076131,
        13118.36639950042,
        12976.401661804293,
        12906.14737944128,
        12873.99281948456,
        12804.008967082846,
        12778.441810034412,
        12752.874652985976,
        12726.780206936108,
        12705.61459545354,
        12730.816507401285,
        12756.01841934903,
        12781.220331296772,
        12806.422243244517,
        12834.187479980963,
        12862.500739082752,
        12890.813998184536,
        12919.127257286324,
        12947.44051638811,
        12989.053383141472,
        13057.658587888107,
        13126.263792634745,
        13194.868997381378,
        13238.336921847898,
        13269.286638274949,
        13339.209762298819,
        13423.216135457966,
        13527.319897207015,
        13644.928819629822,
        13762.537742052626,
        13891.324764297162,
        14055.35826136054,
        14219.391758423913,
        14383.425255487291,
        14561.378135093782,
        14762.551291869639,
        14963.724448645495,
        15164.897605421353,
        15368.049219411338,
        15573.110930302382,
        15778.172641193427,
        15983.234352084472,
        16179.6134995381,
        16368.627839146173,
        16557.642178754246,
        16707.08426298286,
        16838.948812366,
        16970.813361749148,
        17114.791861285394,
        17282.804607603684,
        17437.88437573251,
        17540.792182852463,
        17643.699989972418,
        17739.930840023608,
        17834.01797796185,
        17928.105115900096,
        17955.873436951722
    ]
}