{
    "time": [
        1.9795914370652572,
        1.9895914370652572,
        1.9995914370652572,
        2.0095914370652572,
        2.019591437065257,
        2.0295914370652572,
        2.0395914370652575,
        2.0495914370652573,
        2.059591437065257,
        2.0695914370652573,
        2.0795914370652575,
        2.0895914370652573,
        2.099591437065257,
        2.1095914370652573,
        2.1195914370652575,
        2.1295914370652573,
        2.139591437065257,
        2.1495914370652573,
        2.1595914370652576,
        2.1695914370652574,
        2.179591437065257,
        2.1895914370652574,
        2.1995914370652576,
        2.2095914370652574,
        2.219591437065257,
        2.2295914370652574,
        2.2395914370652577,
        2.2495914370652574,
        2.2595914370652572,
        2.2695914370652575,
        2.2795914370652577,
        2.2895914370652575,
        2.2995914370652573,
        2.3095914370652575,
        2.3195914370652577,
        2.3295914370652575,
        2.3395914370652573,
        2.3495914370652575,
        2.3595914370652578,
        2.3695914370652575,
        2.3795914370652573,
        2.3895914370652576,
        2.399591437065258,
        2.4095914370652576,
        2.4195914370652574,
        2.4295914370652576,
        2.439591437065258,
        2.4495914370652576,
        2.4595914370652574,
        2.4695914370652576,
        2.479591437065258,
        2.4895914370652577,
        2.4995914370652574,
        2.5095914370652577,
        2.519591437065258,
        2.5295914370652577,
        2.5395914370652575,
        2.5495914370652577,
        2.559591437065258,
        2.5695914370652577,
        2.5795914370652575,
        2.5895914370652577,
        2.599591437065258,
        2.6095914370652578,
        2.6195914370652575,
        2.6295914370652578,
        2.639591437065258,
        2.649591437065258,
        2.6595914370652576,
        2.669591437065258,
        2.679591437065258,
        2.689591437065258,
        2.6995914370652576,
        2.700590734534285
    ],
    "frequency": [
        15512.10157229166,
        14320.637519397995,
        13813.317227184696,
        13343.858853462138,
        13038.810896216903,
        12770.427252437206,
        12603.897162836085,
        12445.25260895743,
        12343.368314152787,
        12275.58258972833,
        12245.364579465728,
        12271.102300708917,
        12299.431685330106,
        12334.406767765784,
        12401.557901682681,
        12468.709035599572,
        12522.43367164932,
        12561.96304553935,
        12601.492419429385,
        12641.021793319414,
        12681.896100011787,
        12727.835642640744,
        12773.7751852697,
        12819.714727898654,
        12887.724559487675,
        12975.28811195317,
        13062.851664418667,
        13150.41521688416,
        13236.955534774812,
        13317.896633692495,
        13398.837732610182,
        13479.778831527863,
        13545.389761294893,
        13603.579848624904,
        13661.769935954915,
        13719.960023284924,
        13865.150066923754,
        14010.844044975584,
        14163.53077562824,
        14342.57248643415,
        14521.614197240064,
        14700.655908045985,
        14879.697618851904,
        15067.588034875575,
        15283.921517437375,
        15498.572634826374,
        15680.866066301858,
        15863.159497777333,
        16102.275960808318,
        16332.574215944489,
        16491.21876982315,
        16649.863323701808,
        16808.507877580465,
        16969.321826493917,
        17130.713472214637,
        17292.105117935345,
        17630.52447213936,
        17775.362580954177,
        17884.63306449305,
        17992.878201934334,
        18094.05457558144,
        18195.230949228542,
        18296.40732287565,
        18397.58369652275,
        18498.76007016985,
        18602.75714010538,
        18708.992332434842,
        18681.271972667804,
        18673.398471808792,
        18717.62148798426,
        18740.035339366754,
        18746.33075817146,
        18992.123420284533,
        19016.829877609096
    ]
}