{
    "time": [
        47.72925498420809,
        47.73925498420809,
        47.749254984208086,
        47.759254984208084,
        47.76925498420808,
        47.77925498420808,
        47.78925498420808,
        47.799254984208076,
        47.809254984208074,
        47.81925498420807,
        47.82925498420807,
        47.83925498420807,
        47.849254984208066,
        47.859254984208064,
        47.86925498420806,
        47.87925498420806,
        47.88925498420806,
        47.899254984208056,
        47.909254984208054,
        47.91925498420805,
        47.92925498420805,
        47.93925498420805,
        47.949254984208046,
        47.959254984208044,
        47.96925498420804,
        47.97925498420804,
        47.98925498420804,
        47.99925498420804,
        48.009254984208035,
        48.01925498420803,
        48.02925498420803,
        48.03925498420803,
        48.04925498420803,
        48.059254984208025,
        48.06925498420802,
        48.07925498420802,
        48.087791131190095
    ],
    "frequency": [
        7824.439650971459,
        7782.084741357804,
        7832.594516697016,
        7917.304335924289,
        8036.242194683663,
        8205.661833138289,
        8375.081471592914,
        8531.265398019299,
        8670.787453217185,
        8780.431779252263,
        8873.612580402278,
        8970.614087160757,
        9071.010909948676,
        9171.407732736596,
        9373.433137580636,
        9624.641567013312,
        9875.849996445988,
        10231.626873622987,
        10655.175969759446,
        11078.725065895907,
        11481.536812153969,
        11872.95459754907,
        12264.37238294417,
        12621.30347155152,
        12953.083596858403,
        13278.375561844554,
        13447.795200299177,
        13617.214838753804,
        13711.204140027306,
        13799.051359966714,
        13886.23145929567,
        13964.42513858241,
        14042.618817869148,
        14124.695944374327,
        14215.053084883428,
        14305.41022539253,
        14382.540408619108
    ]
}