{
    "time": [
        43.571486948172875,
        43.58148694817287,
        43.59148694817287,
        43.60148694817287,
        43.61148694817287,
        43.621486948172866,
        43.63148694817286,
        43.64148694817286,
        43.65148694817286,
        43.66148694817286,
        43.671486948172856,
        43.681486948172854,
        43.69148694817285,
        43.70148694817285,
        43.71148694817285,
        43.721486948172846,
        43.731486948172844,
        43.74148694817284,
        43.75148694817284,
        43.76148694817284,
        43.771486948172836,
        43.781486948172834,
        43.79148694817283,
        43.80148694817283,
        43.81148694817283,
        43.821486948172826,
        43.831486948172824,
        43.84148694817282,
        43.85148694817282,
        43.86148694817282,
        43.871486948172816,
        43.881486948172814,
        43.89148694817281,
        43.90148694817281,
        43.91148694817281,
        43.921486948172806,
        43.931486948172804,
        43.9414869481728,
        43.9514869481728,
        43.9614869481728,
        43.971486948172796,
        43.981486948172794,
        43.99148694817279,
        44.00148694817279,
        44.01148694817279,
        44.021486948172786,
        44.031486948172784,
        44.04148694817278,
        44.05148694817278,
        44.06148694817278,
        44.071486948172776,
        44.081486948172774,
        44.09148694817277,
        44.10148694817277,
        44.11148694817277,
        44.121486948172766,
        44.131486948172764,
        44.14148694817276,
        44.15148694817276,
        44.16148694817276,
        44.171486948172756,
        44.181486948172754,
        44.19148694817275,
        44.20148694817275,
        44.21148694817275,
        44.221486948172746,
        44.231486948172744,
        44.24148694817274,
        44.25148694817274,
        44.26148694817274,
        44.27027922226809
    ],
    "frequency": [
        14910.141003027898,
        14644.913467709433,
        14379.68593239097,
        14269.039091751632,
        14180.271255387437,
        14091.503419023247,
        14002.73558265905,
        13913.967746294857,
        13825.199909930665,
        13736.43207356647,
        13563.603841594493,
        13346.391635945807,
        13270.27527576403,
        13200.767369956428,
        13131.259464148825,
        13061.751558341222,
        12992.24365253362,
        12946.758945598736,
        12914.4797323754,
        12882.200519152064,
        12849.800236233099,
        12814.012412876784,
        12778.22458952047,
        12742.436766164159,
        12706.648942807842,
        12648.890169205726,
        12465.974627606753,
        12350.426448556482,
        12317.169077356684,
        12279.1271219055,
        12203.8089577177,
        12128.4907935299,
        12053.172629342098,
        11894.985351359705,
        11654.908703011055,
        11181.431009377096,
        10976.618865146274,
        10885.161094346799,
        10793.70332354732,
        10702.245552747843,
        10341.943383329326,
        9957.82074597155,
        9821.291408551724,
        9748.755935159043,
        9676.220461766363,
        9603.684988373681,
        9531.149514981,
        9458.61404158832,
        9345.021669944645,
        9207.835013745474,
        9167.3354092565,
        9133.462160812252,
        9099.588912368003,
        9065.715663923755,
        9031.842415479507,
        8952.95038276029,
        8695.205755961837,
        8437.461129163385,
        8365.37349667237,
        8322.334545707912,
        8279.295594743455,
        8248.114194297565,
        8251.772505129544,
        8255.430815961523,
        8259.089126793502,
        8262.747437625481,
        8266.40574845746,
        8324.16529835309,
        8385.137145552731,
        8446.10899275237,
        8499.717112020277
    ]
}