{
    "time": [
        29.227154576621906,
        29.237154576621908,
        29.24715457662191,
        29.25715457662191,
        29.267154576621913,
        29.277154576621914,
        29.287154576621916,
        29.297154576621917,
        29.30715457662192,
        29.31715457662192,
        29.327154576621922,
        29.337154576621923,
        29.347154576621925,
        29.357154576621927,
        29.367154576621928,
        29.37715457662193,
        29.38715457662193,
        29.397154576621933,
        29.407154576621934,
        29.417154576621936,
        29.427154576621938,
        29.43715457662194,
        29.44715457662194,
        29.457154576621942,
        29.467154576621944,
        29.477154576621945,
        29.487154576621947,
        29.49715457662195,
        29.50715457662195,
        29.51715457662195,
        29.527154576621953,
        29.537154576621955,
        29.547154576621956,
        29.557154576621958,
        29.56715457662196,
        29.57715457662196,
        29.587154576621963,
        29.597154576621964,
        29.607154576621966,
        29.617154576621967,
        29.62715457662197,
        29.63715457662197,
        29.647154576621972,
        29.657154576621974,
        29.667154576621975,
        29.677154576621977,
        29.687154576621978,
        29.69715457662198,
        29.70715457662198,
        29.717154576621983,
        29.727154576621984,
        29.737154576621986,
        29.747154576621988,
        29.75715457662199,
        29.76715457662199,
        29.777154576621992,
        29.787154576621994,
        29.797154576621995,
        29.807154576621997,
        29.817154576622,
        29.827154576622,
        29.837154576622,
        29.847154576622003,
        29.857154576622005,
        29.867154576622006,
        29.877154576622008,
        29.88715457662201,
        29.89715457662201,
        29.907154576622013,
        29.917154576622014,
        29.927154576622016,
        29.937154576622017,
        29.94715457662202,
        29.95715457662202,
        29.967154576622022,
        29.977154576622024,
        29.987154576622025,
        29.997154576622027,
        30.00715457662203,
        30.01715457662203,
        30.02715457662203,
        30.037154576622033,
        30.047154576622034,
        30.057154576622036,
        30.067154576622038,
        30.07715457662204,
        30.08715457662204,
        30.093977891392107
    ],
    "frequency": [
        13266.379294598464,
        13104.892501784494,
        12943.405708970524,
        12802.719703430661,
        12755.007696462897,
        12705.33990542445,
        12533.576680340499,
        12361.813455256548,
        12165.754102896273,
        11965.363673631662,
        11686.63557454901,
        11371.321441544656,
        11056.007308540302,
        10740.693175535946,
        10425.379042531591,
        10080.406682525372,
        9722.566630267142,
        9387.718246919198,
        9038.362779536705,
        8615.89977190726,
        8190.207373682928,
        8081.151357756636,
        8137.177618320915,
        8277.597693659112,
        9227.373302470733,
        9531.018223037867,
        9821.91572263091,
        10065.076498889593,
        10196.284518050947,
        10500.126853651109,
        10818.325332744571,
        10925.677348422041,
        11095.960477885843,
        11312.25490947304,
        11528.549341060238,
        11713.113519550798,
        11832.39353697021,
        11888.979826704754,
        11901.569253472157,
        11901.569253472157,
        11901.569253472157,
        11901.569253472157,
        11862.815225450307,
        11799.199216159945,
        11764.02376842328,
        11743.575765437095,
        11723.12776245091,
        11702.679759464725,
        11682.23175647854,
        11661.783753492356,
        11653.421973267374,
        11653.421973267374,
        11653.421973267374,
        11647.51402736191,
        11641.550026490939,
        11635.586025619968,
        11625.060550785545,
        11610.379933257002,
        11595.699315728461,
        11582.400892202086,
        11569.677690344015,
        11556.954488485944,
        11542.356114507405,
        11525.51658263643,
        11508.677050765453,
        11491.837518894476,
        11467.911187328578,
        11441.886456255252,
        11410.716830959554,
        11371.42458992728,
        11332.132348895004,
        11292.840107862727,
        11214.04331521652,
        11115.659948701297,
        11015.464734068993,
        10915.269519436686,
        10815.074304804384,
        10702.592152024468,
        10559.456131121176,
        9945.926636401115,
        9371.405804088663,
        8954.19101824219,
        8680.07391830151,
        8489.225890430453,
        8363.448179376624,
        8287.108968228189,
        8294.994318852325,
        8386.149450571058
    ]
}