{
    "time": [
        34.01507437665383,
        34.025074376653826,
        34.035074376653824,
        34.04507437665382,
        34.05507437665382,
        34.06507437665382,
        34.075074376653816,
        34.085074376653814,
        34.09507437665381,
        34.10507437665381,
        34.11507437665381,
        34.12507437665381,
        34.135074376653805,
        34.1450743766538,
        34.14565872729902
    ],
    "frequency": [
        7412.783907624914,
        7486.076052849074,
        7559.368198073233,
        7632.6603432973925,
        7704.2719796105275,
        7770.583920527638,
        7836.895861444747,
        7903.207802361857,
        7967.769170665943,
        8013.677437454709,
        8059.5857042434745,
        8105.4939710322415,
        8151.402237821007,
        8197.310504609772,
        8199.993157141666
    ]
}