{
    "time": [
        25.04096358747905,
        25.050963587479053,
        25.060963587479055,
        25.070963587479056,
        25.080963587479058,
        25.09096358747906,
        25.10096358747906,
        25.110963587479063,
        25.120963587479064,
        25.130963587479066,
        25.140963587479067,
        25.15096358747907,
        25.16096358747907,
        25.170963587479072,
        25.180963587479074,
        25.190963587479075,
        25.200963587479077,
        25.201772239738204
    ],
    "frequency": [
        13151.192008354858,
        13076.30202561987,
        13001.412042884884,
        12926.522060149899,
        12851.632077414914,
        12776.742094679928,
        12697.806016528317,
        12586.540899322046,
        12475.275782115776,
        12364.010664909507,
        12252.745547703236,
        12138.3541199936,
        12018.28051434184,
        11898.206908690081,
        11778.13330303832,
        11658.05969738656,
        11537.986091734796,
        11528.276312487607
    ]
}