{
    "time": [
        7.624120835718982,
        7.634120835718981,
        7.644120835718981,
        7.654120835718981,
        7.664120835718981,
        7.6741208357189805,
        7.68412083571898,
        7.69412083571898,
        7.70412083571898,
        7.71412083571898,
        7.7241208357189794,
        7.734120835718979,
        7.744120835718979,
        7.754120835718979,
        7.764120835718979,
        7.774120835718978,
        7.784120835718978,
        7.794120835718978,
        7.804120835718978,
        7.8141208357189775,
        7.824120835718977,
        7.834120835718977,
        7.844120835718977,
        7.854120835718977,
        7.8641208357189765,
        7.874120835718976,
        7.884120835718976,
        7.894120835718976,
        7.904120835718976,
        7.914120835718975,
        7.924120835718975,
        7.934120835718975,
        7.944120835718975,
        7.9541208357189745,
        7.964120835718974,
        7.974120835718974,
        7.984120835718974,
        7.994120835718974,
        8.004120835718973,
        8.014120835718973,
        8.024120835718973,
        8.034120835718973,
        8.044120835718973,
        8.054120835718972,
        8.064120835718972,
        8.074120835718972,
        8.084120835718972,
        8.094120835718972,
        8.104120835718971,
        8.114120835718971,
        8.124120835718971,
        8.13412083571897,
        8.142806839307976
    ],
    "frequency": [
        14262.427236528441,
        13824.313569493283,
        13386.19990245812,
        13122.082872941979,
        12938.78014328589,
        12756.6376651641,
        12699.355562146573,
        12642.073459129046,
        12584.791356111515,
        12527.50925309399,
        12491.602262822908,
        12463.545722569423,
        12435.489182315941,
        12407.432642062457,
        12379.376101808974,
        12335.735746355624,
        12286.63680091203,
        12237.537855468432,
        12187.931346186588,
        12135.944227481607,
        12083.957108776622,
        12036.858991876816,
        12018.446887335467,
        12000.034782794119,
        11974.051151820313,
        11929.862100921076,
        11885.67305002184,
        11841.483999122605,
        11733.153184157947,
        11600.963715655962,
        11468.774247153971,
        11336.584778651984,
        11197.90104497468,
        10997.041722705424,
        10796.182400436168,
        10595.323078166912,
        10397.45586067793,
        10213.868499454047,
        10030.281138230162,
        9846.693777006281,
        9670.42900028219,
        9586.25937952174,
        9502.089758761293,
        9417.920138000844,
        9333.750517240394,
        9249.580896479945,
        9165.411275719496,
        9105.405689909072,
        9050.169376285028,
        8994.933062660984,
        8939.69674903694,
        8884.460435412895,
        8836.482153574707
    ]
}