{
    "time": [
        59.227350573603644,
        59.23735057360364,
        59.24735057360364,
        59.25735057360364,
        59.267350573603636,
        59.277350573603634,
        59.28735057360363,
        59.29735057360363,
        59.30735057360363,
        59.317350573603626,
        59.327350573603624,
        59.33735057360362,
        59.34735057360362,
        59.35735057360362,
        59.367350573603616,
        59.377350573603614,
        59.38735057360361,
        59.39735057360361,
        59.40735057360361,
        59.417350573603606,
        59.427350573603604,
        59.433845234209805
    ],
    "frequency": [
        9228.003698180712,
        9011.185688393238,
        8794.367678605764,
        8577.54966881829,
        8360.731659030815,
        8143.913649243343,
        7927.095639455868,
        7710.277629668395,
        7512.392426061611,
        7326.854931227873,
        7141.317436394133,
        7066.793988730271,
        7017.50509067196,
        7011.6445337497935,
        7060.411856167262,
        7109.17917858473,
        7157.946501002198,
        7239.240839171063,
        7336.1421421564355,
        7433.043445141809,
        7645.145100623851,
        7808.403579540447
    ]
}