{
    "time": [
        39.80853987358774,
        39.81853987358774,
        39.82853987358774,
        39.838539873587735,
        39.84853987358773,
        39.85853987358773,
        39.86853987358773,
        39.87853987358773,
        39.888539873587725,
        39.89853987358772,
        39.90853987358772,
        39.91853987358772,
        39.92853987358772,
        39.938539873587715,
        39.94853987358771,
        39.95853987358771,
        39.96853987358771,
        39.97853987358771,
        39.988539873587705,
        39.9985398735877,
        40.0085398735877,
        40.0185398735877,
        40.0285398735877,
        40.038539873587695,
        40.04853987358769,
        40.05853987358769,
        40.06853987358769,
        40.07853987358769,
        40.088539873587685,
        40.09853987358768,
        40.10853987358768,
        40.11853987358768,
        40.12853987358768,
        40.138539873587675,
        40.14435334130015
    ],
    "frequency": [
        13057.712370943347,
        12973.66094880008,
        12866.16179037288,
        12812.48819161445,
        12879.347277410227,
        12685.981207719955,
        12492.441748837495,
        12306.15895329598,
        12123.04692648393,
        11939.934899671878,
        11756.822872859828,
        11508.309265057618,
        11180.755928764123,
        10834.521095717588,
        10340.175114882042,
        9745.665055820093,
        9151.154996758145,
        8556.644937696195,
        7962.134878634246,
        7389.197722884452,
        6832.357051185484,
        6322.752027131153,
        6084.974977646991,
        5847.197928162826,
        5701.0356043688125,
        5621.511212558629,
        5677.545493987452,
        5740.870659623041,
        5813.102350527409,
        5902.092114788325,
        6007.156392467367,
        6112.220670146408,
        6217.28494782545,
        6300.7955224956895,
        6345.216452388222
    ]
}