{
    "time": [
        54.55439230915409,
        54.56439230915409,
        54.574392309154085,
        54.58439230915408,
        54.59439230915408,
        54.60439230915408,
        54.61439230915408,
        54.624392309154075,
        54.63439230915407,
        54.64439230915407,
        54.65439230915407,
        54.66439230915407,
        54.674392309154065,
        54.68439230915406,
        54.69439230915406,
        54.70439230915406,
        54.71439230915406,
        54.724392309154055,
        54.73439230915405,
        54.74439230915405,
        54.75439230915405,
        54.76439230915405,
        54.774392309154045,
        54.78439230915404,
        54.79439230915404,
        54.80439230915404,
        54.81439230915404,
        54.824392309154035,
        54.831611491823814
    ],
    "frequency": [
        9705.10227239949,
        9575.975535050513,
        9446.848797701536,
        9386.856995584361,
        9338.824344493207,
        9290.79169340205,
        9242.759042310894,
        9201.541045768505,
        9172.314829496107,
        9143.08861322371,
        9113.862396951314,
        9084.636180678917,
        9056.339171823383,
        9037.291741218269,
        9018.244310613154,
        8999.19688000804,
        8980.149449402923,
        8961.102018797807,
        8946.958653313282,
        8939.322125835655,
        8931.68559835803,
        8924.049070880405,
        8916.412543402777,
        8908.77601592515,
        8912.542485581522,
        8935.088423848798,
        8957.634362116072,
        8980.180300383347,
        8996.456625064651
    ]
}