{
    "time": [
        53.0061272220374,
        53.0161272220374,
        53.026127222037395,
        53.03612722203739,
        53.04612722203739,
        53.05612722203739,
        53.06612722203739,
        53.076127222037385,
        53.08612722203738,
        53.09612722203738,
        53.10612722203738,
        53.11612722203738,
        53.126127222037375,
        53.13612722203737,
        53.14612722203737,
        53.15612722203737,
        53.16612722203737,
        53.176127222037366,
        53.18612722203736,
        53.19612722203736,
        53.20612722203736,
        53.21612722203736,
        53.226127222037356,
        53.236127222037354,
        53.24612722203735,
        53.25612722203735,
        53.26612722203735,
        53.276127222037346,
        53.286127222037344,
        53.29612722203734,
        53.30612722203734,
        53.31612722203734,
        53.326127222037336,
        53.336127222037334,
        53.34612722203733,
        53.35612722203733,
        53.36612722203733,
        53.376127222037326,
        53.386127222037324,
        53.39612722203732,
        53.40612722203732,
        53.41612722203732,
        53.426127222037316,
        53.436127222037314,
        53.44612722203731,
        53.45612722203731,
        53.46612722203731,
        53.476127222037306,
        53.486127222037304,
        53.4961272220373,
        53.5061272220373,
        53.5161272220373,
        53.526127222037296,
        53.536127222037294,
        53.536171994366406
    ],
    "frequency": [
        10223.607884135194,
        9818.239052896726,
        9524.0357607248,
        9407.046830393894,
        9290.057900062984,
        9207.211334314296,
        9179.989533350872,
        9152.767732387449,
        9125.545931424025,
        9098.324130460602,
        9089.561392745674,
        9086.605882926788,
        9083.6503731079,
        9080.694863289014,
        9077.73935347013,
        9074.783843651243,
        9084.345738258358,
        9099.739018565057,
        9115.132298871755,
        9130.525579178453,
        9145.918859485151,
        9161.312139791851,
        9183.692501889182,
        9207.336580440271,
        9230.98065899136,
        9254.62473754245,
        9278.26881609354,
        9301.912894644627,
        9322.200075967303,
        9341.475140003517,
        9360.750204039728,
        9380.025268075944,
        9399.300332112156,
        9415.180546886826,
        9415.180546886826,
        9415.180546886826,
        9415.180546886826,
        9414.927851865703,
        9409.01683222793,
        9403.105812590158,
        9397.194792952385,
        9391.283773314612,
        9385.372753676838,
        9379.461734039067,
        9365.89170408453,
        9352.0377518085,
        9338.183799532473,
        9325.792808231972,
        9331.703827869746,
        9337.614847507517,
        9343.52586714529,
        9349.436886783062,
        9355.347906420835,
        9361.258926058606,
        9361.285391070267
    ]
}