{
    "time": [
        0.13038607686393444,
        0.14038607686393445,
        0.15038607686393446,
        0.16038607686393447,
        0.17038607686393448,
        0.18038607686393449,
        0.1903860768639345,
        0.2003860768639345,
        0.2103860768639345,
        0.22038607686393452,
        0.23038607686393453,
        0.24038607686393454,
        0.25038607686393455,
        0.26038607686393456,
        0.27038607686393457,
        0.2803860768639346,
        0.2903860768639346,
        0.3003860768639346,
        0.3103860768639346,
        0.3203860768639346,
        0.3303860768639346,
        0.34038607686393463,
        0.35038607686393464,
        0.36038607686393465,
        0.37038607686393465,
        0.38038607686393466,
        0.3903860768639347,
        0.4003860768639347,
        0.4103860768639347,
        0.4203860768639347,
        0.4303860768639347,
        0.4403860768639347,
        0.4503860768639347,
        0.46038607686393473,
        0.47038607686393474,
        0.48038607686393475,
        0.49038607686393476,
        0.5003860768639348,
        0.5103860768639348,
        0.5203860768639348,
        0.5303860768639348,
        0.5403860768639348,
        0.5503860768639348,
        0.5603860768639348,
        0.5703860768639348,
        0.5803860768639348,
        0.5903860768639348,
        0.6003860768639349,
        0.6103860768639349,
        0.6203860768639349,
        0.6303860768639349,
        0.6403860768639349,
        0.6503860768639349,
        0.6603860768639349,
        0.6703860768639349,
        0.6803860768639349,
        0.6903860768639349,
        0.700386076863935,
        0.710386076863935,
        0.720386076863935,
        0.730386076863935,
        0.7392958361507573
    ],
    "frequency": [
        14315.519395349962,
        14311.559405385713,
        14307.599415421464,
        14303.639425457217,
        14292.370823274641,
        14276.28336404488,
        14260.195904815118,
        14244.108445585356,
        14208.395519623233,
        14145.724374102068,
        14083.05322858091,
        14005.051717782768,
        13905.52397001464,
        13805.996222246515,
        13706.468474478384,
        13542.303743509185,
        13312.440140003004,
        13082.576536496821,
        12852.712932990642,
        12622.84932948446,
        12392.98572597828,
        12056.174046164508,
        11720.64534697617,
        11421.418605302595,
        11122.191863629023,
        10822.965121955449,
        10531.281010021961,
        10291.041618857515,
        10050.80222769307,
        9854.475698359212,
        9728.636017273075,
        9605.164154427699,
        9553.68428489246,
        9502.20441535722,
        9459.934440368197,
        9422.001904921179,
        9372.51782586123,
        9275.993070482658,
        9185.129898621186,
        9141.778429538881,
        9098.426960456574,
        9071.413624161753,
        9054.253667650008,
        9037.093711138261,
        9019.933754626516,
        9002.773798114771,
        8985.613841603023,
        8968.453885091276,
        8951.29392857953,
        8934.133972067782,
        8913.567980806087,
        8880.620864303535,
        8847.673747800984,
        8814.726631298432,
        8739.761905470938,
        8662.54210116808,
        8585.322296865223,
        8477.515705717375,
        8362.675996754151,
        8247.836287790928,
        8116.535004515525,
        7978.933030812726
    ]
}