{
    "time": [
        2.227160066550166,
        2.2371600665501656,
        2.2471600665501654,
        2.257160066550165,
        2.267160066550165,
        2.277160066550165,
        2.2871600665501646,
        2.2971600665501644,
        2.307160066550164,
        2.317160066550164,
        2.3271600665501637,
        2.3371600665501635,
        2.3471600665501633,
        2.357160066550163,
        2.367160066550163,
        2.3771600665501627,
        2.3871600665501624,
        2.3971600665501622,
        2.407160066550162,
        2.417160066550162,
        2.4271600665501616,
        2.4371600665501614,
        2.447160066550161,
        2.457160066550161,
        2.4671600665501607,
        2.4771600665501605,
        2.4871600665501603,
        2.49716006655016,
        2.50716006655016,
        2.509392761807681
    ],
    "frequency": [
        9171.930650135822,
        9193.516540652392,
        9215.102431168962,
        9236.688321685533,
        9198.606659316367,
        9157.593467334882,
        9139.046378220914,
        9139.046378220915,
        9155.0277746176,
        9180.661019606026,
        9179.939149151549,
        9167.876445627582,
        9155.813742103617,
        9143.751038579652,
        9131.688335055685,
        9121.731201186914,
        9118.195581188511,
        9114.659961190107,
        9111.124341191704,
        9107.5887211933,
        9101.45740259661,
        9093.570250292478,
        9085.683097988345,
        9077.795945684215,
        9071.767574627538,
        9068.231954629135,
        9064.696334630731,
        9061.160714632328,
        9057.625094633926,
        9056.83569843364
    ]
}