{
    "time": [
        53.58020746631405,
        53.59020746631405,
        53.600207466314046,
        53.610207466314044,
        53.62020746631404,
        53.63020746631404,
        53.64020746631404,
        53.650207466314036,
        53.660207466314034,
        53.67020746631403,
        53.68020746631403,
        53.69020746631403,
        53.700207466314026,
        53.710207466314024,
        53.72020746631402,
        53.73020746631402,
        53.74020746631402,
        53.750207466314016,
        53.760207466314014,
        53.77020746631401,
        53.78020746631401,
        53.79020746631401,
        53.800207466314006,
        53.810207466314004,
        53.820207466314,
        53.830207466314,
        53.840207466314,
        53.850207466314,
        53.860207466313994,
        53.87020746631399,
        53.88020746631399,
        53.89020746631399,
        53.90020746631399,
        53.910207466313985,
        53.92020746631398,
        53.93020746631398,
        53.94020746631398,
        53.95020746631398,
        53.960207466313975,
        53.97020746631397,
        53.98020746631397,
        53.99020746631397,
        54.00020746631397,
        54.00514721929667
    ],
    "frequency": [
        9691.73515111558,
        9785.085550045842,
        9878.435948976105,
        9971.786347906367,
        10065.136746836632,
        10162.877632654068,
        10262.18299863199,
        10361.488364609908,
        10460.79373058783,
        10560.09909656575,
        10659.40446254367,
        10758.70982852159,
        10865.07721951279,
        10974.811566010398,
        11084.545912508005,
        11194.28025900561,
        11304.395702156582,
        11439.87020400547,
        11575.34470585436,
        11728.78473390932,
        11946.898681886025,
        12186.24984857078,
        12501.22806536949,
        12849.87664412149,
        13259.8862394231,
        13654.985270459381,
        13898.839373787383,
        14142.693477115383,
        14386.547580443388,
        14630.40168377139,
        14874.255787099391,
        15116.562603146744,
        15357.290371816707,
        15598.018140486674,
        15838.745909156638,
        16079.473677826601,
        16308.956682840593,
        16512.16843561393,
        16715.380188387262,
        16945.132221716405,
        17201.179030210842,
        17457.22583870527,
        17713.27264719971,
        17839.753445796865
    ]
}