{
    "time": [
        1.0980363227460754,
        1.1080363227460754,
        1.1180363227460755,
        1.1280363227460755,
        1.1380363227460755,
        1.1480363227460755,
        1.1580363227460755,
        1.1680363227460755,
        1.1780363227460755,
        1.1880363227460755,
        1.1980363227460755,
        1.2080363227460755,
        1.2180363227460755,
        1.2280363227460755,
        1.2380363227460756,
        1.2480363227460756,
        1.2580363227460756,
        1.2680363227460756,
        1.2780363227460756,
        1.2880363227460756,
        1.2980363227460756,
        1.3080363227460756,
        1.3180363227460756,
        1.3280363227460756,
        1.3380363227460756,
        1.3480363227460757,
        1.3580363227460757,
        1.3680363227460757,
        1.3780363227460757,
        1.3880363227460757,
        1.3980363227460757,
        1.4080363227460757,
        1.4148860543408883
    ],
    "frequency": [
        12916.134417927922,
        12933.463761705367,
        12950.793105482811,
        12968.122449260256,
        12985.4517930377,
        12998.022465041076,
        12999.46213360105,
        13000.90180216102,
        13002.341470720992,
        13003.781139280965,
        13005.220807840939,
        13006.660476400912,
        13008.100144960885,
        13009.539813520856,
        13010.979482080827,
        13012.4191506408,
        13013.858819200772,
        13014.905210236511,
        13015.944970863156,
        13016.984731489805,
        13018.024492116452,
        13019.064252743097,
        13020.104013369744,
        13021.143773996391,
        13022.183534623038,
        13023.223295249685,
        13024.26305587633,
        13025.30281650298,
        13026.342577129626,
        13027.382337756273,
        13028.422098382918,
        13029.461859009565,
        13030.174067131104
    ]
}