{
    "time": [
        50.6871459305916,
        50.697145930591596,
        50.707145930591594,
        50.71714593059159,
        50.72714593059159,
        50.73714593059159,
        50.747145930591586,
        50.757145930591584,
        50.76714593059158,
        50.77714593059158,
        50.78714593059158,
        50.797145930591576,
        50.807145930591574,
        50.81714593059157,
        50.82714593059157,
        50.83714593059157,
        50.847145930591566,
        50.857145930591564,
        50.86714593059156,
        50.87714593059156,
        50.88714593059156,
        50.897145930591556,
        50.907145930591554,
        50.91714593059155,
        50.92714593059155,
        50.93714593059155,
        50.947145930591546,
        50.957145930591544,
        50.96714593059154,
        50.97714593059154,
        50.98714593059154,
        50.997145930591536,
        51.007145930591534,
        51.01714593059153,
        51.02714593059153,
        51.03714593059153,
        51.047145930591526,
        51.057145930591524,
        51.06714593059152,
        51.07714593059152,
        51.08714593059152,
        51.097145930591516,
        51.107145930591514,
        51.11714593059151,
        51.12714593059151,
        51.13714593059151,
        51.147145930591506,
        51.157145930591504,
        51.1671459305915,
        51.1771459305915,
        51.1871459305915,
        51.197145930591496,
        51.207145930591494,
        51.21714593059149,
        51.22714593059149,
        51.2309824437711
    ],
    "frequency": [
        7471.86673784935,
        7482.759856277288,
        7493.652974705226,
        7504.546093133164,
        7518.669543671669,
        7551.506770237042,
        7584.343996802414,
        7617.1812233677865,
        7625.752805555215,
        7625.752805555216,
        7625.752805555216,
        7625.752805555216,
        7625.752805555216,
        7625.752805555215,
        7610.687041409731,
        7569.6405082030105,
        7528.593974996291,
        7487.547441789571,
        7446.500908582851,
        7405.45437537613,
        7364.40784216941,
        7290.925604978885,
        7190.965224110752,
        7091.004843242619,
        6991.044462374487,
        6891.084081506356,
        6741.398899200246,
        6544.3755398079675,
        6347.352180415689,
        6157.73201862371,
        6031.855983456435,
        5905.979948289159,
        5780.103913121883,
        5782.349961579582,
        5785.605376282183,
        5788.860790984785,
        5792.116205687387,
        5823.721829713368,
        5867.778442021916,
        5911.835054330464,
        5955.891666639012,
        5999.261800942434,
        6040.564874981694,
        6081.867949020954,
        6111.281301312465,
        6139.048073775835,
        6166.814846239205,
        6194.581618702576,
        6222.348391165945,
        6281.053614715066,
        6345.6478959193355,
        6411.177078938322,
        6513.793411955112,
        6616.409744971901,
        6719.026077988692,
        6758.394969394884
    ]
}