{
    "time": [
        4.6370023921683385,
        4.647002392168338,
        4.657002392168338,
        4.667002392168338,
        4.677002392168338,
        4.6870023921683375,
        4.697002392168337,
        4.707002392168337,
        4.717002392168337,
        4.727002392168337,
        4.737002392168336,
        4.747002392168336,
        4.757002392168336,
        4.767002392168336,
        4.775728296078278
    ],
    "frequency": [
        10887.881367436812,
        11002.315618962246,
        11116.749870487678,
        11183.549011523826,
        11238.490456148254,
        11293.43190077268,
        11346.708780347986,
        11380.518900116867,
        11414.329019885747,
        11448.139139654624,
        11453.293914702135,
        11406.80500001993,
        11360.316085337723,
        11256.748148940398,
        11139.558117137549
    ]
}