{
    "time": [
        9.94425913267822,
        9.954259132678219,
        9.964259132678219,
        9.974259132678219,
        9.984259132678218,
        9.994259132678218,
        10.004259132678218,
        10.014259132678218,
        10.024259132678218,
        10.034259132678217,
        10.044259132678217,
        10.054259132678217,
        10.064259132678217,
        10.074259132678216,
        10.084259132678216,
        10.094259132678216,
        10.104259132678216,
        10.114259132678216,
        10.124259132678215,
        10.134259132678215,
        10.144259132678215,
        10.154259132678215,
        10.160569050678406
    ],
    "frequency": [
        9213.517552788513,
        9254.183789742929,
        9294.850026697342,
        9334.689793982403,
        9325.007356612306,
        9315.324919242208,
        9305.642481872108,
        9295.96004450201,
        9286.277607131911,
        9276.595169761813,
        9234.697298384584,
        9182.11164715043,
        9129.525995916276,
        9076.940344682122,
        9009.679057132025,
        8922.537120801138,
        8835.39518447025,
        8769.195278708956,
        8753.791401074708,
        8738.38752344046,
        8722.983645806213,
        8707.579768171967,
        8697.860047696258
    ]
}