{
    "time": [
        47.81762549765269,
        47.82762549765269,
        47.83762549765269,
        47.847625497652686,
        47.857625497652684,
        47.86762549765268,
        47.87762549765268,
        47.88762549765268,
        47.897625497652676,
        47.907625497652674,
        47.91762549765267,
        47.92762549765267,
        47.93762549765267,
        47.947625497652666,
        47.957625497652664,
        47.96762549765266,
        47.97762549765266,
        47.98762549765266,
        47.997625497652656,
        48.007625497652654,
        48.01762549765265,
        48.02762549765265,
        48.03762549765265,
        48.047625497652646,
        48.05677441094763
    ],
    "frequency": [
        12263.079492637318,
        12514.429470347928,
        12731.777305473419,
        12918.748830990391,
        13006.721323189091,
        13094.693815387789,
        13196.021355840265,
        13497.641329092812,
        13548.21356845068,
        13573.348566221735,
        13598.483563992791,
        13629.447194092725,
        13667.696103744336,
        13705.94501339595,
        13744.193923047562,
        13822.998388233653,
        13923.538379317879,
        14024.078370402101,
        14153.006766196808,
        14404.927993856703,
        14656.8492215166,
        14908.770449176498,
        15187.071199368253,
        15486.177672843784,
        15759.827592023501
    ]
}