{
    "time": [
        32.059416381144814,
        32.06941638114481,
        32.07941638114481,
        32.08941638114481,
        32.099416381144806,
        32.109416381144804,
        32.1194163811448,
        32.1294163811448,
        32.1394163811448,
        32.149416381144796,
        32.159416381144794,
        32.16941638114479,
        32.17941638114479,
        32.18941638114479,
        32.199416381144786,
        32.209416381144784,
        32.21941638114478,
        32.22941638114478,
        32.23941638114478,
        32.249416381144776,
        32.259416381144774,
        32.26941638114477,
        32.27941638114477,
        32.28941638114477,
        32.299416381144766,
        32.309416381144764,
        32.31941638114476,
        32.32941638114476,
        32.33941638114476,
        32.349416381144756,
        32.359416381144754,
        32.36941638114475,
        32.37941638114475,
        32.38941638114475,
        32.399416381144746,
        32.409416381144744,
        32.41941638114474,
        32.42941638114474,
        32.43941638114474,
        32.44941638114474,
        32.459416381144734,
        32.46941638114473,
        32.47941638114473,
        32.48941638114473,
        32.49941638114473,
        32.509416381144725,
        32.51941638114472,
        32.52941638114472,
        32.53941638114472,
        32.54941638114472,
        32.559416381144715,
        32.56941638114471,
        32.57941638114471,
        32.58941638114471,
        32.59941638114471,
        32.609416381144705,
        32.6194163811447,
        32.6294163811447,
        32.6394163811447,
        32.6494163811447,
        32.659416381144695,
        32.66941638114469,
        32.67941638114469,
        32.68941638114469,
        32.69941638114469,
        32.706100579593326
    ],
    "frequency": [
        11227.68054649845,
        11220.055585187745,
        11212.430623877039,
        11204.805662566334,
        11197.180701255627,
        11189.555739944923,
        11181.930778634216,
        11173.494791531619,
        11164.433243307303,
        11155.371695082984,
        11146.310146858665,
        11140.046650786575,
        11133.91677992895,
        11141.133219148658,
        11181.658476485194,
        11222.183733821734,
        11311.255567298203,
        11457.146493709679,
        11618.748658545715,
        11912.425198724748,
        12206.101738903777,
        12499.778279082806,
        12805.829836414106,
        13118.453250153078,
        13385.581990528082,
        13545.901689881386,
        13686.984965240317,
        13772.803157247075,
        13858.621349253835,
        13917.461067707829,
        13957.540992546163,
        13997.620917384495,
        14037.700842222828,
        14086.4645717446,
        14143.610787159243,
        14200.757002573886,
        14257.90321798853,
        14315.049433403174,
        14382.748718907887,
        14456.307169199405,
        14529.865619490924,
        14603.42406978244,
        14676.982520073956,
        14754.017809591549,
        14838.927872582375,
        14923.837935573201,
        15008.747998564028,
        15094.02714915756,
        15184.340579793257,
        15274.654010428952,
        15364.967441064648,
        15455.280871700345,
        15545.594302336038,
        15635.907732971737,
        15726.221163607433,
        15816.534594243129,
        15906.848024878826,
        15996.515788014623,
        16085.83676336861,
        16175.157738722599,
        16454.394782945878,
        16670.811980870287,
        16751.685164361974,
        16931.154161138067,
        17110.62315791416,
        17230.583796897135
    ]
}