{
    "time": [
        48.07491674230104,
        48.08491674230104,
        48.09491674230104,
        48.104916742301036,
        48.114916742301034,
        48.12491674230103,
        48.13491674230103,
        48.14491674230103,
        48.154916742301026,
        48.164916742301024,
        48.17491674230102,
        48.18491674230102,
        48.19491674230102,
        48.204916742301016,
        48.214916742301014,
        48.22491674230101,
        48.23491674230101,
        48.24491674230101,
        48.254916742301006,
        48.264916742301004,
        48.274916742301,
        48.284916742301,
        48.294916742301,
        48.297572627092876
    ],
    "frequency": [
        12901.489934019031,
        12937.713901394969,
        12973.937868770907,
        13006.193212779095,
        13022.188211360673,
        13038.183209942255,
        13054.178208523834,
        13050.235230217655,
        13031.110775391855,
        13011.986320566051,
        12992.861865740248,
        12953.005521576968,
        12907.106829995035,
        12861.2081384131,
        12815.309446831165,
        12753.308704632855,
        12690.994855992116,
        12628.681007351375,
        12566.62841338293,
        12515.875052499065,
        12465.121691615197,
        12414.36833073133,
        12363.614969847462,
        12350.135461916645
    ]
}