{
    "time": [
        45.63062798977375,
        45.64062798977375,
        45.650627989773746,
        45.660627989773744,
        45.67062798977374,
        45.68062798977374,
        45.69062798977374,
        45.700627989773736,
        45.710627989773734,
        45.72062798977373,
        45.73062798977373,
        45.74062798977373,
        45.750627989773726,
        45.760627989773724,
        45.77062798977372,
        45.78062798977372,
        45.7815489903952
    ],
    "frequency": [
        11896.064580593847,
        11781.428266803181,
        11666.791953012515,
        11552.15563922185,
        11437.519325431183,
        11322.883011640517,
        11208.24669784985,
        11116.724582354705,
        11037.900274029213,
        10959.075965703718,
        10880.251657378223,
        10801.427349052727,
        10722.603040727234,
        10643.778732401739,
        10564.954424076244,
        10486.130115750748,
        10478.870392055185
    ]
}