{
    "time": [
        19.125449940008,
        19.135449940008,
        19.145449940008003,
        19.155449940008005,
        19.165449940008006,
        19.175449940008008,
        19.18544994000801,
        19.19544994000801,
        19.205449940008013,
        19.215449940008014,
        19.225449940008016,
        19.235449940008017,
        19.24544994000802,
        19.25544994000802,
        19.265449940008022,
        19.275449940008023,
        19.285449940008025,
        19.295449940008027,
        19.305449940008028,
        19.31544994000803,
        19.32544994000803,
        19.333422210371953
    ],
    "frequency": [
        7858.526105656669,
        7827.810456627977,
        7797.0948075992865,
        7753.598343253816,
        7690.958320035612,
        7628.318296817406,
        7547.423959905702,
        7461.985800321394,
        7383.111708540554,
        7330.324127599137,
        7277.536546657719,
        7247.576368837317,
        7232.746746399624,
        7217.847290973535,
        7162.724034270794,
        7107.600777568054,
        7045.711710486325,
        6973.761416763518,
        6901.811123040714,
        6841.301302477827,
        6783.608358675647,
        6737.6139840675005
    ]
}