{
    "time": [
        35.375539587483416,
        35.385539587483414,
        35.39553958748341,
        35.40553958748341,
        35.41553958748341,
        35.42553958748341,
        35.435539587483404,
        35.4455395874834,
        35.4555395874834,
        35.4655395874834,
        35.4755395874834,
        35.485539587483395,
        35.49553958748339,
        35.50553958748339,
        35.51553958748339,
        35.52553958748339,
        35.535539587483385,
        35.54553958748338,
        35.55553958748338,
        35.56553958748338,
        35.57553958748338,
        35.585539587483375,
        35.59553958748337,
        35.60553958748337,
        35.61553958748337,
        35.62553958748337,
        35.635539587483365,
        35.64553958748336,
        35.65553958748336,
        35.66553958748336,
        35.67553958748336,
        35.685539587483355,
        35.69553958748335,
        35.70553958748335,
        35.71553958748335,
        35.72553958748335,
        35.735539587483345,
        35.74553958748334,
        35.75553958748334,
        35.76553958748334,
        35.77553958748334,
        35.785539587483335,
        35.79553958748333,
        35.80553958748333,
        35.81553958748333,
        35.82553958748333,
        35.835539587483325,
        35.84553958748332,
        35.85553958748332,
        35.86553958748332,
        35.87553958748332,
        35.885539587483315,
        35.89553958748331,
        35.90553958748331,
        35.91553958748331,
        35.92553958748331,
        35.92730910717886
    ],
    "frequency": [
        13693.703285534146,
        13575.881869751622,
        13493.721009028137,
        13488.523005390674,
        13483.325001753212,
        13470.587870530935,
        13410.33828291488,
        13350.088695298822,
        13289.839107682767,
        13229.771907274862,
        13177.791870900224,
        13125.811834525586,
        13073.831798150946,
        13017.473137566318,
        12960.295097554224,
        12903.117057542135,
        12753.700246853721,
        12557.331220549513,
        12399.423547058977,
        12267.423489663197,
        12195.123984523929,
        12115.273344782743,
        12011.313272033465,
        11907.353199284185,
        11800.845495690854,
        11653.568725962727,
        11506.291956234603,
        11359.015186506478,
        11242.853283583267,
        11140.534685666877,
        11038.216087750487,
        10933.243952919292,
        10811.740617893582,
        10690.237282867873,
        10576.667980916653,
        10509.631658143848,
        10442.595335371045,
        10375.559012598242,
        10308.522689825437,
        10241.486367052632,
        10199.86426206169,
        10168.052479800417,
        10136.240697539142,
        10104.42891527787,
        10072.054501747289,
        10027.87147082885,
        9983.688439910413,
        9939.505408991974,
        9895.322378073535,
        9847.475659191152,
        9783.20943240069,
        9718.94320561023,
        9654.676978819769,
        9589.280499685283,
        9508.278276334822,
        9427.276052984362,
        9412.94255002416
    ]
}