{
    "time": [
        0.8090349858114158,
        0.8190349858114158,
        0.8290349858114158,
        0.8390349858114158,
        0.8490349858114158,
        0.8590349858114158,
        0.8690349858114158,
        0.8790349858114158,
        0.8890349858114158,
        0.8990349858114158,
        0.9090349858114158,
        0.9190349858114158,
        0.9290349858114159,
        0.9390349858114159,
        0.9490349858114159,
        0.9590349858114159,
        0.9690349858114159,
        0.9790349858114159,
        0.9890349858114159,
        0.9990349858114159,
        1.0090349858114158,
        1.019034985811416,
        1.0290349858114158,
        1.039034985811416,
        1.0490349858114159,
        1.059034985811416,
        1.0690349858114159,
        1.079034985811416,
        1.089034985811416,
        1.0990349858114161,
        1.109034985811416,
        1.1190349858114161,
        1.129034985811416,
        1.1390349858114162,
        1.149034985811416,
        1.1575367939317376
    ],
    "frequency": [
        10818.417794809688,
        10790.302675256262,
        10762.187555702836,
        10732.116935708473,
        10699.978562299311,
        10667.840188890148,
        10637.56556304273,
        10607.344430204555,
        10579.702487078373,
        10555.110948279427,
        10530.51940948048,
        10516.78276200398,
        10503.68763845137,
        10490.912143947546,
        10478.559916347498,
        10466.207688747452,
        10457.091411917068,
        10448.270737091021,
        10446.256354069641,
        10454.35217852352,
        10462.448002977397,
        10468.015569155614,
        10473.265524480072,
        10476.971812192456,
        10478.099222615481,
        10479.226633038505,
        10501.7188156835,
        10527.674699725643,
        10565.553190011637,
        10625.913354447606,
        10686.273518883574,
        10732.752222947285,
        10776.439838037091,
        10827.798466021743,
        10895.560067966464,
        10953.169681732428
    ]
}