{
    "time": [
        44.70346784938972,
        44.713467849389716,
        44.72346784938971,
        44.73346784938971,
        44.74346784938971,
        44.75346784938971,
        44.763467849389706,
        44.773467849389704,
        44.7834678493897,
        44.7934678493897,
        44.8034678493897,
        44.813467849389696,
        44.823467849389694,
        44.83346784938969,
        44.84346784938969,
        44.85346784938969,
        44.863467849389686,
        44.873467849389684,
        44.88346784938968,
        44.89346784938968,
        44.90346784938968,
        44.913467849389676,
        44.923467849389674,
        44.93346784938967,
        44.94346784938967,
        44.95346784938967,
        44.963467849389666,
        44.973467849389664,
        44.98346784938966,
        44.99346784938966,
        45.00346784938966,
        45.013467849389656,
        45.023467849389654,
        45.03346784938965,
        45.04346784938965,
        45.05346784938965,
        45.063467849389646,
        45.073467849389644,
        45.08346784938964,
        45.09346784938964,
        45.10346784938964,
        45.113467849389636,
        45.123467849389634,
        45.13346784938963,
        45.14346784938963,
        45.15015715780902
    ],
    "frequency": [
        12377.222693558611,
        12280.416591155214,
        12183.610488751816,
        12086.804386348418,
        12004.85499447901,
        11976.650209004334,
        11948.445423529658,
        11920.24063805498,
        11912.873135175138,
        11910.738718977052,
        11908.604302778967,
        11906.469886580884,
        11908.05092966447,
        11919.019457349066,
        11929.987985033662,
        11940.956512718256,
        11951.925040402853,
        11947.434532173807,
        11941.031283579558,
        11934.628034985306,
        11928.224786391056,
        11913.874865191317,
        11886.234175426132,
        11858.593485660946,
        11830.952795895762,
        11803.31210613058,
        11769.250140630105,
        11728.566874309061,
        11687.883607988017,
        11647.200341666969,
        11586.097672257289,
        11501.483315833277,
        11416.868959409265,
        11333.594613320027,
        11277.185042370675,
        11220.775471421322,
        11164.365900471968,
        11103.307464369635,
        11039.521257219216,
        10975.735050068793,
        10896.296300760185,
        10798.260356765459,
        10700.224412770727,
        10602.188468776001,
        10504.92145381005,
        10439.902693805125
    ]
}