{
    "time": [
        51.92475957791483,
        51.934759577914825,
        51.94475957791482,
        51.95475957791482,
        51.96475957791482,
        51.97475957791482,
        51.984759577914815,
        51.99475957791481,
        52.00475957791481,
        52.01475957791481,
        52.02475957791481,
        52.034759577914805,
        52.0447595779148,
        52.0547595779148,
        52.0647595779148,
        52.0747595779148,
        52.084759577914795,
        52.09475957791479,
        52.10475957791479,
        52.11475957791479,
        52.12475957791479,
        52.134759577914785,
        52.14475957791478,
        52.15475957791478,
        52.16475957791478,
        52.17475957791478,
        52.184759577914775,
        52.19475957791477,
        52.20475957791477,
        52.21475957791477,
        52.22309527600676
    ],
    "frequency": [
        14603.835540676882,
        14866.550184297492,
        15058.113542633047,
        15162.246189244082,
        15207.079176588893,
        15213.141822210902,
        15212.525206658467,
        15199.05266083177,
        15135.806873447276,
        15060.0238031721,
        14945.246287191625,
        14816.860850490177,
        14688.475413788728,
        14531.534818532797,
        14368.601217441195,
        14201.848804121417,
        13993.024343807647,
        13784.199883493879,
        13575.37542318011,
        13338.46606208482,
        13101.471733224302,
        12864.477404363783,
        12630.33430095586,
        12406.0164129414,
        12181.698524926944,
        11957.380636912485,
        11566.961577888638,
        11223.32493340995,
        10992.767242049245,
        10827.629871011679,
        10726.557103923999
    ]
}