{
    "time": [
        15.822036317224423,
        15.832036317224423,
        15.842036317224423,
        15.852036317224423,
        15.862036317224423,
        15.872036317224422,
        15.882036317224422,
        15.892036317224422,
        15.902036317224422,
        15.912036317224421,
        15.922036317224421,
        15.932036317224421,
        15.94203631722442,
        15.95203631722442,
        15.96203631722442,
        15.97203631722442,
        15.98203631722442,
        15.99203631722442,
        16.00203631722442,
        16.01203631722442,
        16.01556768026269
    ],
    "frequency": [
        10417.681764925434,
        10425.696199957338,
        10433.71063498924,
        10426.7738272159,
        10417.19135054732,
        10407.608873878742,
        10398.02639721016,
        10385.33907692967,
        10366.972663314893,
        10348.474058745816,
        10312.79074086568,
        10277.10742298554,
        10241.4241051054,
        10205.74078722526,
        10185.684640406378,
        10167.318226791602,
        10204.153470484085,
        10270.872375333878,
        10314.951768009345,
        10298.490380094585,
        10279.811139529364
    ]
}