{
    "time": [
        21.76654624003837,
        21.77654624003837,
        21.786546240038373,
        21.796546240038374,
        21.806546240038376,
        21.816546240038377,
        21.82654624003838,
        21.83654624003838,
        21.846546240038382,
        21.856546240038384,
        21.866546240038385,
        21.876546240038387,
        21.88654624003839,
        21.89654624003839,
        21.90654624003839,
        21.916546240038393,
        21.926546240038395,
        21.936546240038396,
        21.946546240038398,
        21.9565462400384,
        21.9665462400384,
        21.976546240038402,
        21.986546240038404,
        21.996546240038406,
        22.006546240038407,
        22.01654624003841,
        22.02654624003841,
        22.036546240038412,
        22.046546240038413,
        22.056546240038415,
        22.059659419443697
    ],
    "frequency": [
        9033.823509824804,
        8964.77333261558,
        8985.838908382775,
        9053.59753336761,
        9149.56293408482,
        9245.528334802031,
        9416.975147903848,
        9610.778444962032,
        9804.581742020217,
        9977.506684944921,
        10117.40227570973,
        10167.558408488761,
        10217.714541267795,
        10267.870674046826,
        10292.461719896943,
        10312.524173008554,
        10332.58662612017,
        10347.139499927249,
        10356.652985757595,
        10366.166471587941,
        10375.679957418284,
        10385.193443248629,
        10390.183815151291,
        10392.29037272801,
        10394.39693030473,
        10412.948009325983,
        10452.27041742474,
        10495.44300475387,
        10593.74902500078,
        10692.05504524769,
        10722.65947301248
    ]
}