{
    "time": [
        9.926676443140916,
        9.936676443140916,
        9.946676443140916,
        9.956676443140916,
        9.966676443140916,
        9.976676443140915,
        9.986676443140915,
        9.996676443140915,
        10.006676443140915,
        10.016676443140915,
        10.026676443140914,
        10.036676443140914,
        10.046676443140914,
        10.056676443140914,
        10.066676443140913,
        10.076676443140913,
        10.086676443140913,
        10.096676443140913,
        10.106676443140913,
        10.116676443140912,
        10.126676443140912,
        10.136676443140912,
        10.146676443140912,
        10.156676443140912,
        10.166676443140911,
        10.176676443140911,
        10.186676443140911,
        10.19667644314091,
        10.20667644314091,
        10.21667644314091,
        10.22667644314091,
        10.230635915211305
    ],
    "frequency": [
        11089.83687780345,
        11191.28423825026,
        11292.73159869707,
        11382.575150083181,
        11459.175187731158,
        11535.775225379139,
        11590.369952271543,
        11643.409921980958,
        11695.105252023983,
        11744.792115969569,
        11794.478979915157,
        11852.155149026781,
        11911.046094995172,
        11984.348375223832,
        12086.25540487163,
        12188.162434519427,
        12339.593636163117,
        12503.249471353018,
        12649.149118487607,
        12746.804375578895,
        12844.45963267018,
        12963.874251818164,
        13091.092445838874,
        13226.810348143463,
        13395.890861164473,
        13564.971374185481,
        13687.401948429346,
        13786.86025875088,
        13890.46199098585,
        14020.153577350971,
        14149.845163716092,
        14201.196185113888
    ]
}