{
    "time": [
        28.279383899811926,
        28.289383899811927,
        28.29938389981193,
        28.30938389981193,
        28.319383899811932,
        28.329383899811933,
        28.339383899811935,
        28.349383899811937,
        28.359383899811938,
        28.36938389981194,
        28.37938389981194,
        28.389383899811943,
        28.399383899811944,
        28.409383899811946,
        28.419383899811947,
        28.42938389981195,
        28.43938389981195,
        28.449383899811952,
        28.459383899811954,
        28.469383899811955,
        28.479383899811957,
        28.48938389981196,
        28.49938389981196,
        28.50938389981196,
        28.519383899811963,
        28.529383899811965,
        28.539383899811966,
        28.549383899811968,
        28.55938389981197,
        28.56938389981197,
        28.579383899811972,
        28.589383899811974,
        28.599383899811976,
        28.609383899811977,
        28.61938389981198,
        28.62938389981198,
        28.639383899811982,
        28.649383899811983,
        28.659383899811985,
        28.669383899811987,
        28.679383899811988,
        28.68938389981199,
        28.69938389981199,
        28.709383899811993,
        28.719383899811994,
        28.729383899811996,
        28.739383899811997,
        28.749383899812,
        28.759383899812,
        28.769383899812002,
        28.779383899812004,
        28.789383899812005,
        28.799383899812007,
        28.80938389981201,
        28.81938389981201,
        28.82938389981201,
        28.839383899812013,
        28.849383899812015,
        28.859383899812016,
        28.869383899812018,
        28.87938389981202,
        28.88938389981202,
        28.899383899812022,
        28.909383899812024,
        28.919383899812026,
        28.929383899812027,
        28.93938389981203,
        28.94938389981203,
        28.959383899812032,
        28.969383899812033,
        28.979383899812035,
        28.989383899812037,
        28.999383899812038,
        29.00938389981204,
        29.01938389981204,
        29.029383899812043,
        29.039383899812044,
        29.049383899812046,
        29.059383899812048,
        29.06938389981205,
        29.07938389981205,
        29.089383899812052,
        29.099383899812054,
        29.10247284919048
    ],
    "frequency": [
        14319.031334967547,
        14220.82615482474,
        14122.620974681931,
        14029.387983713537,
        13942.094490253246,
        13921.591472189755,
        13906.186738049706,
        13870.475223018175,
        13828.574346157244,
        13786.673469296315,
        13744.5017773702,
        13702.138758485064,
        13659.775739599925,
        13617.412720714789,
        13574.1859636538,
        13528.509135680397,
        13482.832307706993,
        13437.155479733588,
        13391.478651760186,
        13345.801823786782,
        13304.93842384585,
        13265.351839602234,
        13225.765255358616,
        13186.178671115002,
        13146.592086871384,
        13100.717006881314,
        13041.482136318982,
        12982.247265756652,
        12923.01239519432,
        12863.777524631992,
        12804.542654069663,
        12720.027380622523,
        12634.91622449875,
        12549.805068374977,
        12464.693912251203,
        12379.582756127431,
        12299.152659270065,
        12219.311049397857,
        12139.46943952565,
        12059.62782965344,
        11979.786219781234,
        11889.87308270043,
        11795.054288079777,
        11700.23549345912,
        11605.416698838466,
        11454.756566911416,
        11303.1415519541,
        11163.230100321447,
        11032.289860131019,
        10907.660488224255,
        10819.08326691897,
        10730.506045613683,
        10641.928824308397,
        10553.351603003113,
        10467.946292147495,
        10383.220254377222,
        10322.039316991028,
        10272.93672691962,
        10223.834136848212,
        10171.577479929589,
        10117.28518521649,
        10062.992890503388,
        10008.700595790286,
        9954.408301077185,
        9899.400827127398,
        9843.283581331505,
        9787.166335535614,
        9731.049089739721,
        9674.931843943828,
        9617.189021638671,
        9527.7664185818,
        9438.343815524924,
        9348.921212468053,
        9259.498609411177,
        9170.076006354306,
        9068.225556853105,
        8963.882552951363,
        8859.539549049623,
        8755.196545147883,
        8650.853541246139,
        8546.510537344398,
        8442.167533442658,
        8337.824529540918,
        8305.593503836379
    ]
}