{
    "time": [
        35.05329101048057,
        35.06329101048057,
        35.07329101048057,
        35.083291010480565,
        35.09329101048056,
        35.10329101048056,
        35.11329101048056,
        35.12329101048056,
        35.133291010480555,
        35.14329101048055,
        35.15329101048055,
        35.16329101048055,
        35.17329101048055,
        35.183291010480545,
        35.19329101048054,
        35.198829632845616
    ],
    "frequency": [
        13181.233815346754,
        13092.86921823864,
        13004.504621130527,
        12916.140024022416,
        12110.534078824428,
        11220.20132799535,
        11223.30184017458,
        11226.40235235381,
        11229.502864533042,
        11232.603376712274,
        11566.892895024233,
        12886.019894915986,
        13351.332451312172,
        13518.760108990702,
        13686.18776666923,
        13778.919623604255
    ]
}