{
    "time": [
        56.969611425330385,
        56.97961142533038,
        56.98961142533038,
        56.99961142533038,
        57.00961142533038,
        57.019611425330375,
        57.02961142533037,
        57.03961142533037,
        57.04961142533037,
        57.05961142533037,
        57.069611425330365,
        57.07961142533036,
        57.08961142533036,
        57.09961142533036,
        57.10961142533036,
        57.119611425330355,
        57.12961142533035,
        57.13961142533035,
        57.14961142533035,
        57.15961142533035,
        57.169611425330345,
        57.17961142533034,
        57.18961142533034,
        57.19961142533034,
        57.20961142533034,
        57.219611425330335,
        57.22961142533033,
        57.23961142533033,
        57.24961142533033,
        57.25961142533033,
        57.269611425330325,
        57.27961142533032,
        57.28961142533032,
        57.29961142533032,
        57.30961142533032,
        57.319611425330315,
        57.32961142533031,
        57.33961142533031,
        57.34961142533031,
        57.35961142533031,
        57.369611425330305,
        57.3796114253303,
        57.3896114253303,
        57.3996114253303,
        57.4096114253303,
        57.419611425330295,
        57.42961142533029,
        57.43961142533029,
        57.44961142533029,
        57.45961142533029,
        57.469611425330285,
        57.47961142533028,
        57.48961142533028,
        57.49961142533028,
        57.50961142533028,
        57.519611425330275,
        57.52961142533027,
        57.53961142533027,
        57.54961142533027,
        57.55961142533027,
        57.569611425330265,
        57.57961142533026,
        57.58961142533026,
        57.59961142533026,
        57.60961142533026,
        57.619611425330255,
        57.62961142533025,
        57.63961142533025,
        57.64961142533025,
        57.65961142533025,
        57.669611425330245,
        57.67961142533024,
        57.68961142533024,
        57.69961142533024,
        57.70961142533024,
        57.719611425330235,
        57.72961142533023,
        57.73276734173487
    ],
    "frequency": [
        16342.151274621816,
        16687.718647085312,
        16985.690837844326,
        17183.82444257628,
        17216.106661312388,
        17145.913288780746,
        17046.099143492433,
        16860.58808751593,
        16675.077031539433,
        16450.253768880077,
        16190.750997702487,
        15931.248226524895,
        15661.226760479103,
        15368.754374930548,
        15076.281989381994,
        14783.809603833439,
        14527.557793491973,
        14279.541210546811,
        14031.52462760165,
        13826.509024988492,
        13626.564266868054,
        13426.619508747614,
        13273.48761133795,
        13142.158075633586,
        13010.828539929224,
        12901.990634843232,
        12804.49983966038,
        12707.009044477529,
        12614.861270192236,
        12550.684472449018,
        12486.507674705797,
        12422.330876962578,
        12353.620965512087,
        12283.427592980437,
        12213.234220448787,
        12129.716114974466,
        12038.654442500978,
        11947.592770027493,
        11855.949970582245,
        11749.133968903638,
        11642.317967225032,
        11535.501965546424,
        11428.685963867818,
        11307.229365234256,
        11174.231396226962,
        11099.392200553657,
        11048.342475076082,
        10983.347527235203,
        10907.754664508813,
        10831.758804153356,
        10745.366961037482,
        10658.975117921607,
        10550.706963574674,
        10308.555550773377,
        9748.044043826547,
        9646.965587380962,
        9545.887130935376,
        9407.70778683275,
        9263.397072562355,
        9205.286132022688,
        9277.123708769788,
        9248.841515391983,
        9139.651824787214,
        9030.462134182442,
        8904.123420260194,
        8767.747725055855,
        8631.372029851515,
        8497.514366552961,
        8372.387050300878,
        8247.259734048797,
        8122.1324177967135,
        7997.0051015446315,
        7866.535158318729,
        7734.247648547549,
        7601.960138776367,
        7469.6726290051865,
        7337.385119234004,
        7295.636287012449
    ]
}