{
    "time": [
        31.111021334406274,
        31.121021334406276,
        31.131021334406277,
        31.14102133440628,
        31.15102133440628,
        31.161021334406282,
        31.171021334406284,
        31.181021334406285,
        31.191021334406287,
        31.20102133440629,
        31.21102133440629,
        31.22102133440629,
        31.231021334406293,
        31.241021334406295,
        31.251021334406296,
        31.261021334406298,
        31.2710213344063,
        31.2810213344063,
        31.291021334406302,
        31.301021334406304,
        31.311021334406306,
        31.321021334406307,
        31.33102133440631,
        31.34102133440631,
        31.351021334406312,
        31.361021334406313,
        31.371021334406315,
        31.381021334406316,
        31.391021334406318,
        31.40102133440632,
        31.41102133440632,
        31.421021334406323,
        31.421438348195224
    ],
    "frequency": [
        10077.589659802188,
        10208.990237280083,
        10340.390814757979,
        10472.435946621094,
        10604.889413341623,
        10737.342880062155,
        10869.796346782687,
        10990.724449622658,
        11111.174978977413,
        11231.625508332167,
        11352.07603768692,
        11463.179432722945,
        11532.985989508084,
        11602.792546293222,
        11672.59910307836,
        11742.4056598635,
        11812.212216648637,
        11882.018773433776,
        11951.825330218913,
        12047.776068393683,
        12147.27047116791,
        12246.764873942135,
        12346.259276716366,
        12448.344675551714,
        12551.048575189618,
        12653.752474827523,
        12756.456374465426,
        12848.075125236552,
        12935.675510221827,
        13023.275895207102,
        13110.876280192377,
        13198.476665177654,
        13202.129722022844
    ]
}