{
    "time": [
        22.06105852552993,
        22.07105852552993,
        22.081058525529933,
        22.091058525529935,
        22.101058525529936,
        22.111058525529938,
        22.12105852552994,
        22.13105852552994,
        22.141058525529942,
        22.151058525529944,
        22.161058525529945,
        22.171058525529947,
        22.18105852552995,
        22.19105852552995,
        22.20105852552995,
        22.211058525529953,
        22.221058525529955,
        22.231058525529956,
        22.237035061991737
    ],
    "frequency": [
        12192.938331766907,
        12314.860199421064,
        12436.78206707522,
        12546.851922676124,
        12644.389416799462,
        12741.9269109228,
        12809.834374912956,
        12876.891402122741,
        12915.548995727004,
        12920.618616039488,
        12925.688236351973,
        12930.050039629456,
        12934.370010930168,
        12932.5060000574,
        12922.452886856245,
        12912.399773655088,
        12838.850255422527,
        12759.500381767108,
        12712.076640453186
    ]
}