{
    "time": [
        14.584776867555878,
        14.594776867555877,
        14.604776867555877,
        14.614776867555877,
        14.624776867555877,
        14.634776867555876,
        14.644776867555876,
        14.654776867555876,
        14.664776867555876,
        14.674776867555876,
        14.684776867555875,
        14.694776867555875,
        14.704776867555875,
        14.714776867555875,
        14.724776867555875,
        14.734776867555874,
        14.744776867555874,
        14.754776867555874,
        14.764776867555874,
        14.774776867555873,
        14.784776867555873,
        14.794776867555873,
        14.804776867555873,
        14.814776867555873,
        14.824776867555872,
        14.834776867555872,
        14.844776867555872,
        14.854776867555872,
        14.864776867555872,
        14.874776867555871,
        14.884776867555871,
        14.894776867555871,
        14.90477686755587,
        14.910524601584296
    ],
    "frequency": [
        7300.812971466416,
        7477.816193431396,
        7654.819415396376,
        7831.822637361356,
        8008.825859326336,
        8185.8290812913165,
        8354.449869630917,
        8514.057422105023,
        8673.664974579127,
        8833.272527053232,
        8992.880079527338,
        9152.487632001445,
        9312.09518447555,
        9471.702736949654,
        9631.31028942376,
        9790.917841897866,
        9950.52539437197,
        10110.132946846077,
        10269.740499320182,
        10429.348051794286,
        10588.955604268393,
        10733.449761325273,
        10871.696173909353,
        11009.942586493431,
        11148.188999077513,
        11286.43541166159,
        11424.681824245668,
        11562.92823682975,
        11701.174649413828,
        11839.421061997908,
        11977.667474581987,
        12122.637322785617,
        12268.213442075179,
        12351.88672353185
    ]
}