{
    "time": [
        36.876864788963594,
        36.88686478896359,
        36.89686478896359,
        36.90686478896359,
        36.916864788963586,
        36.926864788963584,
        36.93686478896358,
        36.94686478896358,
        36.95686478896358,
        36.966864788963576,
        36.976864788963574,
        36.98686478896357,
        36.99686478896357,
        37.00686478896357,
        37.01686478896357,
        37.026864788963564,
        37.03686478896356,
        37.04686478896356,
        37.05686478896356,
        37.06686478896356,
        37.076864788963555,
        37.08686478896355,
        37.09686478896355,
        37.10686478896355,
        37.11686478896355,
        37.126864788963545,
        37.13686478896354,
        37.14686478896354,
        37.15686478896354,
        37.159165288229666
    ],
    "frequency": [
        9247.725504458303,
        9261.344483178455,
        9288.931933703807,
        9303.762697073522,
        9296.161406625064,
        9288.560116176606,
        9280.95882572815,
        9264.368578924054,
        9239.009101307216,
        9213.64962369038,
        9194.241306851687,
        9175.563850321189,
        9156.88639379069,
        9149.774670021288,
        9146.856317438398,
        9140.14905120818,
        9119.061600286655,
        9097.97414936513,
        9064.898870713114,
        9014.75626724345,
        8964.61366377379,
        8914.471060304128,
        8791.67903553766,
        8587.590063369387,
        8442.223087833063,
        8381.694293521265,
        8321.165499209466,
        8209.750659249423,
        8088.956239296751,
        8061.167491851409
    ]
}