{
    "time": [
        33.21329029043286,
        33.22329029043286,
        33.233290290432855,
        33.24329029043285,
        33.25329029043285,
        33.26329029043285,
        33.27329029043285,
        33.283290290432845,
        33.29329029043284,
        33.30329029043284,
        33.31329029043284,
        33.3164463192143
    ],
    "frequency": [
        10162.145089865602,
        9996.340369151907,
        9959.233559412172,
        9944.160402983656,
        9948.834387570492,
        9968.931929475179,
        9989.029471379865,
        10017.156525865585,
        10102.571078960518,
        10187.985632055452,
        10273.400185150387,
        10300.357263942718
    ]
}