{
    "time": [
        52.25841643277032,
        52.268416432770316,
        52.278416432770314,
        52.28841643277031,
        52.29841643277031,
        52.30841643277031,
        52.318416432770306,
        52.328416432770304,
        52.3384164327703,
        52.33884860971308
    ],
    "frequency": [
        12399.493509905036,
        12572.881856742872,
        12727.513907456865,
        12770.53507622113,
        12813.556244985393,
        12856.577413749656,
        12891.424922694967,
        12898.180312831504,
        12904.935702968043,
        12905.227655353692
    ]
}