{
    "time": [
        48.057009086693654,
        48.06700908669365,
        48.07700908669365,
        48.08700908669365,
        48.097009086693646,
        48.107009086693644,
        48.11700908669364,
        48.12700908669364,
        48.13700908669364,
        48.147009086693636,
        48.157009086693634,
        48.16700908669363,
        48.17700908669363,
        48.18700908669363,
        48.197009086693626,
        48.2055432122805
    ],
    "frequency": [
        11888.004424296985,
        11826.25695351349,
        11764.509482729993,
        11702.762011946497,
        11641.014541163002,
        11579.267070379507,
        11517.519599596013,
        11455.772128812516,
        11394.024658029019,
        11332.277187245523,
        11270.529716462028,
        11208.782245678532,
        11147.034774895037,
        11085.28730411154,
        11023.539833328045,
        10970.843766294196
    ]
}