{
    "time": [
        55.93654179442741,
        55.94654179442741,
        55.95654179442741,
        55.96654179442741,
        55.976541794427405,
        55.9865417944274,
        55.9965417944274,
        56.0065417944274,
        56.0165417944274,
        56.026541794427395,
        56.03654179442739,
        56.04654179442739,
        56.05654179442739,
        56.064524730036
    ],
    "frequency": [
        6452.159046560846,
        6297.824588661721,
        6143.490130762593,
        6036.574804476313,
        5989.927572198889,
        5943.280339921465,
        5835.1889661517935,
        5718.772962252506,
        5630.820086318813,
        5603.067671651567,
        5575.3152569843205,
        5584.211303940058,
        5604.594086372215,
        5620.865530340238
    ]
}