{
    "time": [
        11.314199642336453,
        11.324199642336453,
        11.334199642336452,
        11.344199642336452,
        11.354199642336452,
        11.364199642336452,
        11.374199642336452,
        11.384199642336451,
        11.394199642336451,
        11.404199642336451,
        11.41419964233645,
        11.42419964233645,
        11.43419964233645,
        11.44419964233645,
        11.45419964233645,
        11.46419964233645,
        11.47419964233645,
        11.47699605935513
    ],
    "frequency": [
        11828.627131032476,
        11884.47484956458,
        11940.32256809668,
        11996.170286628781,
        12052.018005160884,
        12107.865723692987,
        12163.253748787245,
        12218.444435336616,
        12252.465488593178,
        12269.46262032034,
        12286.4597520475,
        12283.387891217797,
        12269.590219580456,
        12231.525190007169,
        12169.798764261157,
        12105.51412518645,
        12020.219427791972,
        11996.367473452256
    ]
}