{
    "time": [
        44.940773687905555,
        44.95077368790555,
        44.96077368790555,
        44.97077368790555,
        44.98077368790555,
        44.990773687905545,
        45.00077368790554,
        45.01077368790554,
        45.02077368790554,
        45.03077368790554,
        45.040773687905535,
        45.05077368790553,
        45.06077368790553,
        45.07077368790553,
        45.08077368790553,
        45.090773687905525,
        45.10077368790552,
        45.11077368790552,
        45.12077368790552,
        45.13077368790552,
        45.140773687905515,
        45.15077368790551,
        45.16077368790551,
        45.17077368790551,
        45.18077368790551,
        45.190773687905505,
        45.2007736879055,
        45.2107736879055,
        45.2207736879055,
        45.2307736879055,
        45.240773687905495,
        45.25077368790549,
        45.26077368790549,
        45.27077368790549,
        45.28077368790549,
        45.290773687905485,
        45.30077368790548,
        45.31077368790548,
        45.32077368790548,
        45.33077368790548,
        45.337059628258615
    ],
    "frequency": [
        12957.000679966062,
        12890.714338178397,
        12824.42799639073,
        12769.85042786178,
        12741.728949527616,
        12713.607471193454,
        12674.71757974243,
        12621.031121104483,
        12559.454937785315,
        12479.911327640115,
        12400.367717494919,
        12320.82410734972,
        12241.28049720452,
        12161.73688705932,
        12082.193276914122,
        12020.577060244781,
        11972.368811671924,
        11924.160563099067,
        11875.95231452621,
        11811.139549692616,
        11731.73772851381,
        11652.335907335004,
        11573.475806787685,
        11496.14174136873,
        11418.807675949778,
        11360.365628713947,
        11302.844423030441,
        11245.323217346937,
        11187.80201166343,
        11134.323667324243,
        11082.407091938096,
        11030.490516551949,
        10978.573941165801,
        10926.657365779654,
        10844.245901403072,
        10749.956238753217,
        10655.666576103367,
        10534.819933523111,
        10381.430051700456,
        10183.566217410926,
        10003.260883251229
    ]
}