{
    "time": [
        47.71116843607353,
        47.721168436073526,
        47.731168436073524,
        47.74116843607352,
        47.75116843607352,
        47.76116843607352,
        47.771168436073516,
        47.781168436073514,
        47.79116843607351,
        47.80116843607351,
        47.81116843607351,
        47.821168436073506,
        47.82423172569934
    ],
    "frequency": [
        13722.325740302565,
        13748.777661929762,
        13775.22958355696,
        13801.681505184157,
        13818.817815222843,
        13804.981425448615,
        13791.145035674388,
        13755.219869103234,
        13678.131411789673,
        13601.042954476114,
        13523.954497162555,
        13446.866039848994,
        13423.25161269296
    ]
}