{
    "time": [
        36.394125562938555,
        36.40412556293855,
        36.41412556293855,
        36.42412556293855,
        36.43412556293855,
        36.444125562938545,
        36.45412556293854,
        36.46412556293854,
        36.47412556293854,
        36.48412556293854,
        36.494125562938535,
        36.50412556293853,
        36.51412556293853,
        36.52412556293853,
        36.53412556293853,
        36.544125562938525,
        36.55412556293852,
        36.56412556293852,
        36.57412556293852,
        36.58412556293852,
        36.594125562938515,
        36.60412556293851,
        36.61412556293851,
        36.62412556293851,
        36.63412556293851,
        36.644125562938505,
        36.6541255629385,
        36.6641255629385,
        36.6741255629385,
        36.6841255629385,
        36.694125562938495,
        36.70412556293849,
        36.71412556293849,
        36.72412556293849,
        36.73412556293849,
        36.744125562938486,
        36.75412556293848,
        36.76412556293848,
        36.77412556293848,
        36.78412556293848,
        36.794125562938476,
        36.804125562938474,
        36.81412556293847,
        36.82412556293847,
        36.83412556293847,
        36.844125562938466,
        36.854125562938464,
        36.86412556293846,
        36.87412556293846,
        36.88412556293846,
        36.894125562938456,
        36.904125562938454,
        36.91412556293845,
        36.92412556293845,
        36.93412556293845,
        36.944125562938446,
        36.954125562938444,
        36.96412556293844,
        36.97412556293844,
        36.98412556293844,
        36.994125562938436,
        37.004125562938434,
        37.01412556293843,
        37.02412556293843,
        37.03412556293843,
        37.03706772600133
    ],
    "frequency": [
        9415.24070930068,
        9528.802090851159,
        9642.363472401636,
        9755.924853952114,
        9869.48623550259,
        9983.047617053067,
        10096.608998603546,
        10210.170380154024,
        10323.731761704501,
        10437.29314325498,
        10550.854524805454,
        10664.415906355933,
        10777.425351139422,
        10873.637077175239,
        10969.848803211053,
        11066.06052924687,
        11162.272255282685,
        11258.4839813185,
        11354.695707354316,
        11450.907433390134,
        11547.119159425947,
        11643.330885461764,
        11739.54261149758,
        11835.754337533397,
        11930.159725059082,
        11997.981105707286,
        12065.802486355486,
        12133.623867003691,
        12201.445247651893,
        12269.266628300094,
        12337.088008948296,
        12404.9093895965,
        12472.7307702447,
        12540.552150892903,
        12608.373531541105,
        12676.194912189307,
        12731.082908220158,
        12764.301543639684,
        12797.520179059207,
        12830.738814478735,
        12863.957449898258,
        12897.176085317784,
        12930.39472073731,
        12963.613356156835,
        12996.83199157636,
        13030.050626995886,
        13063.26926241541,
        13096.487897834933,
        13129.706533254459,
        13162.925168673986,
        13186.540155492661,
        13206.70326865834,
        13226.86638182402,
        13247.029494989702,
        13267.192608155383,
        13287.355721321064,
        13307.518834486746,
        13327.681947652425,
        13347.845060818107,
        13368.008173983786,
        13379.35208892487,
        13379.352088924868,
        13379.35208892487,
        13379.35208892487,
        13379.352088924868,
        13379.35208892487
    ]
}