{
    "time": [
        32.795846014915796,
        32.805846014915794,
        32.81584601491579,
        32.82584601491579,
        32.83584601491579,
        32.845846014915786,
        32.855846014915784,
        32.86584601491578,
        32.87584601491578,
        32.88584601491578,
        32.895846014915776,
        32.905846014915774,
        32.91584601491577,
        32.92584601491577,
        32.93584601491577,
        32.945846014915766,
        32.955846014915764,
        32.96584601491576,
        32.97584601491576,
        32.98584601491576,
        32.995846014915756,
        33.005846014915754,
        33.01584601491575,
        33.02584601491575,
        33.03584601491575,
        33.045846014915746,
        33.055846014915744,
        33.06584601491574,
        33.07584601491574,
        33.08584601491574,
        33.095846014915736,
        33.105846014915734,
        33.110932769918016
    ],
    "frequency": [
        10471.727427144328,
        10840.688309702116,
        11207.33150778467,
        11523.10883970345,
        11838.88617162223,
        12154.66350354101,
        12452.367562611038,
        12690.811670386447,
        12919.92655139165,
        13027.610987161193,
        13135.295422930736,
        13242.979858700275,
        13302.942573047221,
        13356.354053188916,
        13375.91475256806,
        13318.35927827745,
        13260.803803986839,
        13209.320108814092,
        13170.802214481144,
        13132.284320148194,
        13044.845302512998,
        12930.094075646086,
        12718.227005536417,
        12394.522997012646,
        12052.937949594863,
        11711.35290217708,
        11369.767854759295,
        10940.243549174433,
        10395.968955339162,
        9843.605963514825,
        9175.962461743791,
        8204.577786814145,
        7618.729578920636
    ]
}