{
    "time": [
        58.34422077056393,
        58.35422077056393,
        58.364220770563925,
        58.37422077056392,
        58.38422077056392,
        58.39422077056392,
        58.40422077056392,
        58.414220770563915,
        58.42422077056391,
        58.43422077056391,
        58.44422077056391,
        58.45422077056391,
        58.464220770563905,
        58.4742207705639,
        58.4842207705639,
        58.4942207705639,
        58.5042207705639,
        58.514220770563895,
        58.52422077056389,
        58.53422077056389,
        58.54422077056389,
        58.55422077056389,
        58.564220770563885,
        58.57422077056388,
        58.58422077056388,
        58.59422077056388,
        58.60422077056388,
        58.614220770563875,
        58.62422077056387,
        58.63422077056387,
        58.64422077056387,
        58.65422077056387,
        58.664220770563865,
        58.67422077056386,
        58.68422077056386,
        58.69422077056386,
        58.70422077056386,
        58.714220770563855,
        58.72422077056385,
        58.73422077056385,
        58.74422077056385,
        58.75422077056385,
        58.764220770563846,
        58.77422077056384,
        58.78422077056384,
        58.79422077056384,
        58.80422077056384,
        58.814220770563836,
        58.824220770563834,
        58.83422077056383,
        58.84422077056383,
        58.85422077056383,
        58.864220770563826,
        58.874220770563824,
        58.88422077056382,
        58.89422077056382,
        58.90422077056382,
        58.914220770563816,
        58.924220770563814,
        58.93422077056381,
        58.94422077056381,
        58.95422077056381,
        58.964220770563806,
        58.974220770563804,
        58.9842207705638,
        58.9942207705638,
        59.0042207705638,
        59.00756089664236
    ],
    "frequency": [
        16566.10292381927,
        16142.0371063056,
        15717.971288791932,
        15254.63285001019,
        14758.266358434412,
        14267.927163334854,
        13841.345733739083,
        13414.764304143311,
        13075.064246368984,
        12786.487420785747,
        12510.743328888686,
        12296.456288053832,
        12082.169247218986,
        11942.511820818101,
        11832.467209423787,
        11733.608938345817,
        11666.736776124455,
        11599.864613903093,
        11489.362301196,
        11368.10832461857,
        11238.181637927193,
        11091.824133788661,
        10945.466629650127,
        10863.681143005913,
        10789.985667597844,
        10718.379347609825,
        10649.521591436236,
        10580.663835262645,
        10478.236824655898,
        10374.950190395513,
        10277.610761731403,
        10185.800420166615,
        10094.694738316659,
        10014.36068944747,
        9934.026640578282,
        9858.294639062424,
        9785.572488142021,
        9713.992426422636,
        9648.999064995838,
        9584.005703569039,
        9381.538890521202,
        9117.58415852244,
        8859.00354968417,
        8618.001403076536,
        8376.999256468902,
        7984.343367156265,
        7548.24424472353,
        7163.6407974723725,
        6888.209772778013,
        6612.778748083653,
        6436.467816660526,
        6275.79971892215,
        6110.462157738095,
        5938.317767304121,
        5766.173376870145,
        5659.448247995132,
        5556.161613734716,
        5447.214315095922,
        5332.451388139939,
        5218.106579680905,
        5114.8199454205205,
        5011.533311160135,
        4941.506003455257,
        4895.6008326728515,
        4849.695661890446,
        4803.790491108053,
        4757.885320325659,
        4742.552414518544
    ]
}