{
    "time": [
        15.997866951073192,
        16.007866951073193,
        16.017866951073195,
        16.027866951073197,
        16.037866951073198,
        16.0478669510732,
        16.0578669510732,
        16.067866951073203,
        16.077866951073204,
        16.087866951073206,
        16.097866951073208,
        16.10786695107321,
        16.11786695107321,
        16.127866951073212,
        16.137866951073214,
        16.147866951073215,
        16.157866951073217,
        16.16786695107322,
        16.17786695107322,
        16.18786695107322,
        16.197866951073223,
        16.207866951073225,
        16.217866951073226,
        16.227866951073228,
        16.23786695107323,
        16.24786695107323,
        16.257866951073233,
        16.267866951073234,
        16.277866951073236,
        16.287866951073237,
        16.29786695107324,
        16.30786695107324,
        16.317866951073242,
        16.327866951073243,
        16.337866951073245,
        16.347866951073247,
        16.357866951073248,
        16.36786695107325,
        16.37786695107325,
        16.387866951073253,
        16.397866951073254,
        16.407866951073256,
        16.417866951073258,
        16.42786695107326,
        16.43786695107326,
        16.447866951073262,
        16.457866951073264,
        16.467866951073265,
        16.477866951073267,
        16.48786695107327,
        16.49786695107327,
        16.50786695107327,
        16.517866951073273,
        16.527866951073275,
        16.537866951073276,
        16.547866951073278,
        16.55786695107328,
        16.56786695107328,
        16.577866951073283,
        16.587866951073284,
        16.597866951073286,
        16.607866951073287,
        16.61786695107329,
        16.62786695107329,
        16.637866951073292,
        16.647866951073294,
        16.657866951073295,
        16.667866951073297,
        16.677866951073298,
        16.6878669510733,
        16.6978669510733,
        16.707866951073303,
        16.70860821776921
    ],
    "frequency": [
        8522.410840550105,
        8543.781148944423,
        8565.151457338741,
        8600.674895436143,
        8645.621181157292,
        8685.850727824129,
        8707.288535374973,
        8728.726342925822,
        8755.391583624434,
        8783.355851901204,
        8816.82461442558,
        8858.506228666185,
        8900.185590801575,
        8940.459451609891,
        8980.733312418206,
        9027.727947519259,
        9079.167373769353,
        9129.64221753574,
        9176.31214265848,
        9222.982067781217,
        9264.392837227111,
        9304.509784487414,
        9346.883722271328,
        9392.602815765073,
        9438.532677872987,
        9550.12574524809,
        9661.718812623189,
        9773.748028017904,
        9886.063769635351,
        10003.356551094932,
        10140.088758281388,
        10276.820965467843,
        10417.480118936466,
        10559.095619236705,
        10700.711119536949,
        10842.32661983721,
        10983.707753316645,
        11076.490322478883,
        11169.272891641123,
        11276.830335782543,
        11394.02937051379,
        11498.119854261198,
        11551.511464640274,
        11604.90307501935,
        11690.388292650412,
        11783.610172386732,
        11870.934049159538,
        11949.631660928499,
        12028.473737875467,
        12129.747043373056,
        12231.020348870641,
        12318.322092527003,
        12396.567341472255,
        12475.592766951075,
        12557.606273576977,
        12639.619780202882,
        12707.585670835746,
        12772.199711219466,
        12850.432977331973,
        12948.453758130807,
        13046.354516549565,
        13129.370499484188,
        13212.386482418811,
        13289.461266452323,
        13362.710663159354,
        13442.073127769438,
        13544.622283159282,
        13647.171438549127,
        13726.01829615339,
        13799.26769286042,
        13910.433758276322,
        14076.325803835995,
        14088.622828684931
    ]
}