{
    "time": [
        20.67003331122571,
        20.68003331122571,
        20.69003331122571,
        20.700033311225713,
        20.710033311225715,
        20.720033311225716,
        20.730033311225718,
        20.74003331122572,
        20.75003331122572,
        20.754850368160334
    ],
    "frequency": [
        15572.703690614338,
        14708.18308546827,
        13892.960870088617,
        13584.66902531679,
        13276.377180544965,
        12968.085335773138,
        12869.012984820347,
        12831.140819600903,
        12855.622819038672,
        12867.415937555157
    ]
}