{
    "time": [
        52.467857781145845,
        52.47785778114584,
        52.48785778114584,
        52.49785778114584,
        52.50785778114584,
        52.517857781145835,
        52.52785778114583,
        52.53785778114583,
        52.54785778114583,
        52.55785778114583,
        52.567857781145825,
        52.57785778114582,
        52.58785778114582,
        52.59785778114582,
        52.60785778114582,
        52.617857781145815,
        52.62785778114581,
        52.63785778114581,
        52.64785778114581,
        52.65785778114581,
        52.667857781145806,
        52.6778577811458,
        52.6878577811458,
        52.6978577811458,
        52.7078577811458,
        52.717857781145796,
        52.727857781145794,
        52.73785778114579,
        52.74785778114579,
        52.75785778114579,
        52.767857781145786,
        52.777857781145784,
        52.78785778114578,
        52.79785778114578,
        52.80785778114578,
        52.817857781145776,
        52.827857781145774,
        52.83785778114577,
        52.84785778114577,
        52.85723917147117
    ],
    "frequency": [
        7450.559845300902,
        7477.748297223113,
        7504.936749145323,
        7532.125201067533,
        7559.313652989744,
        7586.502104911954,
        7613.690556834164,
        7640.879008756374,
        7668.067460678585,
        7695.2559126007945,
        7722.444364523005,
        7749.632816445215,
        7776.821268367426,
        7804.009720289636,
        7831.198172211846,
        7856.225252291757,
        7875.308056114163,
        7894.39085993657,
        7913.473663758977,
        7932.556467581382,
        7951.63927140379,
        7970.7220752261965,
        7989.804879048603,
        8008.887682871009,
        8027.978537246539,
        8048.476872995677,
        8068.975208744815,
        8089.473544493952,
        8109.971880243091,
        8130.470215992229,
        8150.968551741367,
        8171.466887490504,
        8199.08990879969,
        8232.935998059897,
        8266.782087320105,
        8300.628176580312,
        8334.97004063045,
        8426.93098095557,
        8518.891921280694,
        8605.164068868804
    ]
}