{
    "time": [
        36.71247242468623,
        36.72247242468623,
        36.73247242468623,
        36.74247242468623,
        36.752472424686225,
        36.76247242468622,
        36.77247242468622,
        36.78247242468622,
        36.79247242468622,
        36.802472424686215,
        36.81247242468621,
        36.82247242468621,
        36.83247242468621,
        36.84247242468621,
        36.852472424686205,
        36.8624724246862,
        36.8724724246862,
        36.8824724246862,
        36.8924724246862,
        36.902472424686195,
        36.91247242468619,
        36.92247242468619,
        36.93247242468619,
        36.94247242468619,
        36.952472424686185,
        36.96247242468618,
        36.97247242468618,
        36.98247242468618,
        36.99247242468618,
        37.002472424686175,
        37.01247242468617,
        37.02247242468617,
        37.03247242468617,
        37.04247242468617,
        37.052472424686165,
        37.06229580961523
    ],
    "frequency": [
        12315.64973298344,
        12235.906702308077,
        12156.163671632712,
        12076.420640957349,
        12008.752918497841,
        11957.06762083789,
        11905.382323177935,
        11862.65301748166,
        11852.104997551054,
        11841.55697762045,
        11831.008957689844,
        11831.746014189463,
        11845.22913531815,
        11858.712256446834,
        11872.195377575517,
        11890.080418629941,
        11915.63908230794,
        11941.19774598594,
        11966.75640966394,
        11992.315073341937,
        12031.444012745687,
        12075.745696454234,
        12102.16011373325,
        12102.160113733247,
        12077.430914532344,
        12046.41973593637,
        12015.408557340394,
        11978.005766171727,
        11918.93685456035,
        11859.867942948975,
        11800.799031337596,
        11735.213062658553,
        11662.558301376548,
        11589.903540094541,
        11517.248778812533,
        11445.87721011228
    ]
}