{
    "time": [
        52.2170377283029,
        52.227037728302896,
        52.237037728302894,
        52.24703772830289,
        52.25703772830289,
        52.26703772830289,
        52.277037728302886,
        52.287037728302884,
        52.29703772830288,
        52.30703772830288,
        52.31703772830288,
        52.32703772830288,
        52.337037728302874,
        52.34703772830287,
        52.35703772830287,
        52.36703772830287,
        52.37703772830287,
        52.387037728302865,
        52.39703772830286,
        52.40703772830286,
        52.41703772830286,
        52.42703772830286,
        52.437037728302855,
        52.44703772830285,
        52.45703772830285,
        52.46703772830285,
        52.47703772830285,
        52.487037728302845,
        52.49703772830284,
        52.50703772830284,
        52.51703772830284,
        52.52703772830284,
        52.537037728302835,
        52.54703772830283,
        52.55703772830283,
        52.56703772830283,
        52.57703772830283,
        52.587037728302825,
        52.59703772830282,
        52.60703772830282,
        52.61703772830282,
        52.62703772830282,
        52.637037728302815,
        52.64703772830281,
        52.65703772830281,
        52.66703772830281,
        52.67703772830281,
        52.687037728302805,
        52.6970377283028,
        52.7070377283028,
        52.7170377283028,
        52.7270377283028,
        52.737037728302795,
        52.74703772830279,
        52.75703772830279,
        52.76703772830279,
        52.77703772830279,
        52.787037728302785,
        52.79703772830278,
        52.80703772830278,
        52.81703772830278,
        52.82703772830278,
        52.837037728302775,
        52.84703772830277,
        52.85703772830277,
        52.86703772830277,
        52.87703772830277,
        52.887037728302765,
        52.89703772830276,
        52.90703772830276,
        52.91703772830276,
        52.92703772830276,
        52.937037728302755,
        52.94703772830275,
        52.95703772830275,
        52.96703772830275,
        52.97703772830275,
        52.987037728302745,
        52.99703772830274,
        53.00703772830274,
        53.01703772830274,
        53.02703772830274,
        53.037037728302735,
        53.04703772830273,
        53.05703772830273,
        53.06703772830273,
        53.07703772830273,
        53.087037728302725,
        53.09692041061192
    ],
    "frequency": [
        17159.996886583274,
        17149.61639797109,
        17139.235909358904,
        17101.936677995946,
        17043.13085817255,
        16984.864898324628,
        16930.88948368145,
        16876.914069038266,
        16799.050137716047,
        16709.294418837657,
        16605.934335599955,
        16455.31599024438,
        16304.697644888802,
        16138.489600696175,
        15967.869260190866,
        15785.050771356491,
        15578.049392832409,
        15371.048014308331,
        15166.208084117421,
        14961.632110591921,
        14770.473373514244,
        14595.91013078277,
        14421.383191089388,
        14259.197634226013,
        14097.012077362639,
        13953.357008006196,
        13824.331813796645,
        13694.55297102731,
        13558.956930811702,
        13423.360890596095,
        13296.951452358893,
        13175.054955173226,
        13055.679989200513,
        12944.918110713157,
        12834.156232225801,
        12722.865509020154,
        12611.427652532468,
        12504.46360482167,
        12406.25319793437,
        12308.042791047066,
        12205.520053734883,
        12102.486566750566,
        11998.206316353693,
        11892.402148244224,
        11785.330627466703,
        11463.471632618348,
        11141.612637769993,
        10875.709466813663,
        10653.460780094661,
        10439.168609155931,
        10284.56082709054,
        10129.953045025148,
        9942.804663582094,
        9739.881949621325,
        9543.6090604421,
        9369.675305618535,
        9195.74155079497,
        9143.21712436488,
        9123.891151606706,
        9107.861750258111,
        9098.198763879023,
        9088.535777499934,
        9104.8769296418,
        9124.202902399975,
        9130.399271482238,
        9120.736285103158,
        9111.413390498537,
        9140.402349635797,
        9169.391308773058,
        9198.38026791032,
        9227.36922704758,
        9256.35818618484,
        9285.347145322092,
        9314.336104459346,
        9343.325063596603,
        9372.314022733864,
        9401.302981871126,
        9430.291941008387,
        9459.280900145646,
        9488.269859282907,
        9517.25881842017,
        9556.222514729789,
        9614.20043300431,
        9672.17835127883,
        9704.06710808877,
        9733.056067226024,
        9806.093781761658,
        9931.712604689787,
        10055.857696595209
    ]
}