{
    "time": [
        27.77321788077963,
        27.78321788077963,
        27.793217880779633,
        27.803217880779634,
        27.813217880779636,
        27.823217880779637,
        27.83321788077964,
        27.84321788077964,
        27.853217880779642,
        27.863217880779644,
        27.873217880779645,
        27.883217880779647,
        27.89321788077965,
        27.90321788077965,
        27.91321788077965,
        27.923217880779653,
        27.933217880779655,
        27.943217880779656,
        27.953217880779658,
        27.96321788077966,
        27.97321788077966,
        27.983217880779662,
        27.993217880779664,
        28.003217880779665,
        28.013217880779667,
        28.02321788077967,
        28.03321788077967,
        28.04321788077967,
        28.053217880779673,
        28.063217880779675,
        28.073217880779676,
        28.083217880779678,
        28.09321788077968,
        28.10321788077968,
        28.113217880779683,
        28.123217880779684,
        28.133217880779686,
        28.14124555648383
    ],
    "frequency": [
        13343.65260016824,
        13347.90934094517,
        13352.166081722096,
        13356.422822499026,
        13360.679563275955,
        13364.936304052884,
        13369.193044829812,
        13373.44978560674,
        13377.706526383668,
        13381.963267160598,
        13386.220007937525,
        13389.99992386388,
        13368.522731762103,
        13347.045539660327,
        13325.56834755855,
        13304.091155456772,
        13282.613963354997,
        13261.136771253221,
        13239.659579151445,
        13218.18238704967,
        13196.705194947892,
        13168.598386424344,
        13117.556911367656,
        13066.515436310965,
        13015.473961254274,
        12964.432486197584,
        12913.391011140895,
        12862.349536084203,
        12811.308061027514,
        12760.266585970823,
        12709.225110914133,
        12658.183635857444,
        12607.142160800753,
        12556.100685744064,
        12505.059210687374,
        12454.017735630683,
        12402.976260573992,
        12362.001819652367
    ]
}