{
    "time": [
        14.29015590858361,
        14.30015590858361,
        14.31015590858361,
        14.32015590858361,
        14.33015590858361,
        14.34015590858361,
        14.35015590858361,
        14.360155908583609,
        14.370155908583609,
        14.380155908583609,
        14.390155908583608,
        14.400155908583608,
        14.410155908583608,
        14.420155908583608,
        14.430155908583608,
        14.440155908583607,
        14.450155908583607,
        14.460155908583607,
        14.470155908583607,
        14.480155908583606,
        14.490155908583606,
        14.500155908583606,
        14.510155908583606,
        14.520155908583606,
        14.530155908583605,
        14.540155908583605,
        14.550155908583605,
        14.560155908583605,
        14.570155908583605,
        14.580155908583604,
        14.590155908583604,
        14.594034048191611
    ],
    "frequency": [
        8232.41852018217,
        8311.132885937413,
        8288.971537669862,
        8262.751314599362,
        8262.751314599362,
        8325.365647661645,
        8397.235285959914,
        8469.104924258185,
        8539.220245159659,
        8586.973627051177,
        8634.727008942691,
        8682.48039083421,
        8730.233772725725,
        8784.280028694217,
        8838.699837117596,
        8893.119645540974,
        8947.539453964353,
        9010.655070234852,
        9083.00867916139,
        9155.36228808793,
        9227.715897014466,
        9300.069505941005,
        9372.537359394268,
        9448.164887276764,
        9523.792415159256,
        9589.819175955177,
        9623.213149305886,
        9596.800318607195,
        9484.559463733971,
        9506.37803745054,
        9539.175689848558,
        9551.895077329997
    ]
}