{
    "time": [
        3.3676030872041327,
        3.3776030872041325,
        3.3876030872041323,
        3.397603087204132,
        3.407603087204132,
        3.4176030872041316,
        3.4276030872041314,
        3.437603087204131,
        3.447603087204131,
        3.457603087204131,
        3.4676030872041306,
        3.4776030872041304,
        3.48760308720413,
        3.49760308720413,
        3.5076030872041297,
        3.5176030872041295,
        3.5276030872041293,
        3.537603087204129,
        3.547603087204129,
        3.5576030872041287,
        3.5676030872041284,
        3.5776030872041282,
        3.587603087204128,
        3.597603087204128,
        3.6076030872041276,
        3.6176030872041274,
        3.627603087204127,
        3.637603087204127,
        3.6476030872041267,
        3.6576030872041265,
        3.6676030872041263,
        3.677603087204126,
        3.687603087204126,
        3.6976030872041257,
        3.7076030872041255,
        3.7176030872041252,
        3.727603087204125,
        3.737603087204125,
        3.7476030872041246,
        3.7576030872041244,
        3.767603087204124,
        3.777603087204124,
        3.7876030872041238,
        3.7976030872041235,
        3.8076030872041233,
        3.817603087204123,
        3.827603087204123,
        3.8376030872041227,
        3.8476030872041225,
        3.8576030872041223,
        3.867603087204122,
        3.8706626720845145
    ],
    "frequency": [
        8764.447903238195,
        8844.582105430341,
        8924.71630762249,
        9004.21118172182,
        9077.803816388077,
        9151.396451054334,
        9224.98908572059,
        9298.581720386848,
        9381.829456253483,
        9471.980433719647,
        9561.98488472393,
        9607.775857405157,
        9653.566830086384,
        9694.731252995953,
        9694.731252995953,
        9694.731252995953,
        9694.731252995953,
        9709.778659268013,
        9726.950274023471,
        9744.121888778933,
        9760.967363990203,
        9728.770586323715,
        9696.573808657227,
        9664.377030990741,
        9632.180253324253,
        9599.983475657766,
        9595.058036950479,
        9595.058036950479,
        9595.058036950479,
        9600.465687068883,
        9606.189558654038,
        9611.91343023919,
        9617.637301824343,
        9623.361173409497,
        9620.02710028625,
        9561.152992553245,
        9502.27888482024,
        9443.404777087235,
        9384.53066935423,
        9290.87207028084,
        9176.394638577774,
        9061.917206874707,
        9009.918682270934,
        8981.819676307456,
        8953.720670343975,
        8917.762654309658,
        8845.035815345354,
        8772.308976381053,
        8699.582137416754,
        8626.85529845245,
        8554.128459488149,
        8531.877065798757
    ]
}