{
    "time": [
        46.92975221576814,
        46.93975221576814,
        46.949752215768136,
        46.959752215768134,
        46.96975221576813,
        46.97975221576813,
        46.98975221576813,
        46.999752215768126,
        47.009752215768124,
        47.01975221576812,
        47.02975221576812,
        47.03975221576812,
        47.049752215768116,
        47.059752215768114,
        47.067991294322
    ],
    "frequency": [
        11995.069425604188,
        12075.403181478094,
        12134.412358349962,
        12141.725003118958,
        12104.235917044469,
        12037.40228634002,
        12037.11567015451,
        12113.79789167051,
        12197.40853637939,
        12291.13125156561,
        12400.650294451725,
        12554.014737483725,
        12721.960626476228,
        12993.756500516272,
        13217.69125620009
    ]
}