{
    "time": [
        36.89270233765549,
        36.90270233765549,
        36.91270233765549,
        36.91837012244514
    ],
    "frequency": [
        11107.08673590155,
        11275.576069266912,
        11444.065402632274,
        11539.561530718955
    ]
}