{
    "time": [
        38.15663435932095,
        38.166634359320945,
        38.17663435932094,
        38.18663435932094,
        38.19663435932094,
        38.20663435932094,
        38.21164405264101
    ],
    "frequency": [
        15209.306721422527,
        15353.833245718442,
        15503.635655343503,
        15649.994478544799,
        15660.643801387658,
        15535.022498239447,
        15462.272714363247
    ]
}