{
    "time": [
        40.81799197215511,
        40.82799197215511,
        40.83799197215511,
        40.84799197215511,
        40.857991972155105,
        40.8679919721551,
        40.8779919721551,
        40.8879919721551,
        40.8979919721551,
        40.907991972155095,
        40.91799197215509,
        40.92799197215509,
        40.93799197215509,
        40.94799197215509,
        40.957991972155085,
        40.96799197215508,
        40.97799197215508,
        40.98799197215508,
        40.99799197215508,
        41.007991972155075,
        41.01799197215507,
        41.02799197215507,
        41.03799197215507,
        41.04799197215507,
        41.057991972155065,
        41.06799197215506,
        41.07799197215506,
        41.08799197215506,
        41.09799197215506,
        41.107991972155055,
        41.11799197215505,
        41.11938663386041
    ],
    "frequency": [
        15147.927683556254,
        14679.026619284647,
        14210.12555501304,
        13925.951096898785,
        13852.85744058832,
        13810.526094508234,
        13534.021217850153,
        13147.959341599832,
        12767.6344296898,
        12643.462481188222,
        12519.290532686646,
        12395.118584185067,
        12331.896377053756,
        12281.09876175765,
        12244.073865187038,
        12232.785506232347,
        12221.497147277656,
        12210.208788322969,
        12198.920429368278,
        12187.632070413587,
        12176.343711458898,
        12233.21725389408,
        12292.481138406181,
        12411.207932124598,
        12541.376821320864,
        12671.545710517126,
        12801.714599713392,
        12931.883488909654,
        13065.080389823273,
        13213.56572684266,
        13362.051063862049,
        13382.759745196818
    ]
}