{
    "time": [
        45.689494567334194,
        45.69949456733419,
        45.70949456733419,
        45.71949456733419,
        45.729494567334186,
        45.739494567334184,
        45.74949456733418,
        45.75949456733418,
        45.76949456733418,
        45.779494567334176,
        45.789494567334174,
        45.79949456733417,
        45.80949456733417,
        45.81949456733417,
        45.829494567334166,
        45.839494567334164,
        45.84949456733416,
        45.85949456733416,
        45.86278017284537
    ],
    "frequency": [
        7177.574451315862,
        7091.061175759349,
        7004.547900202836,
        6942.618129121295,
        6908.537141780851,
        6891.179511181923,
        6908.2200048521445,
        6930.789213217329,
        6977.650570810441,
        7024.511928403553,
        7074.1548956167335,
        7160.668171173247,
        7247.181446729761,
        7333.694722286275,
        7420.207997842788,
        7507.147058183484,
        7647.731130962817,
        7788.315203742151,
        7834.505584173361
    ]
}