{
    "time": [
        4.443618929512607,
        4.453618929512607,
        4.463618929512607,
        4.4736189295126065,
        4.483618929512606,
        4.493618929512606,
        4.503618929512606,
        4.513618929512606,
        4.5236189295126055,
        4.533618929512605,
        4.543618929512605,
        4.553618929512605,
        4.563618929512605,
        4.573618929512604,
        4.583618929512604,
        4.593618929512604,
        4.603618929512604,
        4.6136189295126036,
        4.623618929512603,
        4.633618929512603,
        4.643618929512603,
        4.653618929512603,
        4.6636189295126025,
        4.665025123885768
    ],
    "frequency": [
        11550.534622826466,
        11654.1543744179,
        11757.774126009332,
        11860.21155235023,
        11908.93730113247,
        11957.66304991471,
        11997.576060486383,
        12025.412848517692,
        12053.249636549,
        12096.809093158376,
        12143.767828216056,
        12190.906508981925,
        12238.673704677989,
        12286.440900374057,
        12339.865832838997,
        12396.715564090944,
        12452.954456261748,
        12483.555737257231,
        12514.157018252714,
        12544.48893490562,
        12574.454349842836,
        12604.41976478005,
        12634.385179717268,
        12638.598899504696
    ]
}