{
    "time": [
        39.62232680487538,
        39.632326804875376,
        39.642326804875374,
        39.65232680487537,
        39.66232680487537,
        39.67232680487537,
        39.682326804875366,
        39.692326804875364,
        39.70232680487536,
        39.71232680487536,
        39.72232680487536,
        39.732326804875356,
        39.742326804875354,
        39.75232680487535,
        39.76232680487535,
        39.77232680487535,
        39.782326804875346,
        39.792326804875344,
        39.80232680487534,
        39.81232680487534,
        39.82232680487534,
        39.832326804875336,
        39.842326804875334,
        39.85232680487533,
        39.86232680487533,
        39.87232680487533,
        39.882326804875326,
        39.892326804875324,
        39.90232680487532,
        39.91232680487532,
        39.92232680487532,
        39.932326804875316,
        39.942326804875314,
        39.95232680487531,
        39.96232680487531,
        39.97232680487531,
        39.982326804875306,
        39.992326804875304,
        40.0023268048753,
        40.0123268048753,
        40.0223268048753,
        40.0323268048753,
        40.042326804875294,
        40.05232680487529,
        40.06232680487529,
        40.066037460342805
    ],
    "frequency": [
        12499.97513829983,
        11932.957706512785,
        11551.82697548859,
        11371.118980967865,
        11024.396517045381,
        10630.248048125408,
        10094.081470975856,
        9328.351121842574,
        8972.259793927955,
        8801.422404149927,
        8748.459260982818,
        8710.495396587696,
        8672.531532192574,
        8634.567667797452,
        8596.60380340233,
        8542.15713350687,
        8457.670278925738,
        8373.183424344606,
        8288.696569763473,
        8204.20971518234,
        8119.722860601209,
        8047.846511293609,
        7995.900833426136,
        7943.955155558662,
        7892.00947769119,
        7840.063799823716,
        7821.765072826227,
        7805.630430458301,
        7806.391678190618,
        7840.559156146231,
        7874.726634101842,
        7908.8941120574555,
        7913.347542887247,
        7901.613257528756,
        7889.878972170264,
        7880.437171010908,
        7902.7774450588,
        7925.117719106693,
        7968.210994262727,
        8074.69963389107,
        8187.210761810948,
        8372.025756207153,
        8556.840750603358,
        9055.079014823663,
        9723.96157196821,
        9979.40732735579
    ]
}