{
    "time": [
        49.62738266936416,
        49.63738266936416,
        49.647382669364156,
        49.657382669364154,
        49.66738266936415,
        49.67738266936415,
        49.68738266936415,
        49.697382669364146,
        49.707382669364144,
        49.712137600704295
    ],
    "frequency": [
        6063.259761110656,
        8258.374577261671,
        9439.645393772706,
        10813.647996454729,
        12194.51643031717,
        13462.85632132634,
        13951.29201461536,
        14436.93107114494,
        14922.570127674519,
        15153.488164663988
    ]
}