{
    "time": [
        20.969528565194647,
        20.97952856519465,
        20.98952856519465,
        20.99952856519465,
        21.009528565194653,
        21.019528565194655,
        21.029528565194656,
        21.039528565194658,
        21.04952856519466,
        21.05952856519466,
        21.069528565194663,
        21.079528565194664,
        21.089528565194666,
        21.099528565194667,
        21.10952856519467,
        21.11952856519467,
        21.129528565194672,
        21.139528565194674,
        21.149528565194675,
        21.159528565194677,
        21.16952856519468,
        21.17952856519468,
        21.18952856519468,
        21.199528565194683,
        21.209528565194685,
        21.219528565194686,
        21.229528565194688,
        21.23952856519469,
        21.24952856519469,
        21.259528565194692,
        21.269528565194694,
        21.279528565194695,
        21.289528565194697,
        21.2995285651947,
        21.3095285651947,
        21.3195285651947,
        21.329528565194703,
        21.339528565194705,
        21.349528565194706,
        21.359528565194708,
        21.36952856519471,
        21.37952856519471,
        21.389528565194713,
        21.399528565194714,
        21.409528565194716,
        21.419528565194717,
        21.42952856519472,
        21.43952856519472,
        21.449528565194722,
        21.459528565194724,
        21.469528565194725,
        21.479528565194727,
        21.48952856519473,
        21.49952856519473,
        21.50952856519473,
        21.519528565194733,
        21.529528565194735,
        21.539528565194736,
        21.549528565194738,
        21.55952856519474,
        21.56952856519474,
        21.579528565194742,
        21.589528565194744,
        21.599528565194746,
        21.609528565194747,
        21.61952856519475,
        21.62952856519475,
        21.63952856519475,
        21.649528565194753,
        21.659528565194755,
        21.669528565194756,
        21.679528565194758,
        21.68952856519476,
        21.69952856519476,
        21.709528565194763,
        21.719528565194764,
        21.729528565194766,
        21.739528565194767,
        21.74952856519477,
        21.75952856519477,
        21.769528565194772,
        21.779528565194774,
        21.789528565194775,
        21.799528565194777,
        21.8086363622366
    ],
    "frequency": [
        8563.79459758602,
        8405.69410220934,
        8248.333739004924,
        8141.051259999331,
        8056.231373381451,
        8014.510409323711,
        7992.051161023318,
        7992.051161023319,
        7992.051161023319,
        8004.814899037822,
        8034.410065660057,
        8064.00523228229,
        8116.141985471889,
        8201.967968676376,
        8287.793951880863,
        8373.619935085351,
        8471.930709482938,
        8574.548732879604,
        8688.482028765115,
        8824.37316883888,
        9228.843655404527,
        9407.64778708057,
        9562.821390659965,
        9705.46588713189,
        9884.270018807912,
        10250.95522241588,
        10609.950599738142,
        10932.944771826487,
        11173.053177219985,
        11416.549453411411,
        11718.89098515446,
        12021.232516897508,
        12277.521038336463,
        12407.924767385468,
        12515.08088676146,
        12581.100873841831,
        12582.808849688605,
        12565.119019399866,
        12457.836540394252,
        12403.198278719296,
        12357.22007343118,
        12304.454385253208,
        12248.258801012178,
        12169.997405918364,
        12066.841176105287,
        11963.68494629221,
        11839.470642853747,
        11708.347612958005,
        11577.224583062269,
        11446.101553166529,
        11297.25744576627,
        11148.254002702932,
        10999.250559639591,
        10846.397120148493,
        10680.596925321643,
        10514.796730494794,
        10348.996535667944,
        10179.78257424321,
        10009.610366165369,
        9839.438158087529,
        9639.61211608832,
        9429.923634395529,
        9018.901342316716,
        8605.359831389418,
        8423.446062640782,
        8254.642258092852,
        8194.564069849712,
        8134.485881606572,
        8086.449369683125,
        8050.688543347924,
        8014.9277170127225,
        7979.166890677521,
        7945.214601269443,
        7911.9200388194295,
        7878.625476369417,
        7847.931251174543,
        7818.336084552307,
        7788.740917930069,
        7759.624187676989,
        7730.740443329329,
        7701.856698981667,
        7630.092580598785,
        7522.916573663956,
        7331.340718296835,
        6960.670844086683
    ]
}