{
    "time": [
        14.54571801109168,
        14.55571801109168,
        14.565718011091679,
        14.575718011091679,
        14.585718011091679,
        14.595718011091678,
        14.605718011091678,
        14.615718011091678,
        14.625718011091678,
        14.635718011091678,
        14.645718011091677,
        14.655718011091677,
        14.665718011091677,
        14.675718011091677,
        14.685718011091677,
        14.695718011091676,
        14.700847997908816
    ],
    "frequency": [
        10376.209981965843,
        10006.463593409359,
        9636.717204852876,
        9323.082106543503,
        9020.503051357962,
        8768.554998382802,
        8592.485289546381,
        8520.226606982116,
        8452.615838788934,
        8418.358607902448,
        8398.236355464,
        8426.909798542541,
        8467.154303419436,
        8499.222093235436,
        8566.482649496353,
        8721.423993272396,
        8800.908698372506
    ]
}