{
    "time": [
        3.701741324773953,
        3.7117413247739526,
        3.7217413247739524,
        3.731741324773952,
        3.741741324773952,
        3.7517413247739517,
        3.7617413247739515,
        3.7717413247739513,
        3.781741324773951,
        3.791741324773951,
        3.8017413247739507,
        3.8117413247739504,
        3.8217413247739502,
        3.83174132477395,
        3.84174132477395,
        3.8517413247739496,
        3.8617413247739494,
        3.871741324773949,
        3.881741324773949,
        3.8917413247739487,
        3.9017413247739485,
        3.9117413247739483,
        3.921741324773948,
        3.923811433516362
    ],
    "frequency": [
        9104.10211954909,
        8687.274612746085,
        8297.143540850384,
        7973.498966170302,
        7807.137655251155,
        7718.635159841011,
        7727.3493237463,
        7771.932792317092,
        7860.042671803903,
        7948.152551290714,
        8126.686696149978,
        8316.461821198493,
        8571.85635347976,
        8962.250896436712,
        9343.285997621952,
        9684.881222709286,
        10036.546974453511,
        10556.365795238571,
        11076.184616023631,
        11596.003436808693,
        12110.012209694021,
        12593.748199081587,
        13026.287607471384,
        13115.827968546015
    ]
}