{
    "time": [
        57.612452030327496,
        57.622452030327494,
        57.63245203032749,
        57.64245203032749,
        57.65245203032749,
        57.662452030327486,
        57.672452030327484,
        57.68245203032748,
        57.69245203032748,
        57.70245203032748,
        57.712452030327476,
        57.722452030327474,
        57.73245203032747,
        57.74245203032747,
        57.75245203032747,
        57.762452030327466,
        57.772452030327464,
        57.78245203032746,
        57.79245203032746,
        57.80245203032746,
        57.81245203032746,
        57.822452030327455,
        57.83245203032745,
        57.84245203032745,
        57.85245203032745,
        57.86245203032745,
        57.872452030327445,
        57.88245203032744,
        57.89245203032744,
        57.90245203032744,
        57.91245203032744,
        57.922452030327435,
        57.93245203032743,
        57.94245203032743,
        57.95245203032743,
        57.96245203032743,
        57.972452030327425,
        57.98245203032742,
        57.99245203032742,
        58.00245203032742,
        58.01245203032742,
        58.022452030327415,
        58.03245203032741,
        58.04245203032741,
        58.05245203032741,
        58.06245203032741,
        58.072452030327405,
        58.0824520303274,
        58.0924520303274,
        58.1024520303274,
        58.1124520303274,
        58.122452030327395,
        58.13245203032739,
        58.14245203032739,
        58.15245203032739,
        58.16245203032739,
        58.172452030327385,
        58.18245203032738,
        58.19245203032738,
        58.197574269508536
    ],
    "frequency": [
        13175.266494711475,
        12813.314134475531,
        12648.43356343358,
        12503.652619339251,
        12409.66849619871,
        12335.209724950182,
        12260.750953701654,
        12190.788492541067,
        12122.870018767084,
        12054.9515449931,
        11987.033071219117,
        11905.071933548621,
        11765.461737457616,
        11625.207028774284,
        11425.763891501436,
        11226.320754228589,
        10984.334758664449,
        10692.704571274424,
        10456.719284025468,
        10251.957663092047,
        10006.971909843374,
        9814.089936903321,
        9731.884187098563,
        9695.768494760332,
        9704.22971876585,
        9753.568484303172,
        9882.439415970613,
        10073.240017294958,
        10250.152653414345,
        10265.664897424454,
        10281.177141434564,
        10296.689385444675,
        10312.201629454785,
        10327.713873464894,
        10365.59691134813,
        10403.921278902508,
        10449.775929553882,
        10679.881882422698,
        11570.727895574502,
        12072.51321510824,
        12210.90364962159,
        12330.569531985315,
        12440.618713370692,
        12533.692177431354,
        12734.908050623648,
        13160.973833177555,
        13259.864388742002,
        13355.155074190274,
        13428.63412476447,
        13502.113175338667,
        13567.665642393193,
        13631.653648934893,
        13747.180038298455,
        13899.822244753836,
        14119.814068897174,
        14279.312694979126,
        14401.916890316714,
        14513.605047189489,
        14607.71140431026,
        14655.385858743999
    ]
}