{
    "time": [
        9.888134099178608,
        9.898134099178607,
        9.908134099178607,
        9.918134099178607,
        9.928134099178607,
        9.938134099178606,
        9.948134099178606,
        9.958134099178606,
        9.968134099178606,
        9.978134099178606,
        9.988134099178605,
        9.998134099178605,
        10.008134099178605,
        10.018134099178605,
        10.028134099178605,
        10.038134099178604,
        10.048134099178604,
        10.058134099178604,
        10.068134099178604,
        10.078134099178603,
        10.088134099178603,
        10.098134099178603,
        10.108134099178603,
        10.118134099178603,
        10.128134099178602,
        10.138134099178602,
        10.148134099178602,
        10.158134099178602,
        10.168134099178602,
        10.178134099178601,
        10.188134099178601,
        10.198134099178601,
        10.2081340991786,
        10.214749127543296
    ],
    "frequency": [
        13335.180401939722,
        13318.466818611196,
        13301.753235282666,
        13285.039651954137,
        13262.913959994961,
        13232.620590212004,
        13202.327220429048,
        13172.03385064609,
        13141.740480863133,
        13082.385150260896,
        12984.664602573936,
        12886.944054886975,
        12789.223507200011,
        12656.745645849785,
        12499.220122978415,
        12341.603800946741,
        12183.14617438973,
        12070.684650118272,
        12007.463704484273,
        11944.242758850276,
        11817.907147644451,
        11653.96655823081,
        11419.632883231328,
        11119.122654984385,
        10818.612426737443,
        10517.106802697139,
        10214.17310486756,
        9911.23940703798,
        9685.528352215442,
        9465.901421289018,
        9388.646610969776,
        9320.48652895812,
        9290.631912587045,
        9272.134235629215
    ]
}