{
    "time": [
        58.06175183478268,
        58.07175183478268,
        58.08175183478268,
        58.09175183478268,
        58.101751834782675,
        58.11175183478267,
        58.12175183478267,
        58.13175183478267,
        58.14175183478267,
        58.151751834782665,
        58.16175183478266,
        58.17175183478266,
        58.18175183478266,
        58.19175183478266,
        58.201751834782655,
        58.21175183478265,
        58.22175183478265,
        58.23175183478265,
        58.24175183478265,
        58.251751834782645,
        58.26175183478264,
        58.27175183478264,
        58.28175183478264,
        58.29175183478264,
        58.301751834782635,
        58.31175183478263,
        58.32175183478263,
        58.33175183478263,
        58.34175183478263,
        58.351751834782625,
        58.36175183478262,
        58.37175183478262,
        58.38175183478262,
        58.39175183478262,
        58.401751834782615,
        58.41175183478261,
        58.42175183478261,
        58.43175183478261,
        58.44175183478261,
        58.451751834782605,
        58.4617518347826,
        58.4717518347826,
        58.4817518347826,
        58.4917518347826,
        58.501751834782596,
        58.511751834782594,
        58.52175183478259,
        58.53175183478259,
        58.54175183478259,
        58.551751834782586,
        58.561751834782584,
        58.57175183478258,
        58.58175183478258,
        58.59175183478258,
        58.601751834782576,
        58.611751834782574,
        58.62175183478257,
        58.63175183478257,
        58.63518613640701
    ],
    "frequency": [
        6305.625254589177,
        5823.813640595686,
        5496.401021551074,
        5431.749003824762,
        5461.498009124825,
        5709.085315381833,
        6300.279626622585,
        6697.889155563827,
        7093.732303090019,
        7489.575450616211,
        7880.94310337513,
        8170.628315883012,
        8377.298416247088,
        8531.477048022472,
        8605.04789564354,
        8681.543777168037,
        8760.172620563018,
        8838.801463958,
        8913.8056518522,
        8967.3609012234,
        9020.9161505946,
        9063.709582974978,
        9069.62152608738,
        9075.533469199785,
        9076.58422100885,
        9076.58422100885,
        9086.034341459168,
        9108.607215161075,
        9203.306849704666,
        9361.943989887555,
        9516.530276073743,
        9666.545832550999,
        9816.561389028257,
        9925.44445755479,
        10018.55756157518,
        10111.670665595571,
        10151.61022025412,
        10190.234915255165,
        10225.089193358985,
        10254.301147561457,
        10283.513101763929,
        10331.8852544745,
        10400.85792411922,
        10469.830593763938,
        10557.914068327038,
        10675.698165720336,
        10793.48226311363,
        10911.266360506925,
        11029.05045790022,
        11162.33822938264,
        11296.83493518987,
        11435.365224150844,
        11592.187294079908,
        11749.00936400897,
        11905.831433938032,
        12062.653503867095,
        12219.475573796157,
        12376.29764372522,
        12430.155072675738
    ]
}