{
    "time": [
        8.267958209271425,
        8.277958209271425,
        8.287958209271425,
        8.297958209271425,
        8.307958209271424,
        8.317958209271424,
        8.327958209271424,
        8.337958209271424,
        8.347958209271424,
        8.357958209271423,
        8.367958209271423,
        8.377958209271423,
        8.387958209271423,
        8.397958209271422,
        8.407958209271422,
        8.417958209271422,
        8.427958209271422,
        8.437958209271422,
        8.447958209271421,
        8.457958209271421,
        8.467958209271421,
        8.47795820927142,
        8.48795820927142,
        8.49795820927142,
        8.50795820927142,
        8.51795820927142,
        8.52795820927142,
        8.53795820927142,
        8.54795820927142,
        8.557958209271419,
        8.567958209271419,
        8.577958209271419,
        8.587958209271418,
        8.597958209271418,
        8.607958209271418,
        8.617958209271418,
        8.627958209271418,
        8.637958209271417,
        8.647958209271417,
        8.654118271688638
    ],
    "frequency": [
        10753.36126320256,
        10675.082070843608,
        10596.802878484654,
        10518.5236861257,
        10395.797628348246,
        10246.731680613266,
        10097.66573287829,
        9976.242183495393,
        9874.661278062145,
        9773.080372628898,
        9671.499467195652,
        9569.918561762406,
        9468.909478052974,
        9367.96063158687,
        9267.011785120765,
        9166.062938654657,
        9065.114092188553,
        8963.147893896798,
        8860.015057963876,
        8756.882222030956,
        8653.74938609804,
        8550.61655016512,
        8448.967028468101,
        8351.900829942995,
        8254.83463141789,
        8157.768432892786,
        8069.484214522254,
        7992.500677760967,
        7915.517140999681,
        7840.927382727268,
        7772.410066121314,
        7703.892749515359,
        7635.3754329094045,
        7576.762700183322,
        7525.196282216862,
        7473.6298642504025,
        7423.381148544421,
        7384.554669134381,
        7345.72818972434,
        7321.81083606366
    ]
}