{
    "time": [
        20.871172545701956,
        20.881172545701958,
        20.89117254570196,
        20.90117254570196,
        20.911172545701962,
        20.921172545701964,
        20.931172545701966,
        20.941172545701967,
        20.95117254570197,
        20.96117254570197,
        20.97117254570197,
        20.981172545701973,
        20.991172545701975,
        21.001172545701976,
        21.011172545701978,
        21.02117254570198,
        21.03117254570198,
        21.041172545701983,
        21.051172545701984,
        21.061172545701986,
        21.071172545701987,
        21.08117254570199,
        21.09117254570199,
        21.101172545701992,
        21.111172545701994,
        21.121172545701995,
        21.131172545701997,
        21.141172545702,
        21.151172545702,
        21.161172545702,
        21.171172545702003,
        21.181172545702005,
        21.191172545702006,
        21.201172545702008,
        21.21117254570201,
        21.22117254570201,
        21.231172545702012,
        21.241172545702014,
        21.251172545702016,
        21.261172545702017,
        21.27117254570202,
        21.28117254570202,
        21.291172545702022,
        21.301172545702023,
        21.311172545702025,
        21.321172545702026,
        21.331172545702028,
        21.34117254570203,
        21.35117254570203,
        21.361172545702033,
        21.371172545702034,
        21.381172545702036,
        21.391172545702037,
        21.40117254570204,
        21.41117254570204,
        21.421172545702042,
        21.431172545702044,
        21.441172545702045,
        21.451172545702047,
        21.46117254570205,
        21.47117254570205,
        21.48117254570205,
        21.491172545702053,
        21.501172545702055,
        21.502242408014567
    ],
    "frequency": [
        14483.38023419179,
        14148.2474637919,
        13813.11469339201,
        13477.981922992121,
        13212.111217917114,
        13020.412323303257,
        12957.098887986234,
        12895.077500395082,
        12837.040184687809,
        12783.1039213064,
        12761.78409104658,
        12740.464260786763,
        12735.688086276601,
        12740.924535814098,
        12746.160985351597,
        12762.320539023693,
        12812.066809629929,
        12861.813080236167,
        12911.559350842403,
        12961.305621448642,
        13011.051892054878,
        13071.272707946784,
        13132.49888715446,
        13193.725066362136,
        13254.951245569813,
        13325.917622987323,
        13420.672424142063,
        13515.427225296804,
        13610.182026451545,
        13738.773176228178,
        13894.23027187266,
        14049.68736751714,
        14232.96154455409,
        14427.424238742113,
        14621.886932930136,
        14816.349627118158,
        15003.797579041984,
        15189.516989305272,
        15375.236399568555,
        15560.955809831841,
        15746.675220095123,
        15979.088060416394,
        16264.300011892172,
        16549.51196336795,
        16776.90966453337,
        16905.23755423387,
        16966.463733441542,
        17037.160850307806,
        17136.65339152029,
        17236.14593273277,
        17371.16429313657,
        17517.47685374314,
        17663.78941434971,
        17827.965261685218,
        17998.52390376376,
        18167.159704820024,
        18329.965681349517,
        18488.801966929328,
        18638.04077874803,
        18748.855529829205,
        18813.911805143394,
        18785.485364796976,
        18597.001964791358,
        18379.927329418704,
        18356.70333227995
    ]
}