{
    "time": [
        59.68247632799637,
        59.69247632799637,
        59.702476327996365,
        59.71247632799636,
        59.72247632799636,
        59.73247632799636,
        59.74247632799636,
        59.752476327996355,
        59.76247632799635,
        59.77247632799635,
        59.78247632799635,
        59.79247632799635,
        59.802476327996345,
        59.81247632799634,
        59.82247632799634,
        59.83247632799634,
        59.84247632799634,
        59.852476327996335,
        59.86247632799633,
        59.87247632799633,
        59.88247632799633,
        59.89247632799633,
        59.902476327996325,
        59.91247632799632,
        59.92247632799632,
        59.93247632799632,
        59.94247632799632,
        59.952476327996315,
        59.96247632799631,
        59.97247632799631,
        59.98247632799631,
        59.99247632799631,
        59.99322964714009
    ],
    "frequency": [
        11677.022635648851,
        11353.478112588038,
        11006.035299667561,
        10468.048476438915,
        10038.62959104332,
        9999.738425817452,
        10037.3598819873,
        10093.183681645925,
        10169.053618255133,
        10308.950491431919,
        10538.859390247646,
        10808.794137059873,
        11084.684815638771,
        11357.861022682504,
        11624.555345308747,
        11823.140435529609,
        11950.609790660961,
        12004.95206971146,
        12092.587932318876,
        12180.223794926293,
        12271.502977788123,
        12373.370305263405,
        12475.375581482827,
        12582.972946128613,
        12690.570310774398,
        12798.167675420182,
        12917.165820513617,
        13044.07553265991,
        13171.151138813615,
        13309.096478103053,
        13447.041817392488,
        13584.987156681924,
        13595.378843170163
    ]
}