{
    "time": [
        39.65314189862811,
        39.663141898628105,
        39.6731418986281,
        39.6831418986281,
        39.6931418986281,
        39.7031418986281,
        39.713141898628095,
        39.72314189862809,
        39.73314189862809,
        39.74314189862809,
        39.75314189862809,
        39.763141898628085,
        39.77314189862808,
        39.78314189862808,
        39.79314189862808,
        39.80314189862808,
        39.813141898628075,
        39.82314189862807,
        39.83314189862807,
        39.84314189862807,
        39.85314189862807,
        39.863141898628065,
        39.87314189862806,
        39.88314189862806,
        39.89314189862806,
        39.90314189862806,
        39.913141898628055,
        39.92314189862805,
        39.93314189862805,
        39.94314189862805,
        39.95314189862805,
        39.963141898628045,
        39.97314189862804,
        39.98314189862804,
        39.99314189862804,
        40.00314189862804,
        40.013141898628035,
        40.02314189862803,
        40.03314189862803,
        40.04314189862803,
        40.05314189862803,
        40.063141898628025,
        40.07314189862802,
        40.08314189862802,
        40.09314189862802,
        40.10314189862802,
        40.113141898628015,
        40.12314189862801,
        40.13314189862801,
        40.14314189862801,
        40.15314189862801,
        40.163141898628005,
        40.173141898628,
        40.183141898628,
        40.193141898628,
        40.203141898628,
        40.213141898627995,
        40.22314189862799,
        40.23314189862799,
        40.24314189862799,
        40.25314189862799,
        40.263141898627985,
        40.27157311754991
    ],
    "frequency": [
        6453.333686830209,
        6606.521410654153,
        6759.709134478099,
        6912.896858302044,
        7066.084582125989,
        7214.759559011999,
        7362.186992398403,
        7509.614425784809,
        7657.041859171212,
        7792.262723150856,
        7865.831047897907,
        7939.399372644957,
        8012.967697392009,
        8086.536022139058,
        8160.10434688611,
        8231.375041591316,
        8302.511355602926,
        8373.64766961454,
        8444.783983626148,
        8519.671878697784,
        8597.921824110555,
        8676.171769523327,
        8754.4217149361,
        8881.599720410393,
        9055.488487994331,
        9229.377255578267,
        9565.481605837107,
        10063.962739577728,
        10562.44387331835,
        11012.847703268872,
        11412.791868711927,
        11812.736034154983,
        12156.801406887842,
        12439.37065421174,
        12710.069616164808,
        12814.402876715172,
        12918.736137265534,
        13019.207753775634,
        13053.01945858362,
        13086.83116339161,
        13120.642868199595,
        13131.578965976034,
        13113.465552686042,
        13095.352139396047,
        13077.238726106054,
        13059.12531281606,
        13008.520502883157,
        12938.13695409918,
        12867.753405315207,
        12797.369856531233,
        12686.664386881572,
        12516.727636742724,
        12346.790886603874,
        12176.854136465025,
        12006.917386326177,
        11790.141498239054,
        11572.78053875913,
        11355.41957927921,
        11138.058619799289,
        10933.822872871906,
        10739.476603219271,
        10545.130333566634,
        10381.272738956468
    ]
}