{
    "time": [
        22.7334705816418,
        22.7434705816418,
        22.753470581641803,
        22.763470581641805,
        22.773470581641806,
        22.783470581641808,
        22.79347058164181,
        22.80347058164181,
        22.813470581641813,
        22.823470581641814,
        22.833470581641816,
        22.843470581641817,
        22.85347058164182,
        22.86347058164182,
        22.873470581641822,
        22.883470581641824,
        22.893470581641825,
        22.903470581641827,
        22.91347058164183,
        22.92347058164183,
        22.93347058164183,
        22.943470581641833,
        22.953470581641835,
        22.963470581641836,
        22.973470581641838,
        22.98347058164184,
        22.99347058164184,
        23.003470581641842,
        23.013470581641844,
        23.023470581641845,
        23.033470581641847,
        23.04347058164185,
        23.05347058164185,
        23.06347058164185,
        23.073470581641853,
        23.083470581641855,
        23.093470581641856,
        23.103470581641858,
        23.11347058164186,
        23.12347058164186,
        23.133470581641863,
        23.143470581641864,
        23.153470581641866,
        23.163470581641867,
        23.17347058164187,
        23.18347058164187,
        23.193470581641872,
        23.203470581641874,
        23.213470581641875,
        23.223470581641877,
        23.23347058164188,
        23.24347058164188,
        23.25347058164188,
        23.263470581641883,
        23.273470581641885,
        23.283470581641886,
        23.293470581641888,
        23.30347058164189,
        23.31347058164189,
        23.323470581641892,
        23.333470581641894,
        23.343470581641895,
        23.353470581641897,
        23.35714301656331
    ],
    "frequency": [
        9978.653112443748,
        10173.412767881788,
        10368.172423319827,
        10563.420905461395,
        10767.918543671312,
        10972.416181881232,
        11176.913820091153,
        11381.41145830107,
        11500.309841701972,
        11602.439904919476,
        11704.56996813698,
        11806.700031354489,
        11908.830094571991,
        12010.960157789497,
        12113.090221007002,
        12215.220284224508,
        12310.803057446696,
        12379.78043541433,
        12448.757813381962,
        12517.735191349595,
        12586.712569317227,
        12651.123305538786,
        12687.640740933419,
        12724.158176328052,
        12760.675611722683,
        12797.193047117316,
        12828.360175517855,
        12801.093823756531,
        12773.82747199521,
        12746.561120233888,
        12719.294768472564,
        12692.02841671124,
        12673.77192597165,
        12657.541954685148,
        12641.311983398642,
        12625.08201211214,
        12608.852040825637,
        12553.877316339947,
        12486.638863867298,
        12419.400411394647,
        12352.161958921995,
        12284.923506449344,
        12217.685053976693,
        12150.446601504042,
        12083.20814903139,
        12015.969696558739,
        11935.200579889652,
        11853.096019263814,
        11770.991458637976,
        11688.886898012139,
        11606.782337386301,
        11524.677776760464,
        11442.573216134626,
        11360.468655508788,
        11278.364094882949,
        11196.259534257113,
        11107.275007890912,
        10983.33704533944,
        10859.399082787968,
        10735.461120236496,
        10611.523157685022,
        10352.801698828676,
        9974.102368810332,
        9835.027504382864
    ]
}