{
    "time": [
        29.231450259963417,
        29.24145025996342,
        29.25145025996342,
        29.26145025996342,
        29.271450259963423,
        29.281450259963425,
        29.291450259963426,
        29.301450259963428,
        29.31145025996343,
        29.32145025996343,
        29.331450259963432,
        29.341450259963434,
        29.351450259963435,
        29.361450259963437,
        29.37145025996344,
        29.38145025996344,
        29.39145025996344,
        29.401450259963443,
        29.411450259963445,
        29.421450259963446,
        29.431450259963448,
        29.44145025996345,
        29.45145025996345,
        29.461450259963453,
        29.471450259963454,
        29.481450259963456,
        29.491450259963457,
        29.50145025996346,
        29.51145025996346,
        29.521450259963462,
        29.531450259963464,
        29.541450259963465,
        29.551450259963467,
        29.56145025996347,
        29.57145025996347,
        29.58145025996347,
        29.591450259963473,
        29.59263278497202
    ],
    "frequency": [
        9420.802019397857,
        8859.934124846248,
        8425.74946387128,
        8143.407802668495,
        7882.510742483471,
        7756.601623298417,
        7696.186852618949,
        7680.925141202583,
        7680.11832714631,
        7717.578891531942,
        7755.039455917574,
        7792.500020303207,
        7829.145719422153,
        7833.965207237848,
        7838.784695053544,
        7843.604182869239,
        7848.423670684934,
        7853.243158500629,
        7858.062646316324,
        7862.882134132019,
        7866.562516940353,
        7869.720112405807,
        7872.877707871263,
        7876.035303336719,
        7879.192898802174,
        7883.048403019418,
        7894.494686581696,
        7905.940970143973,
        7917.38725370625,
        7928.833537268527,
        7932.726914886542,
        7927.3404285042925,
        7921.953942122046,
        7910.337580281549,
        7867.245689223569,
        7824.153798165588,
        7781.061907107609,
        7775.966183223438
    ]
}