{
    "time": [
        27.127723809129435,
        27.137723809129437,
        27.147723809129438,
        27.15772380912944,
        27.16772380912944,
        27.177723809129443,
        27.187723809129444,
        27.197723809129446,
        27.207723809129448,
        27.21772380912945,
        27.22772380912945,
        27.237723809129452,
        27.247723809129454,
        27.257723809129455,
        27.267723809129457,
        27.27772380912946,
        27.28772380912946,
        27.29772380912946,
        27.307723809129463,
        27.317723809129465,
        27.327723809129466,
        27.337723809129468,
        27.34772380912947,
        27.35772380912947,
        27.367723809129473,
        27.377723809129474,
        27.387723809129476,
        27.397723809129477,
        27.40772380912948,
        27.41772380912948,
        27.427723809129482,
        27.437723809129483,
        27.447723809129485,
        27.457723809129487,
        27.467723809129488,
        27.47772380912949,
        27.48772380912949,
        27.497723809129493,
        27.507723809129494,
        27.517723809129496,
        27.527723809129498,
        27.5377238091295,
        27.5477238091295,
        27.557723809129502,
        27.567723809129504,
        27.577723809129505,
        27.587723809129507,
        27.59772380912951,
        27.60772380912951,
        27.61772380912951,
        27.627723809129513,
        27.637723809129515,
        27.647723809129516,
        27.657723809129518,
        27.66772380912952,
        27.67772380912952,
        27.687723809129523,
        27.697723809129524,
        27.707723809129526,
        27.717723809129527,
        27.72772380912953,
        27.73772380912953,
        27.742400346476124
    ],
    "frequency": [
        10795.76380947213,
        10998.052971428762,
        11200.342133385395,
        11402.63129534203,
        11604.92045729866,
        11807.209619255293,
        11937.78098050468,
        12041.305433976608,
        12144.829887448534,
        12248.354340920463,
        12346.953723151346,
        12423.074644821878,
        12499.19556649241,
        12575.316488162942,
        12651.437409833472,
        12727.558331504004,
        12803.679253174534,
        12837.220053526607,
        12870.61503851755,
        12904.010023508497,
        12937.405008499438,
        12970.799993490382,
        12984.462240746507,
        12962.89464627319,
        12941.327051799872,
        12919.759457326554,
        12898.191862853237,
        12876.624268379921,
        12855.056673906602,
        12830.564763123875,
        12774.489017493248,
        12718.41327186262,
        12662.337526231993,
        12606.261780601364,
        12550.186034970735,
        12494.11028934011,
        12438.03454370948,
        12372.363523558919,
        12304.448545217407,
        12236.533566875898,
        12168.618588534388,
        12100.703610192875,
        12032.788631851365,
        11964.873653509854,
        11896.958675168344,
        11813.569716423628,
        11686.860098892885,
        11560.15048136214,
        11433.440863831394,
        11306.73124630065,
        11180.021628769906,
        11021.488689294518,
        10823.066820140008,
        10624.644950985497,
        10426.223081830987,
        10064.766873947137,
        9664.22583372836,
        9246.286137075529,
        8778.98825682031,
        8322.391723683711,
        7991.688608426172,
        7838.415258675695,
        7767.812095954238
    ]
}