{
    "time": [
        0.04822758327502874,
        0.05822758327502874,
        0.06822758327502874,
        0.07822758327502874,
        0.08822758327502875,
        0.09822758327502876,
        0.10418974624883381
    ],
    "frequency": [
        13480.963239499848,
        13557.044455124433,
        13633.125670749021,
        13722.372752778474,
        13863.66643893842,
        14004.960125098369,
        14089.201723503895
    ]
}