{
    "time": [
        0.10792055711375415,
        0.11792055711375414,
        0.12792055711375414,
        0.13792055711375412,
        0.14792055711375413,
        0.15792055711375413,
        0.16792055711375412,
        0.1694789363849396
    ],
    "frequency": [
        12720.665134494784,
        12872.051226809013,
        13023.437319123243,
        13177.680250093672,
        13336.421132317906,
        13495.162014542138,
        13653.90289676637,
        13678.640746801164
    ]
}