{
    "time": [
        44.240611943989464,
        44.25061194398946,
        44.26061194398946,
        44.27061194398946,
        44.280611943989456,
        44.290611943989454,
        44.30061194398945,
        44.31061194398945,
        44.32061194398945,
        44.330611943989446,
        44.340611943989444,
        44.35061194398944,
        44.36061194398944,
        44.37061194398944,
        44.380611943989436,
        44.390611943989434,
        44.40061194398943,
        44.41061194398943,
        44.42061194398943,
        44.430611943989426,
        44.440611943989424,
        44.45061194398942,
        44.459493842366335
    ],
    "frequency": [
        13177.272370704004,
        13350.11548481238,
        13522.958598920757,
        13695.801713029134,
        13868.644827137508,
        14041.487941245885,
        14216.931749165824,
        14427.462459583534,
        14637.993170001242,
        14848.523880418954,
        15059.054590836664,
        15269.585301254374,
        15480.116011672086,
        15676.71507437857,
        15794.066451852143,
        15911.417829325716,
        16028.769206799288,
        16146.12058427286,
        16271.907672386795,
        16430.00736296869,
        16588.10705355058,
        16746.206744132473,
        16886.629282649475
    ]
}