{
    "time": [
        21.069190774563396,
        21.079190774563397,
        21.0891907745634,
        21.0991907745634,
        21.1091907745634,
        21.119190774563403,
        21.129190774563405,
        21.139190774563406,
        21.149190774563408,
        21.15919077456341,
        21.16919077456341,
        21.179190774563413,
        21.189190774563414,
        21.199190774563416,
        21.209190774563417,
        21.21919077456342,
        21.22919077456342,
        21.239190774563422,
        21.249190774563424,
        21.259190774563425,
        21.269190774563427,
        21.277163044927345
    ],
    "frequency": [
        15557.542637170376,
        15852.585502085458,
        16147.62836700054,
        16359.541030566534,
        16446.93832760994,
        16534.335624653348,
        16649.107680723304,
        16770.693800187288,
        16890.148977431512,
        17001.13549637143,
        17112.122015311346,
        17217.279449739366,
        17318.573225845405,
        17419.86850935539,
        17522.032057537435,
        17624.195605719484,
        17737.34338860363,
        17866.825486023048,
        17996.307583442467,
        18308.89881584586,
        18666.57523483197,
        18951.724546327467
    ]
}