{
    "time": [
        59.71259458899383,
        59.72259458899383,
        59.73259458899383,
        59.742594588993825,
        59.75259458899382,
        59.76259458899382,
        59.77259458899382,
        59.78259458899382,
        59.792594588993815,
        59.80259458899381,
        59.81259458899381,
        59.82259458899381,
        59.83259458899381,
        59.842594588993805,
        59.8525945889938,
        59.8625945889938,
        59.8725945889938,
        59.8825945889938,
        59.892594588993795,
        59.90259458899379,
        59.91259458899379,
        59.92259458899379,
        59.93259458899379,
        59.942594588993785,
        59.95259458899378,
        59.96259458899378,
        59.97259458899378,
        59.98259458899378,
        59.992594588993775,
        59.99529440834527
    ],
    "frequency": [
        11762.633058080013,
        11840.08852332142,
        11917.543988562826,
        11994.999453804232,
        12072.454919045638,
        12150.177826517955,
        12228.207035946325,
        12306.236245374697,
        12383.151928457144,
        12459.787759145744,
        12601.373845912833,
        12793.566634024843,
        13016.50723239159,
        13226.700250509868,
        13432.223614629253,
        13637.746978748639,
        13843.270342868025,
        14026.19379245644,
        14209.074752054234,
        14393.792760838498,
        14453.81522962957,
        14491.492947084891,
        14483.990138486006,
        14418.221670143865,
        14313.182349759532,
        14188.01720554577,
        14059.679690038582,
        13925.409285063868,
        13779.104517385633,
        13739.604873086208
    ]
}