{
    "time": [
        5.890796616128939,
        5.900796616128939,
        5.9107966161289385,
        5.920796616128938,
        5.930796616128938,
        5.940796616128938,
        5.950719463188054
    ],
    "frequency": [
        10377.882516778216,
        10059.822238124736,
        9781.243812876735,
        9633.007089127532,
        9537.983782372206,
        9570.166755291444,
        9653.235773886594
    ]
}