{
    "time": [
        39.40069021685186,
        39.410690216851854,
        39.42069021685185,
        39.43069021685185,
        39.44069021685185,
        39.45069021685185,
        39.460690216851845,
        39.47069021685184,
        39.48069021685184,
        39.49069021685184,
        39.50069021685184,
        39.510690216851835,
        39.52069021685183,
        39.53069021685183,
        39.54069021685183,
        39.55069021685183,
        39.560690216851825,
        39.57069021685182,
        39.58069021685182,
        39.59069021685182,
        39.60069021685182,
        39.610690216851815,
        39.62069021685181,
        39.63069021685181,
        39.64069021685181,
        39.65069021685181,
        39.660690216851805,
        39.6706902168518,
        39.6806902168518,
        39.6906902168518,
        39.69502101140192
    ],
    "frequency": [
        13106.380937855773,
        12858.844068758483,
        12611.307199661192,
        12321.783878968528,
        12232.934928232457,
        12175.889394613332,
        12126.858639315731,
        12227.706993392407,
        12328.55534746908,
        12497.126534655737,
        12676.819965555958,
        12856.513396456237,
        13052.612008741111,
        13116.788234062635,
        13180.96445938416,
        13245.140684705688,
        13351.495100155156,
        13479.847550798197,
        13672.913094654221,
        13940.3140334938,
        14276.743080921211,
        14657.229646260737,
        14825.69223772972,
        14994.154829198702,
        15139.705823268729,
        15263.779858890332,
        15387.853894511933,
        15511.927930133535,
        15636.00196575514,
        16052.801875306926,
        16261.25241045924
    ]
}