{
    "time": [
        45.02710959624642,
        45.03710959624642,
        45.047109596246415,
        45.05710959624641,
        45.06710959624641,
        45.07710959624641,
        45.08710959624641,
        45.097109596246405,
        45.1071095962464,
        45.1171095962464,
        45.1271095962464,
        45.1371095962464,
        45.147109596246395,
        45.15710959624639,
        45.16710959624639,
        45.17710959624639,
        45.18710959624639,
        45.197109596246385,
        45.20710959624638,
        45.21710959624638,
        45.21836958619844
    ],
    "frequency": [
        17699.749935537424,
        16782.77645587562,
        15951.236871580575,
        15246.836909948626,
        14763.083718201244,
        14320.328544195905,
        13954.477232617293,
        13588.62592103868,
        13321.265541938243,
        13056.961421329765,
        12838.089329474311,
        12666.751724277994,
        12495.414119081677,
        12324.07651388536,
        12045.231514307983,
        11776.806936507019,
        11556.733301388136,
        11329.147626289516,
        11058.468823736954,
        10787.790021184393,
        10753.684764039175
    ]
}