{
    "time": [
        40.15563704916518,
        40.16563704916518,
        40.175637049165175,
        40.18563704916517,
        40.19563704916517,
        40.20563704916517,
        40.21563704916517,
        40.225637049165165,
        40.23563704916516,
        40.24563704916516,
        40.25563704916516,
        40.26563704916516,
        40.275637049165155,
        40.28563704916515,
        40.29563704916515,
        40.30563704916515,
        40.31563704916515,
        40.325637049165145,
        40.33563704916514,
        40.34563704916514,
        40.35563704916514,
        40.36563704916514,
        40.375637049165135,
        40.38563704916513,
        40.39563704916513,
        40.40563704916513,
        40.41563704916513,
        40.425637049165125,
        40.43563704916512,
        40.44563704916512,
        40.45563704916512,
        40.46563704916512,
        40.475637049165115,
        40.47976682857515
    ],
    "frequency": [
        9935.087260163808,
        10016.850579217706,
        10098.613898271602,
        10180.3772173255,
        10262.140536379397,
        10343.903855433295,
        10425.667174487191,
        10507.430493541091,
        10589.193812594986,
        10670.957131648884,
        10752.720450702782,
        10850.84187537869,
        10954.506083464883,
        11058.170291551074,
        11161.834499637265,
        11265.498707723456,
        11369.162915809648,
        11472.82712389584,
        11576.491331982032,
        11680.155540068223,
        11783.819748154414,
        11889.205578960027,
        11996.35605101463,
        12103.506523069234,
        12210.656995123838,
        12317.807467178442,
        12424.957939233047,
        12532.108411287649,
        12639.258883342252,
        12756.825159173266,
        12890.642765202469,
        13024.460371231673,
        13158.277977260876,
        13213.541696668857
    ]
}