{
    "time": [
        17.038069756559818,
        17.04806975655982,
        17.05806975655982,
        17.068069756559822,
        17.078069756559824,
        17.088069756559825,
        17.098069756559827,
        17.10806975655983,
        17.11806975655983,
        17.12806975655983,
        17.138069756559833,
        17.148069756559835,
        17.158069756559836,
        17.168069756559838,
        17.17806975655984,
        17.18806975655984,
        17.198069756559843,
        17.208069756559844,
        17.218069756559846,
        17.228069756559847,
        17.23806975655985,
        17.24806975655985,
        17.258069756559852,
        17.268069756559854,
        17.278069756559855,
        17.288069756559857,
        17.29806975655986,
        17.30806975655986,
        17.31806975655986,
        17.328069756559863,
        17.338069756559864,
        17.348069756559866,
        17.358069756559868,
        17.359048428917497
    ],
    "frequency": [
        13446.301611346424,
        12886.133443679668,
        12325.965276012914,
        11765.797108346162,
        11312.2153543368,
        10959.309408706746,
        10606.40346307669,
        10374.040858654706,
        10218.917366070065,
        10129.5132675153,
        10065.494048353385,
        10001.47482919147,
        9937.455610029554,
        9799.218579245127,
        9621.831992817322,
        9565.325036062757,
        9546.817786508129,
        9577.839360384167,
        9644.951852466469,
        9621.365824354187,
        9597.779796241899,
        9593.84415621627,
        9599.740663244342,
        9605.637170272414,
        9606.185755952305,
        9606.185755952303,
        9606.242115709574,
        9632.096031140347,
        9657.644861202976,
        9680.824233658153,
        9704.003606113329,
        9727.182978568504,
        9750.36235102368,
        9752.630852132588
    ]
}