{
    "time": [
        3.7803699260803434,
        3.790369926080343,
        3.800369926080343,
        3.8103699260803428,
        3.8203699260803425,
        3.8303699260803423,
        3.840369926080342,
        3.850369926080342,
        3.8603699260803417,
        3.8703699260803415,
        3.8803699260803413,
        3.890369926080341,
        3.900369926080341,
        3.9103699260803406,
        3.9203699260803404,
        3.93036992608034,
        3.94036992608034,
        3.9503699260803398,
        3.9603699260803396,
        3.9703699260803393,
        3.980369926080339,
        3.990369926080339,
        4.000369926080339,
        4.0103699260803385,
        4.020369926080338,
        4.030369926080338,
        4.040369926080338,
        4.050369926080338,
        4.060369926080337,
        4.070369926080337,
        4.080369926080337,
        4.090369926080337,
        4.100369926080337,
        4.110369926080336,
        4.120369926080336,
        4.130369926080336,
        4.140369926080336,
        4.1503699260803355,
        4.160369926080335,
        4.170369926080335,
        4.180369926080335,
        4.190369926080335,
        4.200369926080334,
        4.210369926080334,
        4.220369926080334,
        4.230369926080334,
        4.240369926080334,
        4.250369926080333,
        4.260369926080333,
        4.270369926080333,
        4.280369926080333,
        4.2903699260803325,
        4.300369926080332,
        4.310369926080332,
        4.320369926080332,
        4.330369926080332,
        4.3403699260803315,
        4.350369926080331,
        4.360369926080331,
        4.370369926080331,
        4.380369926080331,
        4.39036992608033,
        4.40036992608033,
        4.41036992608033,
        4.42036992608033,
        4.4303699260803295,
        4.440369926080329,
        4.450369926080329,
        4.460369926080329,
        4.470369926080329,
        4.4803699260803285,
        4.490369926080328,
        4.500369926080328,
        4.510369926080328,
        4.520369926080328,
        4.530369926080327,
        4.540369926080327,
        4.550369926080327,
        4.560369926080327,
        4.5703699260803266,
        4.580369926080326,
        4.590369926080326,
        4.600369926080326,
        4.610369926080326,
        4.6203699260803255,
        4.630369926080325,
        4.640369926080325,
        4.650369926080325,
        4.660369926080325,
        4.663948940549732
    ],
    "frequency": [
        13581.986678769434,
        13619.452020054074,
        13656.917361338714,
        13694.382702623354,
        13756.351229316851,
        13847.933174679307,
        13939.515120041757,
        14003.367428055128,
        14044.579303468232,
        14085.791178881336,
        14123.646581807154,
        14154.555488366983,
        14185.46439492681,
        14216.720292719512,
        14251.06352223043,
        14285.406751741353,
        14319.749981252273,
        14376.484254247936,
        14507.612948744176,
        14638.741643240419,
        14769.87033773666,
        14925.829300292258,
        15093.252544157993,
        15257.796308601246,
        15397.622314467135,
        15537.448320333024,
        15677.274326198916,
        15817.100332064807,
        15969.945657422591,
        16131.849453688352,
        16285.59959187754,
        16422.972509921226,
        16560.34542796491,
        16697.71834600859,
        16805.580487846564,
        16879.173122512824,
        16952.76575717908,
        17026.358391845337,
        17099.95102651159,
        17178.910585444646,
        17258.164192008306,
        17337.417798571965,
        17416.671405135625,
        17557.16359781537,
        17717.43200219967,
        17877.700406583965,
        18047.740913603615,
        18219.45706115821,
        18391.173208712804,
        18617.34399025632,
        18846.298853662458,
        19069.57743839056,
        19182.91009577659,
        19296.242753162624,
        19409.575410548656,
        19546.26457989239,
        19687.93040162494,
        19832.745836486592,
        19987.290369285736,
        19966.194436541286,
        19936.757382674783,
        19752.221610634515,
        19500.37126088776,
        19248.520911141008,
        18719.064245542402,
        18118.057729101314,
        17535.51570490333,
        16955.973706906552,
        16420.75726687579,
        15999.27217742359,
        15577.787087971392,
        15156.301998519191,
        14730.892545828436,
        14304.055264764142,
        13947.264457940175,
        13667.612446208395,
        13411.553938051613,
        13239.837790497018,
        13068.121642942424,
        12914.298312908857,
        12799.147484548714,
        12683.99665618857,
        12568.845827828427,
        12453.694999468284,
        12338.544171108138,
        12293.01197419496,
        12261.310531569494,
        12229.609088944027,
        12197.907646318563,
        12186.5616541328
    ]
}