{
    "time": [
        10.865083999903728,
        10.875083999903728,
        10.885083999903728,
        10.895083999903727,
        10.905083999903727,
        10.915083999903727,
        10.925083999903727,
        10.935083999903727,
        10.945083999903726,
        10.955083999903726,
        10.965083999903726,
        10.975083999903726,
        10.985083999903726,
        10.995083999903725,
        11.005083999903725,
        11.015083999903725,
        11.025083999903725,
        11.035083999903724,
        11.045083999903724,
        11.055083999903724,
        11.065083999903724,
        11.075083999903724,
        11.085083999903723,
        11.095083999903723,
        11.103276253217588
    ],
    "frequency": [
        14763.841631289704,
        14573.563793137651,
        14383.2859549856,
        14193.008116833546,
        14039.511258393715,
        13903.435160196037,
        13767.359061998362,
        13663.82308590137,
        13578.442004679295,
        13533.1425601857,
        13557.771718230528,
        13582.400876275358,
        13699.81942290545,
        13827.89104473856,
        13893.147524037096,
        13943.599981122865,
        13994.052438208635,
        14014.447990454462,
        14020.546639113181,
        14026.645287771902,
        14032.74393643062,
        14044.203270084636,
        14058.04885082335,
        14071.894431562065,
        14083.237082030977
    ]
}