{
    "time": [
        43.77012940862971,
        43.780129408629705,
        43.7901294086297,
        43.8001294086297,
        43.8101294086297,
        43.8201294086297,
        43.830129408629695,
        43.84012940862969,
        43.85012940862969,
        43.86012940862969,
        43.87012940862969,
        43.880129408629685,
        43.89012940862968,
        43.90012940862968,
        43.91012940862968,
        43.92012940862968,
        43.930129408629675,
        43.94012940862967,
        43.95012940862967,
        43.96012940862967,
        43.97012940862967,
        43.980129408629665,
        43.99012940862966,
        44.00012940862966,
        44.01012940862966,
        44.02012940862966,
        44.030129408629655,
        44.04012940862965,
        44.05012940862965,
        44.06012940862965,
        44.07012940862965,
        44.080129408629645,
        44.09012940862964,
        44.10012940862964,
        44.11012940862964,
        44.12012940862964,
        44.130129408629635,
        44.14012940862963,
        44.15012940862963,
        44.15564811885552
    ],
    "frequency": [
        12465.955051883388,
        12174.09355507356,
        11955.790228955637,
        11906.897191883221,
        11915.532050743257,
        11945.799168930947,
        11981.78889405762,
        12043.69890853244,
        12105.608923007263,
        12153.206420150755,
        12187.256928111901,
        12193.943384720085,
        12180.323181535623,
        12161.277549262095,
        12111.336804252405,
        12061.396059242717,
        12014.745639104596,
        11969.344961823066,
        11973.840491302552,
        11992.000762215162,
        12044.23339734774,
        12097.645958855423,
        12116.393821108064,
        12131.527380201911,
        12123.201805260134,
        12105.906309152882,
        12084.158874318104,
        12041.784908855334,
        11999.410943392562,
        11957.036977929794,
        11918.285790435139,
        11882.613829713937,
        11846.941868992737,
        11810.114283541494,
        11766.529633351216,
        11722.944983160942,
        11677.248526213087,
        11615.338511738264,
        11553.428497263443,
        11519.262154266744
    ]
}