{
    "time": [
        49.59318172560406,
        49.60318172560406,
        49.61318172560406,
        49.623181725604056,
        49.633181725604054,
        49.64318172560405,
        49.65318172560405,
        49.66318172560405,
        49.673181725604046,
        49.683181725604044,
        49.69318172560404,
        49.70318172560404,
        49.71318172560404,
        49.723181725604036,
        49.733181725604034,
        49.74318172560403,
        49.75318172560403,
        49.76318172560403,
        49.773181725604026,
        49.783181725604024,
        49.79318172560402,
        49.80318172560402,
        49.81318172560402,
        49.823181725604016,
        49.833181725604014,
        49.84318172560401,
        49.85318172560401,
        49.86318172560401,
        49.873181725604006,
        49.883181725604004,
        49.893181725604,
        49.903181725604,
        49.913181725604,
        49.923181725603996,
        49.933181725603994,
        49.94318172560399,
        49.95318172560399,
        49.96318172560399,
        49.973181725603986,
        49.983181725603984,
        49.99318172560398,
        50.00318172560398,
        50.01318172560398,
        50.023181725603976,
        50.033181725603974,
        50.04318172560397,
        50.05318172560397,
        50.06318172560397,
        50.073181725603966,
        50.083181725603964,
        50.09318172560396,
        50.10318172560396,
        50.11318172560396,
        50.123181725603956,
        50.133181725603954,
        50.14318172560395,
        50.15318172560395,
        50.16318172560395,
        50.173181725603946,
        50.183181725603944,
        50.19318172560394,
        50.20318172560394,
        50.21318172560394,
        50.223181725603936,
        50.233181725603934,
        50.24318172560393,
        50.25318172560393,
        50.26318172560393,
        50.273181725603926,
        50.283181725603924,
        50.29318172560392,
        50.30318172560392,
        50.31318172560392,
        50.32318172560392,
        50.333181725603914,
        50.34318172560391,
        50.35318172560391,
        50.36318172560391,
        50.37318172560391,
        50.383181725603905,
        50.3931817256039,
        50.4031817256039,
        50.4131817256039,
        50.4231817256039,
        50.433181725603895,
        50.44318172560389,
        50.4466835337761
    ],
    "frequency": [
        6590.495030998296,
        6443.900396668978,
        6400.489146400488,
        6527.175867425849,
        6671.898698328832,
        6871.851532892953,
        7071.8043674570745,
        7262.055891690317,
        7436.573313510903,
        7611.090735331488,
        7776.44305678108,
        7936.068325272983,
        8092.815645818419,
        8247.942242992312,
        8394.97917305843,
        8535.794090622046,
        8676.609008185658,
        8783.153151100985,
        8855.823995469367,
        8928.494839837751,
        8952.952650734338,
        8974.031617762083,
        8995.110584789829,
        9005.975774298715,
        9009.316962545536,
        9012.658150792358,
        9015.99933903918,
        9001.610377141433,
        8980.435596627201,
        8959.260816112968,
        8938.086035598737,
        8906.177142815724,
        8871.094666224095,
        8836.012189632465,
        8800.929713040836,
        8755.820620599174,
        8709.830147084094,
        8663.839673569015,
        8612.836779177938,
        8557.903713590491,
        8502.970648003044,
        8448.037582415598,
        8393.104516828153,
        8336.152748252107,
        8277.355984347665,
        8218.559220443225,
        8159.762456538785,
        8099.626912252119,
        8037.995534456014,
        7976.364156659911,
        7914.732778863806,
        7840.541973119566,
        7763.5427712496175,
        7686.54356937967,
        7624.982577386598,
        7575.68258226147,
        7522.213428066716,
        7467.199450078238,
        7412.1854720897645,
        7357.171494101303,
        7302.15751611284,
        7262.107540825433,
        7225.43155549979,
        7194.499126461289,
        7173.81319027479,
        7153.127254088291,
        7115.402993793223,
        7075.835525516157,
        7054.4135154034775,
        7055.570642082908,
        7056.727768762337,
        7063.367400808006,
        7070.069413841215,
        7071.812878745333,
        7069.193165507787,
        7067.163824976347,
        7072.403251451438,
        7077.642677926531,
        7095.840337192094,
        7122.037469567553,
        7144.00406136265,
        7144.004061362651,
        7144.00406136265,
        7170.7277348303505,
        7208.651222744464,
        7246.574710658577,
        7259.854788648214
    ]
}