{
    "time": [
        38.341218180581784,
        38.35121818058178,
        38.36121818058178,
        38.37121818058178,
        38.381218180581776,
        38.391218180581774,
        38.40121818058177,
        38.41121818058177,
        38.42121818058177,
        38.431218180581766,
        38.44043123940902
    ],
    "frequency": [
        12254.116804918522,
        12334.999883323675,
        12454.730429676325,
        12556.331499208884,
        12530.718524380576,
        12405.595645518242,
        12218.986828912015,
        12043.586644987436,
        11888.366949498426,
        11774.531505817078,
        11669.654241890745
    ]
}