{
    "time": [
        37.048516137744805,
        37.0585161377448,
        37.0685161377448,
        37.0785161377448,
        37.0885161377448,
        37.098516137744795,
        37.10851613774479,
        37.11851613774479,
        37.12851613774479,
        37.13851613774479,
        37.148516137744785,
        37.15851613774478,
        37.16851613774478,
        37.17851613774478,
        37.18851613774478,
        37.198516137744775,
        37.20851613774477,
        37.20886336421106
    ],
    "frequency": [
        16755.908382590846,
        16973.492876195945,
        17191.07736980104,
        17394.65982845899,
        17594.482322586147,
        17794.304816713302,
        17994.12731084046,
        18109.29911026635,
        18216.895837873257,
        18324.492565480163,
        18432.08929308707,
        18533.687948723196,
        18593.634696961344,
        18653.581445199492,
        18713.52819343764,
        18773.474941675784,
        18833.421689913932,
        18835.503199669558
    ]
}