{
    "time": [
        30.038464050511962,
        30.048464050511964,
        30.058464050511965,
        30.068464050511967,
        30.07846405051197,
        30.08846405051197,
        30.09846405051197,
        30.108464050511973,
        30.118464050511975,
        30.128464050511976,
        30.138464050511978,
        30.14846405051198,
        30.15846405051198,
        30.168464050511982,
        30.178464050511984,
        30.188464050511985,
        30.198464050511987,
        30.20846405051199,
        30.21846405051199,
        30.22846405051199,
        30.238464050511993,
        30.248464050511995,
        30.258464050511996,
        30.268464050511998,
        30.278464050512,
        30.288464050512,
        30.298464050512003,
        30.308464050512004,
        30.318464050512006,
        30.328464050512007,
        30.33846405051201,
        30.34846405051201,
        30.358464050512012,
        30.368464050512014,
        30.378464050512015,
        30.388464050512017,
        30.39846405051202,
        30.40846405051202,
        30.41846405051202,
        30.428464050512023,
        30.438464050512025,
        30.448464050512026,
        30.458464050512028,
        30.465825385615133
    ],
    "frequency": [
        11560.407572324908,
        11512.154899416804,
        11463.902226508704,
        11415.649553600602,
        11368.588510231904,
        11334.122315297547,
        11299.65612036319,
        11265.189925428833,
        11279.097436029331,
        11295.25346490481,
        11311.409493780291,
        11327.56552265577,
        11343.72155153125,
        11386.986770914005,
        11431.792824328666,
        11476.598877743327,
        11521.792911418252,
        11578.480732033971,
        11635.168552649695,
        11691.856373265415,
        11748.544193881138,
        11805.232014496858,
        11863.860605784888,
        11943.643464429231,
        12023.426323073578,
        12103.20918171792,
        12182.992040362265,
        12281.095410983264,
        12382.246200464528,
        12483.396989945792,
        12575.58964835465,
        12641.870792459187,
        12708.151936563721,
        12774.433080668257,
        12836.522055827618,
        12880.360637103773,
        12924.199218379928,
        12968.037799656082,
        13011.876380932237,
        13055.714962208393,
        13099.553543484548,
        13143.392124760703,
        13187.230706036857,
        13219.501754758703
    ]
}