{
    "time": [
        6.706076354864713,
        6.716076354864713,
        6.726076354864713,
        6.7360763548647125,
        6.746076354864712,
        6.756076354864712,
        6.766076354864712,
        6.776076354864712,
        6.786076354864711,
        6.796076354864711,
        6.806076354864711,
        6.816076354864711,
        6.8260763548647105,
        6.83607635486471,
        6.84607635486471,
        6.85607635486471,
        6.86607635486471,
        6.8760763548647095,
        6.886076354864709,
        6.896076354864709,
        6.906076354864709,
        6.916076354864709,
        6.926076354864708,
        6.936076354864708,
        6.946076354864708,
        6.956076354864708,
        6.9660763548647076,
        6.976076354864707,
        6.986076354864707,
        6.996076354864707,
        7.006076354864707,
        7.0160763548647065,
        7.026076354864706,
        7.036076354864706,
        7.046076354864706,
        7.056076354864706,
        7.066076354864705,
        7.076076354864705,
        7.086076354864705,
        7.096076354864705,
        7.106076354864705,
        7.116076354864704,
        7.126076354864704,
        7.136076354864704,
        7.146076354864704,
        7.1560763548647035,
        7.166076354864703,
        7.176076354864703,
        7.186076354864703,
        7.196076354864703,
        7.206076354864702,
        7.216076354864702,
        7.226076354864702,
        7.236076354864702,
        7.246076354864702,
        7.256076354864701,
        7.266076354864701,
        7.276076354864701,
        7.286076354864701,
        7.2960763548647005,
        7.3060763548647,
        7.3160763548647,
        7.3260763548647,
        7.3360763548647,
        7.3460763548646995,
        7.356076354864699,
        7.366076354864699,
        7.376076354864699,
        7.386076354864699,
        7.396076354864698,
        7.406076354864698,
        7.416076354864698,
        7.426076354864698,
        7.4360763548646975,
        7.446076354864697,
        7.456076354864697,
        7.466076354864697,
        7.476076354864697,
        7.483167553119077
    ],
    "frequency": [
        14823.414944446951,
        15697.436549865872,
        16338.527009690628,
        16741.03695955463,
        17177.5284878519,
        17923.62656164015,
        18402.805073383006,
        18831.852185763702,
        19176.860714218546,
        19417.639477558616,
        19556.16133128349,
        19345.322786116645,
        18576.21545240324,
        17201.32279757121,
        15925.999834243155,
        15017.180912506577,
        14392.010809987063,
        13960.750149418487,
        13792.523040326227,
        13677.520197507945,
        13624.90517039052,
        13596.154459685953,
        13567.403748981384,
        13527.690534207422,
        13398.312336036852,
        13268.93413786628,
        13181.780622250973,
        13112.778916560004,
        13043.777210869037,
        12974.775505178068,
        12904.792166322823,
        12830.378562146285,
        12755.964957969749,
        12681.551353793213,
        12607.137749616677,
        12532.799193580115,
        12459.615566332115,
        12386.431939084117,
        12313.24831183612,
        12237.458523741529,
        12160.789961862676,
        12084.121399983822,
        12008.47604675491,
        11939.474341063942,
        11870.472635372971,
        11804.772985464095,
        11762.953769893811,
        11721.134554323526,
        11679.31533875324,
        11645.946717987612,
        11614.582306309901,
        11583.217894632187,
        11553.147574019997,
        11524.396863315425,
        11494.416583266186,
        11451.290517209329,
        11408.164451152474,
        10072.678291989836,
        9574.32489444069,
        9505.32318874972,
        9436.321483058753,
        9382.31034328655,
        9333.023410650143,
        9283.736478013736,
        9234.44954537733,
        9205.703369956926,
        9194.203085675097,
        9182.70280139327,
        9108.536626453166,
        8979.1584282826,
        8857.913572281686,
        8795.184748926258,
        8732.455925570832,
        8669.727102215405,
        8632.931213497293,
        8602.263788745751,
        8571.596363994211,
        8540.928939242667,
        8519.182060356221
    ]
}