{
    "time": [
        41.2273647536434,
        41.2373647536434,
        41.247364753643396,
        41.257364753643394,
        41.26736475364339,
        41.27736475364339,
        41.28736475364339,
        41.297364753643386,
        41.307364753643384,
        41.31736475364338,
        41.32736475364338,
        41.33736475364338,
        41.347364753643376,
        41.357364753643374,
        41.36736475364337,
        41.37736475364337,
        41.38736475364337,
        41.397364753643366,
        41.407364753643364,
        41.41736475364336,
        41.42736475364336,
        41.43736475364336,
        41.447364753643356,
        41.457364753643354,
        41.46736475364335,
        41.47736475364335,
        41.48736475364335,
        41.497364753643346,
        41.507364753643344,
        41.51736475364334,
        41.52736475364334,
        41.53736475364334,
        41.547364753643336,
        41.557364753643334,
        41.56736475364333,
        41.57736475364333,
        41.58736475364333,
        41.597364753643326,
        41.607364753643324,
        41.61736475364332,
        41.62736475364332,
        41.63736475364332,
        41.647364753643316,
        41.657364753643314,
        41.66736475364331,
        41.67736475364331,
        41.68736475364331,
        41.697364753643306,
        41.707364753643304,
        41.7173647536433,
        41.7273647536433,
        41.7373647536433,
        41.747364753643296,
        41.757364753643294,
        41.76736475364329,
        41.77736475364329,
        41.78736475364329,
        41.797364753643286,
        41.807364753643284,
        41.81736475364328,
        41.82736475364328,
        41.83736475364328,
        41.84736475364328,
        41.857364753643274,
        41.86736475364327,
        41.87736475364327,
        41.88736475364327,
        41.89736475364327,
        41.907364753643265,
        41.91736475364326,
        41.92736475364326,
        41.93736475364326,
        41.94736475364326,
        41.957364753643255,
        41.96736475364325,
        41.97736475364325,
        41.98736475364325,
        41.99736475364325,
        42.007364753643245,
        42.01736475364324,
        42.02736475364324,
        42.03736475364324,
        42.04736475364324,
        42.057364753643235,
        42.06505574878774
    ],
    "frequency": [
        9355.93561289498,
        9318.995119392366,
        9282.054625889752,
        9245.114132387136,
        9230.683179805292,
        9230.683179805292,
        9230.683179805292,
        9230.683179805292,
        9230.683179805292,
        9230.683179805292,
        9243.973695658444,
        9265.21001801019,
        9286.446340361936,
        9307.682662713682,
        9330.362991492033,
        9389.122139051746,
        9447.881286611457,
        9506.64043417117,
        9576.826808837439,
        9681.491540428198,
        9786.156272018958,
        9909.815059511839,
        10036.681400833935,
        10243.492405173642,
        10491.198936605091,
        10738.90546803654,
        10986.611999467992,
        11257.615411549521,
        11378.561323609942,
        11499.507235670357,
        11620.94137272763,
        11747.80771404974,
        11874.674055371856,
        12001.540396693967,
        12128.40673801608,
        12255.27307933819,
        12382.139420660305,
        12525.336939007444,
        12684.82605381237,
        12844.315168617297,
        13003.804283422223,
        13138.232810039353,
        13217.438552864784,
        13296.644295690214,
        13375.850038515646,
        13455.055781341078,
        13534.26152416651,
        13613.467266991938,
        13692.67300981737,
        13745.192867445381,
        13795.78082104757,
        13846.368774649758,
        13896.956728251946,
        13947.544681854135,
        13998.132635456324,
        14048.720589058512,
        14099.308542660701,
        14123.811300175796,
        14147.070129418182,
        14170.328958660568,
        14109.617902053033,
        14045.656121636457,
        13447.50486374959,
        12445.26076730501,
        11552.944995338374,
        10864.329326823465,
        10271.229181142846,
        10198.86984386357,
        10136.071004909105,
        10167.708618524084,
        10200.544612748628,
        10233.380606973176,
        10297.517396495925,
        10382.799770384674,
        10468.082144273427,
        10553.77129276776,
        10699.667585288173,
        10845.563877808583,
        11028.838151601693,
        11196.732174628116,
        11278.138076976487,
        11359.543979324855,
        11418.105810548688,
        11471.780031877266,
        11513.060849439604
    ]
}