{
    "time": [
        1.0019080240653948,
        1.0119080240653948,
        1.0219080240653948,
        1.0319080240653948,
        1.0419080240653948,
        1.0519080240653949,
        1.0619080240653949,
        1.0719080240653949,
        1.0819080240653949,
        1.0919080240653949,
        1.101908024065395,
        1.111908024065395,
        1.121908024065395,
        1.131908024065395,
        1.141908024065395,
        1.151908024065395,
        1.161908024065395,
        1.171908024065395,
        1.181908024065395,
        1.191908024065395,
        1.201908024065395,
        1.211908024065395,
        1.221908024065395,
        1.231908024065395,
        1.241908024065395,
        1.251908024065395,
        1.261908024065395,
        1.271908024065395,
        1.281908024065395,
        1.291908024065395,
        1.301908024065395,
        1.311908024065395,
        1.321908024065395,
        1.331908024065395,
        1.341908024065395,
        1.3519080240653951,
        1.3619080240653951,
        1.3719080240653951,
        1.3819080240653951,
        1.3919080240653952,
        1.4019080240653952,
        1.4119080240653952,
        1.4219080240653952,
        1.4319080240653952,
        1.4419080240653952,
        1.4519080240653952,
        1.461220369676989
    ],
    "frequency": [
        12440.981022930991,
        12400.771459830132,
        12344.312804058665,
        12241.650089758592,
        12138.98737545852,
        12036.324661158447,
        11930.866407271944,
        11811.913116431891,
        11692.959825591839,
        11574.006534751788,
        11455.053243911738,
        11360.10442976101,
        11265.251101420514,
        11170.397773080018,
        11075.544444739524,
        10980.691116399028,
        10885.837788058532,
        10797.337966797797,
        10732.632922727444,
        10667.92787865709,
        10603.222834586737,
        10538.517790516384,
        10473.812746446032,
        10409.107702375679,
        10344.402658305324,
        10297.159007574628,
        10259.630082013824,
        10222.101156453018,
        10184.572230892212,
        10147.043305331408,
        10106.436125400247,
        10061.631183659285,
        10016.826241918325,
        9972.021300177363,
        9927.216358436403,
        9882.411416695442,
        9830.194655663434,
        9763.178717161998,
        9696.16277866056,
        9629.146840159125,
        9555.106289363166,
        9443.668357340775,
        9332.230425318387,
        9220.792493295998,
        9109.354561273607,
        8997.916629251218,
        8894.141775527838
    ]
}