{
    "time": [
        40.60188111942469,
        40.61188111942469,
        40.621881119424685,
        40.63188111942468,
        40.64188111942468,
        40.65188111942468,
        40.66188111942468,
        40.671881119424675,
        40.68188111942467,
        40.69188111942467,
        40.70188111942467,
        40.71188111942467,
        40.721881119424665,
        40.73188111942466,
        40.74188111942466,
        40.75188111942466,
        40.76188111942466,
        40.771881119424656,
        40.78188111942465,
        40.79188111942465,
        40.80188111942465,
        40.81188111942465,
        40.821881119424646,
        40.831881119424644,
        40.84188111942464,
        40.85188111942464,
        40.86188111942464,
        40.871881119424636,
        40.881881119424634,
        40.89188111942463,
        40.90188111942463,
        40.91188111942463,
        40.921881119424626,
        40.931881119424624,
        40.94188111942462,
        40.95188111942462,
        40.96188111942462,
        40.971881119424616,
        40.981881119424614,
        40.99188111942461,
        41.00188111942461,
        41.01188111942461,
        41.021881119424606,
        41.031881119424604,
        41.0418811194246,
        41.0518811194246,
        41.0618811194246,
        41.071881119424596,
        41.081881119424594,
        41.09188111942459,
        41.10188111942459,
        41.11188111942459,
        41.121881119424586,
        41.131881119424584,
        41.14188111942458,
        41.15188111942458,
        41.16188111942458,
        41.171881119424576,
        41.181881119424574,
        41.19188111942457,
        41.20188111942457,
        41.21188111942457,
        41.221881119424566,
        41.22718483449674
    ],
    "frequency": [
        7777.553699553277,
        7674.202456329973,
        7624.23152265939,
        7665.772787880028,
        7715.057277849673,
        7787.278278949665,
        7938.080552035627,
        8202.465986971129,
        8706.465632472858,
        9007.481018631584,
        9308.49640479031,
        9594.859760642317,
        9883.993617932114,
        10077.337620546823,
        10247.47675185393,
        10450.474776673665,
        10673.782386514238,
        10883.87219344744,
        11093.274201209962,
        11420.292376462698,
        11784.0513789179,
        12291.89984998159,
        12807.686603821836,
        13346.796099768462,
        13685.568634207186,
        13979.456835857125,
        14142.32506411687,
        14305.193292376618,
        14435.49477042785,
        14481.301459625916,
        14517.110775387873,
        14451.38813436457,
        14385.665493341263,
        14306.386077950418,
        14221.090863581612,
        14135.795649212809,
        14052.40632825717,
        13969.954287700662,
        13887.502247144155,
        13808.657957851152,
        13732.839989523325,
        13657.022021195502,
        13577.744249969612,
        13495.292209413103,
        13412.840168856592,
        13330.388128300083,
        13227.192666772065,
        13121.004432722006,
        13002.581815080206,
        12875.341011752247,
        12748.100208424288,
        12628.111757810866,
        12510.323128444412,
        12401.919520804513,
        12300.348166495767,
        12193.650064513291,
        12063.86444511879,
        11937.34724828006,
        11818.249856365133,
        11741.205112613228,
        11678.741445524958,
        11618.347823355974,
        11560.486742263693,
        11529.798873475547
    ]
}