{
    "time": [
        39.811914092717004,
        39.821914092717,
        39.831914092717,
        39.841914092717,
        39.851914092716996,
        39.861914092716994,
        39.87191409271699,
        39.88191409271699,
        39.89191409271699,
        39.901914092716986,
        39.911914092716984,
        39.92191409271698,
        39.93191409271698,
        39.94191409271698,
        39.951914092716976,
        39.961914092716974,
        39.97191409271697,
        39.98191409271697,
        39.99191409271697,
        40.001914092716966,
        40.011914092716964,
        40.02191409271696,
        40.03191409271696,
        40.04191409271696,
        40.051914092716956,
        40.061914092716954,
        40.07191409271695,
        40.08191409271695,
        40.09191409271695,
        40.101914092716946,
        40.111914092716944,
        40.12191409271694,
        40.13191409271694,
        40.14191409271694,
        40.151914092716936,
        40.161914092716934,
        40.17191409271693,
        40.18191409271693,
        40.19191409271693,
        40.201914092716926,
        40.211914092716924,
        40.22191409271692,
        40.23191409271692,
        40.24191409271692,
        40.251914092716916,
        40.261914092716914,
        40.27191409271691,
        40.28191409271691,
        40.29191409271691,
        40.301914092716906,
        40.311914092716904,
        40.3219140927169,
        40.3319140927169,
        40.3419140927169,
        40.351914092716896,
        40.361914092716894,
        40.37191409271689,
        40.38191409271689,
        40.39191409271689,
        40.401914092716886,
        40.411914092716884,
        40.42191409271688,
        40.43191409271688,
        40.44191409271688,
        40.451914092716876,
        40.461914092716874,
        40.47191409271687,
        40.48191409271687,
        40.49191409271687,
        40.501914092716866,
        40.50808556216388
    ],
    "frequency": [
        11873.515988643998,
        11611.168586873266,
        11403.325666993373,
        11311.085844736674,
        11323.16048185795,
        11368.782503261287,
        11490.93367445616,
        11630.062248926555,
        11803.645492203403,
        11977.68894841541,
        12141.460673228947,
        12261.703232373871,
        12395.759047757807,
        12541.76786957658,
        12883.238666528378,
        13141.648576862968,
        13376.407859003026,
        13606.596193054414,
        13827.301150099633,
        14048.00610714485,
        14268.711064190067,
        14550.429275153982,
        14839.992989013168,
        15129.556702872354,
        15413.73627980753,
        15656.952155212355,
        15873.55067473674,
        16273.31814410154,
        16673.08561346634,
        16992.5639344756,
        17243.90138145683,
        17441.44272862341,
        17597.409639537582,
        17711.351721652412,
        17789.023933770866,
        17866.513776108175,
        17942.094813284966,
        18017.616824594024,
        18072.58485163171,
        18123.525515736525,
        18169.33220493458,
        18193.874611794014,
        18201.95814518191,
        18080.291393169595,
        17869.016206199358,
        17345.99708159319,
        16280.153630496847,
        15214.310179400505,
        14148.466728304164,
        13082.623277207824,
        12221.572271454965,
        11545.736892065088,
        11429.54804821808,
        11433.507037264568,
        11502.217071061667,
        11594.580062139235,
        11723.91659634553,
        11896.024474105481,
        12094.520127297073,
        12290.1813495463,
        12484.85977863805,
        12688.331303851599,
        12919.446872078195,
        13150.562440304793,
        13357.978242260484,
        13564.108343651753,
        13770.23844504302,
        13985.286640379949,
        14202.265694476006,
        14434.902485127423,
        14580.288270595558
    ]
}