{
    "time": [
        59.92820474099927,
        59.93820474099927,
        59.948204740999266,
        59.958204740999264,
        59.96820474099926,
        59.976098578220096
    ],
    "frequency": [
        9745.029778114225,
        9792.949783656195,
        9840.869789198168,
        9888.78979474014,
        10040.310529038607,
        10172.996961236011
    ]
}