{
    "time": [
        0.09523937556616757,
        0.10523937556616757,
        0.11523937556616756,
        0.12523937556616754,
        0.13523937556616755,
        0.14523937556616756,
        0.15523937556616754,
        0.16523937556616752,
        0.17523937556616753,
        0.18523937556616754,
        0.19523937556616752,
        0.2052393755661675,
        0.2152393755661675,
        0.22523937556616752,
        0.2352393755661675,
        0.24523937556616748,
        0.2552393755661675,
        0.2652393755661675,
        0.2752393755661675,
        0.28523937556616746,
        0.2952393755661675,
        0.3052393755661675,
        0.31523937556616743,
        0.32523937556616744,
        0.33523937556616745,
        0.34523937556616746,
        0.35523937556616747,
        0.3652393755661674,
        0.37523937556616743,
        0.38523937556616744,
        0.3952393755661674,
        0.4052393755661674,
        0.4152393755661674,
        0.4252393755661674,
        0.43523937556616743,
        0.4452393755661674,
        0.4552393755661674,
        0.4652393755661674,
        0.47523937556616735,
        0.48523937556616736,
        0.4952393755661674,
        0.5052393755661674,
        0.5152393755661674,
        0.5252393755661673,
        0.5352393755661673,
        0.5452393755661673,
        0.5552393755661673,
        0.5652393755661673,
        0.5752393755661673,
        0.5852393755661673,
        0.5952393755661674,
        0.6052393755661674,
        0.6152393755661674,
        0.6252393755661673,
        0.6352393755661673,
        0.6370023564856188
    ],
    "frequency": [
        10450.63341758141,
        10548.10127436928,
        10584.901398167134,
        10589.774791006526,
        10594.64818384592,
        10545.40576338278,
        10494.235138569147,
        10441.455756982787,
        10387.84843574946,
        10334.24111451613,
        10339.28824678292,
        10351.910423657366,
        10475.960423205564,
        10600.010422753765,
        10911.331454629726,
        11235.412078449393,
        11559.492702269063,
        11883.573326088732,
        12216.906253683399,
        12569.415002399528,
        12918.268822704304,
        13052.355314739527,
        13077.940627146341,
        13088.722835285294,
        13093.596228124687,
        13098.347246128882,
        13098.34724612888,
        13098.34724612888,
        13098.34724612888,
        13098.34724612888,
        13117.806486855417,
        13142.173451052384,
        13166.296378125104,
        13188.42421588235,
        13210.552053639596,
        13232.679891396843,
        13254.80772915409,
        13276.935566911336,
        13299.063404668581,
        13321.193253926986,
        13346.003253836625,
        13370.813253746262,
        13395.623253655904,
        13420.433253565545,
        13445.243253475182,
        13470.053253384822,
        13492.557189574152,
        13513.8782832465,
        13535.199376918848,
        13564.03152357369,
        13598.145273449445,
        13632.259023325201,
        13719.954736674703,
        13813.767548833024,
        13907.58036099135,
        13924.11938077487
    ]
}