{
    "time": [
        31.117875487498306,
        31.127875487498308,
        31.13787548749831,
        31.14787548749831,
        31.157875487498313,
        31.167875487498314,
        31.177875487498316,
        31.187875487498317,
        31.19787548749832,
        31.20787548749832,
        31.217875487498322,
        31.227875487498324,
        31.237875487498325,
        31.247875487498327,
        31.25787548749833,
        31.26787548749833,
        31.27787548749833,
        31.287875487498333,
        31.297875487498334,
        31.307875487498336,
        31.317875487498338,
        31.32787548749834,
        31.33787548749834,
        31.347875487498342,
        31.357875487498344,
        31.367875487498345,
        31.377875487498347,
        31.38787548749835,
        31.39787548749835,
        31.40787548749835,
        31.40865784617419
    ],
    "frequency": [
        11189.26326403802,
        11380.133003842328,
        11571.002743646633,
        11761.872483450943,
        11953.356220535867,
        12145.286347783542,
        12337.216475031219,
        12529.146602278894,
        12721.076729526569,
        12913.006856774246,
        13104.93698402192,
        13296.867111269596,
        13488.797238517272,
        13680.727365764946,
        13872.657493012623,
        14108.058422631453,
        14413.45000631838,
        14697.305248281522,
        14961.052525102023,
        15186.541089714188,
        15302.805401171758,
        15389.243688933653,
        15458.650867044313,
        15496.916785389945,
        15452.952683601136,
        15341.901198624082,
        15004.07832228045,
        14575.034823535327,
        14153.330228047029,
        13914.743053291642,
        13896.076978680278
    ]
}