{
    "time": [
        45.99389444247504,
        46.00389444247504,
        46.013894442475035,
        46.02389444247503,
        46.03389444247503,
        46.04389444247503,
        46.05389444247503,
        46.063894442475025,
        46.07389444247502,
        46.08389444247502,
        46.09389444247502,
        46.10389444247502,
        46.113894442475015,
        46.12389444247501,
        46.13389444247501,
        46.14389444247501,
        46.15389444247501,
        46.163894442475005,
        46.173894442475,
        46.183894442475,
        46.193894442475,
        46.19494804226716
    ],
    "frequency": [
        10173.94511846115,
        9415.097979148046,
        8913.752977239388,
        8472.750137127532,
        8197.621767475935,
        8063.707566420728,
        7959.6219318587355,
        7909.404106463044,
        7859.186281067354,
        7835.8141655155305,
        7835.8141655155305,
        7887.435224496598,
        7955.034058864665,
        8109.550444697561,
        8264.066830530459,
        8418.583216363357,
        8573.099602196255,
        8741.523160178906,
        8929.003041656122,
        9116.482923133339,
        9303.962804610555,
        9323.715681026377
    ]
}