{
    "time": [
        36.780953100378674,
        36.79095310037867,
        36.80095310037867,
        36.81095310037867,
        36.82095310037867,
        36.830953100378665,
        36.84095310037866,
        36.85095310037866,
        36.85652639592359
    ],
    "frequency": [
        13843.834938234286,
        13631.986417583084,
        13420.137896931885,
        13208.289376280683,
        13023.220490455238,
        12869.526465669078,
        12750.352195801774,
        12645.72091113664,
        12603.715436708957
    ]
}