{
    "time": [
        50.867811287538885,
        50.87781128753888,
        50.88781128753888,
        50.89781128753888,
        50.90781128753888,
        50.917811287538875,
        50.92781128753887,
        50.93781128753887,
        50.94781128753887,
        50.95781128753887,
        50.967811287538865,
        50.97781128753886,
        50.98781128753886,
        50.997614614187256
    ],
    "frequency": [
        8753.832915856701,
        8421.289663005527,
        8202.445014213783,
        8054.64801294658,
        7957.701728719041,
        7867.3813390557425,
        7855.713534734061,
        7862.751487175356,
        7896.876512978571,
        7974.2939898328295,
        8051.7114666870875,
        8188.462830004496,
        8327.565890020678,
        8463.9331635337
    ]
}