{
    "time": [
        57.52962584001256,
        57.539625840012555,
        57.54962584001255,
        57.55962584001255,
        57.56962584001255,
        57.57962584001255,
        57.589625840012545,
        57.59962584001254,
        57.60962584001254,
        57.61962584001254,
        57.62962584001254,
        57.639625840012535,
        57.646170166440754
    ],
    "frequency": [
        13889.727444889299,
        13884.131486997732,
        13878.53552910616,
        13840.636425770812,
        13714.727373210506,
        13588.818320650204,
        13462.909268089898,
        13337.000215529592,
        13211.091162969286,
        13088.886153515232,
        13059.20368185806,
        13146.472982709643,
        13278.311373145292
    ]
}