{
    "time": [
        32.329295963496236,
        32.339295963496234,
        32.34929596349623,
        32.35929596349623,
        32.36929596349623,
        32.379295963496226,
        32.389295963496224,
        32.39929596349622,
        32.40929596349622,
        32.41929596349622,
        32.429295963496216,
        32.439295963496214,
        32.44929596349621,
        32.45929596349621,
        32.46929596349621,
        32.479295963496206,
        32.489295963496204,
        32.491706777829826
    ],
    "frequency": [
        12633.18927288114,
        12577.970867460937,
        12522.752462040737,
        12467.534056620536,
        12412.315651200333,
        12357.09724578013,
        12301.87884035993,
        12279.368131085792,
        12268.324450001752,
        12253.92214987878,
        12226.312947168672,
        12193.257241455349,
        12134.09466421941,
        12074.932086983474,
        11991.806364846547,
        11902.84337833623,
        11813.880391825915,
        11792.433067521819
    ]
}