{
    "time": [
        59.594469406597135,
        59.60446940659713,
        59.61446940659713,
        59.62446940659713,
        59.63446940659713,
        59.644469406597125,
        59.65446940659712,
        59.66446940659712,
        59.67446940659712,
        59.68446940659712,
        59.694469406597115,
        59.70446940659711,
        59.71446940659711,
        59.72446940659711,
        59.72676785542215
    ],
    "frequency": [
        8475.796275209514,
        8333.433968956322,
        8134.486656276175,
        7900.215875514166,
        7484.185446599371,
        7081.814206008601,
        6758.967494395129,
        6528.606968085731,
        6367.4025918872085,
        6289.939747459021,
        6234.011698573841,
        6178.083649688661,
        6150.860696627749,
        6126.003786012109,
        6120.290552312234
    ]
}