{
    "time": [
        36.83519609058755,
        36.84519609058755,
        36.85519609058755,
        36.865196090587546,
        36.87519609058754,
        36.88519609058754,
        36.89519609058754,
        36.90519609058754,
        36.915196090587536,
        36.925196090587534,
        36.93519609058753,
        36.94519609058753,
        36.95519609058753,
        36.965196090587526,
        36.975196090587524,
        36.98519609058752,
        36.99519609058752,
        37.00519609058752,
        37.015196090587516,
        37.025196090587514,
        37.03519609058751,
        37.04519609058751,
        37.05519609058751,
        37.065196090587506,
        37.075196090587504,
        37.0851960905875,
        37.0951960905875,
        37.1051960905875,
        37.115196090587496,
        37.125196090587494,
        37.13519609058749,
        37.14519609058749,
        37.15519609058749,
        37.165196090587486,
        37.175196090587484,
        37.18519609058748,
        37.19519609058748,
        37.20519609058748,
        37.215196090587476,
        37.225196090587474,
        37.23519609058747,
        37.24519609058747,
        37.25519609058747,
        37.265196090587466,
        37.275196090587464,
        37.28519609058746,
        37.29519609058746,
        37.30519609058746,
        37.315196090587456,
        37.325196090587454,
        37.33519609058745,
        37.34519609058745,
        37.35519609058745,
        37.365196090587446,
        37.375196090587444,
        37.38519609058744,
        37.39519609058744,
        37.40519609058744,
        37.415196090587436,
        37.425196090587434,
        37.43519609058743,
        37.44519609058743,
        37.45519609058743,
        37.465196090587426,
        37.475196090587424,
        37.48519609058742,
        37.49519609058742,
        37.50519609058742,
        37.515196090587416,
        37.525196090587414,
        37.53519609058741,
        37.54519609058741,
        37.55519609058741,
        37.565196090587406,
        37.575196090587404,
        37.5851960905874,
        37.5951960905874,
        37.6051960905874,
        37.615196090587396,
        37.625196090587394,
        37.63519609058739,
        37.64298093587522
    ],
    "frequency": [
        13666.87869312435,
        13164.19402150901,
        12755.832375677133,
        12553.15844972082,
        12350.484523764508,
        12192.608655434784,
        12067.80418524064,
        11958.152217062105,
        11865.704461362771,
        11788.331357460174,
        11715.143550864828,
        11646.293672345653,
        11590.164677813902,
        11534.035683282149,
        11476.231125734035,
        11414.599288601134,
        11290.07383698775,
        11186.583101710037,
        11115.469443479751,
        11045.483597314833,
        11004.862244344913,
        10964.240891374997,
        10923.619538405079,
        10882.99818543516,
        10857.121922411014,
        10834.618569843738,
        10818.288154773634,
        10810.689646646064,
        10803.098915842571,
        10796.037648937321,
        10788.97638203207,
        10775.534127567858,
        10758.093834532407,
        10738.277220301274,
        10709.790247280936,
        10681.303274260601,
        10645.870147837759,
        10608.864847196166,
        10572.297386729288,
        10536.345203596251,
        10500.698137954447,
        10483.725412553445,
        10466.752687152442,
        10455.908979836822,
        10448.879564509378,
        10439.628399494839,
        10422.34709437748,
        10405.065789260118,
        10397.136140649101,
        10391.300666220433,
        10374.865269924543,
        10343.632002696562,
        10312.528054344444,
        10288.610865363997,
        10264.693676383551,
        10240.394302877958,
        10215.858688273485,
        10190.1028745223,
        10159.978115202153,
        10129.853355882007,
        10107.30616316857,
        10086.437737490363,
        10067.352200137211,
        10050.739326648101,
        10034.096839068166,
        10015.947627935546,
        9997.798416802925,
        9965.679981595931,
        9924.985062897149,
        9883.235717339972,
        9837.74611171072,
        9792.256506081467,
        9759.67799828573,
        9729.929110536268,
        9700.74317071927,
        9672.33286444045,
        9643.498928908037,
        9594.795546715774,
        9546.092164523512,
        9497.388782331249,
        9448.685400138986,
        9410.770570602897
    ]
}