{
    "time": [
        5.9617526024744665,
        5.971752602474466,
        5.981752602474466,
        5.991752602474466,
        6.001752602474466,
        6.011752602474465,
        6.021752602474465,
        6.031752602474465,
        6.041752602474465,
        6.051752602474465,
        6.061752602474464,
        6.071752602474464,
        6.081752602474464,
        6.091752602474464,
        6.1017526024744635,
        6.111752602474463,
        6.121752602474463,
        6.131752602474463,
        6.141752602474463,
        6.151752602474462,
        6.161752602474462,
        6.171752602474462,
        6.181752602474462,
        6.191752602474462,
        6.201752602474461,
        6.211752602474461,
        6.221752602474461,
        6.231752602474461,
        6.2417526024744605,
        6.25175260247446,
        6.26175260247446,
        6.27175260247446,
        6.28175260247446,
        6.291752602474459,
        6.301752602474459,
        6.311752602474459,
        6.321752602474459,
        6.331752602474459,
        6.341752602474458,
        6.351752602474458,
        6.361752602474458,
        6.371752602474458,
        6.3817526024744575,
        6.391752602474457,
        6.401752602474457,
        6.411752602474457,
        6.421752602474457,
        6.4317526024744565,
        6.441752602474456,
        6.451752602474456,
        6.461752602474456,
        6.471752602474456,
        6.481752602474455,
        6.491752602474455,
        6.501752602474455,
        6.511752602474455,
        6.5217526024744545,
        6.531752602474454,
        6.541752602474454,
        6.551752602474454,
        6.561752602474454,
        6.5717526024744535,
        6.581752602474453,
        6.591752602474453,
        6.601752602474453,
        6.611752602474453,
        6.621752602474452,
        6.631752602474452,
        6.641752602474452,
        6.651752602474452,
        6.658039074123646
    ],
    "frequency": [
        11018.770587141407,
        11395.316902007095,
        11770.000542706655,
        11818.503664639495,
        11847.165870233763,
        11838.611734070966,
        11800.436625588354,
        11274.888515580034,
        11048.961938533104,
        11034.140546662717,
        11053.692857891967,
        11073.374576933762,
        11093.904503724476,
        11114.434430515188,
        11134.9643573059,
        11155.494284096614,
        11174.725113691013,
        11178.526951985586,
        11182.328790280164,
        11186.13062857474,
        11190.134946558026,
        11194.240931916169,
        11198.34691727431,
        11207.801025191871,
        11222.465258613809,
        11237.129492035749,
        11251.793725457685,
        11266.572976022664,
        11282.61198132791,
        11298.650986633154,
        11314.689991938396,
        11330.719153309354,
        11346.511404686826,
        11362.303656064296,
        11378.095907441766,
        11393.888158819238,
        11409.765650362273,
        11426.32204293543,
        11442.878435508585,
        11459.43482808174,
        11472.089593925144,
        11468.54995137502,
        11465.010308824898,
        11461.470666274774,
        11442.937566823028,
        11411.080783871923,
        11379.224000920818,
        11347.36721796971,
        11323.866535936904,
        11301.672020487484,
        11279.477505038067,
        11257.282989588646,
        11239.28789648938,
        11239.28789648938,
        11239.28789648938,
        11239.28789648938,
        11241.282128994895,
        11245.083967289473,
        11248.885805584048,
        11253.45534490499,
        11264.07427255536,
        11274.69320020573,
        11285.312127856096,
        11298.248438390438,
        11314.04068976791,
        11329.832941145381,
        11345.283266579436,
        11358.969884439912,
        11372.656502300386,
        11386.34312016086,
        11394.947173676184
    ]
}