{
    "time": [
        17.777524708606734,
        17.787524708606735,
        17.797524708606737,
        17.80752470860674,
        17.81752470860674,
        17.82752470860674,
        17.837524708606743,
        17.847524708606745,
        17.857524708606746,
        17.867524708606748,
        17.87752470860675,
        17.88752470860675,
        17.897524708606753,
        17.907524708606754,
        17.917524708606756,
        17.927524708606757,
        17.93752470860676,
        17.94752470860676,
        17.957524708606762,
        17.967524708606764,
        17.977524708606765,
        17.987524708606767,
        17.99752470860677,
        18.00752470860677,
        18.01752470860677,
        18.027524708606773,
        18.037524708606774,
        18.047524708606776,
        18.057524708606778,
        18.06752470860678,
        18.07752470860678,
        18.087524708606782,
        18.097524708606784,
        18.107524708606785,
        18.117524708606787,
        18.12429951882454
    ],
    "frequency": [
        10690.12286305398,
        10549.447312317832,
        10408.771761581687,
        10268.09621084554,
        10127.420660109392,
        9986.745109373245,
        9886.184380896897,
        9827.09879737507,
        9768.013213853243,
        9708.927630331416,
        9587.456056682731,
        9426.23069402381,
        9265.00533136489,
        9103.77996870597,
        8942.55460604705,
        8776.079802315164,
        8608.704606235215,
        8461.391844857515,
        8351.370413472043,
        8241.34898208657,
        8131.327550701098,
        8011.049509539357,
        7879.15562583597,
        7747.261742132583,
        7615.3678584291965,
        7487.853572802759,
        7376.570872803517,
        7265.288172804275,
        7154.005472805031,
        7042.722772805789,
        6931.440072806547,
        6782.991110928158,
        6632.771659066508,
        6482.552207204858,
        6332.332755343208,
        6230.561927605475
    ]
}