{
    "time": [
        16.439205082294087,
        16.44920508229409,
        16.45920508229409,
        16.469205082294092,
        16.479205082294094,
        16.489205082294095,
        16.499205082294097,
        16.5092050822941,
        16.5192050822941,
        16.5292050822941,
        16.539205082294103,
        16.549205082294105,
        16.559205082294106,
        16.569205082294108,
        16.57920508229411,
        16.58920508229411,
        16.599205082294112,
        16.609205082294114,
        16.619205082294116,
        16.629205082294117,
        16.63920508229412,
        16.64920508229412,
        16.659205082294122,
        16.669205082294123,
        16.673728346246687
    ],
    "frequency": [
        11712.370462791563,
        11705.564230193704,
        11698.757997595843,
        11691.951764997984,
        11685.145532400124,
        11678.339299802265,
        11671.533067204404,
        11664.726834606545,
        11657.920602008686,
        11651.114369410825,
        11644.308136812966,
        11637.501904215107,
        11630.695671617246,
        11623.889439019385,
        11617.083206421526,
        11610.276973823668,
        11603.470741225807,
        11596.664508627948,
        11589.858276030089,
        11583.052043432228,
        11576.245810834369,
        11569.43957823651,
        11562.63334563865,
        11555.827113040788,
        11552.748474384523
    ]
}