{
    "time": [
        57.4430295860002,
        57.4530295860002,
        57.4630295860002,
        57.473029586000195,
        57.48302958600019,
        57.49302958600019,
        57.50302958600019,
        57.51302958600019,
        57.523029586000185,
        57.53302958600018,
        57.54302958600018,
        57.55302958600018,
        57.56302958600018,
        57.573029586000175,
        57.58302958600017,
        57.59302958600017,
        57.60302958600017,
        57.61302958600017,
        57.623029586000165,
        57.63302958600016,
        57.64302958600016,
        57.65302958600016,
        57.66302958600016,
        57.673029586000155,
        57.68302958600015,
        57.69302958600015,
        57.70302958600015,
        57.71302958600015,
        57.713729819438925
    ],
    "frequency": [
        11386.603885872786,
        11389.87283053453,
        11393.141775196274,
        11396.410719858019,
        11399.679664519763,
        11404.09381165571,
        11411.721349199777,
        11427.835671290244,
        11471.966424223796,
        11516.097177157348,
        11564.236829043975,
        11662.305168896291,
        11700.473749502955,
        11677.591136870746,
        11654.708524238538,
        11655.273932265582,
        11662.138716055242,
        11657.226832435052,
        11641.97175734691,
        11645.867549416635,
        11668.75016204884,
        11691.63277468105,
        11774.299196558733,
        11857.111451409823,
        11884.570586568472,
        11912.029721727122,
        11942.418528175624,
        11972.92867835191,
        11975.065101089465
    ]
}