{
    "time": [
        48.453914474826334,
        48.46391447482633,
        48.47391447482633,
        48.48391447482633,
        48.493914474826326,
        48.503914474826324,
        48.51391447482632,
        48.52391447482632,
        48.53391447482632,
        48.543914474826316,
        48.553914474826314,
        48.56391447482631,
        48.57391447482631,
        48.58391447482631,
        48.593914474826306,
        48.603914474826304,
        48.6139144748263,
        48.6239144748263,
        48.6339144748263,
        48.643914474826296,
        48.646822531981925
    ],
    "frequency": [
        10353.477637549178,
        11015.11330764976,
        11319.484457693936,
        11623.855607738109,
        11923.79627186561,
        12029.010990399434,
        12134.225708933258,
        12258.965255060615,
        12388.604818968317,
        12579.700337874247,
        12812.675786056281,
        13020.38835540185,
        13135.29638463767,
        13248.026440209624,
        13360.756495781578,
        13505.361742312707,
        13649.906044826375,
        13773.491587231161,
        13897.077129635945,
        14020.66267204073,
        14056.60205413299
    ]
}