{
    "time": [
        17.04533453957627,
        17.055334539576272,
        17.065334539576273,
        17.075334539576275,
        17.085334539576277,
        17.095334539576278,
        17.10533453957628,
        17.11533453957628,
        17.125334539576283,
        17.135334539576284,
        17.145334539576286,
        17.155334539576288,
        17.16533453957629,
        17.17533453957629,
        17.185334539576292,
        17.195334539576294,
        17.205334539576295,
        17.215334539576297,
        17.2253345395763,
        17.2353345395763,
        17.2453345395763,
        17.255334539576303,
        17.265334539576305,
        17.275334539576306,
        17.285334539576308,
        17.29533453957631,
        17.30533453957631,
        17.315334539576313,
        17.325334539576314,
        17.335334539576316,
        17.345334539576317,
        17.35533453957632,
        17.36533453957632,
        17.375334539576322,
        17.385334539576323,
        17.395334539576325,
        17.405334539576327,
        17.415334539576328,
        17.42533453957633,
        17.43533453957633,
        17.445334539576333,
        17.455334539576334,
        17.465334539576336,
        17.475334539576338,
        17.48533453957634,
        17.49533453957634,
        17.505334539576342,
        17.515334539576344,
        17.525334539576345,
        17.535334539576347,
        17.54533453957635,
        17.55533453957635,
        17.56533453957635,
        17.575334539576353,
        17.585334539576355,
        17.595334539576356,
        17.605334539576358,
        17.61533453957636,
        17.62533453957636,
        17.635334539576363,
        17.645334539576364,
        17.65060638005605
    ],
    "frequency": [
        9703.434738481392,
        9824.971395381192,
        9946.508052280991,
        10058.092057931966,
        10168.579927840872,
        10271.839589570645,
        10356.2121447738,
        10616.486291063922,
        10990.217989528901,
        11134.856655591457,
        11214.719456048764,
        11242.34142352599,
        11269.963391003213,
        11297.585358480437,
        11320.629437178999,
        11335.361153166854,
        11350.092869154707,
        11370.143887602624,
        11410.65610656922,
        11451.168325535818,
        11491.447528773975,
        11527.908525843912,
        11564.369522913852,
        11600.830519983789,
        11618.599735026,
        11621.613040568971,
        11624.62634611194,
        11627.63965165491,
        11650.934957946376,
        11682.502920777491,
        11714.070883608605,
        11745.651709242602,
        11777.570427216282,
        11809.489145189966,
        11841.407863163648,
        11873.32658113733,
        11902.720962737163,
        11926.586342637485,
        11950.451722537808,
        11974.31710243813,
        11998.18248233845,
        12034.83738692154,
        12072.307186281952,
        12109.776985642362,
        12147.246785002773,
        12226.327442266464,
        12309.193344698135,
        12392.059247129808,
        12474.925149561479,
        12558.417630579366,
        12675.219093054488,
        12792.020555529612,
        12908.822018004737,
        13014.221653454813,
        13097.959828543671,
        13181.69800363253,
        13265.397200832518,
        13347.288210294404,
        13429.17921975629,
        13512.420643703123,
        13622.908513612012,
        13681.155956122004
    ]
}