{
    "time": [
        54.017798425124994,
        54.02779842512499,
        54.03779842512499,
        54.04779842512499,
        54.057798425124986,
        54.067798425124984,
        54.07779842512498,
        54.08779842512498,
        54.09779842512498,
        54.107798425124976,
        54.117798425124974,
        54.12779842512497,
        54.13779842512497,
        54.14779842512497,
        54.157798425124966,
        54.167798425124964,
        54.17779842512496,
        54.18779842512496,
        54.19779842512496,
        54.207798425124956,
        54.217798425124954,
        54.22779842512495,
        54.23779842512495,
        54.24779842512495,
        54.257798425124946,
        54.267798425124944,
        54.27779842512494,
        54.28779842512494,
        54.29779842512494,
        54.307798425124936,
        54.317798425124934,
        54.32779842512493,
        54.33779842512493,
        54.34779842512493,
        54.357798425124926,
        54.367798425124924,
        54.37779842512492,
        54.38779842512492,
        54.39779842512492,
        54.407798425124916,
        54.417798425124914,
        54.42779842512491,
        54.43779842512491,
        54.44779842512491,
        54.457798425124906,
        54.467798425124904,
        54.4777984251249,
        54.4877984251249,
        54.4977984251249,
        54.507798425124896,
        54.517798425124894,
        54.52779842512489,
        54.53779842512489,
        54.54052948490728
    ],
    "frequency": [
        11227.252439425863,
        11443.709500344825,
        11660.166561263788,
        11876.62362218275,
        12093.08068310171,
        12277.708780829045,
        12446.77688849334,
        12615.844996157633,
        12784.913103821928,
        12953.981211486223,
        13108.537201516754,
        13256.182295538641,
        13402.627982118769,
        13463.423020833663,
        13524.218059548559,
        13569.063265127203,
        13584.314982156724,
        13599.566699186244,
        13614.818416215763,
        13630.070133245283,
        13629.7193327034,
        13625.465452443466,
        13621.211572183529,
        13616.957691923599,
        13612.703811663663,
        13609.349689505789,
        13607.583247702933,
        13605.816805900082,
        13604.050364097226,
        13602.283922294373,
        13600.517480491519,
        13598.751038688666,
        13591.898516133992,
        13583.881587951806,
        13575.864659769622,
        13567.847731587437,
        13559.830803405253,
        13550.83334491677,
        13519.789069828312,
        13488.744794739854,
        13457.700519651396,
        13426.656244562939,
        13395.611969474481,
        13362.914037922179,
        13329.868651024884,
        13296.823264127594,
        13263.7778772303,
        13225.033662226166,
        13171.344537127296,
        13117.655412028425,
        13063.966286929557,
        13020.650574804025,
        12983.867021968115,
        12973.82121378775
    ]
}