{
    "time": [
        32.24632612512049,
        32.25632612512049,
        32.266326125120486,
        32.276326125120484,
        32.28632612512048,
        32.29632612512048,
        32.30632612512048,
        32.316326125120476,
        32.324695466136056
    ],
    "frequency": [
        9067.19847869214,
        9403.81254236521,
        9740.426606038282,
        10071.927536906402,
        10399.478914249801,
        10727.030291593204,
        10977.333975005009,
        11209.597678939404,
        11403.987093316315
    ]
}