{
    "time": [
        51.46811148387714,
        51.478111483877136,
        51.488111483877134,
        51.49811148387713,
        51.50811148387713,
        51.51811148387713,
        51.528111483877126,
        51.538111483877124,
        51.54811148387712,
        51.55811148387712,
        51.56811148387712,
        51.578111483877116,
        51.588111483877114,
        51.59811148387711,
        51.60811148387711,
        51.61811148387711,
        51.628111483877106,
        51.638111483877104,
        51.6481114838771,
        51.6581114838771,
        51.6681114838771,
        51.678111483877096,
        51.688111483877094,
        51.69811148387709,
        51.70811148387709,
        51.71811148387709,
        51.728111483877086,
        51.738111483877084,
        51.74811148387708,
        51.75811148387708,
        51.76811148387708,
        51.778111483877076,
        51.788111483877074,
        51.79811148387707,
        51.80811148387707,
        51.81811148387707,
        51.828111483877066,
        51.838111483877064,
        51.84811148387706,
        51.85811148387706,
        51.86811148387706,
        51.878111483877056,
        51.888111483877054,
        51.89811148387705,
        51.90811148387705,
        51.91811148387705,
        51.928111483877046,
        51.938111483877044,
        51.94811148387704,
        51.95811148387704,
        51.96811148387704,
        51.978111483877036,
        51.988111483877034,
        51.99811148387703,
        52.00811148387703,
        52.01811148387703,
        52.028111483877026,
        52.038111483877024,
        52.04811148387702,
        52.05811148387702,
        52.06811148387702,
        52.07811148387702,
        52.088111483877015,
        52.09811148387701,
        52.10573781868889
    ],
    "frequency": [
        8307.488454633778,
        8285.607141836846,
        8263.725829039917,
        8241.844516242985,
        8219.963203446056,
        8222.680163037972,
        8229.53188724711,
        8236.38361145625,
        8243.235335665388,
        8265.814538064413,
        8308.02115919271,
        8350.227780321005,
        8392.434401449304,
        8434.6410225776,
        8476.847643705898,
        8519.054264834194,
        8548.85555258451,
        8574.763634750318,
        8600.671716916126,
        8626.579799081932,
        8659.484020643427,
        8699.860252590142,
        8740.23648453686,
        8780.612716483573,
        8825.640938213504,
        8872.297917351923,
        8918.954896490344,
        8965.611875628763,
        9012.268854767186,
        9062.342099898204,
        9136.036200280943,
        9209.730300663683,
        9283.42440104642,
        9357.11850142916,
        9430.812601811898,
        9510.016991152086,
        9633.34802691661,
        9756.679062681134,
        9870.368091683982,
        9937.040638795981,
        10003.71318590798,
        10070.38573301998,
        10117.968926001991,
        10157.160788478268,
        10196.352650954543,
        10228.36538828029,
        10247.20762985542,
        10266.049871430554,
        10261.426180062665,
        10245.724312083386,
        10230.022444104106,
        10174.997161421414,
        10075.827468920732,
        9976.657776420054,
        9767.528151133356,
        9550.28818944356,
        9245.95006751139,
        8915.490795930731,
        8666.773207138995,
        8418.055618347258,
        8169.338029555522,
        7920.620440763785,
        7671.902851972049,
        7516.200990606489,
        7410.823012510456
    ]
}