{
    "time": [
        59.7226655779392,
        59.7326655779392,
        59.7426655779392,
        59.7526655779392,
        59.762665577939195,
        59.77266557793919,
        59.78266557793919,
        59.79266557793919,
        59.80266557793919,
        59.812665577939185,
        59.82266557793918,
        59.83266557793918,
        59.84266557793918,
        59.85266557793918,
        59.862665577939175,
        59.87266557793917,
        59.88266557793917,
        59.89266557793917,
        59.90266557793917,
        59.912665577939165,
        59.92266557793916,
        59.93266557793916,
        59.94266557793916,
        59.95266557793916,
        59.962665577939156,
        59.97266557793915,
        59.98266557793915,
        59.98726247558923
    ],
    "frequency": [
        11393.411318343646,
        10850.53639049815,
        10307.661462652653,
        9865.819165749837,
        9569.856330856373,
        9406.732854941176,
        9274.30788428255,
        9177.642120777291,
        9080.976357272033,
        8976.593499164726,
        8868.790158559932,
        8746.429263521532,
        8595.050677872307,
        8443.672092223082,
        8229.028692176906,
        7995.504558235172,
        7825.180441934585,
        7668.581905056087,
        7540.469920309559,
        7420.846037971796,
        7309.624865601764,
        7217.18822924983,
        7124.751592897897,
        7055.361628252634,
        6990.112237886581,
        6922.061944197944,
        6849.562621568991,
        6816.235424986429
    ]
}