{
    "time": [
        25.09493249277865,
        25.10493249277865,
        25.114932492778653,
        25.124932492778655,
        25.134932492778656,
        25.144932492778658,
        25.15493249277866,
        25.16493249277866,
        25.174932492778662,
        25.184932492778664,
        25.194932492778666,
        25.204932492778667,
        25.21493249277867,
        25.22493249277867,
        25.234932492778672,
        25.244932492778673,
        25.254932492778675,
        25.264932492778676,
        25.274932492778678,
        25.28493249277868,
        25.29493249277868,
        25.304932492778683,
        25.314932492778684,
        25.324932492778686,
        25.334932492778687,
        25.343522821803425
    ],
    "frequency": [
        10834.612740407254,
        10914.561150866073,
        10994.509561324892,
        11075.426876627056,
        11168.22413876677,
        11261.021400906482,
        11320.55691215647,
        11368.145251715294,
        11415.733591274118,
        11463.321930832943,
        11510.910270391767,
        11549.524050288037,
        11578.077054023332,
        11606.630057758626,
        11635.18306149392,
        11663.736065229217,
        11687.765581916621,
        11710.607984904855,
        11733.450387893088,
        11756.292790881325,
        11776.306821024838,
        11792.169600877778,
        11808.032380730718,
        11823.895160583663,
        11839.7579404366,
        11853.384590254975
    ]
}