{
    "time": [
        27.381945675428604,
        27.391945675428605,
        27.401945675428607,
        27.41194567542861,
        27.42194567542861,
        27.43194567542861,
        27.441945675428613,
        27.451945675428615,
        27.461945675428616,
        27.471945675428618,
        27.48194567542862,
        27.49194567542862,
        27.501945675428622,
        27.511945675428624,
        27.521945675428626,
        27.531945675428627,
        27.54194567542863,
        27.551927144313197
    ],
    "frequency": [
        10663.418100887073,
        10691.481231186925,
        10719.544361486776,
        10745.79052731792,
        10762.97203566477,
        10780.15354401162,
        10797.335052358469,
        10852.475517438645,
        10913.704165365592,
        10998.760210448449,
        11149.95748390071,
        11282.220074994846,
        11398.336389412982,
        11497.382731647751,
        11596.429073882522,
        11695.47541611729,
        11804.52892418498,
        11958.189959279798
    ]
}