{
    "time": [
        29.660061939365363,
        29.670061939365365,
        29.680061939365366,
        29.690061939365368,
        29.70006193936537,
        29.71006193936537,
        29.720061939365372,
        29.730061939365374,
        29.740061939365376,
        29.750061939365377,
        29.76006193936538,
        29.77006193936538,
        29.780061939365382,
        29.790061939365383,
        29.800061939365385,
        29.810061939365387,
        29.820061939365388,
        29.83006193936539,
        29.84006193936539,
        29.84226742926597
    ],
    "frequency": [
        12457.039800636474,
        12384.226008684524,
        12311.412216732573,
        12338.224502497049,
        12204.959174671072,
        11894.286995676139,
        11594.775416504055,
        11365.13191880947,
        11135.488421114882,
        10905.844923420296,
        10678.67273402621,
        10584.014804488686,
        10489.35687495116,
        10394.698945413635,
        10300.04101587611,
        10211.174431433607,
        10138.360639481658,
        10065.54684752971,
        9992.73305557776,
        9976.674047300476
    ]
}