{
    "time": [
        27.155777194723974,
        27.165777194723976,
        27.175777194723977,
        27.18577719472398,
        27.19577719472398,
        27.205777194723982,
        27.215777194723984,
        27.225777194723985,
        27.235777194723987,
        27.24577719472399,
        27.25577719472399,
        27.26577719472399,
        27.275777194723993,
        27.285777194723995,
        27.295777194723996,
        27.305777194723998,
        27.315777194724,
        27.325777194724,
        27.335777194724002,
        27.345777194724004,
        27.355777194724006,
        27.365777194724007,
        27.37577719472401,
        27.38577719472401,
        27.395777194724012,
        27.405777194724013,
        27.415777194724015,
        27.425777194724017,
        27.435777194724018,
        27.44577719472402,
        27.45577719472402,
        27.465777194724023,
        27.475777194724024,
        27.485777194724026,
        27.495777194724027,
        27.50577719472403,
        27.51577719472403,
        27.525777194724032,
        27.535777194724034,
        27.545777194724035,
        27.555777194724037,
        27.56577719472404,
        27.57577719472404,
        27.58577719472404,
        27.595777194724043,
        27.605777194724045,
        27.615777194724046,
        27.625777194724048,
        27.63577719472405,
        27.64577719472405,
        27.655777194724052,
        27.665777194724054,
        27.675777194724056,
        27.685777194724057,
        27.69577719472406,
        27.70577719472406,
        27.715777194724062,
        27.725777194724063,
        27.735777194724065,
        27.745777194724067,
        27.755777194724068,
        27.76577719472407,
        27.77577719472407,
        27.785777194724073,
        27.795777194724074,
        27.805777194724076,
        27.815777194724078,
        27.82577719472408,
        27.83577719472408,
        27.845777194724082,
        27.855777194724084,
        27.865777194724085,
        27.875777194724087,
        27.88577719472409,
        27.89577719472409,
        27.90577719472409,
        27.915777194724093,
        27.925777194724095,
        27.935777194724096,
        27.945777194724098,
        27.9557771947241,
        27.9657771947241,
        27.975777194724103,
        27.980265178000085
    ],
    "frequency": [
        9301.865686774341,
        8277.51937796673,
        7722.270559555587,
        7790.514122596991,
        7948.345930662442,
        8201.304131247061,
        8411.634821835592,
        8457.809436923399,
        8266.999484409882,
        7865.425920381334,
        7812.05940482117,
        8524.795553969925,
        8983.286740810898,
        9376.106599400673,
        9767.002282901201,
        10195.753788696178,
        10567.974637036697,
        10697.245864932685,
        10743.420480020497,
        10724.131954827426,
        10658.9630291118,
        10571.825800156974,
        10484.68857120215,
        10273.054315599233,
        10050.478106663097,
        9977.033932054615,
        9949.65774524353,
        9923.887877070692,
        9958.902664075475,
        9993.917451080255,
        10036.53499989284,
        10084.680332024422,
        10137.45744906841,
        10220.617568204763,
        10303.777687341119,
        10407.941591151835,
        10521.739648917388,
        10637.628226374703,
        10760.179980891437,
        10882.731735408168,
        11033.018109121685,
        11190.58465064322,
        11354.197378475612,
        11529.27131349954,
        11704.345248523467,
        11753.55953134166,
        11788.57431834644,
        11845.345271756214,
        11928.505390892584,
        12011.778272467258,
        12116.8226334816,
        12221.866994495944,
        12348.875762004442,
        12493.253247111505,
        12638.621480615542,
        12791.869685049136,
        12945.117889482732,
        13060.491898497206,
        13156.782562760367,
        13246.387345364255,
        13312.04007099822,
        13377.692796632185,
        13456.852296286306,
        13540.012415422672,
        13611.801233093793,
        13659.946565225368,
        13708.09189735694,
        13744.70828877791,
        13779.723075782695,
        13822.288660447426,
        13874.810840954598,
        13927.333021461769,
        14014.329337718551,
        14101.866305230515,
        14179.987328155203,
        14250.016902164765,
        14322.43870812393,
        14418.729372387086,
        14515.020036650249,
        14616.951246670698,
        14721.995607685041,
        14830.703758750184,
        14954.286849001379,
        15009.75073322553
    ]
}