{
    "time": [
        57.69446749574464,
        57.70446749574464,
        57.714467495744636,
        57.72446749574463,
        57.73446749574463,
        57.74446749574463,
        57.75446749574463,
        57.764467495744626,
        57.774467495744624,
        57.78446749574462,
        57.79446749574462,
        57.80446749574462,
        57.814467495744616,
        57.824467495744614,
        57.83446749574461,
        57.84446749574461,
        57.85446749574461,
        57.864467495744606,
        57.874467495744604,
        57.8844674957446,
        57.8944674957446,
        57.9044674957446,
        57.914467495744596,
        57.924467495744594,
        57.93446749574459,
        57.94446749574459,
        57.95446749574459,
        57.964467495744586,
        57.974467495744584,
        57.98446749574458,
        57.99446749574458,
        58.00446749574458,
        58.014467495744576,
        58.024467495744574,
        58.03446749574457,
        58.04446749574457,
        58.05446749574457,
        58.06425809892015
    ],
    "frequency": [
        8250.041771652443,
        8264.945600796622,
        8279.8494299408,
        8294.753259084979,
        8309.657088229158,
        8380.07228197523,
        9301.408161204383,
        9343.984777711019,
        9386.561394217659,
        9429.138010724297,
        9471.714627230936,
        9503.627841104482,
        9520.658487707138,
        9537.11182017533,
        9521.599592738325,
        9506.087365301319,
        9508.140467992567,
        9521.048342554252,
        9555.888139893203,
        9669.226092272107,
        9782.564044651011,
        9875.053069956399,
        9962.925128167066,
        10054.475937829973,
        10151.127414667353,
        10247.396602329829,
        10324.281210727086,
        10401.165819124342,
        10475.070884413224,
        10547.147140141624,
        10623.887328389992,
        10717.165223082167,
        10810.44311777434,
        10931.175911075628,
        11057.923154032937,
        11172.961949747094,
        11271.87301065116,
        11368.712905349927
    ]
}