{
    "time": [
        56.37441371870791,
        56.38441371870791,
        56.39441371870791,
        56.40441371870791,
        56.414413718707905,
        56.4244137187079,
        56.4344137187079,
        56.4444137187079,
        56.4544137187079,
        56.464413718707895,
        56.47441371870789,
        56.48441371870789,
        56.49441371870789,
        56.50441371870789,
        56.514413718707885,
        56.52441371870788,
        56.53441371870788,
        56.54441371870788,
        56.55441371870788,
        56.564413718707875,
        56.57441371870787,
        56.58441371870787,
        56.59441371870787,
        56.60441371870787,
        56.614413718707866,
        56.62441371870786,
        56.63441371870786,
        56.64441371870786,
        56.65441371870786,
        56.664413718707856,
        56.674413718707854,
        56.68441371870785,
        56.69441371870785,
        56.70383312398736
    ],
    "frequency": [
        9632.139615219246,
        9581.91948917292,
        9531.699363126594,
        9481.479237080266,
        9436.402335229293,
        9392.090459306062,
        9347.778583382833,
        9329.648333099893,
        9320.667792912784,
        9311.687252725676,
        9302.706712538567,
        9312.6509502562,
        9334.033188796937,
        9355.41542733767,
        9376.797665878403,
        9398.17990441914,
        9419.562142959874,
        9440.944381500607,
        9491.143445470972,
        9553.372732093596,
        9615.602018716221,
        9677.831305338845,
        9740.06059196147,
        9802.289878584095,
        9864.51916520672,
        9935.259819387562,
        10063.553250631983,
        10191.846681876405,
        10320.140113120822,
        10448.433544365244,
        10580.872162252217,
        10717.18393294937,
        10853.495703646524,
        10981.893284902948
    ]
}