{
    "time": [
        0.17942757760735462,
        0.18942757760735462,
        0.19942757760735463,
        0.20942757760735464,
        0.21942757760735465,
        0.22942757760735466,
        0.23942757760735467,
        0.24942757760735468,
        0.2594275776073547,
        0.2694275776073547,
        0.2794275776073547,
        0.2894275776073547,
        0.2994275776073547,
        0.30942757760735473,
        0.31942757760735474,
        0.32942757760735475,
        0.33942757760735476,
        0.34942757760735477,
        0.3594275776073548,
        0.3694275776073548,
        0.3794275776073548,
        0.3894275776073548,
        0.3994275776073548,
        0.4094275776073548,
        0.41942757760735483,
        0.42942757760735484,
        0.43942757760735485,
        0.44942757760735486,
        0.45942757760735486,
        0.4694275776073549,
        0.4794275776073549,
        0.4894275776073549,
        0.4994275776073549,
        0.5094275776073549,
        0.5194275776073549,
        0.5294275776073549,
        0.5394275776073549,
        0.5494275776073549,
        0.559427577607355,
        0.569427577607355,
        0.579427577607355,
        0.589427577607355,
        0.599427577607355,
        0.609427577607355,
        0.617234176845193
    ],
    "frequency": [
        9886.542997086784,
        9760.583479759653,
        9634.623962432517,
        9542.845034854005,
        9482.38446653698,
        9445.22303420804,
        9435.776070408503,
        9481.520791251765,
        9540.666999387984,
        9599.813207524205,
        9658.959415660423,
        9719.467002034964,
        9803.440013586387,
        9887.41302513781,
        9971.386036689233,
        10084.997746574096,
        10256.760724747463,
        10442.833646368186,
        10831.508728406201,
        11210.46374336686,
        11583.470984980284,
        11956.478226593708,
        12329.485468207135,
        12702.492709820559,
        12984.429540701822,
        13095.968374474294,
        13207.507208246763,
        13291.28665754524,
        13373.562690825656,
        13387.926916940993,
        13346.48931763593,
        13296.258857192362,
        13195.912967473178,
        13095.567077753989,
        13060.688347159052,
        13047.68050265189,
        13030.92026602309,
        13007.188343609876,
        12983.456421196663,
        12930.663604407875,
        12876.348459778133,
        12808.967862147982,
        12730.920795105027,
        12631.788585701708,
        12461.752848190827
    ]
}