{
    "time": [
        0.8933874029044103,
        0.9033874029044103,
        0.9133874029044103,
        0.9233874029044103,
        0.9333874029044104,
        0.9433874029044104,
        0.9533874029044104,
        0.9633874029044104,
        0.9733874029044104,
        0.9833874029044104,
        0.9933874029044104,
        1.0033874029044103,
        1.0133874029044105,
        1.0233874029044103,
        1.0333874029044106,
        1.0433874029044103,
        1.0533874029044106,
        1.0633874029044104,
        1.0733874029044106,
        1.0833874029044104,
        1.0933874029044106,
        1.1033874029044104,
        1.1133874029044106,
        1.1233874029044104,
        1.1333874029044106,
        1.1433874029044104,
        1.1533874029044107,
        1.1633874029044105,
        1.1733874029044107,
        1.1833874029044105,
        1.1933874029044107,
        1.2033874029044105,
        1.2133874029044107,
        1.2233874029044105,
        1.2333874029044107,
        1.2433874029044105,
        1.2533874029044108,
        1.2633874029044105,
        1.2733874029044108,
        1.2833874029044106,
        1.2933874029044108,
        1.3033874029044106,
        1.3133874029044108,
        1.3233874029044106,
        1.3333874029044108,
        1.3433874029044106,
        1.3533874029044108,
        1.3633874029044106,
        1.3663522851046763
    ],
    "frequency": [
        8305.851276763122,
        8375.794538582812,
        8445.737800402501,
        8515.681062222191,
        8600.373425704112,
        8698.293992251676,
        8796.21455879924,
        8894.135125346806,
        8992.05569189437,
        9089.976258441935,
        9196.51324218979,
        9306.091019040636,
        9415.668795891484,
        9525.24657274233,
        9634.824349593178,
        9757.858088880723,
        9884.731912646674,
        10011.605736412619,
        10138.47956017857,
        10265.353383944514,
        10392.227207710464,
        10519.101031476408,
        10635.613117696908,
        10746.9513712058,
        10858.289624714695,
        10969.627878223586,
        11080.96613173248,
        11192.304385241372,
        11303.642638750267,
        11414.980892259155,
        11528.559165870469,
        11643.871029951577,
        11759.182894032687,
        11874.494758113793,
        11989.806622194905,
        12105.118486276013,
        12192.463423848472,
        12244.920870213238,
        12297.378316578008,
        12324.687968966948,
        12345.670947512855,
        12366.65392605876,
        12369.233407421078,
        12352.776169345856,
        12336.318931270633,
        12312.554210851504,
        12285.354053477178,
        12258.153896102856,
        12250.0893698585
    ]
}