{
    "time": [
        33.165643250358244,
        33.17564325035824,
        33.18564325035824,
        33.19564325035824,
        33.205643250358236,
        33.215643250358234,
        33.22564325035823,
        33.23564325035823,
        33.24564325035823,
        33.255643250358226,
        33.265643250358224,
        33.27564325035822,
        33.28564325035822,
        33.29564325035822,
        33.305643250358216,
        33.315643250358214,
        33.32564325035821,
        33.33564325035821,
        33.34564325035821,
        33.355643250358206,
        33.365643250358204,
        33.3756432503582,
        33.3856432503582,
        33.3956432503582,
        33.405643250358196,
        33.415643250358194,
        33.42564325035819,
        33.43564325035819,
        33.44564325035819,
        33.455643250358186,
        33.465643250358184,
        33.47564325035818,
        33.48564325035818,
        33.49564325035818,
        33.505643250358176,
        33.515643250358174,
        33.52564325035817,
        33.53564325035817,
        33.54564325035817,
        33.555643250358166,
        33.565643250358164,
        33.57564325035816,
        33.58564325035816,
        33.59564325035816,
        33.605643250358156,
        33.615643250358154,
        33.62564325035815,
        33.63564325035815,
        33.64564325035815,
        33.655643250358146,
        33.665643250358144,
        33.67564325035814,
        33.68564325035814,
        33.69564325035814,
        33.705643250358136,
        33.715643250358134,
        33.72564325035813,
        33.73564325035813,
        33.74564325035813,
        33.755643250358126,
        33.765643250358124,
        33.77564325035812,
        33.78564325035812,
        33.79564325035812,
        33.805643250358116,
        33.815643250358114,
        33.82564325035811,
        33.83564325035811,
        33.84564325035811,
        33.855643250358106,
        33.865643250358104,
        33.8756432503581,
        33.8856432503581,
        33.8956432503581,
        33.9056432503581,
        33.915643250358094,
        33.92564325035809,
        33.93564325035809,
        33.94564325035809,
        33.95564325035809,
        33.962326495662445
    ],
    "frequency": [
        9283.387367444187,
        9586.63235345965,
        9777.225474074285,
        9934.328051924236,
        10056.580421641593,
        10134.335546260925,
        10190.835976393828,
        10232.953335562624,
        10210.001131619887,
        10159.218281214338,
        9997.035495292135,
        9780.99337710374,
        9687.303920138791,
        9630.160351425697,
        9479.460572901207,
        9547.97440662478,
        9708.275829498556,
        9841.469071821517,
        9892.009902824066,
        9921.084087782154,
        9858.222176257575,
        9411.778169068333,
        8965.334161879091,
        8518.89015468985,
        8338.3243338238,
        8216.300708785935,
        8125.327212981341,
        8133.782940920541,
        8147.260495854553,
        8140.935938038302,
        8132.014354086726,
        8123.5908822529655,
        8086.2376441988545,
        8061.080822631127,
        8094.774709966157,
        8128.468597301188,
        8196.479008567605,
        8523.451388127734,
        8858.551020024182,
        9096.092925736233,
        9333.634831448286,
        9608.266581083031,
        9900.280271319978,
        10175.497768486603,
        10372.78536439001,
        10552.486096843566,
        10582.377462874827,
        10585.873660837256,
        10580.23314791596,
        10486.926998372797,
        10380.685883798906,
        10237.486862624999,
        10155.599429100097,
        10129.390665663188,
        10156.345775531216,
        10189.947347925558,
        10266.961947548503,
        10343.97654717145,
        10428.50978661756,
        10539.218273575545,
        10649.926760533532,
        10732.264169909278,
        10752.480502310296,
        10760.97156824915,
        10768.552692899533,
        10776.133817549919,
        10783.714942200302,
        10791.296066850688,
        10810.709337575505,
        10848.956452928787,
        10887.20356828207,
        10925.450683635352,
        10963.697798988636,
        11014.964407230513,
        11103.410861484985,
        11191.857315739457,
        11280.303769993929,
        11559.945205487767,
        11873.748502850263,
        12207.840627726879,
        12518.595257485038
    ]
}