{
    "time": [
        33.0456639609626,
        33.0556639609626,
        33.065663960962596,
        33.07566396096259,
        33.08566396096259,
        33.09566396096259,
        33.10566396096259,
        33.115663960962586,
        33.125663960962584,
        33.13566396096258,
        33.14566396096258,
        33.15566396096258,
        33.165663960962576,
        33.175663960962574,
        33.18566396096257,
        33.19566396096257,
        33.20566396096257,
        33.215663960962566,
        33.225663960962564,
        33.23566396096256,
        33.24566396096256,
        33.25566396096256,
        33.265663960962556,
        33.275663960962554,
        33.28566396096255,
        33.29566396096255,
        33.30566396096255,
        33.315663960962546,
        33.325663960962544,
        33.33566396096254,
        33.34566396096254,
        33.35566396096254,
        33.365663960962536,
        33.375663960962534,
        33.38566396096253,
        33.39566396096253,
        33.40566396096253,
        33.415663960962526,
        33.425663960962524,
        33.43566396096252,
        33.44566396096252,
        33.45063137652926
    ],
    "frequency": [
        8641.606260658376,
        8510.282880908875,
        8378.95950115937,
        8247.636121409869,
        8142.24200926056,
        8050.558834879897,
        7958.875660499234,
        7867.192486118571,
        7777.212078956095,
        7729.0756137745475,
        7680.939148593002,
        7632.802683411454,
        7584.666218229908,
        7536.52975304836,
        7488.393287866813,
        7440.256822685266,
        7405.688471495815,
        7375.162500691692,
        7344.636529887568,
        7314.110559083444,
        7283.58458827932,
        7253.058617475197,
        7222.532646671072,
        7191.921030205949,
        7159.27032707893,
        7126.619623951912,
        7093.968920824893,
        7061.3182176978735,
        7028.667514570854,
        6996.016811443837,
        6954.837846222252,
        6911.6589571889745,
        6868.480068155694,
        6825.301179122415,
        6782.122290089136,
        6735.509390263723,
        6670.40891141355,
        6605.308432563379,
        6540.207953713207,
        6475.107474863036,
        6406.442680975482,
        6371.409725004197
    ]
}