{
    "time": [
        16.936755553443476,
        16.946755553443477,
        16.95675555344348,
        16.96675555344348,
        16.976755553443482,
        16.986755553443484,
        16.996755553443485,
        17.006755553443487,
        17.01675555344349,
        17.02675555344349,
        17.03675555344349,
        17.046755553443493,
        17.056755553443494,
        17.066755553443496,
        17.076755553443498,
        17.0867555534435,
        17.0967555534435,
        17.106755553443502,
        17.116755553443504,
        17.126755553443505,
        17.136755553443507,
        17.14675555344351,
        17.15675555344351,
        17.16675555344351,
        17.176755553443513,
        17.186755553443515,
        17.196755553443516,
        17.206755553443518,
        17.21675555344352,
        17.22675555344352,
        17.236755553443523,
        17.246755553443524,
        17.256755553443526,
        17.266755553443527,
        17.27675555344353,
        17.28675555344353,
        17.296755553443532,
        17.306755553443534,
        17.316755553443535,
        17.326755553443537,
        17.33675555344354,
        17.34675555344354,
        17.35675555344354,
        17.366755553443543,
        17.376755553443544,
        17.386755553443546,
        17.396755553443548,
        17.40675555344355,
        17.41675555344355,
        17.426755553443552,
        17.436755553443554,
        17.446755553443555,
        17.456755553443557,
        17.46675555344356,
        17.47675555344356,
        17.48675555344356,
        17.496755553443563,
        17.506755553443565,
        17.516755553443566,
        17.526755553443568,
        17.53675555344357,
        17.54675555344357,
        17.556755553443573,
        17.563143550394383
    ],
    "frequency": [
        9788.301850115955,
        9977.079726099719,
        10165.857602083483,
        10357.462486662373,
        10549.375705460756,
        10734.181678871848,
        10910.561292139071,
        11086.420662719253,
        11224.038117849086,
        11361.655572978918,
        11487.997531385043,
        11605.809189250667,
        11715.939473611084,
        11772.390604909515,
        11828.841736207947,
        11890.22108515372,
        11953.908254762755,
        12012.840306341284,
        12056.459212397003,
        12100.07811845272,
        12135.716490027902,
        12169.269494686152,
        12202.822499344402,
        12236.375504002648,
        12269.928508660898,
        12297.411160938555,
        12324.253564665152,
        12349.550943419312,
        12373.038046680082,
        12396.145207191485,
        12396.400401250832,
        12396.65559531018,
        12388.938635012577,
        12375.26223908993,
        12361.618537922002,
        12348.197336058704,
        12334.776134195406,
        12297.548373666512,
        12249.322193441963,
        12180.530885643795,
        12046.573844529199,
        11912.616803414601,
        11638.352918818779,
        11328.078178757809,
        10985.893351120867,
        10632.975002738764,
        10281.800475830476,
        9930.625948922188,
        9646.28441294606,
        9399.30452588964,
        9221.524469516624,
        9108.559237084588,
        8995.59400465255,
        8896.346003338926,
        8860.890882833757,
        8858.778500758812,
        8883.090583390924,
        8949.498412136494,
        9052.6405808788,
        9155.782749621105,
        9261.38289333455,
        9377.154715392222,
        9492.926537449894,
        9566.881542079296
    ]
}