{
    "time": [
        10.972997532244408,
        10.982997532244408,
        10.992997532244408,
        11.002997532244407,
        11.012997532244407,
        11.022997532244407,
        11.032997532244407,
        11.042997532244407,
        11.052997532244406,
        11.062997532244406,
        11.072997532244406,
        11.082997532244406,
        11.092997532244405,
        11.102997532244405,
        11.112997532244405,
        11.122997532244405,
        11.132997532244405,
        11.142997532244404,
        11.152997532244404,
        11.162997532244404,
        11.172997532244404,
        11.182997532244404,
        11.192997532244403,
        11.202997532244403,
        11.212997532244403,
        11.222997532244403,
        11.232997532244402,
        11.242997532244402,
        11.252997532244402,
        11.262997532244402,
        11.272997532244402,
        11.282997532244401,
        11.292997532244401,
        11.302997532244401,
        11.307708817908269
    ],
    "frequency": [
        8436.244319152047,
        8499.339913862019,
        8562.435508571989,
        8625.531103281959,
        8688.626697991931,
        8751.722292701901,
        8814.81788741187,
        8884.272965285465,
        8956.248680732391,
        9028.224396179316,
        9090.746982682858,
        9125.449559773344,
        9160.152136863828,
        9194.85471395431,
        9229.466372306088,
        9264.031785060246,
        9298.597197814404,
        9371.514671043577,
        9459.848503637533,
        9548.18233623149,
        9636.516168825447,
        9724.850001419403,
        9814.623809441835,
        9923.342372634397,
        10032.06093582696,
        10140.779499019522,
        10249.498062212086,
        10358.216625404648,
        10466.935188597212,
        10577.738683154605,
        10691.64283570997,
        10805.546988265336,
        10919.451140820702,
        11033.355293376067,
        11087.018793474981
    ]
}