{
    "time": [
        5.06359754327345,
        5.07359754327345,
        5.0835975432734495,
        5.093597543273449,
        5.103597543273449,
        5.113597543273449,
        5.123597543273449,
        5.133597543273448,
        5.143597543273448,
        5.153597543273448,
        5.163597543273448,
        5.173597543273448,
        5.183597543273447,
        5.193597543273447,
        5.195831417100929
    ],
    "frequency": [
        11590.030409152245,
        11484.171860346964,
        11376.418948073191,
        11203.12458299195,
        11022.14735986197,
        10822.192323229774,
        10575.419870363097,
        10261.444795517538,
        9955.599551508889,
        9772.296676901638,
        9636.262730704471,
        9569.611051827073,
        9506.402145513843,
        9446.415634524184,
        9433.015404834008
    ]
}