{
    "time": [
        21.124734417085897,
        21.134734417085898,
        21.1447344170859,
        21.1547344170859,
        21.164734417085903,
        21.174734417085904,
        21.184734417085906,
        21.194734417085908,
        21.20473441708591,
        21.21473441708591,
        21.224734417085912,
        21.234734417085914,
        21.244734417085915,
        21.245321583954755
    ],
    "frequency": [
        10924.209983664445,
        11008.298782662441,
        11085.094743986576,
        11134.035314831961,
        11182.975885677348,
        11231.916456522733,
        11280.857027368116,
        11329.797598213501,
        11378.738169058888,
        11427.678739904273,
        11476.619310749658,
        11525.559881595043,
        11574.50045244043,
        11577.37408061468
    ]
}