{
    "time": [
        11.310335128101002,
        11.320335128101002,
        11.330335128101002,
        11.340335128101001,
        11.350335128101001,
        11.360335128101001,
        11.370335128101,
        11.380335128101,
        11.390335128101,
        11.400335128101,
        11.410335128101,
        11.420335128101,
        11.430335128101,
        11.440335128101,
        11.450335128100999,
        11.460335128100999,
        11.470335128100999,
        11.480335128100998,
        11.490335128100998,
        11.500335128100998,
        11.510335128100998,
        11.520335128100998,
        11.530335128100997,
        11.540335128100997,
        11.550335128100997,
        11.560335128100997,
        11.570335128100997,
        11.580335128100996,
        11.587180753566617
    ],
    "frequency": [
        9612.267522763508,
        9483.535323600214,
        9354.80312443692,
        9258.574446357587,
        9185.264174129361,
        9111.953901901135,
        9038.64362967291,
        8937.670357471445,
        8833.4585771964,
        8729.246796921354,
        8530.131248532156,
        8322.061548016945,
        8122.905863278647,
        7956.044772281077,
        7846.03971108773,
        7766.031957199146,
        7714.949592062588,
        7690.033682547113,
        7668.254063384708,
        7671.4629305192775,
        7674.671797653846,
        7677.880664788416,
        7734.992586135338,
        7792.752194557575,
        7850.511802979816,
        7948.6730362273665,
        8053.15375012893,
        8157.634464030494,
        8229.158047605575
    ]
}