{
    "time": [
        1.5777572793631653,
        1.5877572793631654,
        1.5977572793631654,
        1.6077572793631654,
        1.6177572793631654,
        1.6277572793631654,
        1.6377572793631654,
        1.6477572793631654,
        1.6577572793631654,
        1.6677572793631654,
        1.6777572793631654,
        1.6877572793631654,
        1.6977572793631655,
        1.7077572793631655,
        1.7177572793631655,
        1.7277572793631655,
        1.7377572793631655,
        1.7477572793631655,
        1.7577572793631655,
        1.7677572793631655,
        1.7777572793631655,
        1.7877572793631655,
        1.7977572793631655,
        1.8077572793631655,
        1.8177572793631656,
        1.8277572793631656,
        1.8377572793631656,
        1.8477572793631656,
        1.8577572793631656,
        1.8677572793631656,
        1.8777572793631656,
        1.8877572793631656,
        1.8977572793631656,
        1.9077572793631656,
        1.9177572793631656,
        1.9277572793631657,
        1.9377572793631657,
        1.9477572793631657,
        1.9577572793631657,
        1.9677572793631657,
        1.9777572793631657,
        1.9877572793631657,
        1.9977572793631657,
        2.0077323023596856
    ],
    "frequency": [
        10775.98937065899,
        9943.187303952029,
        9369.900485450084,
        8971.832445649014,
        8634.080284285506,
        8637.53139928306,
        8640.982514280611,
        8759.112888182673,
        8925.579561463386,
        9105.144155600077,
        9322.624332394265,
        9540.104509188457,
        9708.002362250078,
        9864.2714111103,
        10015.516194259972,
        10157.955294152303,
        10300.394394044635,
        10487.100596018727,
        10677.83689930206,
        10847.092167262048,
        10992.10698240262,
        11136.072025455265,
        11235.624513819643,
        11335.177002184018,
        11408.831214163198,
        11463.44937942922,
        11520.191522491352,
        11591.195137337178,
        11662.198752183003,
        11755.68700582584,
        11859.616174727955,
        11979.072936604378,
        12148.752229940594,
        12318.431523276806,
        12432.09762331602,
        12530.822772258227,
        12632.831318862352,
        12741.137562022795,
        12849.443805183239,
        12973.264126792605,
        13098.885906904452,
        13342.96828230955,
        13732.286872664838,
        14120.633061841509
    ]
}