{
    "time": [
        30.06129640039603,
        30.071296400396033,
        30.081296400396035,
        30.091296400396036,
        30.101296400396038,
        30.105396157242723
    ],
    "frequency": [
        6087.681523475642,
        5951.337658540618,
        5909.5585553265455,
        6104.047207596288,
        6376.734937466338,
        6488.530276220492
    ]
}