{
    "time": [
        49.014479935164765,
        49.02447993516476,
        49.03447993516476,
        49.04447993516476,
        49.05447993516476,
        49.064479935164755,
        49.07447993516475,
        49.08447993516475,
        49.09447993516475,
        49.10447993516475,
        49.114479935164745,
        49.12447993516474,
        49.13447993516474,
        49.14447993516474,
        49.15447993516474,
        49.164479935164735,
        49.17447993516473,
        49.18447993516473,
        49.19447993516473,
        49.20447993516473,
        49.214479935164725,
        49.22447993516472,
        49.23447993516472,
        49.24447993516472,
        49.25447993516472,
        49.264479935164715,
        49.27447993516471,
        49.27959183408663
    ],
    "frequency": [
        18601.560008864682,
        18614.379967686225,
        18627.19992650777,
        18640.01988532931,
        18652.839844150854,
        18665.659802972397,
        18678.479761793937,
        18691.29972061548,
        18704.119679437023,
        18716.939638258566,
        18729.75959708011,
        18735.081294222102,
        18735.081294222102,
        18735.081294222102,
        18735.081294222102,
        18735.081294222102,
        18735.081294222105,
        18735.081294222102,
        18735.081294222102,
        18735.081294222102,
        18735.081294222102,
        18735.081294222105,
        18735.081294222102,
        18735.081294222102,
        18735.081294222102,
        18735.081294222102,
        18735.081294222102,
        18735.081294222102
    ]
}