{
    "time": [
        55.1285135341442,
        55.138513534144195,
        55.14851353414419,
        55.15851353414419,
        55.16851353414419,
        55.17851353414419,
        55.188513534144185,
        55.19851353414418,
        55.20851353414418,
        55.21851353414418,
        55.22851353414418,
        55.238513534144175,
        55.24851353414417,
        55.25851353414417,
        55.26851353414417,
        55.27851353414417,
        55.288513534144165,
        55.29851353414416,
        55.30851353414416,
        55.31851353414416,
        55.32851353414416,
        55.338513534144155,
        55.34851353414415,
        55.35851353414415,
        55.36851353414415,
        55.37817204616992
    ],
    "frequency": [
        8147.067708724047,
        8121.1757067374865,
        8095.283704750926,
        8092.056368796032,
        8103.563925234506,
        8114.339502567905,
        8122.394792074834,
        8130.450081581764,
        8138.505371088693,
        8146.560660595623,
        8154.615950102552,
        8165.129049633577,
        8184.008634415447,
        8202.888219197317,
        8221.767803979188,
        8240.64738876106,
        8259.52697354293,
        8283.504127729277,
        8309.134594342235,
        8334.765060955195,
        8360.395527568155,
        8386.025994181113,
        8414.051423977397,
        8461.040612767823,
        8508.02980155825,
        8553.414366059624
    ]
}