{
    "time": [
        18.02578105650288,
        18.03578105650288,
        18.045781056502882,
        18.055781056502884,
        18.065781056502885,
        18.075781056502887,
        18.08578105650289,
        18.09578105650289,
        18.10578105650289,
        18.115781056502893,
        18.125781056502895,
        18.135781056502896,
        18.145781056502898,
        18.1557810565029,
        18.1657810565029,
        18.175781056502903,
        18.185781056502904,
        18.195781056502906,
        18.205781056502907,
        18.21578105650291,
        18.22578105650291,
        18.235781056502912,
        18.245781056502913,
        18.25100156454361
    ],
    "frequency": [
        7768.863214157182,
        7729.440723309142,
        7690.018232461103,
        7650.595741613063,
        7615.881488231722,
        7595.5729323403075,
        7575.264376448892,
        7554.955820557478,
        7534.647264666062,
        7527.264051678136,
        7540.214435145127,
        7553.1648186121165,
        7566.115202079105,
        7579.065585546096,
        7598.969102497145,
        7634.339837341361,
        7669.710572185575,
        7705.08130702979,
        7740.452041874005,
        7775.82277671822,
        7811.193511562434,
        7846.5642464066495,
        7881.9349812508635,
        7900.400301816819
    ]
}