{
    "time": [
        26.116517797626987,
        26.12651779762699,
        26.13651779762699,
        26.14651779762699,
        26.156517797626993,
        26.166517797626994,
        26.176517797626996,
        26.186517797626998,
        26.196517797627,
        26.206517797627,
        26.216517797627002,
        26.226517797627004,
        26.23182248992844
    ],
    "frequency": [
        7733.20408568967,
        7649.965278015423,
        7566.726470341176,
        7498.39653471911,
        7468.334830831478,
        7438.273126943846,
        7434.508269540029,
        7451.3444842151175,
        7468.180698890206,
        7528.913398740966,
        7597.93974422953,
        7666.966089718096,
        7703.582442069038
    ]
}