{
    "time": [
        7.459364802607998,
        7.4693648026079975,
        7.479364802607997,
        7.489364802607997,
        7.499364802607997,
        7.509364802607997,
        7.5193648026079964,
        7.529364802607996,
        7.539364802607996,
        7.549364802607996,
        7.559364802607996,
        7.569364802607995,
        7.579364802607995,
        7.589364802607995,
        7.599364802607995,
        7.6093648026079945,
        7.619364802607994,
        7.629364802607994,
        7.639364802607994,
        7.649364802607994,
        7.6593648026079935,
        7.669364802607993,
        7.679364802607993,
        7.689364802607993,
        7.699364802607993,
        7.709364802607992,
        7.719364802607992,
        7.729364802607992,
        7.739364802607992,
        7.7493648026079915,
        7.759364802607991,
        7.769364802607991,
        7.779364802607991,
        7.789364802607991,
        7.7993648026079905,
        7.80936480260799,
        7.81936480260799,
        7.82936480260799,
        7.83936480260799,
        7.849364802607989,
        7.859364802607989,
        7.869364802607989,
        7.879364802607989,
        7.889364802607989,
        7.899364802607988,
        7.909364802607988,
        7.919364802607988,
        7.929364802607988,
        7.9393648026079875,
        7.949364802607987,
        7.959364802607987,
        7.96723177570143
    ],
    "frequency": [
        10932.079930732161,
        11227.75073347291,
        11523.42153621366,
        11819.09233895441,
        12114.763141695159,
        12410.433944435908,
        12706.10474717666,
        12951.571572190154,
        13095.586937349406,
        13239.602302508658,
        13368.889162441365,
        13454.702455887982,
        13540.515749334601,
        13626.329042781217,
        13712.142336227836,
        13749.331230698011,
        13785.430572893101,
        13821.529915088193,
        13857.629257283286,
        13893.728599478378,
        13929.827941673468,
        13965.92728386856,
        14002.02662606365,
        14036.211267873437,
        14050.081951081404,
        14063.952634289368,
        14077.823317497334,
        14091.6940007053,
        14105.564683913268,
        14119.435367121234,
        14133.306050329198,
        14147.176733537164,
        14161.04741674513,
        14172.58511097541,
        14172.58511097541,
        14172.585110975408,
        14172.585110975408,
        14172.58511097541,
        14172.58511097541,
        14168.68538737503,
        14147.402328484499,
        14126.11926959397,
        14104.83621070344,
        14083.55315181291,
        14062.27009292238,
        14040.987034031848,
        14019.64973934515,
        13955.800562673563,
        13891.95138600197,
        13766.062424093547,
        13600.054564747412,
        13469.456628469798
    ]
}