{
    "time": [
        23.564888713793003,
        23.574888713793005,
        23.584888713793006,
        23.594888713793008,
        23.60488871379301,
        23.61488871379301,
        23.624888713793013,
        23.634888713793014,
        23.644888713793016,
        23.654888713793017,
        23.66488871379302,
        23.67488871379302,
        23.684888713793022,
        23.694888713793024,
        23.704888713793025,
        23.708384842857956
    ],
    "frequency": [
        13231.130760330152,
        13047.662847044472,
        12143.326996556252,
        11112.880392755536,
        11015.0308390032,
        11009.183723793205,
        11020.200149845701,
        11071.699914978526,
        11123.19968011135,
        11194.50899136223,
        11279.186489801768,
        11529.1358772378,
        12239.738806175877,
        13117.785876945292,
        13283.780655632325,
        13341.814572671774
    ]
}