{
    "time": [
        54.85860035448786,
        54.86860035448786,
        54.87860035448786,
        54.888600354487856,
        54.898600354487854,
        54.90860035448785,
        54.91860035448785,
        54.92860035448785,
        54.938600354487846,
        54.948600354487844,
        54.95860035448784,
        54.96860035448784,
        54.97860035448784,
        54.988600354487836,
        54.998600354487834,
        55.00860035448783,
        55.01860035448783,
        55.02860035448783,
        55.038600354487826,
        55.048600354487824,
        55.05860035448782,
        55.06860035448782,
        55.07860035448782,
        55.088600354487816,
        55.098600354487814,
        55.10860035448781,
        55.11860035448781,
        55.12860035448781,
        55.13860035448781,
        55.148600354487805,
        55.1586003544878,
        55.1686003544878,
        55.1786003544878,
        55.1886003544878,
        55.198600354487795,
        55.20860035448779,
        55.21860035448779,
        55.22860035448779,
        55.23860035448779,
        55.248600354487785,
        55.25860035448778,
        55.26860035448778,
        55.27860035448778,
        55.28860035448778,
        55.298600354487775,
        55.30860035448777,
        55.31860035448777,
        55.32860035448777,
        55.33860035448777,
        55.348600354487765,
        55.35860035448776,
        55.36860035448776,
        55.37860035448776,
        55.38860035448776,
        55.398600354487755,
        55.40860035448775,
        55.41860035448775,
        55.42860035448775,
        55.43860035448775,
        55.448600354487745,
        55.45860035448774,
        55.45963922935332
    ],
    "frequency": [
        12768.779718720185,
        12516.405258535868,
        12264.03079835155,
        12157.296521641587,
        12061.153870142783,
        11967.858539064258,
        11948.064463755689,
        11928.270388447121,
        11929.504970400769,
        11940.02057290845,
        11950.53617541613,
        11961.05177792381,
        11984.095762034405,
        12038.959775117963,
        12093.82378820152,
        12151.961532009818,
        12236.086352071252,
        12300.645715586164,
        12323.588848330188,
        12309.66648685978,
        12286.723354115751,
        12263.78022137172,
        12209.247006407972,
        12145.312143161278,
        12081.377279914585,
        11886.878557298238,
        11420.368191503068,
        11326.771614788839,
        11321.823095961696,
        11325.96778712954,
        11340.598190618486,
        11355.22859410743,
        11377.33057743814,
        11417.390015562642,
        11457.44945368714,
        11512.505566099017,
        11590.159246155723,
        11745.672286336521,
        11951.633052693853,
        12157.593819051184,
        12363.554585408518,
        12464.563441776161,
        12498.213369800738,
        12531.863297825314,
        12565.51322584989,
        12584.437094940362,
        12586.986331911921,
        12589.535568883479,
        12592.084805855038,
        12594.634042826596,
        12571.2630557227,
        12545.770686007116,
        12520.278316291528,
        12494.785946575941,
        12464.128600892045,
        12424.870351530039,
        12385.612102168034,
        12346.353852806029,
        12304.645098860054,
        12255.159910588616,
        12205.674722317177,
        12200.533830485814
    ]
}