{
    "time": [
        32.59661396204243,
        32.60661396204243,
        32.61661396204243,
        32.62661396204243,
        32.636613962042425,
        32.64661396204242,
        32.65661396204242,
        32.66661396204242,
        32.67661396204242,
        32.686613962042415,
        32.69661396204241,
        32.70661396204241,
        32.71661396204241,
        32.72661396204241,
        32.736613962042405,
        32.7466139620424,
        32.7566139620424,
        32.7666139620424,
        32.7766139620424,
        32.786613962042395,
        32.79661396204239,
        32.80661396204239,
        32.81661396204239,
        32.82661396204239,
        32.836613962042385,
        32.84661396204238,
        32.85661396204238,
        32.86661396204238,
        32.87661396204238,
        32.886613962042375,
        32.89661396204237,
        32.90661396204237,
        32.91661396204237,
        32.92661396204237,
        32.936613962042365,
        32.944223523821435
    ],
    "frequency": [
        14327.913165009475,
        14074.605151383897,
        13821.29713775832,
        13605.922211069334,
        13464.079258202437,
        13356.023337705845,
        13259.331062023495,
        13211.537097188477,
        13163.743132353458,
        13115.949167518436,
        13068.155202683405,
        13020.907425935959,
        12997.010443518448,
        12973.113461100937,
        12949.216478683427,
        12931.499770056587,
        12949.201238514,
        12966.902706971416,
        12995.39439866555,
        13057.526552951087,
        13122.292484501402,
        13213.535508277342,
        13304.778532053282,
        13405.443762893074,
        13509.721504351322,
        13602.4232628283,
        13674.114210080825,
        13745.80515733335,
        13806.421602805685,
        13875.31420069978,
        14005.66137752251,
        14234.852968593916,
        14466.653698043812,
        14698.45442749371,
        14930.255156943607,
        15150.87981129983
    ]
}