{
    "time": [
        49.425409945340625,
        49.43540994534062,
        49.44540994534062,
        49.45540994534062,
        49.46540994534062,
        49.475409945340616,
        49.48540994534061,
        49.49540994534061,
        49.50540994534061,
        49.51540994534061,
        49.525409945340606,
        49.535409945340604,
        49.5454099453406,
        49.5554099453406,
        49.5654099453406,
        49.575409945340596,
        49.585409945340594,
        49.59540994534059,
        49.60540994534059,
        49.61540994534059,
        49.625409945340586,
        49.63338221570458
    ],
    "frequency": [
        12057.967501754294,
        12109.939449335825,
        12161.911396917356,
        12201.86655951895,
        12223.822555007715,
        12245.77855049648,
        12288.00279693161,
        12335.27217076686,
        12385.573141294723,
        12447.922095230433,
        12510.271049166146,
        12620.26454319031,
        12761.837991740244,
        12903.426372479491,
        13053.615694274713,
        13203.805016069935,
        13308.757588298919,
        13346.439994146269,
        13384.12239999362,
        13443.800668820384,
        13508.894765681089,
        13560.789539608448
    ]
}