{
    "time": [
        23.751803263273857,
        23.76180326327386,
        23.77180326327386,
        23.78180326327386,
        23.791803263273863,
        23.801803263273865,
        23.811803263273866,
        23.821803263273868,
        23.83180326327387,
        23.84180326327387,
        23.851803263273872,
        23.861803263273874,
        23.871803263273875,
        23.881803263273877,
        23.89180326327388,
        23.90180326327388,
        23.91180326327388,
        23.921803263273883,
        23.931803263273885,
        23.941803263273886,
        23.951803263273888,
        23.96180326327389,
        23.97180326327389,
        23.981803263273893,
        23.991803263273894,
        24.001803263273896,
        24.011803263273897,
        24.0218032632739,
        24.0318032632739,
        24.041803263273902,
        24.051803263273904,
        24.061803263273905,
        24.071803263273907,
        24.08180326327391,
        24.09180326327391,
        24.10180326327391,
        24.105200908232643
    ],
    "frequency": [
        10618.850618045026,
        10488.140605401282,
        10357.430592757539,
        10120.41147366626,
        9877.704959091445,
        9704.007428920464,
        9530.309898749481,
        9328.826818328562,
        9193.628503828948,
        9156.19790929914,
        9151.645836724098,
        9147.864968589773,
        9144.084100455451,
        9139.904045525009,
        9135.526198211583,
        9131.148350898155,
        9116.574160205457,
        9099.630269677562,
        9082.686379149667,
        9065.742488621772,
        9032.36961796371,
        8993.55270511799,
        8947.639368448185,
        8894.497166337975,
        8841.354964227763,
        8810.82522764193,
        8786.360786772777,
        8770.642469064187,
        8783.87550753432,
        8797.108546004452,
        8810.341584474587,
        8844.277357526518,
        8879.925542792998,
        8915.573728059479,
        8948.94760908405,
        8981.625112244987,
        8992.727767632854
    ]
}