{
    "time": [
        23.89054162039362,
        23.90054162039362,
        23.910541620393623,
        23.920541620393625,
        23.930541620393626,
        23.940541620393628,
        23.95054162039363,
        23.96054162039363,
        23.970541620393632,
        23.980541620393634,
        23.990541620393635,
        24.000541620393637,
        24.01054162039364,
        24.02054162039364,
        24.03054162039364,
        24.040541620393643,
        24.050541620393645,
        24.060541620393646,
        24.070541620393648,
        24.08054162039365,
        24.09054162039365,
        24.100541620393653,
        24.110541620393654,
        24.120541620393656,
        24.130541620393657,
        24.14054162039366,
        24.15054162039366,
        24.160541620393662,
        24.170541620393664,
        24.180541620393665,
        24.190541620393667,
        24.20054162039367,
        24.21054162039367,
        24.22054162039367,
        24.230541620393673,
        24.240541620393675,
        24.250541620393676,
        24.260541620393678,
        24.27054162039368,
        24.28054162039368,
        24.290541620393682,
        24.300541620393684,
        24.310541620393685,
        24.320541620393687,
        24.33054162039369,
        24.34054162039369,
        24.35054162039369,
        24.360541620393693,
        24.370541620393695,
        24.380541620393696,
        24.390541620393698,
        24.4005416203937,
        24.4105416203937,
        24.420541620393703,
        24.430541620393704,
        24.440541620393706,
        24.450541620393707,
        24.46054162039371,
        24.47054162039371,
        24.480541620393712,
        24.490541620393714,
        24.500541620393715,
        24.510541620393717,
        24.52054162039372,
        24.53054162039372,
        24.54054162039372,
        24.550541620393723,
        24.560541620393725,
        24.570541620393726,
        24.580541620393728,
        24.59054162039373,
        24.60054162039373,
        24.610541620393732,
        24.620541620393734,
        24.630541620393736,
        24.640541620393737,
        24.65054162039374,
        24.66054162039374,
        24.660711905079324
    ],
    "frequency": [
        11402.33008966473,
        11480.280742961935,
        11558.231396259142,
        11622.812963324504,
        11682.175383912378,
        11740.127384450234,
        11740.127384450232,
        11740.127384450232,
        11770.177620166156,
        11801.798598731733,
        11833.419577297314,
        11865.040555862892,
        11875.487265399433,
        11870.233794023434,
        11864.592224652974,
        11856.66074356166,
        11848.729262470348,
        11844.389647769956,
        11841.477441661325,
        11836.361269142762,
        11825.751200043276,
        11815.14113094379,
        11807.459451707975,
        11800.266394425653,
        11794.169761657307,
        11789.54025622995,
        11784.910750802594,
        11783.92564334064,
        11782.946406614474,
        11787.718389599537,
        11796.845217614891,
        11806.067371963285,
        11815.876172795486,
        11825.684973627689,
        11829.919946534572,
        11831.88352887991,
        11831.996701717491,
        11827.379150417815,
        11822.761599118137,
        11813.672703904198,
        11803.806252887634,
        11792.87987910776,
        11780.505075728843,
        11768.130272349925,
        11756.314042561586,
        11744.501607838127,
        11734.921957793453,
        11727.068740788316,
        11718.891180142367,
        11708.628997270978,
        11698.366814399593,
        11687.982434805066,
        11677.547005442322,
        11665.566916813916,
        11649.535478896181,
        11633.504040978447,
        11615.900424591659,
        11598.01220658049,
        11581.566419561215,
        11567.133810506984,
        11552.701201452752,
        11552.3367384525,
        11552.14153561975,
        11559.356626827908,
        11572.42236936067,
        11585.204857056717,
        11596.083305958897,
        11606.961754861079,
        11602.064110045463,
        11590.411540045227,
        11567.765082538252,
        11515.527993559299,
        11463.290904580343,
        11367.777206854757,
        11264.117251695077,
        11149.81926921872,
        11020.356223486555,
        10890.89317775439,
        10888.688620350662
    ]
}