{
    "time": [
        13.482451586701831,
        13.492451586701831,
        13.50245158670183,
        13.51245158670183,
        13.52245158670183,
        13.53245158670183,
        13.54245158670183,
        13.55245158670183,
        13.56245158670183,
        13.57245158670183,
        13.58245158670183,
        13.592451586701829,
        13.602451586701829,
        13.612451586701829,
        13.622451586701828,
        13.632451586701828,
        13.642181042527664
    ],
    "frequency": [
        10555.029387585579,
        10645.018650411612,
        10735.007913237649,
        10824.997176063684,
        10914.986438889715,
        11004.975701715752,
        11094.964964541787,
        11184.95422736782,
        11298.807343688199,
        11444.823647657075,
        11590.839951625954,
        11732.272029906268,
        11870.968889154112,
        12009.665748401954,
        12104.941773186,
        12191.114348661504,
        12274.955575310247
    ]
}