{
    "time": [
        54.47688793959425,
        54.48688793959425,
        54.496887939594245,
        54.50688793959424,
        54.51688793959424,
        54.52688793959424,
        54.53688793959424,
        54.546887939594235,
        54.55688793959423,
        54.56688793959423,
        54.57688793959423,
        54.58688793959423,
        54.596887939594225,
        54.60688793959422,
        54.61688793959422,
        54.62688793959422,
        54.63688793959422,
        54.646887939594215,
        54.65688793959421,
        54.66688793959421,
        54.67688793959421,
        54.68688793959421,
        54.696887939594205,
        54.7068879395942,
        54.7168879395942,
        54.7268879395942,
        54.7368879395942,
        54.746887939594195,
        54.75000725366577
    ],
    "frequency": [
        11551.947049449878,
        11416.184650863506,
        11279.471249622016,
        11135.223701123941,
        10971.284803531742,
        10739.190997124924,
        10483.685930111158,
        9966.673418233726,
        9355.742624595056,
        8850.192523141572,
        8661.22554871592,
        8596.568807119193,
        8637.809360680782,
        8755.296051765163,
        8958.921637187648,
        9188.78368015867,
        9530.841285971965,
        9873.208239094793,
        10250.797410163208,
        10628.386581231625,
        11005.975752300043,
        11354.91467359681,
        11598.143158875153,
        11739.562324069262,
        11880.981489263373,
        11975.189027534498,
        12026.176450151814,
        12006.595334971082,
        12000.487370159042
    ]
}