{
    "time": [
        48.19357419010799,
        48.203574190107986,
        48.213574190107984,
        48.22357419010798,
        48.23357419010798,
        48.24357419010798,
        48.253574190107976,
        48.263574190107974,
        48.27357419010797,
        48.28357419010797,
        48.29357419010797,
        48.303574190107966,
        48.313574190107964,
        48.32357419010796,
        48.33357419010796,
        48.34357419010796,
        48.353574190107956,
        48.363574190107954,
        48.37357419010795,
        48.38357419010795,
        48.39357419010795,
        48.403574190107946,
        48.413574190107944,
        48.42357419010794,
        48.43357419010794,
        48.44357419010794,
        48.453574190107936,
        48.463574190107934,
        48.47357419010793,
        48.48357419010793,
        48.49357419010793,
        48.503574190107926,
        48.513574190107924,
        48.52357419010792,
        48.53357419010792,
        48.54357419010792,
        48.553574190107916,
        48.563574190107914,
        48.57357419010791,
        48.58357419010791,
        48.59357419010791,
        48.603574190107906,
        48.613574190107904,
        48.6235741901079,
        48.6335741901079,
        48.6435741901079,
        48.653574190107896,
        48.663574190107894,
        48.67357419010789,
        48.68357419010789,
        48.69357419010789,
        48.70357419010789,
        48.713574190107884,
        48.72357419010788,
        48.73357419010788,
        48.74357419010788,
        48.75357419010788,
        48.763574190107875,
        48.77357419010787,
        48.78357419010787,
        48.79357419010787,
        48.80357419010787,
        48.80949206772431
    ],
    "frequency": [
        9602.941715679854,
        9475.45178998203,
        9347.961864284203,
        9258.936906984014,
        9203.166028751035,
        9151.709018690291,
        9155.31121414594,
        9158.913409601591,
        9150.842326533186,
        9135.27611957877,
        9112.896553981866,
        9050.443188148627,
        8987.989822315387,
        8902.87113938971,
        8807.166738252152,
        8713.289056508693,
        8625.965219392758,
        8538.641382276825,
        8485.18957479647,
        8442.771021225533,
        8409.703314985098,
        8399.459397114662,
        8389.215479244225,
        8386.908703196661,
        8386.262802545902,
        8377.517971812224,
        8354.578465820985,
        8331.638959829746,
        8287.157730134617,
        8240.27268924357,
        8195.271446495493,
        8152.707619632152,
        8110.143792768813,
        8074.752321127258,
        8039.565408636465,
        8008.104621385178,
        7980.243964575093,
        7952.376941408988,
        7924.374581226487,
        7896.372221043985,
        7868.459855971572,
        7840.612324532372,
        7814.815334585786,
        7804.406705342941,
        7793.998076100094,
        7780.490479177752,
        7765.342735446788,
        7747.819979106398,
        7720.188024034047,
        7692.556068961696,
        7644.1919686021665,
        7588.025734300233,
        7527.433912852516,
        7454.433840223069,
        7381.433767593622,
        7320.383661351647,
        7262.3354982924475,
        7212.881318818238,
        7180.44438773092,
        7148.007456643604,
        7146.011409262948,
        7148.488403051271,
        7149.95425766087
    ]
}