{
    "time": [
        59.7279827119707,
        59.737982711970695,
        59.74798271197069,
        59.75798271197069,
        59.76798271197069,
        59.77798271197069,
        59.78603954849165
    ],
    "frequency": [
        8181.690503150366,
        6708.955976921825,
        6366.195930862789,
        6079.087745370867,
        5834.219558875475,
        5690.66546612951,
        5575.006280412528
    ]
}