{
    "time": [
        12.456895728631252,
        12.466895728631252,
        12.476895728631252,
        12.486895728631252,
        12.496895728631252,
        12.506895728631251,
        12.516895728631251,
        12.526895728631251,
        12.53689572863125,
        12.54689572863125,
        12.55689572863125,
        12.56689572863125,
        12.57689572863125,
        12.58689572863125,
        12.59689572863125,
        12.60689572863125,
        12.616895728631249,
        12.626895728631249,
        12.636895728631249,
        12.646895728631248,
        12.656895728631248,
        12.666895728631248,
        12.676895728631248,
        12.686895728631248,
        12.696895728631247,
        12.706895728631247,
        12.716895728631247,
        12.726895728631247,
        12.736895728631247,
        12.746895728631246,
        12.756895728631246,
        12.766895728631246,
        12.776895728631246,
        12.786895728631245,
        12.796895728631245,
        12.806895728631245,
        12.816895728631245,
        12.826895728631245,
        12.836895728631244,
        12.846895728631244,
        12.856895728631244,
        12.866895728631244,
        12.876895728631244,
        12.886895728631243,
        12.896895728631243,
        12.906895728631243,
        12.916895728631243,
        12.926895728631242,
        12.936895728631242,
        12.946895728631242,
        12.956895728631242,
        12.966895728631242,
        12.976895728631241,
        12.986895728631241,
        12.996895728631241,
        13.00689572863124,
        13.01689572863124,
        13.02689572863124,
        13.03689572863124,
        13.04689572863124,
        13.054516263385905
    ],
    "frequency": [
        13747.884433367393,
        14198.059937700831,
        15027.691354153998,
        15425.48839360242,
        15823.28543305084,
        16060.007976635163,
        16212.798203150574,
        16315.106516427095,
        16382.267055554748,
        16449.427594682402,
        16481.606394553677,
        16498.39652933559,
        16515.186664117504,
        16370.197396904425,
        16184.62222299906,
        15999.047049093697,
        15813.471875188334,
        15482.516309938945,
        15129.923479518764,
        14839.571798017223,
        14591.45091735116,
        14361.558658680018,
        14138.249866080565,
        13593.637208395412,
        13135.15470237351,
        12723.796400216623,
        12471.166517740487,
        11983.278557671183,
        9590.653716803903,
        9575.962348869729,
        9601.202029293101,
        9679.555991608702,
        9757.909953924302,
        9969.92305504758,
        10189.31414953126,
        10408.705244014938,
        10691.058319325315,
        10984.885678008803,
        11222.238881740279,
        11443.473598866669,
        11664.70831599306,
        11874.144712810878,
        12064.860095708209,
        12902.268067956209,
        13647.892395982042,
        14185.885347434965,
        14381.770253223936,
        14468.179166854048,
        14540.505901299219,
        14604.339623466338,
        14633.722359334686,
        14663.105095203033,
        14650.394115922296,
        14621.011380053944,
        14591.628644185592,
        14403.101820285134,
        13983.348450737298,
        13601.03043234305,
        13963.55675745992,
        14265.922556345908,
        14355.48742029466
    ]
}