{
    "time": [
        11.677300774989371,
        11.687300774989371,
        11.69730077498937,
        11.70730077498937,
        11.71730077498937,
        11.72730077498937,
        11.73730077498937,
        11.74730077498937,
        11.75730077498937,
        11.76730077498937,
        11.777300774989369,
        11.787300774989369,
        11.797300774989369,
        11.807300774989368,
        11.817300774989368,
        11.827300774989368,
        11.837300774989368,
        11.847300774989368,
        11.857300774989367,
        11.867300774989367,
        11.877300774989367,
        11.887300774989367,
        11.897300774989366,
        11.907300774989366,
        11.917300774989366,
        11.927300774989366,
        11.937300774989366,
        11.947300774989365,
        11.957300774989365,
        11.967300774989365,
        11.977300774989365,
        11.987300774989365,
        11.997300774989364,
        12.007300774989364,
        12.017300774989364,
        12.027300774989364,
        12.037300774989363,
        12.047300774989363,
        12.057300774989363,
        12.067300774989363,
        12.077300774989363,
        12.087300774989362,
        12.097300774989362,
        12.107300774989362,
        12.117300774989362,
        12.127300774989362,
        12.137300774989361,
        12.147300774989361,
        12.157300774989361,
        12.16730077498936,
        12.17730077498936,
        12.18730077498936,
        12.19730077498936,
        12.20730077498936,
        12.21730077498936,
        12.22730077498936,
        12.23730077498936,
        12.247300774989359,
        12.257300774989359,
        12.267300774989359,
        12.277300774989358,
        12.287300774989358,
        12.297300774989358,
        12.307300774989358,
        12.317300774989357,
        12.327300774989357,
        12.337300774989357,
        12.347300774989357,
        12.357300774989357,
        12.367300774989356,
        12.377300774989356,
        12.387300774989356,
        12.397300774989356,
        12.407300774989356,
        12.413470015033162
    ],
    "frequency": [
        12168.116667356499,
        10738.156855096808,
        9590.781414770545,
        8703.497955854375,
        7962.405409805528,
        7627.717823368897,
        7553.858297492396,
        7570.648432274308,
        7719.381985253218,
        7909.239663171781,
        8094.6533160740055,
        8224.55593780776,
        8354.458559541516,
        8484.36118127527,
        8656.817037409128,
        9043.774879603836,
        9141.717332498334,
        9921.691250957407,
        10671.926004969187,
        10946.164873073785,
        11526.110081380042,
        11546.68240247129,
        11536.209560952144,
        11536.209560952142,
        11536.055373160667,
        11523.683694900308,
        11511.31201663995,
        11498.940338379593,
        11485.019667301145,
        11454.090471650252,
        11423.161275999359,
        11392.232080348464,
        11364.0634144262,
        11351.004420706935,
        11337.94542698767,
        11324.886433268402,
        11304.102639610246,
        11273.173443959353,
        11242.244248308458,
        11211.315052657565,
        11187.501757014075,
        11125.77658717831,
        10319.194148015291,
        10236.231129092894,
        10153.268110170498,
        10070.305091248101,
        9543.297715705845,
        8780.466093487448,
        8562.194341322547,
        8522.4987457929,
        8522.4987457929,
        8549.63015631913,
        8585.793523541714,
        8622.143696352883,
        8661.320677510683,
        8692.627582132534,
        8692.627582132534,
        8692.627582132536,
        8692.627582132534,
        8692.627582132534,
        8692.627582132536,
        8609.580052952078,
        8508.839244260591,
        8408.098435569103,
        8376.70616134416,
        8351.753154840622,
        8342.71231303498,
        8333.671471229332,
        8322.70693951429,
        8308.603226297484,
        8294.499513080675,
        8280.395799863867,
        8266.29208664706,
        8267.507840355953,
        8303.761670499083
    ]
}