{
    "time": [
        13.536334895212317,
        13.546334895212317,
        13.556334895212316,
        13.566334895212316,
        13.576334895212316,
        13.586334895212316,
        13.596334895212316,
        13.606334895212315,
        13.616334895212315,
        13.626334895212315,
        13.636334895212315,
        13.646334895212314,
        13.656334895212314,
        13.666334895212314,
        13.676334895212314,
        13.686334895212314,
        13.696334895212313,
        13.706334895212313,
        13.716334895212313,
        13.726334895212313,
        13.736334895212313,
        13.746334895212312,
        13.756334895212312,
        13.766334895212312,
        13.776334895212312,
        13.786334895212311,
        13.796334895212311,
        13.806334895212311,
        13.81633489521231,
        13.82633489521231,
        13.83633489521231,
        13.84633489521231,
        13.85633489521231,
        13.86633489521231,
        13.87633489521231,
        13.88633489521231,
        13.89633489521231,
        13.906334895212309,
        13.916334895212309,
        13.926334895212308,
        13.936334895212308,
        13.946334895212308,
        13.956334895212308,
        13.966334895212308,
        13.976334895212307,
        13.986334895212307,
        13.996334895212307,
        14.006334895212307,
        14.016334895212307,
        14.026334895212306,
        14.036334895212306,
        14.046334895212306,
        14.056334895212306,
        14.066334895212306,
        14.076334895212305,
        14.086334895212305,
        14.096334895212305,
        14.106334895212305,
        14.116334895212304,
        14.126334895212304,
        14.136023321090686
    ],
    "frequency": [
        14549.920376111382,
        13515.648073545468,
        12481.375770979557,
        11447.103468413643,
        8862.234824482863,
        8854.889140515777,
        8847.543456548688,
        8840.197772581603,
        8937.016001692984,
        9066.300039513717,
        10495.884259710125,
        10559.992047059255,
        10624.099834408382,
        10895.34498431579,
        11208.427364193018,
        11461.853461057532,
        11715.279557922042,
        11968.705654786554,
        12222.131751651068,
        12475.557848515578,
        12728.983945380092,
        13158.841936261866,
        13590.411176272839,
        13634.485280075365,
        13640.042649394702,
        13611.84433625923,
        13533.490373943634,
        13048.693091766258,
        12412.394398543825,
        12068.842409929282,
        11702.91624783732,
        9923.161960954489,
        9121.023836881786,
        9062.258365145088,
        9058.078707443297,
        9108.449111789043,
        9158.819516134787,
        9767.065347114863,
        10739.36678857657,
        11425.337652011485,
        11531.115501137543,
        11633.36681935818,
        11725.71256065871,
        11818.05830195924,
        11895.903770054925,
        11948.792694617952,
        12001.681619180981,
        12054.570543744008,
        12111.847117962254,
        12183.67158341822,
        12255.496048874185,
        12327.320514330151,
        12452.374589404866,
        12628.671004614953,
        12815.953299967674,
        13384.01952675577,
        13697.027024860341,
        13941.129753612782,
        14260.005241387034,
        14815.91641276113,
        15157.52336303865
    ]
}