{
    "time": [
        53.00093320890549,
        53.010933208905485,
        53.02093320890548,
        53.03093320890548,
        53.04093320890548,
        53.05093320890548,
        53.060933208905475,
        53.07093320890547,
        53.08093320890547,
        53.09093320890547,
        53.10093320890547,
        53.110933208905465,
        53.12093320890546,
        53.13093320890546,
        53.14093320890546,
        53.14491401146515
    ],
    "frequency": [
        10568.530708854205,
        10645.150144867122,
        10721.769580880038,
        10865.466355118311,
        11053.821770262635,
        11321.412620119801,
        11904.681653724798,
        12487.950687329796,
        12811.149501894011,
        13069.720347578274,
        13332.28193421765,
        13600.79781242831,
        13868.99549202514,
        13938.610719709386,
        14008.225947393632,
        14035.938395049512
    ]
}