{
    "time": [
        9.4834693788033,
        9.493469378803299,
        9.503469378803299,
        9.513469378803299,
        9.523469378803298,
        9.533469378803298,
        9.543469378803298,
        9.553469378803298,
        9.563469378803298,
        9.573469378803297,
        9.583469378803297,
        9.593469378803297,
        9.603469378803297,
        9.613469378803297,
        9.623469378803296,
        9.633469378803296,
        9.643469378803296,
        9.653469378803296,
        9.663469378803295,
        9.673469378803295,
        9.683469378803295,
        9.693469378803295,
        9.703469378803295,
        9.713469378803294,
        9.723469378803294,
        9.733469378803294,
        9.743469378803294,
        9.753469378803294,
        9.763469378803293,
        9.773469378803293,
        9.779148316870087
    ],
    "frequency": [
        18048.682620655913,
        18074.798199609195,
        18074.7412755371,
        18033.263591317176,
        17991.785907097255,
        17939.967789367645,
        17868.149947246115,
        17796.332105124584,
        17726.252366746336,
        17669.518522813338,
        17612.78467888034,
        17556.050834947342,
        17499.316991014348,
        17442.58314708135,
        17380.39047166812,
        17317.71308218024,
        17265.947510248487,
        17250.618800862863,
        17235.290091477244,
        17219.96138209162,
        17201.58773762344,
        17158.290856727202,
        17114.99397583097,
        17071.69709493473,
        17058.884840729705,
        17058.8848407297,
        17059.168534053562,
        17076.79654984703,
        17094.424565640496,
        17112.052581433963,
        17122.06342242712
    ]
}