{
    "time": [
        8.625104461627592,
        8.635104461627591,
        8.645104461627591,
        8.655104461627591,
        8.66510446162759,
        8.67510446162759,
        8.68510446162759,
        8.69510446162759,
        8.70510446162759,
        8.71510446162759,
        8.72510446162759,
        8.73510446162759,
        8.745104461627589,
        8.755104461627589,
        8.765104461627589,
        8.775104461627588,
        8.785104461627588,
        8.795104461627588,
        8.805104461627588,
        8.815104461627588,
        8.825104461627587,
        8.835104461627587,
        8.845104461627587,
        8.855104461627587,
        8.865104461627586,
        8.875104461627586,
        8.883151534849516
    ],
    "frequency": [
        13394.527102279475,
        13096.206835005414,
        12797.886567731353,
        12514.414518266962,
        12238.24227083598,
        11962.070023405,
        11696.706909738274,
        11545.609631508563,
        11394.512353278853,
        11272.173461357683,
        11170.863025763045,
        11069.552590168407,
        10968.242154573769,
        10866.93171897913,
        10756.650510522042,
        10631.785398651651,
        10506.92028678126,
        10378.726207013513,
        10247.380206983758,
        10116.034206954002,
        10006.125081439188,
        9920.655913955714,
        9887.302562536293,
        9906.889246751256,
        9950.173808122738,
        10038.313887090073,
        10109.240854013751
    ]
}