{
    "time": [
        21.58663503984851,
        21.59663503984851,
        21.606635039848513,
        21.616635039848514,
        21.626635039848516,
        21.636635039848517,
        21.64663503984852,
        21.65663503984852,
        21.666635039848522,
        21.676635039848524,
        21.686635039848525,
        21.696635039848527,
        21.70663503984853,
        21.71663503984853,
        21.72663503984853,
        21.736635039848533,
        21.746635039848535,
        21.756635039848536,
        21.766635039848538,
        21.77663503984854,
        21.78663503984854,
        21.796635039848542,
        21.806635039848544,
        21.816635039848546,
        21.826635039848547,
        21.83663503984855,
        21.84663503984855,
        21.856635039848552,
        21.866635039848553,
        21.876635039848555,
        21.886635039848557,
        21.896635039848558,
        21.90663503984856,
        21.91663503984856,
        21.926635039848563,
        21.936635039848564,
        21.93817653088066
    ],
    "frequency": [
        11876.467233631409,
        11891.158601565585,
        11905.84996949976,
        11920.541337433939,
        11955.547170933165,
        11999.621274735697,
        12043.695378538228,
        12087.769482340762,
        12131.843586143295,
        12229.426260056538,
        12346.957203529962,
        12410.481604844723,
        12446.251891988806,
        12482.022179132888,
        12517.792466276971,
        12553.562753421053,
        12556.982578989946,
        12556.982578989946,
        12556.982578989948,
        12560.030390527065,
        12567.865786758626,
        12575.701182990188,
        12581.286698467038,
        12581.286698467038,
        12581.28669846704,
        12581.28669846704,
        12529.011210475725,
        12475.58805435145,
        12390.830562515157,
        12292.888109620639,
        12168.81055722466,
        11953.337160856723,
        11843.621678275733,
        11735.884980091763,
        11667.338097112804,
        11637.955361244454,
        11633.426038860502
    ]
}