{
    "time": [
        51.137181709105455,
        51.14718170910545,
        51.15718170910545,
        51.16718170910545,
        51.17718170910545,
        51.187181709105445,
        51.19718170910544,
        51.20718170910544,
        51.21718170910544,
        51.22718170910544,
        51.237181709105435,
        51.24718170910543,
        51.25718170910543,
        51.26718170910543,
        51.27718170910543,
        51.287181709105425,
        51.29718170910542,
        51.30718170910542,
        51.31718170910542,
        51.32718170910542,
        51.337181709105415,
        51.34718170910541,
        51.35718170910541,
        51.36718170910541,
        51.37718170910541,
        51.387181709105406,
        51.3971817091054,
        51.4071817091054,
        51.4171817091054,
        51.4271817091054,
        51.437181709105396,
        51.447181709105394,
        51.45718170910539,
        51.46718170910539,
        51.47718170910539,
        51.487181709105386,
        51.497181709105384,
        51.50718170910538,
        51.51718170910538,
        51.52718170910538,
        51.537181709105376,
        51.547181709105374,
        51.55718170910537,
        51.56718170910537,
        51.57718170910537,
        51.587181709105366,
        51.597181709105364,
        51.60718170910536,
        51.61718170910536,
        51.62718170910536,
        51.637181709105356,
        51.647181709105354,
        51.65718170910535,
        51.66718170910535,
        51.67718170910535,
        51.687181709105346,
        51.697181709105344,
        51.70718170910534,
        51.71718170910534,
        51.72718170910534,
        51.737181709105336,
        51.747181709105334,
        51.75718170910533,
        51.76718170910533,
        51.77718170910533,
        51.787181709105326,
        51.797181709105324,
        51.80718170910532,
        51.81718170910532,
        51.82718170910532,
        51.837181709105316,
        51.847181709105314,
        51.85718170910531,
        51.86718170910531,
        51.87718170910531,
        51.887181709105306,
        51.897181709105304,
        51.9071817091053,
        51.9171817091053,
        51.9271817091053,
        51.937181709105296,
        51.947181709105294,
        51.95718170910529,
        51.96718170910529,
        51.97718170910529,
        51.987181709105286,
        51.997181709105284,
        52.00718170910528,
        52.009065457938945
    ],
    "frequency": [
        11579.712348067455,
        11477.777383425982,
        11375.842418784512,
        11271.4015511547,
        11164.815601186096,
        11062.770977732642,
        11014.722816591217,
        10966.67465544979,
        10938.395738423309,
        10922.421287873278,
        10906.849866680936,
        10893.47294433691,
        10880.096021992887,
        10871.517452966536,
        10865.055097515295,
        10863.310371214397,
        10877.118126860012,
        10890.925882505628,
        10914.611129296998,
        10941.221391709503,
        10969.079232745144,
        10999.709823455054,
        11030.340414164959,
        11045.606173242542,
        11058.141487113713,
        11068.371018080385,
        11074.962014479795,
        11081.553010879206,
        11093.158082621088,
        11105.159834729337,
        11118.524764424179,
        11133.455080885873,
        11148.298284679873,
        11142.808847348706,
        11137.319410017539,
        11131.82997268637,
        11126.340535355206,
        11120.851098024039,
        11115.361660692872,
        11109.872223361705,
        11104.38278603054,
        11098.893348699372,
        11093.403911368205,
        11087.91447403704,
        11082.425036705872,
        11076.935599374705,
        11071.44616204354,
        11065.956724712372,
        11060.467287381205,
        11051.96978311041,
        11031.91384473649,
        11011.857906362571,
        10992.078565354692,
        10972.36544866661,
        10960.676039757875,
        10960.670137233008,
        10960.811459414863,
        10980.525780581933,
        11000.240101749006,
        11012.20396761349,
        11019.166333258341,
        11022.025336331733,
        11009.270006492694,
        10996.514676653653,
        10982.249504131469,
        10967.626540722764,
        10950.176202557055,
        10928.636038217832,
        10907.069993908288,
        10882.675040485632,
        10858.280087062976,
        10843.484511633367,
        10834.842114396994,
        10830.652675667996,
        10843.244634290579,
        10855.836592913158,
        10864.639316638644,
        10872.553353772806,
        10877.942337218066,
        10879.7028890627,
        10881.345992437697,
        10872.094282131238,
        10862.84257182478,
        10844.622497357957,
        10820.692257798015,
        10795.313151287013,
        10764.526160307023,
        10733.739169327035,
        10727.93967349198
    ]
}