{
    "time": [
        55.050391829616,
        55.060391829615995,
        55.07039182961599,
        55.08039182961599,
        55.09039182961599,
        55.10039182961599,
        55.110391829615985,
        55.12039182961598,
        55.13039182961598,
        55.13854810989951
    ],
    "frequency": [
        10861.65509530864,
        11058.352496607418,
        11255.049897906198,
        11451.747299204975,
        11648.444700503755,
        11845.142101802532,
        12041.839503101311,
        12245.584286500447,
        12429.9175322693,
        12492.736002336122
    ]
}