{
    "time": [
        58.85773561079772,
        58.867735610797716,
        58.877735610797714,
        58.88773561079771,
        58.89773561079771,
        58.90773561079771,
        58.917735610797706,
        58.927735610797704,
        58.9377356107977,
        58.9477356107977,
        58.9577356107977,
        58.967735610797696,
        58.977735610797694,
        58.98773561079769,
        58.99773561079769,
        59.00773561079769,
        59.017735610797686,
        59.027735610797684,
        59.03773561079768,
        59.04773561079768,
        59.05773561079768,
        59.067735610797676,
        59.077735610797674,
        59.08773561079767,
        59.09773561079767,
        59.10773561079767,
        59.117735610797666,
        59.127735610797664,
        59.13773561079766,
        59.14773561079766,
        59.15773561079766,
        59.167735610797656,
        59.177735610797654,
        59.18773561079765,
        59.19773561079765,
        59.20773561079765,
        59.21511287835154
    ],
    "frequency": [
        10872.089464662535,
        10948.25983565734,
        11024.430206652147,
        11100.600577646954,
        11176.115876885166,
        11248.054560602475,
        11319.993244319785,
        11391.931928037095,
        11436.462714538988,
        11472.432056397642,
        11508.401398256294,
        11524.996004636921,
        11528.421656242508,
        11531.847307848093,
        11535.272959453681,
        11538.698611059268,
        11525.713445750147,
        11509.727071590742,
        11501.389533438683,
        11494.849653100748,
        11488.309772762808,
        11481.769892424873,
        11475.230012086935,
        11458.150768105457,
        11438.967119114172,
        11419.78347012289,
        11363.760194866605,
        11260.990646699025,
        11105.35093137636,
        10920.261859720476,
        10670.945701644578,
        10415.163715094108,
        10030.726351150068,
        9545.140236058203,
        9266.881306194282,
        9057.605135380296,
        8903.216504905387
    ]
}