{
    "time": [
        28.11559989542832,
        28.125599895428323,
        28.135599895428324,
        28.145599895428326,
        28.155599895428328,
        28.16559989542833,
        28.17559989542833,
        28.185599895428332,
        28.195599895428334,
        28.205599895428335,
        28.215599895428337,
        28.22559989542834,
        28.23559989542834,
        28.24559989542834,
        28.255599895428343,
        28.265599895428345,
        28.275599895428346,
        28.285599895428348,
        28.29559989542835,
        28.30559989542835,
        28.315599895428353,
        28.325599895428354,
        28.335599895428356,
        28.345599895428357,
        28.35559989542836,
        28.36559989542836,
        28.375599895428362,
        28.385599895428363,
        28.395599895428365,
        28.405599895428367,
        28.415599895428368,
        28.42559989542837,
        28.43559989542837,
        28.445599895428373,
        28.455599895428374,
        28.465599895428376,
        28.475599895428378,
        28.48559989542838,
        28.49559989542838,
        28.505599895428382,
        28.515599895428384,
        28.525599895428385,
        28.535599895428387,
        28.54559989542839,
        28.55559989542839,
        28.56559989542839,
        28.575599895428393,
        28.585599895428395,
        28.595599895428396,
        28.605599895428398,
        28.6155998954284,
        28.6255998954284,
        28.635599895428403,
        28.645599895428404,
        28.655599895428406,
        28.65984535395281
    ],
    "frequency": [
        17261.22484827439,
        16973.418036206203,
        16839.223317352695,
        16705.028598499186,
        16596.405639832537,
        16500.45525920198,
        16406.515962218837,
        16319.100402416916,
        16231.684842614999,
        16173.3624764097,
        16122.19452287727,
        16060.919438196508,
        15982.406454920416,
        15903.893471644324,
        15697.378712291502,
        15482.200176050403,
        15199.621703991175,
        14850.606136268983,
        14505.204042962923,
        14207.37943938763,
        13909.55483581234,
        13213.430455075431,
        12290.899495499616,
        11547.158181103434,
        11498.603920073128,
        11450.049659042823,
        11508.531370515851,
        11598.703569572148,
        11651.302827699288,
        11630.493858686299,
        11609.684889673314,
        11588.875920660324,
        11568.066951647334,
        11543.98033045614,
        11516.235038438821,
        11487.11893461595,
        11424.692027576984,
        11362.26512053802,
        11282.634120287354,
        11191.841804694548,
        11105.308910452173,
        11039.065478617083,
        10972.822046781994,
        10887.0457649811,
        10794.424370416471,
        10691.374138286541,
        10564.83670818722,
        10438.299278087901,
        10263.1829786019,
        10081.09388700465,
        9923.825351528794,
        9797.95852420996,
        9672.841146184235,
        9635.529468944897,
        9598.217791705556,
        9582.377273885999
    ]
}