{
    "time": [
        20.968715108584366,
        20.978715108584367,
        20.98871510858437,
        20.99871510858437,
        21.008715108584372,
        21.018715108584374,
        21.028715108584375,
        21.038715108584377,
        21.04871510858438,
        21.05871510858438,
        21.06871510858438,
        21.078715108584383,
        21.088715108584385,
        21.098715108584386,
        21.108715108584388,
        21.11871510858439,
        21.12871510858439,
        21.138715108584393,
        21.148715108584394,
        21.158715108584396,
        21.168715108584397,
        21.1787151085844,
        21.1887151085844,
        21.198715108584402,
        21.208715108584403,
        21.218715108584405,
        21.228715108584407,
        21.238715108584408,
        21.24871510858441,
        21.25871510858441,
        21.268715108584413,
        21.278715108584414,
        21.288715108584416,
        21.298715108584418,
        21.30871510858442,
        21.31871510858442,
        21.328715108584422,
        21.338715108584424,
        21.348715108584425,
        21.358715108584427,
        21.36871510858443,
        21.37871510858443,
        21.38871510858443,
        21.398715108584433,
        21.408715108584435,
        21.418715108584436,
        21.428715108584438,
        21.43871510858444,
        21.44871510858444,
        21.458715108584443,
        21.468715108584444,
        21.478715108584446,
        21.488715108584447,
        21.49871510858445,
        21.50871510858445,
        21.518715108584452,
        21.528715108584453,
        21.538715108584455,
        21.548715108584457,
        21.558715108584458,
        21.56871510858446,
        21.57871510858446,
        21.588715108584463,
        21.598715108584464,
        21.608715108584466,
        21.618715108584468,
        21.62871510858447,
        21.63871510858447,
        21.648715108584472,
        21.658715108584474,
        21.668715108584475,
        21.678715108584477,
        21.68871510858448,
        21.69871510858448,
        21.70871510858448,
        21.718715108584483,
        21.728715108584485,
        21.738715108584486,
        21.748715108584488,
        21.75871510858449,
        21.76871510858449,
        21.778715108584493,
        21.788715108584494,
        21.798715108584496,
        21.808715108584497,
        21.8187151085845,
        21.821090521263834
    ],
    "frequency": [
        22332.438011215374,
        21415.70619056528,
        20498.974369915188,
        19715.169390096293,
        19275.78905002142,
        18836.408709946547,
        18414.041255762757,
        18026.193177795394,
        17240.95415364516,
        15478.008344702446,
        15106.720514940687,
        14944.457396115053,
        14790.12900619101,
        14618.830872259734,
        14430.749313515364,
        14243.252353553169,
        14062.657653926482,
        13882.062954299796,
        13683.160973818685,
        13474.54806823038,
        13268.781229413284,
        13072.61123934329,
        12876.441249273297,
        12704.726112429038,
        12538.970594495457,
        12383.094982556437,
        12243.38194909478,
        12103.668915633123,
        11997.802338399235,
        11893.541765923077,
        11809.346982901481,
        11742.94474356117,
        11678.267548178688,
        11628.24028534443,
        11578.21302251017,
        11536.718734243896,
        11499.227618316665,
        11470.167757148669,
        11465.612140032206,
        11461.05652291574,
        11461.959061657968,
        11463.969124053458,
        11457.115293185798,
        11437.327440991792,
        11417.539588797785,
        11397.75173660378,
        11377.963884409774,
        11363.689779589411,
        11353.795853492406,
        11339.96584521926,
        11300.390140831247,
        11260.814436443236,
        11256.22246043511,
        11266.063501336948,
        11257.682786130636,
        11203.19417915438,
        11148.70557217812,
        11098.861194484045,
        11049.781790310937,
        11007.356886744234,
        10973.61387726758,
        10939.760169005565,
        10894.018370480906,
        10848.276571956245,
        10807.646652159441,
        10770.649847943825,
        10733.64877035679,
        10696.625236254444,
        10659.6017021521,
        10631.042366873815,
        10605.531684136986,
        10568.05201911431,
        10503.996246883915,
        10439.940474653517,
        10359.548298970287,
        10277.050865278692,
        10177.303172629934,
        10057.399956641915,
        9936.157955847617,
        9779.56450739997,
        9622.971058952322,
        9436.05852376044,
        9229.908873030021,
        9031.266658060758,
        8865.234665895734,
        8699.202673730708,
        8659.763223794309
    ]
}