{
    "time": [
        28.38821490467938,
        28.39821490467938,
        28.408214904679383,
        28.418214904679385,
        28.428214904679386,
        28.438214904679388,
        28.44821490467939,
        28.45821490467939,
        28.468214904679392,
        28.478214904679394,
        28.488214904679396,
        28.498214904679397,
        28.5082149046794,
        28.5182149046794,
        28.528214904679402,
        28.538214904679403,
        28.548214904679405,
        28.558214904679406,
        28.568214904679408,
        28.57821490467941,
        28.58821490467941,
        28.598214904679413,
        28.608214904679414,
        28.618214904679416,
        28.628214904679417,
        28.63821490467942,
        28.64821490467942,
        28.658214904679422,
        28.668214904679424,
        28.678214904679425,
        28.688214904679427,
        28.69821490467943,
        28.70821490467943,
        28.71821490467943,
        28.728214904679433,
        28.738214904679435,
        28.748214904679436,
        28.758214904679438,
        28.76821490467944,
        28.77821490467944,
        28.788214904679442,
        28.798214904679444,
        28.808214904679446,
        28.811269608496648
    ],
    "frequency": [
        9834.592625422587,
        9826.460297228785,
        9818.327969034983,
        9906.103836202312,
        10085.496238237914,
        10269.967314494006,
        10671.273126200545,
        11072.578937907085,
        11499.412357334597,
        11948.493265227404,
        12389.58685141987,
        12664.164166869541,
        12938.741482319212,
        13145.570900712322,
        13298.56508134593,
        13454.005748606358,
        13642.633125719954,
        13831.26050283355,
        14028.629771847534,
        14232.326766965838,
        14428.569434609159,
        14550.836948580012,
        14673.104462550864,
        14763.297932615587,
        14832.3734493858,
        14906.336526007834,
        15018.124570677792,
        15129.912615347754,
        15206.534121598455,
        15262.134107901238,
        15314.66171822156,
        15347.887051860596,
        15381.112385499637,
        15392.782520018553,
        15392.78252001855,
        15401.419527401933,
        15455.333141033469,
        15509.246754665004,
        15526.949624998582,
        15526.94962499858,
        15524.975451882377,
        15514.19272915607,
        15503.410006429762,
        15500.116204002574
    ]
}