{
    "time": [
        45.32995600586589,
        45.339956005865886,
        45.349956005865884,
        45.35995600586588,
        45.36995600586588,
        45.37995600586588,
        45.389956005865876,
        45.399956005865874,
        45.40995600586587,
        45.41995600586587,
        45.42995600586587,
        45.43995600586587,
        45.449956005865864,
        45.45995600586586,
        45.46995600586586,
        45.47995600586586,
        45.48995600586586,
        45.499956005865855,
        45.50995600586585,
        45.51995600586585,
        45.52995600586585,
        45.53995600586585,
        45.549956005865845,
        45.55995600586584,
        45.56995600586584,
        45.57995600586584,
        45.58995600586584,
        45.599956005865835,
        45.60995600586583,
        45.61995600586583,
        45.62995600586583,
        45.63995600586583,
        45.649956005865825,
        45.657912278362886
    ],
    "frequency": [
        12944.70644204378,
        13012.884562901687,
        13081.062683759592,
        13196.184302554835,
        13362.722966492078,
        13529.26163042932,
        13655.884124569993,
        13780.604684708509,
        13881.363915632079,
        13950.589959911136,
        14019.816004190196,
        14066.934232577023,
        14111.8402577784,
        14181.39568236606,
        14290.111123330225,
        14398.82656429439,
        14514.865678415725,
        14632.061944724008,
        14724.777562005784,
        14770.144330554367,
        14815.51109910295,
        14840.090479996063,
        14860.047140707939,
        14903.261527336703,
        15001.968513662989,
        15100.675499989276,
        15179.883453125713,
        15253.352057447524,
        15314.999068529958,
        15341.153643071157,
        15367.308217612353,
        15431.021938839815,
        15508.83166296349,
        15570.739199768414
    ]
}