{
    "time": [
        54.909606029338825,
        54.91960602933882,
        54.92960602933882,
        54.93960602933882,
        54.94960602933882,
        54.959606029338815,
        54.96960602933881,
        54.97960602933881,
        54.98960602933881,
        54.99960602933881,
        55.009606029338805,
        55.0196060293388,
        55.0296060293388,
        55.0396060293388,
        55.0496060293388,
        55.059606029338795,
        55.06960602933879,
        55.07960602933879,
        55.08960602933879,
        55.09960602933879,
        55.109606029338785,
        55.11960602933878,
        55.12960602933878,
        55.13960602933878,
        55.14960602933878,
        55.159606029338775,
        55.16960602933877,
        55.17960602933877,
        55.18960602933877,
        55.19960602933877,
        55.209606029338765,
        55.21960602933876,
        55.22960602933876,
        55.23960602933876,
        55.24960602933876,
        55.259606029338755,
        55.26960602933875,
        55.27960602933875,
        55.28960602933875,
        55.29960602933875,
        55.309606029338745,
        55.31960602933874,
        55.32778507728288
    ],
    "frequency": [
        10745.310145580555,
        10822.4698354096,
        10899.629525238644,
        10976.78921506769,
        11030.14907737053,
        11077.643369623236,
        11065.460260702861,
        11053.277151782486,
        11041.09404286211,
        11028.910933941735,
        11013.045609228091,
        10946.908732231768,
        10859.721432906297,
        10705.402053248228,
        10551.082673590161,
        10396.76329393209,
        10212.622482641094,
        9964.609193904887,
        9634.168289407742,
        9219.611762325147,
        8827.68830202656,
        8519.049542710309,
        8291.849631756546,
        8126.507439265739,
        7991.703555308626,
        7867.696910940523,
        7743.690266572418,
        7624.536886686195,
        7561.406231371529,
        7498.275576056863,
        7441.834459404727,
        7411.376687103788,
        7380.91891480285,
        7350.46114250191,
        7320.003370200971,
        7294.694304102271,
        7285.791262968152,
        7276.888221834033,
        7267.985180699913,
        7252.663083473413,
        7236.128864224333,
        7219.594644975252,
        7206.071227779536
    ]
}