{
    "time": [
        16.78176243167578,
        16.79176243167578,
        16.801762431675783,
        16.811762431675785,
        16.821762431675786,
        16.831762431675788,
        16.84176243167579,
        16.85176243167579,
        16.861762431675793,
        16.871762431675794,
        16.881762431675796,
        16.891762431675797,
        16.9017624316758,
        16.9117624316758,
        16.921762431675802,
        16.931762431675804,
        16.941762431675805,
        16.951762431675807,
        16.961762431675808,
        16.97176243167581,
        16.98176243167581,
        16.991762431675813,
        17.001762431675814,
        17.011762431675816,
        17.021762431675818,
        17.03176243167582,
        17.04176243167582,
        17.051762431675822,
        17.061762431675824,
        17.071762431675825,
        17.081762431675827,
        17.09176243167583,
        17.10176243167583,
        17.11176243167583,
        17.121762431675833,
        17.131762431675835,
        17.141762431675836,
        17.151762431675838,
        17.16176243167584,
        17.17176243167584,
        17.181762431675843,
        17.191762431675844,
        17.201762431675846,
        17.211762431675847,
        17.22176243167585,
        17.23176243167585,
        17.241762431675852,
        17.251762431675854,
        17.261762431675855,
        17.271762431675857,
        17.28176243167586,
        17.29176243167586,
        17.301693107585656
    ],
    "frequency": [
        9964.131314855988,
        10550.13802085161,
        11136.144726847233,
        11485.749150546624,
        11620.72665569488,
        11754.727082021718,
        11869.466528915373,
        11984.205975809027,
        12054.347645582904,
        12091.176010389036,
        12120.81240151411,
        12083.157736327212,
        12045.503071140318,
        11989.165775824034,
        11921.411731661337,
        11856.719801607916,
        11810.107430756627,
        11763.495059905335,
        11732.902431776152,
        11710.236671159626,
        11692.621000314073,
        11696.105640447066,
        11699.590280580054,
        11697.35576586542,
        11692.866755177067,
        11687.555898162484,
        11679.662336385332,
        11671.768774608183,
        11659.003088029454,
        11644.745195051311,
        11630.401671174111,
        11615.848168622215,
        11601.294666070316,
        11577.945294315596,
        11552.583603230085,
        11528.746830728764,
        11507.897334633311,
        11487.047838537861,
        11468.093411363501,
        11449.44212990683,
        11434.95137545843,
        11427.072125146708,
        11419.192874834987,
        11402.301701015125,
        11384.523304919037,
        11365.191711076257,
        11343.838747630425,
        11322.485784184595,
        11304.791787914193,
        11287.255603502826,
        11284.358773482178,
        11297.14482106216,
        11309.842230530563
    ]
}