{
    "time": [
        47.6834891934294,
        47.6934891934294,
        47.7034891934294,
        47.713489193429396,
        47.723489193429394,
        47.73348919342939,
        47.74348919342939,
        47.75348919342939,
        47.763489193429386,
        47.773489193429384,
        47.78348919342938,
        47.79348919342938,
        47.80348919342938,
        47.813489193429376,
        47.823489193429374,
        47.83348919342937,
        47.84348919342937,
        47.85348919342937,
        47.863489193429366,
        47.873489193429364,
        47.88348919342936,
        47.89348919342936,
        47.90348919342936,
        47.913489193429356,
        47.923489193429354,
        47.93348919342935,
        47.94348919342935,
        47.95348919342935,
        47.963489193429346,
        47.973489193429344,
        47.98348919342934,
        47.99348919342934,
        48.00348919342934,
        48.013489193429336,
        48.023489193429334,
        48.03348919342933,
        48.04348919342933,
        48.05348919342933,
        48.06348919342933,
        48.073489193429324,
        48.08348919342932,
        48.09348919342932,
        48.09935594800339
    ],
    "frequency": [
        9932.69715135017,
        9738.136699010012,
        9543.576246669854,
        9358.589876485008,
        9274.989682120096,
        9191.389487755185,
        9107.789293390273,
        9024.18909902536,
        8961.07274988458,
        8901.62372278063,
        8842.17469567668,
        8815.066591152548,
        8803.919898570559,
        8792.773205988571,
        8781.626513406582,
        8773.20919633722,
        8768.389004950413,
        8763.568813563608,
        8758.748622176803,
        8753.928430789998,
        8749.108239403191,
        8744.288048016388,
        8739.46785662958,
        8734.647665242775,
        8729.827473855968,
        8735.92187914942,
        8748.40617484125,
        8760.890470533077,
        8773.374766224904,
        8785.859061916733,
        8798.343357608563,
        8810.7910607308,
        8819.047870050792,
        8827.304679370782,
        8835.561488690773,
        8843.818298010765,
        8852.075107330757,
        8860.331916650746,
        8868.588725970738,
        8875.64831325107,
        8882.50781637845,
        8889.367319505827,
        8893.391621640669
    ]
}