{
    "time": [
        13.786208037581183,
        13.796208037581183,
        13.806208037581182,
        13.816208037581182,
        13.826208037581182,
        13.836208037581182,
        13.846208037581182,
        13.856208037581181,
        13.866208037581181,
        13.876208037581181,
        13.88620803758118,
        13.89620803758118,
        13.90620803758118,
        13.91620803758118,
        13.92620803758118,
        13.93620803758118,
        13.94620803758118,
        13.95620803758118,
        13.966208037581179,
        13.976208037581179,
        13.986208037581179,
        13.996208037581178,
        14.006208037581178,
        14.016208037581178,
        14.026208037581178,
        14.036208037581178,
        14.03855301681083
    ],
    "frequency": [
        8132.671348530598,
        8128.581242478254,
        8124.491136425909,
        8120.401030373563,
        8112.547479596482,
        8103.623611845913,
        8094.699744095341,
        8063.673198614115,
        8027.977727611832,
        7992.282256609549,
        7973.45909676372,
        7957.098672554341,
        7944.133478551788,
        7935.209610801217,
        7926.285743050647,
        7923.915534210229,
        7928.005640262574,
        7932.095746314919,
        7935.031783819225,
        7935.031783819225,
        7935.031783819226,
        7957.846285438458,
        7996.020608593677,
        8040.136089804065,
        8111.031261378044,
        8181.926432952022,
        8198.551203434388
    ]
}