{
    "time": [
        58.01297117006685,
        58.022971170066846,
        58.032971170066844,
        58.04297117006684,
        58.05297117006684,
        58.06297117006684,
        58.072971170066836,
        58.082971170066834,
        58.09297117006683,
        58.10297117006683,
        58.11297117006683,
        58.122971170066826,
        58.132971170066824,
        58.14297117006682,
        58.15297117006682,
        58.16297117006682,
        58.172971170066816,
        58.182971170066814,
        58.19297117006681,
        58.20297117006681,
        58.21297117006681,
        58.222971170066806,
        58.232971170066804,
        58.2429711700668,
        58.2529711700668,
        58.2629711700668,
        58.272971170066796,
        58.282971170066794,
        58.29297117006679,
        58.30297117006679,
        58.31297117006679,
        58.322971170066786,
        58.332971170066784,
        58.34297117006678,
        58.35297117006678,
        58.36297117006678,
        58.372971170066776,
        58.382971170066774,
        58.39297117006677,
        58.40297117006677,
        58.41297117006677,
        58.41825773228896
    ],
    "frequency": [
        8998.517087581755,
        8931.377751382299,
        8864.238415182841,
        8797.099078983385,
        8729.959742783929,
        8666.561474595646,
        8629.042433778299,
        8591.523392960953,
        8554.004352143606,
        8516.48531132626,
        8532.60660833675,
        8565.148633535468,
        8597.690658734185,
        8634.27022949908,
        8689.953250394661,
        8745.636271290245,
        8801.319292185828,
        8857.002313081412,
        8927.251109378903,
        9009.071058449968,
        9090.89100752103,
        9172.710956592095,
        9254.530905663156,
        9336.35085473422,
        9418.170803805282,
        9499.990752876347,
        9581.810701947408,
        9663.630651018471,
        9745.450600089534,
        9827.270549160598,
        9909.09049823166,
        9982.089302710097,
        10054.98343915523,
        10127.877575600362,
        10200.771712045494,
        10273.665848490624,
        10336.135346997276,
        10396.880460701545,
        10457.625574405813,
        10557.851879572201,
        10669.217921363384,
        10728.092272300191
    ]
}