{
    "time": [
        0.5119317424343421,
        0.5219317424343421,
        0.5319317424343422,
        0.5419317424343422,
        0.5519317424343422,
        0.5619317424343422,
        0.5719317424343422,
        0.5819317424343422,
        0.5919317424343422,
        0.6019317424343422,
        0.6119317424343422,
        0.6219317424343422,
        0.6319317424343422,
        0.6419317424343423,
        0.6519317424343423,
        0.6619317424343423,
        0.6719317424343423,
        0.6819317424343423,
        0.6919317424343423,
        0.7019317424343423,
        0.7119317424343423,
        0.7219317424343423,
        0.7319317424343423,
        0.7419317424343423,
        0.7519317424343424,
        0.7619317424343424,
        0.7719317424343424,
        0.7819317424343424,
        0.7919317424343424,
        0.8019317424343424,
        0.8119317424343424,
        0.8219317424343424,
        0.8319317424343424,
        0.8419317424343424,
        0.8519317424343424,
        0.8619317424343425,
        0.8719317424343425,
        0.8819317424343425,
        0.8919317424343425,
        0.9019317424343425,
        0.9119317424343425,
        0.9219317424343425,
        0.9319317424343425,
        0.9419317424343425,
        0.9519317424343425,
        0.9619317424343425,
        0.9719317424343425,
        0.9819317424343426,
        0.9919317424343426,
        1.0019317424343426,
        1.0119317424343426,
        1.0219317424343426,
        1.0319317424343426,
        1.0419317424343426,
        1.0519317424343426,
        1.0619317424343426,
        1.0719317424343426,
        1.0819317424343426,
        1.0919317424343427,
        1.1019317424343427,
        1.1119317424343427,
        1.1219317424343427,
        1.1319317424343427,
        1.1419317424343427,
        1.1519317424343427,
        1.1619317424343427,
        1.1719317424343427,
        1.1819317424343427,
        1.1886422550663405
    ],
    "frequency": [
        11059.646773479491,
        11116.241478260627,
        11172.836183041763,
        11220.733711706296,
        11258.208903031089,
        11295.684094355882,
        11289.09290559826,
        11278.13124019724,
        11257.958949579857,
        11221.738779219155,
        11185.518608858452,
        11148.271088512443,
        11110.79734789047,
        11077.545206422395,
        11055.4549559646,
        11033.364705506807,
        11006.537924182147,
        10977.953126091472,
        10949.778282356492,
        10923.419155001613,
        10897.060027646736,
        10892.29838910693,
        10899.734001082243,
        10908.231276021632,
        10926.965594669073,
        10945.699913316514,
        10906.302178022012,
        10819.120012484418,
        10729.370222229909,
        10116.76059061202,
        10138.537714034926,
        10160.314837457836,
        10250.478185428394,
        10363.335754577842,
        10477.04705893864,
        10592.77117590381,
        10708.495292868978,
        10753.232510836884,
        10784.930632949847,
        10790.484213702895,
        10755.455488336887,
        10720.426762970881,
        10699.894276954172,
        10680.306660841088,
        10668.850012306748,
        10665.999604703047,
        10662.54462451018,
        10641.259668161347,
        10619.974711812514,
        10599.839594711333,
        10580.537840063265,
        10562.163533560997,
        10550.177013972485,
        10538.190494383973,
        10524.994027329765,
        10511.211738857166,
        10497.655067342655,
        10484.894731045555,
        10472.134394748455,
        10485.539717443406,
        10506.85970899825,
        10525.739815602272,
        10539.308186226948,
        10552.876556851623,
        10488.494478453587,
        10411.607044913762,
        10326.89971221427,
        10230.880816314155,
        10166.447214929334
    ]
}