{
    "time": [
        42.420549054265436,
        42.430549054265434,
        42.44054905426543,
        42.45054905426543,
        42.46054905426543,
        42.470549054265426,
        42.480549054265424,
        42.49054905426542,
        42.50054905426542,
        42.51054905426542,
        42.520549054265416,
        42.52307780667141
    ],
    "frequency": [
        11094.988890680526,
        11233.50875523261,
        11372.028619784693,
        11527.550152099608,
        11643.304647987115,
        11719.126047531412,
        11794.947447075709,
        11748.494267622933,
        11701.834944826456,
        11603.763429709707,
        11453.787035006702,
        11415.86171811195
    ]
}