{
    "time": [
        33.27579311603908,
        33.28579311603908,
        33.29579311603908,
        33.30579311603908,
        33.315793116039075,
        33.32579311603907,
        33.33579311603907,
        33.34579311603907,
        33.35579311603907,
        33.365793116039065,
        33.37579311603906,
        33.38579311603906,
        33.39579311603906,
        33.40579311603906,
        33.415793116039055,
        33.42579311603905,
        33.43579311603905,
        33.44476513312976
    ],
    "frequency": [
        9666.135496073377,
        9901.493749348778,
        10136.852002624175,
        10372.210255899576,
        10574.664292769237,
        10733.531113730158,
        10892.397934691075,
        11051.264755651995,
        11210.131576612914,
        11349.690783977447,
        11479.757187103327,
        11609.823590229205,
        11739.889993355084,
        11866.829679223853,
        11975.855928902918,
        12084.882178581982,
        12193.908428261044,
        12291.726965806753
    ]
}