{
    "time": [
        36.30715904546061,
        36.317159045460606,
        36.327159045460604,
        36.3371590454606,
        36.3471590454606,
        36.3571590454606,
        36.367159045460596,
        36.377159045460594,
        36.38715904546059,
        36.39715904546059,
        36.40715904546059,
        36.417159045460586,
        36.427159045460584,
        36.43715904546058,
        36.44715904546058,
        36.45715904546058,
        36.467159045460576,
        36.477159045460574,
        36.48715904546057,
        36.49715904546057,
        36.50715904546057,
        36.517159045460566,
        36.523130249300095
    ],
    "frequency": [
        11779.11573207695,
        11788.719743712121,
        11798.323755347292,
        11791.608929383165,
        11774.029374322266,
        11756.303353586196,
        11737.993805814687,
        11719.684258043178,
        11718.487599314712,
        11721.543527693679,
        11731.026816935724,
        11750.09989941241,
        11769.186507163811,
        11796.714013459645,
        11824.24151975548,
        11840.283592310327,
        11848.729761177241,
        11860.417464314427,
        11884.891812852871,
        11909.366161391314,
        11914.247395521732,
        11914.308463134044,
        11914.344927850156
    ]
}