{
    "time": [
        13.870150646580457,
        13.880150646580457,
        13.890150646580457,
        13.900150646580457,
        13.910150646580457,
        13.920150646580456,
        13.930150646580456,
        13.940150646580456,
        13.950150646580456,
        13.960150646580455,
        13.970150646580455,
        13.980150646580455,
        13.990150646580455,
        14.000150646580455,
        14.010150646580454,
        14.020150646580454,
        14.030150646580454,
        14.040150646580454,
        14.050150646580454,
        14.060150646580453,
        14.070150646580453,
        14.080150646580453,
        14.090150646580453,
        14.100150646580452,
        14.110150646580452,
        14.120150646580452,
        14.130150646580452,
        14.140150646580452,
        14.150150646580451,
        14.160150646580451,
        14.170150646580451,
        14.18015064658045,
        14.19015064658045,
        14.20015064658045,
        14.21015064658045,
        14.22015064658045,
        14.23015064658045,
        14.24015064658045,
        14.25015064658045,
        14.260150646580449,
        14.270150646580449,
        14.278096253832825
    ],
    "frequency": [
        12252.804191667186,
        12300.459771934493,
        12348.115352201801,
        12386.162063249993,
        12417.811397012167,
        12449.518023940722,
        12481.45290988962,
        12513.387795838516,
        12577.00099036924,
        12648.486307854815,
        12715.57262458413,
        12776.095515268136,
        12836.549187032104,
        12853.80448443934,
        12871.059781846576,
        12908.205763543983,
        12958.506470222681,
        13015.06129482541,
        13096.286285319686,
        13177.511275813966,
        13274.956241253694,
        13376.391536077854,
        13495.27104836492,
        13640.005176805702,
        13784.748919624222,
        13932.487941707623,
        14080.226963791025,
        14216.633465311486,
        14345.595099115078,
        14466.280113865741,
        14554.638137783004,
        14642.996161700266,
        14724.923512363133,
        14805.284772341198,
        14900.88717581986,
        15018.929324854678,
        15136.823184457453,
        15223.967582660265,
        15311.111980863077,
        15334.729823152577,
        15316.892354004347,
        15302.719401581522
    ]
}