{
    "time": [
        34.91101575026616,
        34.92101575026616,
        34.931015750266155,
        34.94101575026615,
        34.95101575026615,
        34.96101575026615,
        34.97101575026615,
        34.981015750266145,
        34.99025701154866
    ],
    "frequency": [
        12623.296683450697,
        12505.000944075175,
        12386.705204699654,
        12164.372218129529,
        11990.210261434977,
        11826.040009876717,
        11671.34558146264,
        11579.761427657268,
        11505.423702797198
    ]
}