{
    "time": [
        0.06399146780429277,
        0.07399146780429276,
        0.08399146780429276,
        0.09399146780429275,
        0.10399146780429275,
        0.11399146780429274,
        0.12399146780429274,
        0.13399146780429272,
        0.14399146780429273,
        0.15399146780429274,
        0.16399146780429272,
        0.1739914678042927,
        0.1839914678042927,
        0.19399146780429272,
        0.2039914678042927,
        0.21399146780429268,
        0.2239914678042927,
        0.2339914678042927,
        0.24399146780429268,
        0.25399146780429266,
        0.26399146780429267,
        0.2739914678042927,
        0.28399146780429263,
        0.29399146780429264,
        0.30399146780429265,
        0.31399146780429266,
        0.32399146780429267,
        0.3339914678042926,
        0.33595520597253703
    ],
    "frequency": [
        8988.839778394846,
        8947.97750202884,
        8907.115225662834,
        8861.64145895387,
        8812.038717200969,
        8763.88482163889,
        8740.527030061818,
        8717.169238484743,
        8694.896033738834,
        8673.399212549932,
        8652.057151348505,
        8631.96202075529,
        8611.86689016208,
        8596.463404045266,
        8583.721811004856,
        8576.099006100143,
        8594.265303865757,
        8612.431601631371,
        8624.331333057547,
        8633.45779280027,
        8642.477624338926,
        8651.121208135113,
        8659.764791931302,
        8721.431424733415,
        8800.92152281276,
        8886.431071734643,
        8987.72889356672,
        9089.026715398795,
        9108.918955307963
    ]
}