{
    "time": [
        11.45027950252842,
        11.46027950252842,
        11.47027950252842,
        11.48027950252842,
        11.49027950252842,
        11.50027950252842,
        11.51027950252842,
        11.52027950252842,
        11.530279502528419,
        11.540279502528419,
        11.550279502528419,
        11.560279502528418,
        11.570279502528418,
        11.580279502528418,
        11.590279502528418,
        11.592617944989895
    ],
    "frequency": [
        11380.762605373857,
        11424.198328450257,
        11480.687300439997,
        11556.699815823693,
        11593.552584467372,
        11620.699911390122,
        11617.510909846449,
        11610.271622667049,
        11634.312069091531,
        11691.800526104413,
        11749.2889831173,
        11818.170771388064,
        11890.563643182059,
        12019.776313809283,
        12281.35541487337,
        12353.302205130687
    ]
}