{
    "time": [
        17.31688462423581,
        17.326884624235813,
        17.336884624235815,
        17.346884624235816,
        17.356884624235818,
        17.36688462423582,
        17.37688462423582,
        17.386884624235822,
        17.396884624235824,
        17.406884624235825,
        17.416884624235827,
        17.42688462423583,
        17.43688462423583,
        17.44688462423583,
        17.456884624235833,
        17.466884624235835,
        17.476884624235836,
        17.486884624235838,
        17.49688462423584,
        17.50688462423584,
        17.516884624235843,
        17.526884624235844,
        17.536884624235846,
        17.546884624235847,
        17.55688462423585,
        17.56688462423585,
        17.576884624235852,
        17.586884624235854,
        17.596884624235855,
        17.606884624235857,
        17.61688462423586,
        17.62688462423586,
        17.63688462423586,
        17.646884624235863,
        17.656884624235865,
        17.666884624235866,
        17.676884624235868,
        17.68688462423587,
        17.69688462423587,
        17.706884624235872,
        17.711372010484897
    ],
    "frequency": [
        13928.643952463784,
        13678.522691062495,
        13428.401429661204,
        13232.895974328727,
        13066.559174874674,
        12900.222375420624,
        12757.284348742232,
        12655.147717498498,
        12553.011086254764,
        12463.38269033792,
        12393.30561279014,
        12323.228535242364,
        12253.151457694585,
        12196.37305557411,
        12147.300513206435,
        12098.227970838765,
        12049.155428471095,
        12001.332867240604,
        11965.64374551866,
        11929.954623796712,
        11894.265502074768,
        11858.57638035282,
        11822.887258630879,
        11787.198136908934,
        11751.509015186992,
        11715.819893465048,
        11680.339516718106,
        11659.639826119379,
        11638.94013552065,
        11618.240444921921,
        11596.07710510926,
        11560.793541588704,
        11525.509978068145,
        11490.226414547587,
        11451.973498029161,
        11412.166400723914,
        11340.34942076857,
        11249.027256362413,
        11157.705091956257,
        11029.848548310321,
        10971.793856465463
    ]
}