{
    "time": [
        1.593317086624912,
        1.603317086624912,
        1.613317086624912,
        1.623317086624912,
        1.633317086624912,
        1.643317086624912,
        1.653317086624912,
        1.663317086624912,
        1.673317086624912,
        1.683317086624912,
        1.693317086624912,
        1.703317086624912,
        1.7133170866249121,
        1.7233170866249121,
        1.7333170866249121,
        1.7433170866249121,
        1.7533170866249121,
        1.7633170866249122,
        1.7733170866249122,
        1.7833170866249122,
        1.7933170866249122,
        1.8033170866249122,
        1.8133170866249122,
        1.8233170866249122,
        1.8333170866249122,
        1.8433170866249122,
        1.8533170866249122,
        1.8633170866249122,
        1.869413077102156
    ],
    "frequency": [
        10764.935029327473,
        10750.978888456291,
        10737.02274758511,
        10724.949279227212,
        10719.715726400518,
        10738.956916246514,
        10801.759550166833,
        10872.955935721806,
        11147.738703050152,
        11355.274237532036,
        11440.149761452703,
        11525.02528537337,
        11625.035992031313,
        11725.769412266853,
        11837.49803667001,
        11958.05172109145,
        12073.028161741686,
        12157.614838439531,
        12242.201515137378,
        12338.331092669097,
        12662.864412289407,
        13202.501859308444,
        13575.957013027397,
        13721.340809417701,
        13830.19870821292,
        13939.056607008137,
        14047.914505803357,
        14156.772404598574,
        14223.132076041416
    ]
}