{
    "time": [
        55.28062924943342,
        55.290629249433415,
        55.30062924943341,
        55.31062924943341,
        55.32062924943341,
        55.33062924943341,
        55.340629249433405,
        55.3506292494334,
        55.3606292494334,
        55.3706292494334,
        55.3806292494334,
        55.390629249433395,
        55.40062924943339,
        55.41062924943339,
        55.42062924943339,
        55.43062924943339,
        55.440629249433385,
        55.45062924943338,
        55.46062924943338,
        55.47062924943338,
        55.48062924943338,
        55.490629249433375,
        55.50062924943337,
        55.51062924943337,
        55.52062924943337,
        55.53062924943337,
        55.540629249433366,
        55.550629249433364,
        55.56062924943336,
        55.57062924943336,
        55.58062924943336,
        55.590629249433356,
        55.60058658845488
    ],
    "frequency": [
        13368.504372850064,
        13487.88008721147,
        13607.255801572874,
        13732.93801345846,
        13864.01866116607,
        13994.208786140349,
        14113.810578157747,
        14233.412370175145,
        14341.543283978832,
        14442.534671576284,
        14541.744368803824,
        14631.252744303218,
        14720.761119802613,
        14821.998436560738,
        14928.408558043766,
        15042.191113419736,
        15180.278174590423,
        15318.365235761112,
        15435.410210841259,
        15546.224005391055,
        15632.076398408202,
        15662.451952783369,
        15692.827507158538,
        15719.369190030215,
        15745.229565334117,
        15776.471496435752,
        15816.205543927645,
        15855.93959141954,
        15855.03414304859,
        15850.913567459427,
        15852.107698343236,
        15859.404901390457,
        15866.670973855465
    ]
}