{
    "time": [
        13.91014531395814,
        13.92014531395814,
        13.930145313958139,
        13.940145313958139,
        13.950145313958139,
        13.960145313958138,
        13.970145313958138,
        13.980145313958138,
        13.990145313958138,
        14.000145313958138,
        14.010145313958137,
        14.020145313958137,
        14.030145313958137,
        14.040145313958137,
        14.050145313958136,
        14.060145313958136,
        14.062125049993336
    ],
    "frequency": [
        10783.7869010531,
        10822.302620301445,
        10860.818339549789,
        10906.79132684829,
        10961.275349734726,
        11015.759372621162,
        11058.85600313974,
        11101.14807196518,
        11148.859674338202,
        11204.666344606598,
        11260.473014874993,
        11290.811623377485,
        11317.277803505178,
        11323.624329007394,
        11290.035781977958,
        11256.447234948524,
        11249.797589256108
    ]
}