{
    "time": [
        8.773037337578915,
        8.783037337578914,
        8.793037337578914,
        8.803037337578914,
        8.813037337578914,
        8.823037337578914,
        8.833037337578913,
        8.843037337578913,
        8.853037337578913,
        8.863037337578913,
        8.873037337578912,
        8.883037337578912,
        8.893037337578912,
        8.903037337578912,
        8.913037337578912,
        8.923037337578911,
        8.933037337578911,
        8.943037337578911,
        8.95303733757891,
        8.96303733757891,
        8.97303733757891,
        8.98303733757891,
        8.99303733757891,
        9.00303733757891,
        9.01303733757891,
        9.02303733757891,
        9.033037337578909,
        9.043037337578909,
        9.053037337578909,
        9.063037337578908,
        9.064111455870917
    ],
    "frequency": [
        11050.793812599219,
        11174.86905473367,
        11236.920087699955,
        11256.114062794435,
        11271.626821036005,
        11276.561933971338,
        11281.828297517517,
        11303.546159055717,
        11325.264020593917,
        11347.150029289603,
        11372.700454628663,
        11398.25087996772,
        11417.457099002177,
        11423.489838318343,
        11429.522577634512,
        11432.862941075116,
        11432.862941075116,
        11432.862941075116,
        11440.566525403316,
        11454.140188864689,
        11467.430821809136,
        11448.268002804843,
        11429.10518380055,
        11405.00565571912,
        11368.80921982212,
        11332.612783925118,
        11258.307531539196,
        11170.33106546855,
        11022.95986217363,
        10875.588658878707,
        10859.759248361272
    ]
}