{
    "time": [
        10.250798245830614,
        10.260798245830614,
        10.270798245830614,
        10.280798245830614,
        10.290798245830613,
        10.300798245830613,
        10.310798245830613,
        10.320798245830613,
        10.330798245830612,
        10.340798245830612,
        10.350798245830612,
        10.360798245830612,
        10.370798245830612,
        10.380798245830611,
        10.390798245830611,
        10.400798245830611,
        10.41079824583061,
        10.42079824583061,
        10.43079824583061,
        10.44079824583061,
        10.45079824583061,
        10.46079824583061,
        10.47079824583061,
        10.48079824583061,
        10.490798245830609,
        10.500798245830609,
        10.510798245830609,
        10.520798245830608,
        10.530798245830608,
        10.540798245830608,
        10.550798245830608,
        10.560798245830608,
        10.570798245830607,
        10.580798245830607,
        10.590798245830607,
        10.600798245830607,
        10.60744400615543
    ],
    "frequency": [
        13256.37469061917,
        13119.209249325275,
        12982.043808031383,
        12844.878366737488,
        12794.337015213712,
        12747.281648547612,
        12700.226281881512,
        12653.170915215414,
        12607.090576491824,
        12566.002730338474,
        12524.914884185122,
        12483.82703803177,
        12442.73919187842,
        12401.651345725068,
        12370.668983697771,
        12370.668983697771,
        12370.668983697771,
        12370.668983697771,
        12370.668983697771,
        12370.668983697771,
        12361.907358336377,
        12352.858249362127,
        12343.809140387879,
        12336.993282198575,
        12345.137480275398,
        12353.281678352223,
        12361.42587642905,
        12369.570074505875,
        12377.7142725827,
        12385.858470659523,
        12425.721487347948,
        12477.158527833157,
        12528.595568318367,
        12580.22147567889,
        12631.930669817462,
        12683.639863956032,
        12718.004555039497
    ]
}