{
    "time": [
        15.85630462312641,
        15.86630462312641,
        15.87630462312641,
        15.88630462312641,
        15.89630462312641,
        15.90630462312641,
        15.91630462312641,
        15.92630462312641,
        15.936304623126409,
        15.946304623126409,
        15.956304623126409,
        15.966304623126408,
        15.976304623126408,
        15.986304623126408,
        15.996304623126408,
        16.006304623126407,
        16.01630462312641,
        16.026304623126407,
        16.036304623126405,
        16.046304623126407,
        16.056304623126408,
        16.066304623126406,
        16.076304623126404,
        16.086304623126406,
        16.096304623126407,
        16.106304623126405,
        16.116304623126403,
        16.126304623126405,
        16.136304623126406,
        16.146304623126404,
        16.156304623126402,
        16.166304623126404,
        16.176304623126406,
        16.186304623126404,
        16.1963046231264,
        16.206304623126403,
        16.216304623126405,
        16.226304623126403,
        16.2363046231264,
        16.246304623126402,
        16.256304623126404,
        16.266304623126402,
        16.2763046231264,
        16.2863046231264,
        16.296304623126403,
        16.3063046231264,
        16.3163046231264,
        16.3263046231264,
        16.329295652478134
    ],
    "frequency": [
        10303.796489692213,
        10175.320098160511,
        10046.84370662881,
        9767.46582532439,
        9536.208320567344,
        9522.615427659945,
        9553.587414904194,
        9803.91576495986,
        10069.685021830464,
        10186.690306975404,
        10303.695592120344,
        10411.11742456882,
        10467.521694021762,
        10523.925963474703,
        10580.330232927645,
        10636.734502380588,
        10703.34791429871,
        10797.100956767768,
        10890.85399923683,
        10984.60704170592,
        11078.360084175014,
        11195.286665911246,
        11315.826291942893,
        11436.365917974583,
        11556.905544006273,
        11672.685758780684,
        11782.80838009355,
        11892.931001406454,
        12003.053622719355,
        12113.176244032216,
        12223.298865345074,
        12333.421486657975,
        12443.54410797087,
        12536.7259148537,
        12629.03458271889,
        12721.343250584112,
        12813.651918449335,
        12893.08336876207,
        12971.08689219202,
        13049.090415621995,
        13127.093939051972,
        13186.650309505338,
        13234.466710864875,
        13282.283112224424,
        13330.099513583977,
        13378.061491384819,
        13427.616670975605,
        13477.171850566408,
        13491.993950235057
    ]
}