{
    "time": [
        5.799226769764032,
        5.809226769764032,
        5.819226769764032,
        5.829226769764031,
        5.839226769764031,
        5.849226769764031,
        5.859226769764031,
        5.869226769764031,
        5.87922676976403,
        5.88922676976403,
        5.89922676976403,
        5.90922676976403,
        5.9192267697640295,
        5.929226769764029,
        5.939226769764029,
        5.949226769764029,
        5.959226769764029,
        5.969226769764028,
        5.979226769764028,
        5.989226769764028,
        5.999226769764028,
        6.007199040127984
    ],
    "frequency": [
        12958.291138100456,
        13106.903424338761,
        13255.515710577067,
        13398.221207489583,
        13532.079305671701,
        13665.937403853817,
        13742.075709210918,
        13803.84653367001,
        13866.844335289037,
        13934.718313379872,
        14002.592291470708,
        14105.201555405958,
        14230.834207653088,
        14356.446409823035,
        14470.279367532195,
        14584.112325241358,
        14689.594509100669,
        14782.658516329797,
        14875.722523558925,
        14917.478390377566,
        14946.601151349963,
        14969.818603771646
    ]
}