{
    "time": [
        11.030529262764965,
        11.040529262764965,
        11.050529262764964,
        11.060529262764964,
        11.070529262764964,
        11.080529262764964,
        11.090529262764964,
        11.100529262764963,
        11.110529262764963,
        11.120529262764963,
        11.130529262764963,
        11.140529262764963,
        11.14234397875413
    ],
    "frequency": [
        6869.438656940919,
        7096.629730120948,
        7323.820803300977,
        7549.744819499316,
        7770.61241003153,
        7991.480000563744,
        8158.500378768926,
        8245.000723903508,
        8331.501069038088,
        8684.743190500129,
        9214.984955956956,
        9745.226721413786,
        9841.450542403702
    ]
}