{
    "time": [
        21.085188641514467,
        21.09518864151447,
        21.10518864151447,
        21.11518864151447,
        21.125188641514473,
        21.135188641514475,
        21.145188641514476,
        21.155188641514478,
        21.16518864151448,
        21.17518864151448,
        21.185188641514483,
        21.189174776696444
    ],
    "frequency": [
        14923.342462939516,
        14624.497349811987,
        14325.652236684458,
        14085.980675063829,
        13934.941359423152,
        13783.902043782473,
        13726.378340710977,
        13692.132333408754,
        13695.585162516569,
        13848.85836735613,
        14002.131572195687,
        14063.228343621966
    ]
}