{
    "time": [
        45.297960271963746,
        45.30796027196374,
        45.31796027196374,
        45.32796027196374,
        45.33796027196374,
        45.347960271963736,
        45.357960271963734,
        45.36796027196373,
        45.37796027196373,
        45.38796027196373,
        45.397960271963726,
        45.407960271963724,
        45.41796027196372,
        45.42796027196372,
        45.43796027196372,
        45.447960271963716,
        45.457960271963714,
        45.46796027196371,
        45.47796027196371,
        45.48796027196371,
        45.497960271963706,
        45.507960271963704,
        45.5179602719637,
        45.5279602719637,
        45.53792827622984
    ],
    "frequency": [
        13551.15362136973,
        13415.140093395095,
        13279.12656542046,
        13103.544305891019,
        12901.618040764977,
        12693.217040203837,
        12459.020349497167,
        12224.823658790494,
        11875.771026135742,
        11498.176462500674,
        11177.765180388898,
        11092.489422322005,
        11012.157400438999,
        10976.384661097578,
        10940.611921756155,
        10908.440242388817,
        10878.650127823857,
        10854.884757132284,
        10854.884757132284,
        10854.884757132282,
        10854.884757132284,
        10854.884757132284,
        10851.884299652802,
        10844.436771011562,
        10837.01307128475
    ]
}