{
    "time": [
        39.722703639514734,
        39.73270363951473,
        39.74270363951473,
        39.75270363951473,
        39.762703639514726,
        39.772703639514724,
        39.78270363951472,
        39.79270363951472,
        39.80270363951472,
        39.812703639514716,
        39.822703639514714,
        39.83270363951471,
        39.84270363951471,
        39.85270363951471,
        39.862703639514706,
        39.872703639514704,
        39.8827036395147,
        39.8927036395147,
        39.9027036395147,
        39.912703639514696,
        39.922703639514694,
        39.93270363951469,
        39.94270363951469,
        39.95270363951469,
        39.962703639514686,
        39.972703639514684,
        39.98270363951468,
        39.986668444207446
    ],
    "frequency": [
        11949.254746218847,
        11891.65986820342,
        11834.064990187995,
        11785.711336943823,
        11743.51029126444,
        11704.647071228708,
        11679.08192598329,
        11653.516780737871,
        11614.450333684577,
        11572.02878616534,
        11522.846617478317,
        11463.577422324572,
        11404.361283233862,
        11378.256548870104,
        11352.151814506346,
        11330.39059439926,
        11311.501962015449,
        11290.419178137907,
        11260.681283819516,
        11230.943389501124,
        11195.924955505836,
        11159.607438576715,
        11118.178919138543,
        11069.17522424091,
        11020.223230434745,
        10987.378280861816,
        10954.533331288887,
        10941.510950268852
    ]
}