{
    "time": [
        17.293694174110122,
        17.303694174110124,
        17.313694174110125,
        17.323694174110127,
        17.33369417411013,
        17.34369417411013,
        17.35369417411013,
        17.363694174110133,
        17.373694174110135,
        17.383694174110136,
        17.393694174110138,
        17.40369417411014,
        17.41369417411014,
        17.423694174110143,
        17.433694174110144,
        17.443694174110146,
        17.453694174110147,
        17.46369417411015,
        17.47369417411015,
        17.483694174110152,
        17.493694174110153,
        17.503694174110155,
        17.513694174110157,
        17.523694174110158,
        17.52566324490068
    ],
    "frequency": [
        14478.11194656866,
        14422.993885607444,
        14367.875824646228,
        14235.275449740802,
        13996.79588802404,
        13758.31632630728,
        13481.772384236108,
        13198.25324153742,
        12950.638652715621,
        12801.243045190902,
        12651.847437666185,
        12614.81867751377,
        12628.211402340348,
        12647.947563854445,
        12717.56177579261,
        12787.175987730776,
        12868.206669380055,
        12959.144322379634,
        13050.081975379215,
        13136.548156080251,
        13222.818112223407,
        13371.882564795691,
        13623.172321608241,
        13874.462078420791,
        13923.942810430497
    ]
}