{
    "time": [
        8.678842820957207,
        8.688842820957207,
        8.698842820957207,
        8.708842820957207,
        8.718842820957207,
        8.728842820957206,
        8.738842820957206,
        8.748842820957206,
        8.758842820957206,
        8.768842820957206,
        8.778842820957205,
        8.788842820957205,
        8.798842820957205,
        8.808842820957205,
        8.818842820957205,
        8.828842820957204,
        8.838842820957204,
        8.848842820957204,
        8.858842820957204,
        8.868842820957203,
        8.878842820957203,
        8.888842820957203,
        8.898842820957203,
        8.908842820957203,
        8.918842820957202,
        8.928842820957202,
        8.938842820957202,
        8.948842820957202,
        8.958842820957202,
        8.968842820957201,
        8.97480335955206
    ],
    "frequency": [
        12029.524182461982,
        11951.212250696044,
        11872.900318930106,
        11779.897754224474,
        11674.057859010962,
        11569.868218047266,
        11488.540317146384,
        11407.212416245502,
        11356.986730323242,
        11327.410762553392,
        11303.800221771398,
        11318.527885522313,
        11333.255549273228,
        11369.971652187784,
        11417.6008284395,
        11466.752208978462,
        11521.918054773854,
        11577.083900569245,
        11682.153952073859,
        11805.158044883578,
        11949.251141915776,
        12150.566433078482,
        12351.881724241186,
        12585.590897317994,
        12827.249291292883,
        13069.105368896973,
        13311.351020259048,
        13553.596671621124,
        13638.921672387078,
        13700.85761172063,
        13737.774767401277
    ]
}