{
    "time": [
        36.89498035054301,
        36.904980350543006,
        36.914980350543004,
        36.924980350543,
        36.934980350543,
        36.944980350543,
        36.954980350542996,
        36.964980350542994,
        36.97498035054299,
        36.98498035054299,
        36.99498035054299,
        37.004980350542986,
        37.014980350542984,
        37.02498035054298,
        37.03498035054298,
        37.04498035054298,
        37.05498035054298,
        37.064980350542974,
        37.07498035054297,
        37.08498035054297,
        37.09498035054297,
        37.10498035054297,
        37.114980350542965,
        37.12498035054296,
        37.13498035054296,
        37.14498035054296,
        37.15498035054296,
        37.164980350542955,
        37.17498035054295,
        37.18498035054295,
        37.19498035054295,
        37.20498035054295,
        37.214980350542945,
        37.22498035054294,
        37.23498035054294,
        37.24498035054294,
        37.25498035054294,
        37.264980350542935,
        37.27498035054293,
        37.28498035054293,
        37.29498035054293,
        37.30498035054293,
        37.314980350542925,
        37.32498035054292,
        37.33498035054292,
        37.34498035054292,
        37.35498035054292,
        37.364980350542915,
        37.37498035054291,
        37.38498035054291,
        37.39498035054291,
        37.40498035054291,
        37.414980350542905,
        37.4249803505429,
        37.4349803505429,
        37.4449803505429,
        37.4549803505429,
        37.464980350542895,
        37.47498035054289,
        37.47772357351295
    ],
    "frequency": [
        19293.10835925486,
        19180.938809893498,
        19068.76926053213,
        18956.599711170766,
        18844.430161809403,
        18732.26061244804,
        18620.091063086675,
        18507.921513725312,
        18374.524696465,
        18237.32745860515,
        18100.130220745297,
        17962.93298288545,
        17825.7357450256,
        17688.53850716575,
        17551.341269305904,
        17414.144031446052,
        17276.946793586205,
        17139.749555726354,
        17002.552317866506,
        16865.35508000666,
        16728.157842146808,
        16590.96060428696,
        16453.763366427112,
        16330.302383340011,
        16221.431938371628,
        16112.561493403244,
        16003.691048434863,
        15894.82060346648,
        15785.950158498097,
        15677.079713529714,
        15568.209268561332,
        15453.09635633013,
        15332.631915923554,
        15212.167475516977,
        15091.7030351104,
        14971.238594703822,
        14850.774154297244,
        14730.309713890667,
        14609.84527348409,
        14489.380833077514,
        14368.916392670935,
        14248.451952264359,
        14127.98751185778,
        14007.523071451204,
        13887.058631044627,
        13766.59419063805,
        13646.129750231472,
        13525.665309824893,
        13405.200869418317,
        13284.73642901174,
        13164.271988605164,
        13043.807548198585,
        12923.343107792009,
        12802.878667385432,
        12682.414226978855,
        12561.949786572277,
        12441.4853461657,
        12321.020905759124,
        12200.556465352545,
        12167.51038335274
    ]
}