{
    "time": [
        49.31066232667382,
        49.32066232667382,
        49.33066232667382,
        49.340662326673815,
        49.35066232667381,
        49.36066232667381,
        49.37066232667381,
        49.38066232667381,
        49.390662326673805,
        49.4006623266738,
        49.4106623266738,
        49.412315163825234
    ],
    "frequency": [
        10595.171770163672,
        10072.905306195908,
        9619.782010517985,
        9256.060723111697,
        9061.684735581497,
        8892.117701825702,
        8794.68841533034,
        8725.052886801295,
        8655.417358272252,
        8623.09153178111,
        8600.708683325342,
        8597.009162977081
    ]
}