{
    "time": [
        55.08002509088201,
        55.09002509088201,
        55.100025090882006,
        55.110025090882004,
        55.120025090882,
        55.130025090882,
        55.140025090882,
        55.150025090882,
        55.160025090881994,
        55.17002509088199,
        55.18002509088199,
        55.19002509088199,
        55.20002509088199,
        55.210025090881985,
        55.22002509088198,
        55.23002509088198,
        55.24002509088198,
        55.25002509088198,
        55.260025090881975,
        55.27002509088197,
        55.28002509088197,
        55.29002509088197,
        55.30002509088197,
        55.310025090881965,
        55.32002509088196,
        55.33002509088196,
        55.34002509088196,
        55.35002509088196,
        55.360025090881955,
        55.37002509088195,
        55.38002509088195,
        55.39002509088195,
        55.40002509088195,
        55.410025090881945,
        55.42002509088194,
        55.43002509088194,
        55.44002509088194,
        55.45002509088194,
        55.460025090881935,
        55.47002509088193,
        55.48002509088193,
        55.49002509088193,
        55.50002509088193,
        55.510025090881925,
        55.52002509088192,
        55.53002509088192,
        55.54002509088192,
        55.55002509088192,
        55.560025090881915,
        55.57002509088191,
        55.58002509088191,
        55.59002509088191,
        55.60002509088191,
        55.610025090881905,
        55.6200250908819,
        55.6300250908819,
        55.6400250908819,
        55.64374531039732
    ],
    "frequency": [
        10893.462770863876,
        10848.798216692958,
        10841.98784178329,
        10868.93570202767,
        10980.597087454958,
        11092.258472882248,
        11203.919858309537,
        11315.581243736826,
        11427.242629164113,
        11544.520880583716,
        11663.626358372821,
        11782.731836161925,
        11901.83731395103,
        12028.474189817656,
        12167.4305805716,
        12306.386971325544,
        12429.25570643994,
        12522.306860962684,
        12615.358015485424,
        12708.409170008166,
        12801.460324530906,
        12894.511479053646,
        12997.386900399102,
        13100.611647816331,
        13203.836395233557,
        13307.061142650782,
        13410.28589006801,
        13496.20954361747,
        13580.575923718083,
        13664.942303818698,
        13749.308683919313,
        13831.15004599722,
        13912.64326764239,
        13994.136489287564,
        14024.85854772403,
        14031.864752299858,
        14038.870956875688,
        14073.971913591988,
        14115.200732826677,
        14156.429552061367,
        14197.658371296056,
        14233.250727152797,
        14261.836041822186,
        14290.421356491568,
        14319.006671160954,
        14341.947798178051,
        14346.910526419264,
        14351.873254660477,
        14356.835982901688,
        14358.729569335896,
        14348.372571267279,
        14338.015573198662,
        14327.658575130044,
        14309.99942255083,
        14277.516110426528,
        14245.032798302229,
        14212.549486177928,
        14200.464981008889
    ]
}