{
    "time": [
        26.6444474070124,
        26.654447407012402,
        26.664447407012403,
        26.674447407012405,
        26.684447407012406,
        26.694447407012408,
        26.70444740701241,
        26.71444740701241,
        26.724447407012413,
        26.734447407012414,
        26.744447407012416,
        26.754447407012417,
        26.76444740701242,
        26.77444740701242,
        26.780429276096523
    ],
    "frequency": [
        9754.737273727389,
        9864.111656802013,
        9973.486039876638,
        10072.882211656824,
        10146.666217689377,
        10220.45022372193,
        10308.87901803156,
        10408.780607722265,
        10508.68219741297,
        10621.355427180408,
        10736.441685156962,
        10839.813852911571,
        10858.448529380283,
        10877.083205848994,
        10888.230225355035
    ]
}