{
    "time": [
        27.046401879937303,
        27.056401879937304,
        27.066401879937306,
        27.076401879937308,
        27.08640187993731,
        27.09640187993731,
        27.106401879937312,
        27.116401879937314,
        27.126401879937315,
        27.136401879937317,
        27.14640187993732,
        27.15640187993732,
        27.16640187993732,
        27.176401879937323,
        27.186401879937325,
        27.196401879937326,
        27.206401879937328,
        27.21640187993733,
        27.22640187993733,
        27.236401879937333,
        27.246401879937334,
        27.256401879937336,
        27.266401879937337,
        27.27640187993734,
        27.28640187993734,
        27.296401879937342,
        27.306401879937344,
        27.316401879937345,
        27.326401879937347,
        27.33640187993735,
        27.34640187993735,
        27.350845632289673
    ],
    "frequency": [
        9435.46824902367,
        9363.95501108016,
        9292.44177313665,
        9220.928535193141,
        9143.2600082353,
        8438.343805649307,
        8316.25244121785,
        8216.524067100694,
        8146.63613001954,
        8076.748192938387,
        8006.860255857233,
        7936.972318776079,
        7867.084381694927,
        7797.196444613773,
        7727.308507532619,
        7657.420570451466,
        7587.532633370312,
        7490.616694565308,
        7360.360439739636,
        7246.062546041501,
        7157.948020718252,
        7069.8334953950025,
        6981.718970071754,
        6894.526247914142,
        6810.242788909294,
        6719.9703715521455,
        6600.781641646314,
        6481.592911740479,
        6379.470699050303,
        6293.654813518091,
        6207.8389279858775,
        6169.70447366584
    ]
}