{
    "time": [
        20.125316624450075,
        20.135316624450077,
        20.14531662445008,
        20.15531662445008,
        20.16531662445008,
        20.175316624450083,
        20.185316624450085,
        20.195316624450086,
        20.205316624450088,
        20.21531662445009,
        20.22531662445009,
        20.235316624450093,
        20.245316624450094,
        20.255316624450096,
        20.265316624450097,
        20.2753166244501,
        20.2853166244501,
        20.295316624450102,
        20.305316624450104,
        20.315316624450105,
        20.325316624450107,
        20.33531662445011,
        20.34531662445011,
        20.35531662445011,
        20.357285695240638
    ],
    "frequency": [
        9811.86437918524,
        9873.836741091016,
        9935.809102996793,
        10013.885574415897,
        10113.968229347014,
        10214.050884278133,
        10309.798755623136,
        10404.752288930618,
        10506.82613127908,
        10628.377990341607,
        10749.929849404136,
        10885.261073183427,
        11026.77540209856,
        11164.603139152128,
        11273.443432360498,
        11382.28372556887,
        11539.034053483321,
        11737.359697869164,
        11935.685342255007,
        11999.53108320868,
        12057.475354169419,
        12122.035027277001,
        12197.364139357589,
        12272.693251438173,
        12287.526086865588
    ]
}