{
    "time": [
        14.539717119486376,
        14.549717119486376,
        14.559717119486375,
        14.569717119486375,
        14.579717119486375,
        14.589717119486375,
        14.599717119486375,
        14.609717119486374,
        14.619717119486374,
        14.629717119486374,
        14.639717119486374,
        14.649717119486374,
        14.659717119486373,
        14.669717119486373,
        14.679717119486373,
        14.68604186108519
    ],
    "frequency": [
        12638.286411319972,
        12154.061708125088,
        11669.837004930201,
        11185.612301735315,
        10704.946780488704,
        10232.715258797078,
        9760.483737105455,
        9382.466290769657,
        9225.424846114478,
        9068.383401459301,
        8982.714512654593,
        8951.58776653481,
        8920.461020415027,
        9069.634293874,
        9224.925965263948,
        9323.143934662936
    ]
}