{
    "time": [
        43.10998378493805,
        43.11998378493805,
        43.12998378493805,
        43.139983784938046,
        43.149983784938044,
        43.15998378493804,
        43.16998378493804,
        43.17998378493804,
        43.189983784938036,
        43.199983784938034,
        43.20998378493803,
        43.21998378493803,
        43.22998378493803,
        43.239983784938026,
        43.249983784938024,
        43.25998378493802,
        43.26998378493802,
        43.27998378493802,
        43.289983784938016,
        43.299983784938014,
        43.30998378493801,
        43.31799204618144
    ],
    "frequency": [
        15233.47143702547,
        15262.086678947187,
        15290.701920868905,
        15319.317162790623,
        15347.932404712341,
        15388.031940460924,
        15443.990635774517,
        15499.949331088108,
        15555.908026401701,
        15611.866721715292,
        15685.27607191978,
        15806.470037705873,
        15927.664003491966,
        16049.089384171537,
        16180.199219885604,
        16311.309055599671,
        16442.41889131374,
        16573.528727027802,
        16755.116213685567,
        16947.410639399528,
        17139.705065113485,
        17461.45340089371
    ]
}