{
    "time": [
        55.649442340049575,
        55.65944234004957,
        55.66944234004957,
        55.67944234004957,
        55.68944234004957,
        55.699442340049565,
        55.70944234004956,
        55.71944234004956,
        55.72944234004956,
        55.73944234004956,
        55.749442340049555,
        55.75944234004955,
        55.76944234004955,
        55.77944234004955,
        55.78944234004955,
        55.799442340049545,
        55.80944234004954,
        55.81944234004954,
        55.82944234004954,
        55.83944234004954,
        55.849442340049535,
        55.85944234004953,
        55.86944234004953,
        55.87944234004953,
        55.88944234004953,
        55.899442340049525,
        55.90944234004952,
        55.91944234004952,
        55.92944234004952,
        55.93944234004952,
        55.949442340049515,
        55.95944234004951,
        55.96944234004951,
        55.97944234004951,
        55.98944234004951,
        55.999442340049505,
        56.0094423400495,
        56.0194423400495,
        56.0294423400495,
        56.0394423400495,
        56.049442340049495,
        56.05944234004949,
        56.06944234004949,
        56.07944234004949,
        56.08944234004949,
        56.099442340049485,
        56.10944234004948,
        56.11944234004948,
        56.12944234004948,
        56.13944234004948,
        56.149442340049475,
        56.15944234004947,
        56.16944234004947,
        56.17944234004947,
        56.18944234004947,
        56.199442340049465,
        56.20944234004946,
        56.21944234004946,
        56.22944234004946,
        56.23944234004946,
        56.249442340049455,
        56.25944234004945,
        56.26944234004945,
        56.27944234004945,
        56.28944234004945,
        56.29826889260261
    ],
    "frequency": [
        11410.383860776896,
        10952.248469790673,
        10922.18347715192,
        10930.757267756033,
        10939.331058360145,
        10951.761768467455,
        10975.970118408475,
        11000.178468349499,
        11024.38681829052,
        11050.676885164889,
        11084.97204758133,
        11119.267209997772,
        11153.562372414213,
        11187.857534830657,
        11225.318727319562,
        11274.311816485915,
        11323.304905652269,
        11372.297994818622,
        11421.291083984976,
        11470.833956682149,
        11522.276700306818,
        11573.71944393149,
        11625.162187556161,
        11676.604931180831,
        11716.737558514695,
        11744.173688447849,
        11771.609818381003,
        11799.045948314155,
        11822.338564346315,
        11845.202005957284,
        12047.848509999369,
        12191.054963210448,
        12304.426432337525,
        12394.451233680686,
        12332.448650295855,
        11818.021214049068,
        11303.59377780228,
        11095.201207241926,
        11017.11124604108,
        10978.52918832258,
        10907.408105561095,
        10827.386059922703,
        10699.345891518615,
        10567.675854141555,
        10516.233110516892,
        10481.195667373919,
        10481.195667373919,
        10481.195667373919,
        10481.195667373919,
        10502.350504676293,
        10530.410183017018,
        10560.297902652894,
        10601.452097552634,
        10642.606292452374,
        10683.760487352112,
        10737.395638150934,
        10800.270102581078,
        10863.144567011223,
        10926.019031441365,
        10978.962225123458,
        11008.35807862327,
        11037.753932123085,
        11067.1497856229,
        11059.740539530318,
        11051.166748926207,
        11043.59904759151
    ]
}