{
    "time": [
        1.6640752263702374,
        1.6740752263702374,
        1.6840752263702374,
        1.6940752263702374,
        1.7040752263702375,
        1.7140752263702375,
        1.7240752263702375,
        1.7340752263702375,
        1.7440752263702375,
        1.7540752263702375,
        1.7640752263702375,
        1.7740752263702375,
        1.7840752263702375,
        1.7844170165150561
    ],
    "frequency": [
        10777.947088283483,
        10834.822831384368,
        10891.698574485255,
        10948.574317586143,
        11005.450060687028,
        11062.325803787913,
        11119.201546888798,
        11176.077289989684,
        11232.953033090569,
        11289.828776191454,
        11346.704519292342,
        11403.580262393227,
        11460.456005494112,
        11462.399962341224
    ]
}