{
    "time": [
        28.619341539057285,
        28.629341539057286,
        28.639341539057288,
        28.64934153905729,
        28.65934153905729,
        28.669341539057292,
        28.679341539057294,
        28.689341539057295,
        28.699341539057297,
        28.7093415390573,
        28.7193415390573,
        28.7293415390573,
        28.739341539057303,
        28.749341539057305,
        28.759341539057306,
        28.769341539057308,
        28.77934153905731,
        28.78934153905731,
        28.799341539057313,
        28.809341539057314,
        28.819341539057316,
        28.829341539057317,
        28.83934153905732,
        28.84934153905732,
        28.859341539057322,
        28.869341539057324,
        28.879341539057325,
        28.889341539057327,
        28.89934153905733,
        28.90934153905733,
        28.91934153905733,
        28.929341539057333,
        28.939341539057335,
        28.949341539057336,
        28.959341539057338,
        28.96934153905734,
        28.97934153905734,
        28.989341539057342,
        28.999341539057344,
        29.009341539057345,
        29.019341539057347,
        29.02934153905735,
        29.03934153905735,
        29.04934153905735,
        29.059341539057353,
        29.069341539057355,
        29.079341539057356,
        29.089341539057358,
        29.09934153905736,
        29.10934153905736,
        29.119341539057363,
        29.129341539057364,
        29.139341539057366,
        29.149341539057367,
        29.15934153905737,
        29.16934153905737,
        29.179341539057372,
        29.189341539057374,
        29.199341539057375,
        29.209341539057377,
        29.21934153905738,
        29.22934153905738,
        29.23934153905738,
        29.249341539057383,
        29.259341539057385,
        29.269341539057386,
        29.279341539057388,
        29.28934153905739,
        29.29934153905739,
        29.308092254366088
    ],
    "frequency": [
        7282.270452233917,
        7255.427854044163,
        7265.2596617273675,
        7446.299196344439,
        7667.499999727259,
        7837.638962867274,
        7895.797925611756,
        7953.956888356237,
        8021.513364343526,
        8089.365487545404,
        8173.232527308229,
        8273.892270519817,
        8374.552013731402,
        8475.211756942988,
        8620.84521729959,
        8771.256327845633,
        8921.667438391676,
        9072.07854893772,
        9269.597578969895,
        9471.990769320655,
        9674.383959671413,
        9898.328306428564,
        10147.581003904867,
        10396.83370138117,
        10646.086398857471,
        10895.339096333773,
        11144.591793810076,
        11393.844491286378,
        11670.975075473596,
        11959.764407722025,
        12248.553739970454,
        12537.343072218884,
        12764.258012902508,
        12965.577499325675,
        13166.896985748841,
        13368.216472172007,
        13569.535958595174,
        13775.560842956656,
        13991.091116656768,
        14206.621390356879,
        14327.758042754907,
        14447.710903415362,
        14515.844632953475,
        14569.529829332994,
        15354.657359414092,
        16147.263747807978,
        16939.870136201866,
        17732.476524595753,
        18525.082912989634,
        18646.505836034958,
        18711.27027008489,
        18734.91899504155,
        18672.19369869317,
        18609.46840234479,
        18441.13021414033,
        18232.298429569506,
        18011.54936341337,
        17705.982759282535,
        17400.416155151703,
        17019.30841397331,
        16569.453216231646,
        16119.598018489987,
        15794.731173738812,
        15480.16106549634,
        15238.136395292435,
        15147.309519501698,
        15056.482643710959,
        15046.03155101118,
        15066.131802690532,
        15083.720960698443
    ]
}