{
    "time": [
        41.090084614614824,
        41.10008461461482,
        41.11008461461482,
        41.12008461461482,
        41.130084614614816,
        41.140084614614814,
        41.15008461461481,
        41.16008461461481,
        41.17008461461481,
        41.180084614614806,
        41.190084614614804,
        41.2000846146148,
        41.2100846146148,
        41.2200846146148,
        41.230084614614796,
        41.240084614614794,
        41.25008461461479,
        41.26008461461479,
        41.27008461461479,
        41.280084614614786,
        41.290084614614784,
        41.30008461461478,
        41.31008461461478,
        41.31469367467255
    ],
    "frequency": [
        12046.538396932221,
        12205.113273884905,
        12363.68815083759,
        12508.173350367622,
        12611.85692375974,
        12714.235415705469,
        12770.869300331433,
        12827.503184957397,
        12884.13706958336,
        12916.580633539692,
        12916.580633539692,
        12916.580633539692,
        12916.58063353969,
        12900.397703156776,
        12848.555916460708,
        12796.71412976464,
        12744.872343068571,
        12693.030556372505,
        12550.009868690904,
        12391.434991738211,
        12232.860114785532,
        12074.285237832872,
        11897.876777668647,
        11788.244607939378
    ]
}