{
    "time": [
        19.776396656770626,
        19.786396656770627,
        19.79639665677063,
        19.80639665677063,
        19.816396656770632,
        19.826396656770633,
        19.836396656770635,
        19.846396656770636,
        19.856396656770638,
        19.86639665677064,
        19.87639665677064,
        19.886396656770643,
        19.896396656770644,
        19.906396656770646,
        19.916396656770647,
        19.92639665677065,
        19.93639665677065,
        19.946396656770652,
        19.956396656770654,
        19.966396656770655,
        19.976396656770657,
        19.98639665677066,
        19.99639665677066,
        20.00639665677066,
        20.016396656770663,
        20.026396656770665,
        20.036396656770666,
        20.046396656770668,
        20.05639665677067,
        20.06639665677067,
        20.076396656770672,
        20.086396656770674,
        20.096396656770676,
        20.106396656770677,
        20.11639665677068,
        20.12639665677068,
        20.136396656770682,
        20.146396656770683,
        20.156396656770685,
        20.166396656770686,
        20.167232495153343
    ],
    "frequency": [
        9969.691683098505,
        9796.434299850911,
        9713.560955634963,
        9694.190564961316,
        9689.32782866941,
        9707.168977974083,
        9725.010127278754,
        9760.44913700299,
        9821.465867624973,
        9882.482598246956,
        9945.318607685122,
        10013.114975042889,
        10080.911342400654,
        10150.554761020594,
        10224.807925269562,
        10299.061089518531,
        10373.3142537675,
        10424.398929998533,
        10475.24620551685,
        10526.093481035172,
        10568.93124153804,
        10610.362354923338,
        10651.106522773101,
        10665.37944221684,
        10679.652361660577,
        10692.922549633162,
        10683.883033985461,
        10674.84351833776,
        10640.08728122406,
        10593.700293031903,
        10547.31330483975,
        10489.795277432284,
        10427.648607354344,
        10424.070532581749,
        10433.11004822945,
        10482.36668766481,
        10577.281601965671,
        10912.681749891555,
        11163.89165723099,
        11397.41247812998,
        11416.93104465565
    ]
}