{
    "time": [
        58.00318158571409,
        58.01318158571409,
        58.023181585714084,
        58.03318158571408,
        58.04318158571408,
        58.05318158571408,
        58.06318158571408,
        58.073181585714075,
        58.08318158571407,
        58.09318158571407,
        58.10318158571407,
        58.11318158571407,
        58.123181585714065,
        58.13318158571406,
        58.14318158571406,
        58.15318158571406,
        58.16318158571406,
        58.173181585714055,
        58.18318158571405,
        58.19318158571405,
        58.19516103930033
    ],
    "frequency": [
        15270.825441578692,
        14476.771216490164,
        13982.340129041946,
        13504.82236722078,
        13195.802937565531,
        12916.8516423585,
        12805.604647682627,
        12694.357653006755,
        12583.110658330883,
        12471.863663655009,
        12384.002995772189,
        12349.667503588282,
        12315.332011404374,
        12280.996519220467,
        12274.594065177313,
        12274.594065177313,
        12274.594065177314,
        12404.380348635299,
        12655.458635230145,
        13310.591551350608,
        13443.124301973852
    ]
}