{
    "time": [
        34.3814995160431,
        34.3914995160431,
        34.401499516043096,
        34.411499516043094,
        34.42149951604309,
        34.43149951604309,
        34.44149951604309,
        34.451499516043086,
        34.461499516043084,
        34.47149951604308,
        34.48149951604308,
        34.48506248954086
    ],
    "frequency": [
        10722.630178946705,
        10840.341188929138,
        10958.052198911573,
        11075.763208894006,
        11198.683070290357,
        11324.923863604854,
        11451.164656919347,
        11577.405450233844,
        11736.396829717132,
        11979.666250347414,
        12531.27497900718,
        12894.756026776377
    ]
}