{
    "time": [
        22.6120812571265,
        22.622081257126503,
        22.632081257126504,
        22.642081257126506,
        22.652081257126508,
        22.66208125712651,
        22.67208125712651,
        22.682081257126512,
        22.692081257126514,
        22.702081257126515,
        22.712081257126517,
        22.72208125712652,
        22.73208125712652,
        22.74208125712652,
        22.752081257126523,
        22.762081257126525,
        22.772081257126526,
        22.782081257126528,
        22.79208125712653,
        22.80208125712653,
        22.812081257126533,
        22.822081257126534,
        22.832081257126536,
        22.842081257126537,
        22.85208125712654,
        22.86208125712654,
        22.872081257126542,
        22.882081257126544,
        22.892081257126545,
        22.902081257126547,
        22.912081257126548,
        22.92208125712655,
        22.93208125712655,
        22.942081257126553,
        22.952081257126554,
        22.962081257126556,
        22.972081257126558,
        22.98208125712656,
        22.99208125712656,
        23.002081257126562,
        23.012081257126564,
        23.022081257126565,
        23.032081257126567,
        23.04208125712657,
        23.05208125712657,
        23.06208125712657,
        23.072081257126573,
        23.082081257126575,
        23.092081257126576,
        23.102081257126578,
        23.11208125712658,
        23.12208125712658,
        23.132081257126583,
        23.142081257126584,
        23.152081257126586,
        23.162081257126587,
        23.17208125712659,
        23.18208125712659,
        23.192081257126592,
        23.202081257126594,
        23.212081257126595,
        23.222081257126597,
        23.232081257126598,
        23.2420812571266,
        23.2520812571266,
        23.262081257126603,
        23.272081257126604,
        23.282081257126606,
        23.292081257126608,
        23.30208125712661,
        23.308616322421383
    ],
    "frequency": [
        14352.26814944824,
        13900.161395028488,
        13498.49149979114,
        13209.165427657044,
        12919.839355522947,
        12568.543996515296,
        12209.004365894118,
        11869.579182466116,
        11554.21602595544,
        11239.78847448473,
        10957.770987179994,
        10675.753499875262,
        10429.345169252572,
        10206.597724269945,
        9997.580083235596,
        9853.952077806134,
        9710.324072376674,
        9611.624269716922,
        9528.199943435018,
        9455.541814936258,
        9405.866533593287,
        9356.191252250319,
        9320.16876596615,
        9285.803687050375,
        9253.119068835083,
        9222.371911568656,
        9193.303748338192,
        9207.666872110674,
        9222.029995883158,
        9241.104035124416,
        9263.190513135463,
        9296.152109699517,
        9377.764798777162,
        9459.377487854808,
        9533.00691123074,
        9604.051785884614,
        9674.97153705006,
        9745.635134658914,
        9816.298732267767,
        9921.836462451476,
        10031.210089231416,
        10151.868623672848,
        10285.067950184395,
        10421.504781225178,
        10624.505349436215,
        10827.50591764725,
        11065.105694325643,
        11323.99083058169,
        11590.292819824774,
        11887.836268124467,
        12185.37971642416,
        12439.546726974326,
        12680.358844447865,
        12899.308184621561,
        13075.309340170395,
        13251.310495719232,
        13369.23205006231,
        13481.414300154445,
        13586.622573020297,
        13684.36015494306,
        13778.563026803206,
        13812.662313704508,
        13846.76160060581,
        13856.061204251175,
        13850.688223318673,
        13834.81439016951,
        13777.203201081846,
        13719.59201199418,
        13591.521221209212,
        13442.848253168737,
        13345.68949779752
    ]
}