{
    "time": [
        21.717104386081857,
        21.72710438608186,
        21.73710438608186,
        21.747104386081862,
        21.757104386081863,
        21.767104386081865,
        21.777104386081866,
        21.787104386081868,
        21.79710438608187,
        21.80710438608187,
        21.817104386081873,
        21.827104386081874,
        21.837104386081876,
        21.847104386081877,
        21.85710438608188,
        21.86710438608188,
        21.877104386081882,
        21.885081989068127
    ],
    "frequency": [
        8297.157344460873,
        8506.39472984162,
        8715.632115222368,
        8906.870131947708,
        9086.124558349082,
        9247.365360350583,
        9336.83892520839,
        9426.312490066199,
        9513.385060719658,
        9599.860979517745,
        9698.44551313848,
        9815.096421898143,
        9931.666987537808,
        9998.09675110063,
        10064.526514663448,
        10090.352947060233,
        10089.32632367391,
        10088.507324294662
    ]
}