{
    "time": [
        38.122916944407415,
        38.13291694440741,
        38.14291694440741,
        38.15291694440741,
        38.16291694440741,
        38.172916944407405,
        38.1829169444074,
        38.1929169444074,
        38.2029169444074,
        38.2129169444074,
        38.222916944407395,
        38.23291694440739,
        38.24291694440739,
        38.25291694440739,
        38.26291694440739,
        38.272916944407385,
        38.28291694440738,
        38.29291694440738,
        38.30291694440738,
        38.31291694440738,
        38.322916944407375,
        38.33291694440737,
        38.34291694440737,
        38.35291694440737,
        38.36291694440737,
        38.372916944407365,
        38.378882815624586
    ],
    "frequency": [
        9479.922764783114,
        9452.087259192305,
        9424.251753601497,
        9391.602444154521,
        9352.834954692946,
        9314.067465231368,
        9295.704696735093,
        9280.1064188934,
        9265.263881718032,
        9252.01976115962,
        9238.775640601209,
        9228.197557258973,
        9218.455090554282,
        9209.053958277573,
        9201.003725243952,
        9192.953492210334,
        9171.065477397493,
        9141.462669379147,
        9110.853166158335,
        9069.031554395606,
        9027.209942632873,
        8968.766980055461,
        8895.148185823502,
        8821.529391591544,
        8766.01233881356,
        8711.189386586982,
        8678.482719313815
    ]
}