{
    "time": [
        50.89721370483936,
        50.90721370483936,
        50.917213704839355,
        50.92721370483935,
        50.93721370483935,
        50.94721370483935,
        50.95721370483935,
        50.967213704839345,
        50.97721370483934,
        50.98721370483934,
        50.99721370483934,
        51.00721370483934,
        51.017213704839335,
        51.02721370483933,
        51.03721370483933,
        51.04721370483933,
        51.05721370483933,
        51.067213704839325,
        51.07721370483932,
        51.08721370483932,
        51.09721370483932,
        51.10721370483932,
        51.117213704839315,
        51.12118384215439
    ],
    "frequency": [
        11184.815670693999,
        11323.883770332788,
        11462.951869971579,
        11547.205387388178,
        11579.09714297045,
        11607.943419288487,
        11506.762514896996,
        11405.581610505507,
        11302.91853688204,
        11198.96374241843,
        11100.13238703878,
        11108.1123010336,
        11116.092215028417,
        11124.830131220213,
        11134.170386824298,
        11140.343109724592,
        11103.548097731882,
        11066.753085739172,
        11031.925812038164,
        10998.522864912815,
        10963.509398620756,
        10912.51348411177,
        10861.517569602787,
        10841.271491291947
    ]
}