{
    "time": [
        1.6797760298626851,
        1.6897760298626852,
        1.6997760298626852,
        1.7097760298626852,
        1.7197760298626852,
        1.7297760298626852,
        1.7397760298626852,
        1.7497760298626852,
        1.7597760298626852,
        1.7697760298626852,
        1.7797760298626852,
        1.7897760298626852,
        1.7997760298626853,
        1.8097760298626853,
        1.8197760298626853,
        1.8297760298626853,
        1.8397760298626853,
        1.8497760298626853,
        1.8597760298626853,
        1.8697760298626853,
        1.8797760298626853,
        1.8897760298626853,
        1.8997760298626853,
        1.9097760298626854,
        1.9197760298626854,
        1.9297760298626854,
        1.9397760298626854,
        1.9497760298626854,
        1.9597760298626854,
        1.9697760298626854,
        1.9797760298626854,
        1.9897760298626854,
        1.9997760298626854,
        2.009776029862685,
        2.0197760298626855,
        2.0297760298626857,
        2.0397760298626855,
        2.0497760298626853,
        2.0597760298626855,
        2.0697760298626857,
        2.0797760298626855,
        2.0897760298626853,
        2.0997760298626855,
        2.1097760298626858,
        2.1197760298626855,
        2.1297760298626853,
        2.1397760298626856,
        2.149776029862686,
        2.1597760298626856,
        2.1697760298626854,
        2.1797760298626856,
        2.189776029862686,
        2.1997760298626856,
        2.2097760298626854,
        2.2197760298626856,
        2.229776029862686,
        2.2397760298626856,
        2.2497760298626854,
        2.2597760298626857,
        2.269776029862686,
        2.2797760298626857,
        2.2897760298626855,
        2.2997760298626857,
        2.309776029862686,
        2.3197760298626857,
        2.3297760298626855,
        2.3397760298626857,
        2.349776029862686,
        2.3597760298626858,
        2.3697760298626855,
        2.3797760298626858,
        2.389776029862686,
        2.399776029862686,
        2.4097760298626856,
        2.419776029862686,
        2.429776029862686,
        2.439776029862686,
        2.4497760298626856,
        2.459776029862686,
        2.469776029862686,
        2.479776029862686,
        2.4897760298626856,
        2.495667244367418
    ],
    "frequency": [
        10316.780714886587,
        9841.524322509871,
        9366.267930133157,
        9024.947236095257,
        8772.798032978913,
        8524.443169457521,
        8291.205156574903,
        8057.967143692282,
        7920.660792701869,
        7807.193651299513,
        7713.962987736917,
        7650.925686957831,
        7587.969063166811,
        7575.361603010994,
        7562.754142855178,
        7581.81853440807,
        7621.82913840885,
        7657.3057677933475,
        7674.897555975589,
        7692.489344157831,
        7720.5609890481455,
        7751.210817955845,
        7769.5124555611765,
        7769.5124555611765,
        7769.593132549243,
        7794.808052860877,
        7820.022973172511,
        7849.04231770261,
        7880.5609680921525,
        7917.219414929702,
        7973.95298563088,
        8030.686556332058,
        8051.935698449097,
        8064.543158604914,
        8087.349534668678,
        8125.1719151361285,
        8162.843026250956,
        8169.146756328864,
        8175.450486406775,
        8189.383234168628,
        8208.294424402353,
        8227.205614636077,
        8246.116804869805,
        8265.027995103532,
        8299.99857786988,
        8338.840526440337,
        8395.355585849897,
        8477.718875327804,
        8560.262498079244,
        8670.806618490049,
        8781.35073890086,
        8891.615664588404,
        9001.699613691977,
        9119.249124364453,
        9265.391783917697,
        9411.534443470944,
        9558.76378906532,
        9706.25242483959,
        9842.42783187175,
        9962.16613121875,
        10081.74892860788,
        10182.046891522328,
        10282.34485443678,
        10374.650018142731,
        10461.80882110474,
        10553.740561267032,
        10663.775914988993,
        10773.811268710953,
        10897.264432352185,
        11023.886304235724,
        11152.432422412983,
        11283.755848514491,
        11415.499562623098,
        11590.608826797776,
        11765.718090972463,
        11971.102538895148,
        12195.84986936353,
        12417.785736537082,
        12629.160342735035,
        12840.534948932986,
        13006.728214607792,
        13162.361828163626,
        13254.048928324033
    ]
}