{
    "time": [
        37.03817015525921,
        37.04817015525921,
        37.058170155259205,
        37.0681701552592,
        37.0781701552592,
        37.0881701552592,
        37.0981701552592,
        37.108170155259195,
        37.11817015525919,
        37.12817015525919,
        37.13817015525919,
        37.14817015525919,
        37.158170155259185,
        37.16817015525918,
        37.17817015525918,
        37.18817015525918,
        37.19817015525918,
        37.208170155259175,
        37.21817015525917,
        37.22817015525917,
        37.23817015525917,
        37.24817015525917,
        37.25420406204442
    ],
    "frequency": [
        9258.768385468142,
        9381.644785779505,
        9504.521186090868,
        9627.39758640223,
        9921.64050283131,
        10282.224225173548,
        10638.824239159245,
        10804.986644125764,
        10971.149049092282,
        11137.3114540588,
        11303.473859025318,
        11469.636263991837,
        11635.798668958356,
        11764.374832360367,
        11873.171645136059,
        11981.96845791175,
        12090.765270687443,
        12199.562083463134,
        12308.358896238824,
        12417.155709014516,
        12525.952521790208,
        12634.749334565899,
        12700.39631724805
    ]
}