{
    "time": [
        19.56282364382721,
        19.57282364382721,
        19.58282364382721,
        19.592823643827213,
        19.602823643827215,
        19.612823643827216,
        19.622823643827218,
        19.63282364382722,
        19.64282364382722,
        19.652823643827222,
        19.662823643827224,
        19.672823643827225,
        19.682823643827227,
        19.69282364382723,
        19.70282364382723,
        19.71282364382723,
        19.722823643827233,
        19.732823643827235,
        19.742823643827236,
        19.752823643827238,
        19.76282364382724,
        19.77282364382724,
        19.782823643827243,
        19.792823643827244,
        19.802823643827246,
        19.812823643827247,
        19.82282364382725,
        19.83282364382725,
        19.842823643827252,
        19.852823643827254,
        19.862823643827255,
        19.872823643827257,
        19.88282364382726,
        19.89282364382726,
        19.90282364382726,
        19.912823643827263,
        19.922823643827265,
        19.932823643827266,
        19.942823643827268,
        19.95282364382727,
        19.95418943695954
    ],
    "frequency": [
        17067.87543783913,
        16505.807836768596,
        15943.74023569806,
        15381.672634627523,
        14814.289254892778,
        14234.037113787652,
        13696.449135879533,
        13299.695535123825,
        12902.941934368111,
        12638.233908344759,
        12415.060007919703,
        12226.277049383034,
        12122.12922918467,
        12017.981408986303,
        11913.833588787938,
        11821.020520607839,
        11783.824870536995,
        11746.629220466148,
        11709.433570395304,
        11672.237920324456,
        11635.042270253613,
        11610.799149073533,
        11605.839729064088,
        11600.880309054639,
        11595.920889045196,
        11590.961469035748,
        11586.002049026303,
        11571.118511038989,
        11521.524310944531,
        11471.930110850071,
        11422.335910755612,
        11354.510013569485,
        11269.491384836118,
        11184.47275610275,
        11118.959459351152,
        11064.856695611745,
        11010.75393187234,
        10956.651168132932,
        10888.220165312327,
        10689.843364934472,
        10662.749197778718
    ]
}