{
    "time": [
        38.42683095399661,
        38.436830953996605,
        38.4468309539966,
        38.4568309539966,
        38.4668309539966,
        38.4768309539966,
        38.486830953996595,
        38.49683095399659,
        38.50683095399659,
        38.51683095399659,
        38.52683095399659,
        38.536830953996585,
        38.54683095399658,
        38.55683095399658,
        38.56683095399658,
        38.57683095399658,
        38.586830953996575,
        38.59683095399657,
        38.60683095399657,
        38.61683095399657,
        38.62683095399657,
        38.636830953996565,
        38.64683095399656,
        38.65683095399656,
        38.66683095399656,
        38.67683095399656,
        38.686830953996555,
        38.69683095399655,
        38.70683095399655,
        38.71683095399655,
        38.72683095399655,
        38.736830953996545,
        38.74683095399654,
        38.75683095399654,
        38.76683095399654,
        38.77683095399654,
        38.786830953996535,
        38.79683095399653,
        38.80683095399653,
        38.81683095399653,
        38.82683095399653,
        38.836830953996525,
        38.84683095399652,
        38.85683095399652,
        38.86683095399652,
        38.87683095399652,
        38.886830953996515,
        38.89683095399651,
        38.90683095399651,
        38.91683095399651,
        38.92683095399651,
        38.936830953996505,
        38.9468309539965,
        38.9568309539965,
        38.9668309539965,
        38.9768309539965,
        38.986830953996495,
        38.99683095399649,
        39.00683095399649,
        39.01683095399649,
        39.02683095399649,
        39.036830953996486,
        39.04683095399648,
        39.05683095399648,
        39.06683095399648,
        39.07683095399648,
        39.086830953996476,
        39.0889057929531
    ],
    "frequency": [
        12392.105124010299,
        12784.053497471416,
        13176.001870932532,
        13594.763359907276,
        14022.343403682915,
        14602.416859813815,
        15250.26541098925,
        15849.903166912007,
        16421.481592419863,
        16993.060017927713,
        17564.638443435568,
        18136.216868943422,
        18707.795294451273,
        19389.82125009509,
        20072.173596824927,
        20390.435934235433,
        20463.3035753142,
        20516.156848169132,
        20487.785080988295,
        20459.41331380747,
        20458.121135329813,
        20463.683119567053,
        20469.245103804296,
        20474.807088041533,
        20480.369072278776,
        20415.48725176559,
        20350.5104384359,
        20230.113177197818,
        20072.610621037886,
        19933.5964717744,
        19868.86378027108,
        19804.13108876776,
        19725.896415713083,
        19644.278083005658,
        18053.17043907739,
        16358.414434887836,
        16104.230370928137,
        15853.890193764426,
        15624.779227684208,
        15395.66826160399,
        15228.227388575699,
        15086.396790526082,
        14913.382419023637,
        14651.541314932036,
        14389.700210840436,
        14234.311843113901,
        14103.3912910681,
        13972.470739022283,
        13841.550186976445,
        13710.629634930607,
        13659.975971653075,
        13616.335787637809,
        13572.695603622542,
        13529.055419607277,
        13483.70154664508,
        13374.60108660688,
        13265.500626568682,
        13131.113015760346,
        12978.372371706912,
        12829.975471323778,
        12709.964965281793,
        12589.954459239809,
        12492.39621547224,
        12405.115847441679,
        12323.055907989217,
        12257.595631966316,
        12192.135355943416,
        12178.553402863048
    ]
}