{
    "time": [
        53.466183995425446,
        53.476183995425444,
        53.48618399542544,
        53.49618399542544,
        53.50618399542544,
        53.516183995425436,
        53.526183995425434,
        53.53618399542543,
        53.54618399542543,
        53.55618399542543,
        53.566183995425426,
        53.576183995425424,
        53.58618399542542,
        53.59618399542542,
        53.60618399542542,
        53.616183995425416,
        53.626183995425414,
        53.63618399542541,
        53.64618399542541,
        53.65618399542541,
        53.666183995425406,
        53.676183995425404,
        53.6861839954254,
        53.6961839954254,
        53.7061839954254,
        53.716183995425396,
        53.726183995425394,
        53.73618399542539,
        53.74618399542539,
        53.75618399542539,
        53.766183995425386,
        53.776183995425384,
        53.78618399542538,
        53.79618399542538,
        53.80618399542538,
        53.81618399542538,
        53.826183995425374,
        53.83618399542537,
        53.84618399542537,
        53.85618399542537,
        53.86618399542537,
        53.876183995425365,
        53.88618399542536,
        53.89618399542536,
        53.90618399542536,
        53.91618399542536,
        53.926183995425355,
        53.93618399542535,
        53.94618399542535,
        53.95079433337121
    ],
    "frequency": [
        7379.784057584738,
        7374.416512863389,
        7369.048968142039,
        7363.6814234206895,
        7358.31387869934,
        7354.903323432669,
        7354.903323432669,
        7354.903323432668,
        7354.903323432669,
        7418.898955321288,
        7596.027931125813,
        7773.156906930336,
        7950.285882734861,
        8127.414858539384,
        8402.42420435876,
        8901.009469586264,
        9340.681894671463,
        9694.939846280518,
        10049.19779788957,
        10403.455749498624,
        10728.441840241048,
        11047.273996689211,
        11407.0305829195,
        11782.758713414012,
        12057.811491112754,
        12182.843709327713,
        12307.875927542675,
        12432.908145757634,
        12491.30302561951,
        12535.038575200877,
        12578.774124782241,
        12622.509674363606,
        12666.245223944972,
        12705.169574361402,
        12712.115808706676,
        12719.062043051952,
        12726.008277397226,
        12717.357464848525,
        12695.88728596313,
        12674.417107077732,
        12652.946928192334,
        12631.476749306938,
        12584.200789829807,
        12534.480375568888,
        12484.759961307971,
        12435.039547047052,
        12282.790634943287,
        12120.422407122485,
        11958.05417930168,
        11883.196939109192
    ]
}