{
    "time": [
        13.064980694545934,
        13.074980694545934,
        13.084980694545933,
        13.094980694545933,
        13.104980694545933,
        13.114980694545933,
        13.124980694545933,
        13.134980694545932,
        13.144980694545932,
        13.154980694545932,
        13.164980694545932,
        13.174980694545932,
        13.184980694545931,
        13.194980694545931,
        13.204980694545931,
        13.21498069454593,
        13.22498069454593,
        13.23498069454593,
        13.24498069454593,
        13.25498069454593,
        13.26498069454593,
        13.27498069454593,
        13.28498069454593,
        13.294980694545929,
        13.304980694545929,
        13.314980694545929,
        13.324980694545928,
        13.334980694545928,
        13.344980694545928,
        13.354980694545928,
        13.364980694545928,
        13.374980694545927,
        13.384980694545927,
        13.394980694545927,
        13.404980694545927,
        13.414980694545926,
        13.424980694545926,
        13.434980694545926,
        13.444980694545926,
        13.454980694545926,
        13.464980694545925,
        13.474980694545925,
        13.484980694545925,
        13.494980694545925,
        13.504980694545925,
        13.514980694545924,
        13.524980694545924,
        13.534980694545924,
        13.544980694545924,
        13.554980694545923,
        13.564980694545923,
        13.574980694545923,
        13.58218904146114
    ],
    "frequency": [
        15653.232868992834,
        15165.286063688063,
        14727.193703154426,
        14313.385831860864,
        13884.963062857754,
        13417.574873468579,
        12950.186684079403,
        12567.208700093486,
        12196.500784920885,
        11946.994271330019,
        11832.306309490792,
        11724.668770708506,
        11705.610842136906,
        11686.552913565301,
        11680.340905345198,
        11680.340905345198,
        11682.225711030376,
        11689.095388904818,
        11695.965066779258,
        11696.825934240002,
        11696.825934240002,
        11696.825934240002,
        11696.825934240002,
        11696.825934240002,
        11696.825934240002,
        11696.825934240002,
        11678.260058838543,
        11650.78134734078,
        11627.094227251904,
        11613.354871503023,
        11599.615515754142,
        11585.876160005264,
        11572.136804256383,
        11545.300939359367,
        11504.08287211273,
        11464.450167289422,
        11443.841133666103,
        11423.232100042782,
        11384.013230940953,
        11335.925485819873,
        11276.39702635657,
        11187.091213988853,
        11097.785401621139,
        10996.418008348985,
        10893.37284023239,
        10777.187202890611,
        10646.663323276247,
        10520.994441105233,
        10452.297662360832,
        10383.600883616433,
        10310.240655983145,
        10234.674199364308,
        10180.20327591808
    ]
}