{
    "time": [
        3.03159578722837,
        3.0415957872283697,
        3.0515957872283694,
        3.0615957872283692,
        3.071595787228369,
        3.081595787228369,
        3.0915957872283686,
        3.1015957872283684,
        3.111595787228368,
        3.121595787228368,
        3.1315957872283677,
        3.1415957872283675,
        3.1515957872283673,
        3.161595787228367,
        3.171595787228367,
        3.1815957872283667,
        3.191574456739102
    ],
    "frequency": [
        9063.822271372092,
        9178.202722360027,
        9292.58317334796,
        9380.905661526267,
        9417.195509623649,
        9453.485357721027,
        9485.883303898414,
        9516.341518695379,
        9546.850968662138,
        9625.34855954595,
        9703.84615042976,
        9776.773744192871,
        9838.632327349715,
        9900.490910506562,
        9936.528533868874,
        9959.758672785818,
        9982.939260679883
    ]
}