{
    "time": [
        14.702039728036263,
        14.712039728036263,
        14.722039728036263,
        14.732039728036263,
        14.742039728036263,
        14.752039728036262,
        14.762039728036262,
        14.772039728036262,
        14.782039728036262,
        14.792039728036261,
        14.802039728036261,
        14.812039728036261,
        14.82203972803626,
        14.83203972803626,
        14.84203972803626,
        14.846020530595922
    ],
    "frequency": [
        12052.947029975794,
        12194.301403275858,
        12335.655776575926,
        12428.918375741965,
        12490.162511915798,
        12556.80414014908,
        12644.949663657073,
        12733.095187165067,
        12789.5627811523,
        12838.158346382119,
        12869.261842056498,
        12874.26670504863,
        12879.210569139197,
        12846.086035403237,
        12812.961501667281,
        12799.77527879891
    ]
}