{
    "time": [
        32.57965604586055,
        32.58965604586055,
        32.59965604586055,
        32.60965604586055,
        32.619656045860545,
        32.62965604586054,
        32.63965604586054,
        32.64965604586054,
        32.65965604586054,
        32.669656045860535,
        32.67965604586053,
        32.68965604586053,
        32.69965604586053,
        32.70965604586053,
        32.719656045860525,
        32.72965604586052,
        32.73965604586052,
        32.74965604586052,
        32.75965604586052,
        32.769656045860515,
        32.77163044927343
    ],
    "frequency": [
        9328.540329980615,
        9436.751158509884,
        9544.961987039153,
        9611.969866404737,
        9651.545713437892,
        9691.41294575254,
        9732.441072517573,
        9773.469199282608,
        9840.187339445247,
        9913.289499248847,
        10019.882052414036,
        10176.44316258531,
        10332.873563595762,
        10407.730555687973,
        10482.587547780186,
        10572.735583649057,
        10672.996367406673,
        10780.140072778966,
        10914.43434040774,
        11048.728608036516,
        11075.243714070655
    ]
}