{
    "time": [
        16.31848765567542,
        16.32848765567542,
        16.338487655675422,
        16.348487655675424,
        16.358487655675425,
        16.368487655675427,
        16.37848765567543,
        16.38848765567543,
        16.39848765567543,
        16.408487655675433,
        16.418487655675435,
        16.428487655675436,
        16.438487655675438,
        16.44848765567544,
        16.45848765567544,
        16.468487655675442,
        16.478487655675444,
        16.488487655675446,
        16.498487655675447,
        16.50848765567545,
        16.51848765567545,
        16.528487655675452,
        16.538487655675453,
        16.548487655675455,
        16.558487655675457,
        16.568487655675458,
        16.57848765567546,
        16.58848765567546,
        16.598487655675463,
        16.608487655675464,
        16.618487655675466,
        16.628487655675467,
        16.63848765567547,
        16.64848765567547,
        16.658487655675472,
        16.668487655675474,
        16.678487655675475,
        16.688487655675477,
        16.69848765567548,
        16.70848765567548,
        16.71848765567548,
        16.728487655675483,
        16.738487655675485,
        16.748487655675486,
        16.758487655675488,
        16.76848765567549,
        16.77848765567549,
        16.788487655675493,
        16.798487655675494,
        16.808487655675496,
        16.818487655675497,
        16.8284876556755,
        16.8384876556755,
        16.848487655675502,
        16.85491525449092
    ],
    "frequency": [
        10355.57843501729,
        10418.956522634355,
        10482.334610251417,
        10545.71269786848,
        10617.07600813774,
        10733.269168769011,
        10849.462329400281,
        10965.655490031553,
        11081.848650662823,
        11272.964225677491,
        11480.383421515162,
        11706.985025206535,
        12023.87546329182,
        12339.897757466648,
        12572.28407872919,
        12804.670399991732,
        12969.195435935524,
        13121.30284621646,
        13229.223897735004,
        13280.865302460017,
        13332.506707185028,
        13384.148111910043,
        13435.789516635054,
        13487.430921360066,
        13539.072326085077,
        13562.746163550008,
        13584.790715764637,
        13606.835267979268,
        13628.879820193897,
        13650.924372408528,
        13667.751317467839,
        13677.140663781476,
        13686.530010095117,
        13695.919356408755,
        13705.308702722392,
        13714.698049036033,
        13724.08739534967,
        13739.93726511093,
        13756.368621159796,
        13772.799977208662,
        13789.23133325753,
        13805.662689306397,
        13822.094045355263,
        13847.883734733381,
        13886.461701108985,
        13925.039667484587,
        13963.61763386019,
        14002.195600235793,
        14040.773566611397,
        14162.159929979542,
        14293.79134272266,
        14425.42275546578,
        14717.696100932486,
        15095.429033002274,
        15356.145142372348
    ]
}