{
    "time": [
        13.974136781762432,
        13.984136781762432,
        13.994136781762432,
        14.004136781762432,
        14.014136781762431,
        14.024136781762431,
        14.034136781762431,
        14.04413678176243,
        14.05413678176243,
        14.06413678176243,
        14.07413678176243,
        14.08413678176243,
        14.09413678176243,
        14.10413678176243,
        14.11413678176243,
        14.124136781762429,
        14.134115451273164
    ],
    "frequency": [
        11627.645734315785,
        11499.633351723633,
        11371.620969131482,
        11243.43728062048,
        11114.911527793687,
        10986.385774966899,
        10936.289476010961,
        10925.282567268336,
        10914.226114506902,
        10856.765495122687,
        10799.304875738471,
        10742.91705888867,
        10688.661175390811,
        10634.405291892952,
        10641.477043723582,
        10678.967987628821,
        10716.378961516413
    ]
}