{
    "time": [
        32.38775449843751,
        32.39775449843751,
        32.407754498437505,
        32.4177544984375,
        32.4277544984375,
        32.4377544984375,
        32.4477544984375,
        32.457754498437495,
        32.46151539312706
    ],
    "frequency": [
        11647.04672698418,
        11843.378062319529,
        12039.709397654879,
        12236.040732990228,
        12432.372068325578,
        12628.703403660926,
        12825.034738996275,
        13021.366074331625,
        13095.204221977394
    ]
}