{
    "time": [
        35.814518569768964,
        35.82451856976896,
        35.83451856976896,
        35.84451856976896,
        35.854518569768956,
        35.864518569768954,
        35.87451856976895,
        35.88451856976895,
        35.89451856976895,
        35.904518569768946,
        35.914518569768944,
        35.92451856976894,
        35.93451856976894,
        35.94451856976894,
        35.954518569768936,
        35.964518569768934,
        35.97451856976893,
        35.98451856976893,
        35.99451856976893,
        36.004518569768926,
        36.014518569768924,
        36.02451856976892,
        36.03451856976892,
        36.04451856976892,
        36.054518569768916,
        36.064518569768914,
        36.07451856976891,
        36.08451856976891,
        36.09451856976891,
        36.104518569768906,
        36.114518569768904,
        36.1245185697689,
        36.1345185697689,
        36.1445185697689,
        36.154518569768896,
        36.164518569768894,
        36.17451856976889,
        36.18451856976889,
        36.19451856976889,
        36.20451856976889,
        36.214518569768885,
        36.22451856976888,
        36.23451856976888,
        36.24451856976888,
        36.25451856976888,
        36.264518569768875,
        36.27451856976887,
        36.28451856976887,
        36.28713305035614
    ],
    "frequency": [
        14091.561598317652,
        13808.220259086362,
        13491.713444855242,
        13169.771981148951,
        12854.187309408386,
        12547.57639159284,
        12240.965473777294,
        11982.94177460264,
        11777.306086933117,
        11594.117330784424,
        11450.3934630584,
        11306.669595332378,
        11190.276004929143,
        11076.323509803497,
        10962.37101467785,
        10848.418519552206,
        10690.753725649807,
        10453.609343901902,
        10272.984521442246,
        10177.42757154873,
        10081.87062165521,
        9986.313671761694,
        9890.756721868176,
        9795.199771974658,
        9701.212253140122,
        9609.90532540829,
        9518.598397676458,
        9456.146408346693,
        9325.945269193096,
        8987.641395930332,
        8701.045269188759,
        8655.874910760573,
        8610.704552332385,
        8565.5341939042,
        8525.524315192719,
        8487.19795046578,
        8448.871585738842,
        8410.545221011902,
        8372.218856284964,
        8333.892491558025,
        8272.192189290741,
        8207.516448814027,
        8142.8407083373095,
        8078.164967860594,
        8013.489227383876,
        7947.883122271836,
        7837.010424311766,
        7726.137726351695,
        7697.150274704215
    ]
}