{
    "time": [
        32.60357341252916,
        32.613573412529156,
        32.623573412529154,
        32.63357341252915,
        32.64357341252915,
        32.65357341252915,
        32.663573412529146,
        32.673573412529144,
        32.68357341252914,
        32.69357341252914,
        32.70357341252914,
        32.713573412529136,
        32.723573412529134,
        32.73357341252913,
        32.74357341252913,
        32.75357341252913,
        32.76357341252913,
        32.773573412529124,
        32.78357341252912,
        32.79357341252912,
        32.80357341252912,
        32.81357341252912,
        32.823573412529115,
        32.83357341252911,
        32.84357341252911,
        32.85357341252911,
        32.86357341252911,
        32.873573412529105,
        32.8835734125291,
        32.8935734125291,
        32.9035734125291,
        32.9135734125291,
        32.923573412529095,
        32.93357341252909,
        32.94357341252909,
        32.95357341252909,
        32.96357341252909,
        32.973573412529085,
        32.98357341252908,
        32.99357341252908,
        33.00194668428343
    ],
    "frequency": [
        10549.957715625684,
        10228.688257804206,
        9907.41879998273,
        9546.898631231867,
        9211.063315280882,
        8916.566312277957,
        8585.97595189244,
        8487.574325423317,
        8611.501018548504,
        8766.843553372231,
        8976.197240359654,
        9276.625587329785,
        9523.751675327781,
        9691.937901711979,
        9860.124128096177,
        10028.310354480373,
        10196.496580864568,
        10349.242623040685,
        10478.67716919366,
        10608.111715346633,
        10737.546261499605,
        10866.980807652577,
        10995.929273104386,
        11111.987604761318,
        11228.045936418248,
        11344.10426807518,
        11460.162599732112,
        11576.220931389042,
        11692.279263045973,
        11808.337594702905,
        11907.814011629405,
        11992.550212056887,
        12077.286412484369,
        12162.022612911853,
        12246.758813339335,
        12331.495013766817,
        12416.231214194298,
        12485.208335900381,
        12541.736301185556,
        12598.264266470731,
        12645.59666797607
    ]
}