{
    "time": [
        26.766283929490534,
        26.776283929490535,
        26.786283929490537,
        26.79628392949054,
        26.80628392949054,
        26.81628392949054,
        26.826283929490543,
        26.836283929490545,
        26.846283929490546,
        26.856283929490548,
        26.86628392949055,
        26.87628392949055,
        26.886283929490553,
        26.896283929490554,
        26.906283929490556,
        26.916283929490557,
        26.92628392949056,
        26.93628392949056,
        26.946283929490562,
        26.956283929490564,
        26.966283929490565,
        26.976283929490567,
        26.98628392949057,
        26.99628392949057,
        27.00628392949057,
        27.016283929490573,
        27.026283929490575,
        27.036283929490576,
        27.046283929490578,
        27.05628392949058,
        27.06628392949058,
        27.076283929490582,
        27.086283929490584,
        27.096283929490586,
        27.106283929490587,
        27.11628392949059,
        27.12628392949059,
        27.13628392949059,
        27.146283929490593,
        27.156283929490595,
        27.166283929490596,
        27.176283929490598,
        27.1862839294906,
        27.1962839294906,
        27.206283929490603,
        27.216283929490604,
        27.226283929490606,
        27.236283929490607,
        27.24628392949061,
        27.25628392949061,
        27.266283929490612,
        27.276283929490614,
        27.286283929490615,
        27.296283929490617,
        27.30628392949062,
        27.31628392949062,
        27.32628392949062,
        27.336283929490623,
        27.346283929490625,
        27.356283929490626,
        27.366283929490628,
        27.37628392949063,
        27.38628392949063,
        27.396283929490632,
        27.406283929490634,
        27.416283929490636,
        27.426283929490637,
        27.43628392949064,
        27.44628392949064,
        27.4535024922725
    ],
    "frequency": [
        15455.312570613589,
        15274.97227606846,
        15094.631981523331,
        14914.291686978202,
        14733.951392433071,
        14551.66865527703,
        14354.613894408196,
        14157.55913353936,
        13960.504372670524,
        13763.449611801687,
        13566.394850932855,
        13369.340090064019,
        13172.285329195183,
        12923.833510172175,
        12673.515015863371,
        12447.779957574967,
        12232.707458154484,
        12088.285132577143,
        11990.099861102572,
        11891.914589627999,
        11827.969115012938,
        11771.863245598899,
        11715.75737618486,
        11675.060454603907,
        11641.812531988178,
        11608.564609372448,
        11575.31668675672,
        11542.06876414099,
        11553.887619981311,
        11567.353028640682,
        11580.818437300051,
        11594.28384595942,
        11597.558485914624,
        11594.158130192562,
        11590.757774470498,
        11587.357418748436,
        11583.957063026373,
        11580.55670730431,
        11575.030822843093,
        11569.12494185214,
        11563.219060861189,
        11560.4689190773,
        11560.4689190773,
        11560.468919077299,
        11571.218817794985,
        11620.006530328934,
        11668.794242862885,
        11717.581955396834,
        11757.165285311308,
        11761.840774429145,
        11766.516263546982,
        11771.191752664818,
        11776.091912204727,
        11790.728225964913,
        11805.364539725097,
        11820.000853485282,
        11835.155868758256,
        11897.49572366275,
        11959.835578567245,
        12022.17543347174,
        12141.004429319746,
        12268.177733324901,
        12395.827903411888,
        12524.871403064186,
        12653.914902716482,
        12782.958402368782,
        12950.709708262591,
        13130.248490387528,
        13309.787272512465,
        13439.388469567168
    ]
}