{
    "time": [
        42.090387948273566,
        42.100387948273564,
        42.11038794827356,
        42.12038794827356,
        42.13038794827356,
        42.140387948273556,
        42.150387948273554,
        42.16038794827355,
        42.17038794827355,
        42.18038794827355,
        42.190387948273546,
        42.200387948273544,
        42.21038794827354,
        42.22038794827354,
        42.23038794827354,
        42.240387948273536,
        42.250387948273534,
        42.26038794827353,
        42.27038794827353,
        42.28038794827353,
        42.290387948273526,
        42.300387948273524,
        42.31038794827352,
        42.32038794827352,
        42.33038794827352,
        42.340387948273516,
        42.350387948273514,
        42.36038794827351,
        42.37038794827351,
        42.38038794827351,
        42.390387948273506,
        42.400387948273504,
        42.4103879482735,
        42.4203879482735,
        42.4303879482735,
        42.4403879482735,
        42.450387948273494,
        42.4512383923758
    ],
    "frequency": [
        7972.898310982409,
        8061.56661033662,
        8150.234909690831,
        8235.28783699768,
        8316.632640341282,
        8397.977443684884,
        8460.541837550036,
        8522.86532689174,
        8580.82790121918,
        8634.085086923928,
        8687.342272628679,
        8738.875877901992,
        8790.364690358727,
        8850.30522946599,
        8919.840270674762,
        8989.375311883538,
        9061.641272188273,
        9134.015091686806,
        9198.066774928484,
        9252.177181886585,
        9306.287588844689,
        9368.190468873985,
        9430.509180916666,
        9485.510715089531,
        9531.31237892215,
        9577.11404275477,
        9629.067916115606,
        9681.437715967499,
        9750.332475117737,
        9841.101816388014,
        9931.871157658292,
        10113.147848074674,
        10301.867791848112,
        10490.587735621546,
        10793.209153822701,
        11118.686555611443,
        11444.163957400182,
        11471.843991078664
    ]
}