{
    "time": [
        5.2552992934275435,
        5.265299293427543,
        5.275299293427543,
        5.285299293427543,
        5.295299293427543,
        5.3052992934275425,
        5.315299293427542,
        5.325299293427542,
        5.335299293427542,
        5.345299293427542,
        5.355299293427541,
        5.365299293427541,
        5.375299293427541,
        5.385299293427541,
        5.3952992934275406,
        5.40529929342754,
        5.41529929342754,
        5.42529929342754,
        5.43529929342754,
        5.4452992934275395,
        5.455299293427539,
        5.465299293427539,
        5.475299293427539,
        5.485299293427539,
        5.495299293427538,
        5.505299293427538,
        5.515299293427538,
        5.525299293427538,
        5.535299293427538,
        5.545299293427537,
        5.555299293427537,
        5.565299293427537,
        5.575299293427537,
        5.5852992934275365,
        5.595299293427536,
        5.605299293427536,
        5.615299293427536,
        5.625299293427536,
        5.635299293427535,
        5.645299293427535,
        5.655245967204373
    ],
    "frequency": [
        9432.980243163613,
        9409.313831613788,
        9385.64742006396,
        9412.783273151328,
        9490.653708668811,
        9568.512397328992,
        9628.760197512285,
        9689.007997695577,
        9719.073917655234,
        9719.07842790836,
        9719.135265643781,
        9758.390620373348,
        9797.645975102916,
        9870.951773578645,
        9978.081797067209,
        10085.214212976467,
        10193.54060630873,
        10301.866999640994,
        10402.130412876755,
        10494.40574100097,
        10586.792865540783,
        10720.997439340044,
        10855.202013139304,
        10986.829707437855,
        11115.911256287522,
        11244.765383473765,
        11305.6113364183,
        11366.457289362836,
        11427.595558467776,
        11489.021888204054,
        11550.561147036235,
        11640.223515055943,
        11729.885883075649,
        11806.363026461027,
        11869.881495463489,
        11933.245167729794,
        11963.58848478723,
        11993.931801844667,
        12029.121643560959,
        12069.062051818528,
        12108.789472963708
    ]
}