{
    "time": [
        30.771897080389284,
        30.781897080389285,
        30.791897080389287,
        30.80189708038929,
        30.81189708038929,
        30.82189708038929,
        30.831897080389293,
        30.841897080389295,
        30.851897080389296,
        30.861897080389298,
        30.8718970803893,
        30.8818970803893,
        30.891897080389302,
        30.901897080389304,
        30.911897080389306,
        30.921897080389307,
        30.93189708038931,
        30.94189708038931,
        30.951897080389312,
        30.961897080389313,
        30.971897080389315,
        30.981897080389317,
        30.991897080389318,
        31.00189708038932,
        31.01189708038932,
        31.021897080389323,
        31.031897080389324,
        31.041897080389326,
        31.051897080389327,
        31.06189708038933,
        31.07189708038933,
        31.081897080389332,
        31.091897080389334,
        31.101897080389335,
        31.111897080389337,
        31.12189708038934,
        31.13189708038934,
        31.14189708038934,
        31.151897080389343,
        31.161897080389345,
        31.171897080389346,
        31.181897080389348,
        31.19189708038935,
        31.20189708038935,
        31.211897080389353,
        31.221897080389354,
        31.231897080389356,
        31.241897080389357,
        31.25189708038936,
        31.26189708038936,
        31.271897080389362,
        31.281897080389363,
        31.291897080389365,
        31.301897080389367,
        31.311897080389368,
        31.32189708038937,
        31.33189708038937,
        31.341897080389373,
        31.351897080389374,
        31.361897080389376,
        31.371897080389378,
        31.38189708038938,
        31.39189708038938,
        31.401897080389382,
        31.411897080389384,
        31.421897080389385,
        31.431897080389387,
        31.44189708038939,
        31.45189708038939,
        31.46189708038939,
        31.471897080389393,
        31.481897080389395,
        31.491897080389396,
        31.501897080389398,
        31.5118970803894,
        31.5218970803894,
        31.531897080389403,
        31.541897080389404,
        31.551897080389406,
        31.561897080389407,
        31.57189708038941,
        31.58189708038941,
        31.591897080389412,
        31.601897080389413,
        31.611897080389415,
        31.621897080389417,
        31.631897080389418,
        31.637697283555124
    ],
    "frequency": [
        12366.556853182825,
        12348.573656525969,
        12330.59045986911,
        12319.945142880451,
        12315.71199253664,
        12312.396309772796,
        12321.790732334399,
        12331.185154896,
        12341.023303236845,
        12351.156054784711,
        12360.379454893637,
        12363.758696398505,
        12367.137937903375,
        12364.453270964339,
        12358.7590280811,
        12353.43498286194,
        12349.573646036933,
        12345.712309211927,
        12349.86591962161,
        12356.899856302804,
        12365.902924630973,
        12380.24896848236,
        12394.595012333746,
        12404.51513998293,
        12413.34918027586,
        12420.114375575757,
        12422.802512386474,
        12425.49064919719,
        12425.863398971902,
        12425.891039741413,
        12426.118253397997,
        12426.639952327878,
        12427.16165125776,
        12427.420634776516,
        12427.662136308578,
        12426.404549931087,
        12423.465101418045,
        12420.484315549746,
        12409.164556187496,
        12397.844796825246,
        12385.40166137414,
        12371.996148536049,
        12358.492743580962,
        12343.732454415342,
        12328.972165249721,
        12312.128289221973,
        12293.929279472712,
        12274.176885584358,
        12244.848998636688,
        12215.52111168902,
        12182.746412895354,
        12148.298815916685,
        12115.90657408914,
        12091.39275223159,
        12066.878930374038,
        12006.672233596322,
        11933.961786217045,
        11881.190732287172,
        11881.19073228717,
        11881.190732287172,
        11877.346214836442,
        11872.58751427578,
        11867.828813715121,
        11863.070113154461,
        11858.3114125938,
        11853.552712033139,
        11848.794011472477,
        11844.035310911815,
        11839.276610351157,
        11834.517909790497,
        11829.759209229836,
        11825.000508669174,
        11820.241808108514,
        11815.483107547854,
        11810.724406987192,
        11805.965706426532,
        11801.207005865872,
        11796.44830530521,
        11791.68960474455,
        11786.93090418389,
        11782.17220362323,
        11777.413503062568,
        11772.654802501907,
        11767.896101941247,
        11763.137401380587,
        11758.378700819925,
        11753.620000259265,
        11750.859857253607
    ]
}