{
    "time": [
        0.5551908443921455,
        0.5651908443921455,
        0.5751908443921455,
        0.5851908443921455,
        0.5951908443921455,
        0.6051908443921455,
        0.6151908443921456,
        0.6251908443921456,
        0.6351908443921456,
        0.6451908443921456,
        0.6551908443921456,
        0.6651908443921456,
        0.6751908443921456,
        0.6851908443921456,
        0.6951908443921456,
        0.7051908443921456,
        0.7151908443921456,
        0.7251908443921457,
        0.7351908443921457,
        0.7451908443921457,
        0.7551908443921457,
        0.7651908443921457,
        0.7751908443921457,
        0.7851908443921457,
        0.7951908443921457,
        0.8051908443921457,
        0.8151908443921457,
        0.8251908443921457,
        0.8351908443921457,
        0.8451908443921458,
        0.8551908443921458,
        0.8651908443921458,
        0.8751908443921458,
        0.8851908443921458,
        0.8951908443921458,
        0.9051908443921458,
        0.9151908443921458,
        0.9251908443921458,
        0.9351908443921458,
        0.9451908443921458,
        0.9551908443921459,
        0.9651908443921459,
        0.9751908443921459,
        0.9851908443921459,
        0.9951908443921459,
        1.0051908443921458,
        1.015190844392146,
        1.0251908443921458,
        1.035190844392146,
        1.0451908443921458,
        1.055190844392146,
        1.0651908443921458,
        1.075190844392146,
        1.0851908443921459,
        1.095190844392146,
        1.1051908443921459,
        1.115190844392146,
        1.1205889085483594
    ],
    "frequency": [
        8698.679197226731,
        8305.079260558437,
        8269.422894758176,
        8314.674720862316,
        8366.673587654364,
        8409.155988397226,
        8399.251442341598,
        8391.4756161352,
        8409.303799035331,
        8427.131981935463,
        8499.800453957116,
        8588.941368457772,
        8678.082282958427,
        8743.236932137965,
        8787.807389388294,
        8795.929035820713,
        8787.825316320652,
        8746.769409505576,
        8523.917123253934,
        8186.3401343660735,
        8211.808967080546,
        8258.414125448773,
        8313.29767052321,
        8360.27901415626,
        8568.274481324459,
        8624.006491705615,
        8633.911037761245,
        8670.982530936066,
        8720.163725143326,
        8769.344919350584,
        8818.526113557842,
        8867.707307765102,
        8916.88850197236,
        8966.06969617962,
        9022.789810211838,
        9079.515846712255,
        9136.241883212673,
        9192.96791971309,
        9249.693956213508,
        9306.419992713927,
        9363.146029214346,
        9424.415968418689,
        9492.985902649965,
        9561.55583688124,
        9661.688065417296,
        9812.541920726097,
        9963.395776034902,
        10085.698582454968,
        10162.10508059839,
        10238.511578741809,
        10314.918076885231,
        10391.32457502865,
        10460.205527603222,
        10522.604167753678,
        10586.025656331054,
        10652.881342206543,
        10719.737028082036,
        10755.82615623839
    ]
}