{
    "time": [
        50.93720837221704,
        50.94720837221704,
        50.95720837221704,
        50.96720837221704,
        50.977208372217035,
        50.98720837221703,
        50.99720837221703,
        51.00720837221703,
        51.01720837221703,
        51.027208372217025,
        51.03720837221702,
        51.04720837221702,
        51.05720837221702,
        51.06720837221702,
        51.077208372217015,
        51.08720837221701,
        51.09720837221701,
        51.10720837221701,
        51.11720837221701,
        51.127208372217005,
        51.137208372217,
        51.147208372217,
        51.157208372217,
        51.167208372217,
        51.17717637648314
    ],
    "frequency": [
        15519.409709313439,
        15488.030742701068,
        15456.651776088696,
        15249.332260806297,
        14924.875333817563,
        14637.501664712172,
        14497.869666217804,
        14358.237667723439,
        14332.87531547259,
        14335.90919854844,
        14300.719575303181,
        14208.499464719313,
        14116.214527569362,
        13983.472410905873,
        13850.730294242388,
        13676.551067456783,
        13474.967364297709,
        13273.746022614172,
        13073.95406199171,
        12874.16210136925,
        12824.952471045286,
        12812.788095069736,
        12805.537800680011,
        12805.570819137174,
        12805.603731949359
    ]
}