{
    "time": [
        49.281429142780965,
        49.29142914278096,
        49.30142914278096,
        49.31142914278096,
        49.32142914278096,
        49.331429142780955,
        49.34142914278095,
        49.35142914278095,
        49.36142914278095,
        49.37142914278095,
        49.381429142780945,
        49.39142914278094,
        49.40142914278094,
        49.41142914278094,
        49.42142914278094,
        49.431429142780935,
        49.44142914278093,
        49.45142914278093,
        49.46142914278093,
        49.46540461271831
    ],
    "frequency": [
        11041.921301329063,
        11180.193515893814,
        11318.465730458562,
        11450.608641916679,
        11572.39444091764,
        11694.180239918602,
        11804.252729862197,
        11910.285475262524,
        12020.839400792333,
        12166.071882827819,
        12311.304364863305,
        12450.005151352947,
        12581.828721552525,
        12713.652291752103,
        12794.116262482188,
        12866.142535920186,
        12935.332430797738,
        12995.062656590824,
        13054.792882383912,
        13078.538454083251
    ]
}