{
    "time": [
        23.398922728571854,
        23.408922728571856,
        23.418922728571857,
        23.42892272857186,
        23.429506144185368
    ],
    "frequency": [
        10759.196772502339,
        11185.74150760306,
        11612.28624270378,
        13237.469662585561,
        13447.080339399427
    ]
}