{
    "time": [
        40.72040897003255,
        40.73040897003255,
        40.74040897003255,
        40.750408970032545,
        40.76040897003254,
        40.77040897003254,
        40.78040897003254,
        40.783827939174024
    ],
    "frequency": [
        12380.601661092825,
        11970.31900903665,
        11581.266952779579,
        11474.897376320605,
        11368.527799861633,
        11337.10642933325,
        11358.146565336121,
        11365.34012290877
    ]
}