{
    "time": [
        53.601028505381386,
        53.611028505381384,
        53.62102850538138,
        53.63102850538138,
        53.64102850538138,
        53.651028505381376,
        53.661028505381374,
        53.67102850538137,
        53.68102850538137,
        53.69102850538137,
        53.701028505381366,
        53.711028505381364,
        53.72102850538136,
        53.73102850538136,
        53.74102850538136,
        53.751028505381356,
        53.761028505381354,
        53.77102850538135,
        53.78102850538135,
        53.79102850538135,
        53.801028505381346,
        53.811028505381344,
        53.82102850538134,
        53.83102850538134,
        53.84102850538134,
        53.851028505381336,
        53.861028505381334,
        53.87102850538133,
        53.87553250041617
    ],
    "frequency": [
        12705.617677783674,
        12567.435347760686,
        12429.253017737698,
        12317.324103656334,
        12215.990394972785,
        12114.65668628924,
        12037.494168532734,
        11976.914233993672,
        11923.226888547815,
        11896.837901911473,
        11870.44891527513,
        11862.693197016171,
        11862.693197016171,
        11862.693197016173,
        10497.019904683955,
        10008.22622855064,
        9912.329588875991,
        9900.266052127954,
        9888.202515379915,
        9887.088945217336,
        9887.088945217336,
        9890.431091410082,
        9923.764548213872,
        9967.298076653118,
        10082.450018339014,
        10162.304275766208,
        10235.266374283217,
        10294.874438214702,
        10321.72188061308
    ]
}