{
    "time": [
        25.813775512997413,
        25.823775512997415,
        25.833775512997416,
        25.843775512997418,
        25.85377551299742,
        25.86377551299742,
        25.873775512997423,
        25.883775512997424,
        25.893775512997426,
        25.903775512997427,
        25.91377551299743,
        25.92377551299743,
        25.933775512997432,
        25.943775512997433,
        25.953775512997435,
        25.963775512997437,
        25.973775512997438,
        25.98377551299744,
        25.99377551299744,
        26.003775512997443,
        26.013775512997444,
        26.023775512997446,
        26.033775512997448,
        26.04377551299745,
        26.05377551299745,
        26.063775512997452,
        26.073775512997454,
        26.083775512997455,
        26.093775512997457,
        26.10377551299746,
        26.11377551299746,
        26.12377551299746,
        26.127737690723773
    ],
    "frequency": [
        16731.67769028289,
        16527.483936608798,
        16323.290182934707,
        16119.096429260611,
        15913.84215318018,
        15657.141434275543,
        15499.678222482647,
        15453.005364499997,
        15406.332506517347,
        15370.415269433286,
        15352.264713551143,
        15334.114157668999,
        15315.963601786854,
        15272.574243629393,
        15190.896742159748,
        15109.219240690105,
        15027.541739220458,
        14945.864237750808,
        14866.00691932703,
        14790.163525105223,
        14714.320130883416,
        14651.58657620068,
        14636.27204467512,
        14620.957513149562,
        14605.642981624007,
        14637.698738827894,
        14692.150406474322,
        14746.602074120754,
        14801.053741767184,
        14922.130943355161,
        15092.160807519595,
        15296.354561193719,
        15377.259755459661
    ]
}