{
    "time": [
        35.917899901740775,
        35.92789990174077,
        35.93789990174077,
        35.94789990174077,
        35.95789990174077,
        35.967899901740765,
        35.97789990174076,
        35.98789990174076,
        35.99789990174076,
        36.00789990174076,
        36.017899901740755,
        36.02789990174075,
        36.03789990174075,
        36.04789990174075,
        36.05789990174075,
        36.067899901740745,
        36.07789990174074,
        36.08789990174074,
        36.09789990174074,
        36.10789990174074,
        36.117899901740735,
        36.12789990174073,
        36.13789990174073,
        36.14789990174073,
        36.15789990174073,
        36.167899901740725,
        36.17789990174072,
        36.18789990174072,
        36.19789990174072,
        36.20789990174072,
        36.217899901740715,
        36.22789990174071,
        36.23789990174071,
        36.24789990174071,
        36.25789990174071,
        36.267899901740705,
        36.2778999017407,
        36.2878999017407,
        36.2978999017407,
        36.3078999017407,
        36.317899901740695,
        36.32789990174069,
        36.33789990174069,
        36.34789990174069,
        36.35789990174069,
        36.367899901740685,
        36.37789990174068,
        36.38789990174068,
        36.39789990174068,
        36.40789990174068,
        36.417899901740675,
        36.42789990174067,
        36.43789990174067,
        36.44789990174067,
        36.45789990174067,
        36.467899901740665,
        36.47789990174066,
        36.48789990174066,
        36.49789990174066,
        36.50789990174066,
        36.517899901740655,
        36.52789990174065,
        36.53789990174065,
        36.54789990174065,
        36.55789990174065,
        36.567899901740645,
        36.57789990174064,
        36.58789990174064,
        36.59789990174064,
        36.60789990174064,
        36.617899901740635,
        36.62789990174063,
        36.63789990174063,
        36.64789990174063,
        36.65789990174063,
        36.667899901740626,
        36.67789990174062,
        36.68203675751888
    ],
    "frequency": [
        16733.9693868552,
        15154.403417664591,
        13966.152661152084,
        12971.448484763418,
        12148.832734146916,
        11792.929404980221,
        11437.026075813528,
        11227.29969741217,
        11039.471320923367,
        10930.781161950492,
        10930.781161950492,
        10938.332965928028,
        10959.540069420302,
        10977.330199880942,
        10986.789601563218,
        10996.249003245495,
        11005.708404927771,
        11015.16780661005,
        11024.627208292324,
        11039.58792680265,
        11057.606069885467,
        11070.75169784965,
        11062.567384698868,
        11054.383071548082,
        11036.042161576337,
        11013.928313796081,
        10993.540262776889,
        10977.763663850965,
        10961.98706492504,
        10956.953219316667,
        10954.349660164225,
        10955.87721605876,
        10964.790716252559,
        10973.704216446355,
        11038.890070604903,
        11110.198072155286,
        11149.769396852556,
        11149.769396852556,
        11149.769396852556,
        10127.515843376534,
        8496.840158989486,
        8331.424751749715,
        8295.76892670289,
        8316.976030195168,
        8332.716874430915,
        8345.248344676353,
        8303.270678330335,
        8254.039902366107,
        8196.88503287334,
        8184.020015927209,
        8334.397658872447,
        8876.719025206155,
        9664.51459610153,
        9787.044527390253,
        9831.119308261696,
        9853.1287647815,
        9766.134303637848,
        9650.258801118442,
        9573.054105557692,
        9573.054105557692,
        9573.054105557692,
        9601.492789597129,
        9633.923280574743,
        9721.485583054007,
        9885.152096339996,
        10048.818609625983,
        10166.448933337912,
        10282.324435857287,
        10416.257480118735,
        10567.786983413303,
        10717.103675043327,
        10824.065677368904,
        10931.02767969448,
        11019.197806319326,
        11094.461512209562,
        11185.544169257362,
        11377.106395473602,
        11456.352925715446
    ]
}