{
    "time": [
        9.710705239301427,
        9.720705239301427,
        9.730705239301427,
        9.740705239301427,
        9.750705239301427,
        9.760705239301426,
        9.770705239301426,
        9.780705239301426,
        9.790705239301426,
        9.800705239301426,
        9.810705239301425,
        9.820705239301425,
        9.830705239301425,
        9.840705239301425,
        9.850705239301424,
        9.860705239301424,
        9.870705239301424,
        9.880705239301424,
        9.886681775763233
    ],
    "frequency": [
        12382.550431133708,
        12436.27056812913,
        12489.990705124552,
        12532.416652407623,
        12562.900081624106,
        12593.383510840587,
        12631.155163743188,
        12669.136002173396,
        12718.548564436596,
        12781.481411650442,
        12844.414258864288,
        12893.07555290598,
        12940.893398356706,
        12994.738099798724,
        13056.563830138792,
        13118.38956047886,
        13150.912236820532,
        13180.758098182077,
        13198.595586048217
    ]
}