{
    "time": [
        20.101319824023467,
        20.111319824023468,
        20.12131982402347,
        20.13131982402347,
        20.141319824023473,
        20.151319824023474,
        20.161319824023476,
        20.171319824023477,
        20.18131982402348,
        20.19131982402348,
        20.201319824023482,
        20.211319824023484,
        20.221319824023485,
        20.231319824023487,
        20.24131982402349,
        20.25131982402349,
        20.26131982402349,
        20.271319824023493,
        20.281319824023495,
        20.291319824023496,
        20.301319824023498,
        20.3113198240235,
        20.3213198240235,
        20.331319824023502,
        20.341319824023504,
        20.3492867617651
    ],
    "frequency": [
        11429.32390876014,
        11454.935305376974,
        11480.546701993804,
        11492.37224658403,
        11491.489234783876,
        11490.695980542483,
        11492.020416113683,
        11493.344851684884,
        11530.45385249664,
        11595.566316553788,
        11659.593857634325,
        11711.365326203864,
        11763.136794773405,
        11817.244870888288,
        11872.899985191834,
        11925.070603719554,
        11952.16046904612,
        11979.250334372684,
        12013.302124709491,
        12051.230802717999,
        12084.80350356698,
        12095.950062991113,
        12107.096622415243,
        12118.14049212037,
        12129.13669519427,
        12137.897301722636
    ]
}