{
    "time": [
        9.622716971070524,
        9.632716971070524,
        9.642716971070524,
        9.652716971070523,
        9.662716971070523,
        9.672716971070523,
        9.682716971070523,
        9.692716971070523,
        9.702716971070522,
        9.712716971070522,
        9.722716971070522,
        9.732716971070522,
        9.742716971070521,
        9.752716971070521,
        9.762716971070521,
        9.77271697107052,
        9.78271697107052,
        9.79271697107052,
        9.80271697107052,
        9.81271697107052,
        9.82271697107052,
        9.83271697107052,
        9.84271697107052,
        9.85271697107052,
        9.862716971070519,
        9.872716971070519,
        9.882716971070518,
        9.892716971070518,
        9.902716971070518,
        9.912716971070518,
        9.922716971070518,
        9.932716971070517,
        9.942716971070517,
        9.952716971070517,
        9.962716971070517,
        9.972716971070517,
        9.982716971070516,
        9.992716971070516,
        10.002716971070516,
        10.012716971070516,
        10.022716971070516,
        10.032716971070515,
        10.042716971070515,
        10.052716971070515,
        10.062716971070515,
        10.072716971070514,
        10.082716971070514,
        10.092716971070514,
        10.102716971070514,
        10.112716971070514,
        10.122716971070513,
        10.132716971070513,
        10.142716971070513,
        10.152716971070513,
        10.162716971070513,
        10.172716971070512,
        10.182716971070512,
        10.192716971070512,
        10.202716971070512,
        10.212716971070511,
        10.222716971070511,
        10.232716971070511,
        10.24271697107051,
        10.25271697107051,
        10.26271697107051,
        10.27271697107051,
        10.28271697107051,
        10.29271697107051,
        10.30271697107051,
        10.31271697107051,
        10.32271697107051,
        10.332716971070509,
        10.342716971070509,
        10.352716971070508,
        10.362716971070508,
        10.372716971070508,
        10.382716971070508,
        10.392716971070508,
        10.402716971070507,
        10.412716971070507,
        10.422716971070507,
        10.432716971070507,
        10.442716971070507,
        10.452716971070506,
        10.462716971070506,
        10.470381726880861
    ],
    "frequency": [
        8549.485137300364,
        8574.051709131702,
        8598.618280963039,
        8643.875739023666,
        8704.23345643251,
        8766.803921251487,
        8841.327628694533,
        8915.851336137579,
        8981.05914444434,
        9042.896112704148,
        9103.10255721684,
        9159.720225920268,
        9216.337894623695,
        9263.505706847895,
        9309.511562569029,
        9344.764328728479,
        9367.82312191696,
        9390.623209684833,
        9408.142851512766,
        9425.662493340702,
        9440.529543543327,
        9453.803718134819,
        9473.608744337427,
        9519.069461593257,
        9564.530178849085,
        9605.80559268157,
        9645.907454578333,
        9695.609907388522,
        9762.446343883128,
        9829.282780377736,
        9958.758884724195,
        10092.431757713402,
        10229.548772895163,
        10369.90528953383,
        10501.521359773587,
        10548.30686531981,
        10595.092370866032,
        10628.413466442005,
        10655.148041039849,
        10695.011813869276,
        10774.344990533402,
        10853.67816719753,
        10944.120904284966,
        11036.876095241263,
        11123.89004732696,
        11202.497724233166,
        11281.10540113937,
        11356.589392354199,
        11432.022312062758,
        11497.27412888641,
        11554.591656943236,
        11609.732416646546,
        11651.51432203942,
        11693.296227432296,
        11726.647864530001,
        11756.69196968488,
        11782.431078846403,
        11797.946790954054,
        11813.462503061706,
        11843.950622620316,
        11876.589071164894,
        11908.191369127606,
        11938.540070393012,
        11969.192429262086,
        12009.458702451451,
        12049.724975640816,
        12077.427030058841,
        12097.052872892524,
        12111.815346093512,
        12105.408742008694,
        12099.002137923877,
        12144.196411275374,
        12205.248968577409,
        12256.822369182002,
        12290.240587429304,
        12323.658805676607,
        12350.920575203036,
        12377.655149800878,
        12424.409469168157,
        12491.245905662761,
        12550.553702183446,
        12520.02405515093,
        12489.494408118413,
        12458.964761085896,
        12428.43511405338,
        12405.034885105322
    ]
}