{
    "time": [
        52.22997343051839,
        52.23997343051839,
        52.24997343051839,
        52.259973430518386,
        52.269973430518384,
        52.27997343051838,
        52.28997343051838,
        52.29997343051838,
        52.309973430518376,
        52.319973430518374,
        52.32997343051837,
        52.33997343051837,
        52.34997343051837,
        52.359973430518366,
        52.369973430518364,
        52.37997343051836,
        52.38997343051836,
        52.39997343051836,
        52.409973430518356,
        52.419973430518354,
        52.42997343051835,
        52.43997343051835,
        52.44997343051835,
        52.459973430518346,
        52.469973430518344,
        52.47997343051834,
        52.48997343051834,
        52.49997343051834,
        52.509973430518336,
        52.519973430518334,
        52.52997343051833,
        52.53997343051833,
        52.54997343051833,
        52.559973430518326,
        52.569973430518324,
        52.57997343051832,
        52.58997343051832,
        52.59997343051832,
        52.609973430518316,
        52.619973430518314,
        52.62997343051831,
        52.63997343051831,
        52.64997343051831,
        52.659973430518306,
        52.669973430518304,
        52.6799734305183,
        52.6899734305183,
        52.6999734305183,
        52.709973430518296,
        52.719973430518294,
        52.72997343051829,
        52.73997343051829,
        52.74997343051829,
        52.759973430518286,
        52.769973430518284,
        52.77997343051828,
        52.78997343051828,
        52.79997343051828,
        52.809973430518276,
        52.819973430518274,
        52.82997343051827,
        52.83997343051827,
        52.84997343051827,
        52.85997343051827,
        52.869973430518264,
        52.87997343051826,
        52.88997343051826,
        52.89997343051826,
        52.90997343051826,
        52.919973430518255,
        52.92997343051825,
        52.93997343051825,
        52.94997343051825,
        52.95364279020676
    ],
    "frequency": [
        8653.412177048414,
        8354.089545177569,
        8217.988514418746,
        8100.892933872588,
        8024.706750542664,
        8024.706750542663,
        8081.868193738624,
        8161.471181365594,
        8261.756151398411,
        8399.117390701444,
        8592.465466630872,
        8753.082297301746,
        8854.959092255704,
        8951.659334533528,
        9013.740506458595,
        9075.821678383661,
        9141.279448610861,
        9209.004363438195,
        9280.653018929539,
        9362.518300588996,
        9464.865478162206,
        9568.095911517916,
        9638.136208048762,
        9701.366379123947,
        9739.57017723168,
        9777.773975339414,
        9815.97777344715,
        9853.613661721933,
        9890.453038468671,
        9927.292415215408,
        9955.376515370866,
        9973.284545733866,
        9991.192576096864,
        10008.168407681964,
        10015.331619827164,
        10022.494831972363,
        10029.658044117561,
        10023.578581388234,
        10012.117441955914,
        10000.656302523596,
        9989.195163091279,
        9971.297520540622,
        9946.737936042793,
        9922.178351544964,
        9897.618767047135,
        9871.815532051962,
        9826.789627139282,
        9781.763722226604,
        9729.700081054905,
        9618.909066542477,
        9508.118052030046,
        9397.327037517618,
        9225.761891909202,
        9050.473877061973,
        8875.185862214747,
        8650.154725972836,
        8413.605484984364,
        8252.107611165291,
        8100.7729097366255,
        7992.528815098045,
        7893.581082030593,
        7817.173485815147,
        7740.7658895997,
        7698.681976447808,
        7667.424323450567,
        7624.7209021365525,
        7567.415204974959,
        7431.311419497299,
        7287.369423044722,
        7211.810071180161,
        7233.299707615755,
        7294.1681397655375,
        7368.665546075636,
        7396.001324036913
    ]
}