{
    "time": [
        7.814958005599254,
        7.824958005599254,
        7.834958005599254,
        7.844958005599254,
        7.854958005599253,
        7.864958005599253,
        7.874958005599253,
        7.884958005599253,
        7.8949580055992525,
        7.904958005599252,
        7.914958005599252,
        7.924958005599252,
        7.934958005599252,
        7.9449580055992515,
        7.954958005599251,
        7.964958005599251,
        7.974958005599251,
        7.984958005599251,
        7.99495800559925,
        8.00495800559925,
        8.01495800559925,
        8.024958005599249,
        8.03495800559925,
        8.044958005599248,
        8.054926009865351
    ],
    "frequency": [
        8623.736292138603,
        8410.077101118952,
        8196.417910099299,
        7990.948745231675,
        7790.932322625604,
        7614.763209228902,
        7533.6030433534515,
        7452.442877478,
        7475.515526215128,
        7524.490237571552,
        7590.758052670383,
        7682.8276381702835,
        7774.900756013422,
        7869.178350399763,
        7963.455944786106,
        8054.647734371596,
        8143.798723705624,
        8229.786769832259,
        8303.298183030049,
        8376.80959622783,
        8430.500645913356,
        8479.315622781296,
        8530.148022533174,
        8583.97050736018,
        8637.620783196973
    ]
}