{
    "time": [
        2.352196732965579,
        2.362196732965579,
        2.3721967329655786,
        2.3821967329655784,
        2.392196732965578,
        2.402196732965578,
        2.412196732965578,
        2.4221967329655776,
        2.4321967329655774,
        2.442196732965577,
        2.452196732965577,
        2.4621967329655767,
        2.4721967329655765,
        2.4821967329655763,
        2.492196732965576,
        2.502196732965576,
        2.5121967329655757,
        2.5221967329655754,
        2.5321967329655752,
        2.542196732965575,
        2.552196732965575,
        2.5621967329655746,
        2.5721967329655744,
        2.582196732965574,
        2.592196732965574,
        2.6021967329655737,
        2.6121967329655735,
        2.6221967329655733,
        2.632196732965573,
        2.642196732965573,
        2.6521967329655727,
        2.6621967329655725,
        2.6721967329655723,
        2.674138385305005
    ],
    "frequency": [
        13038.527703547861,
        12717.429322626233,
        12401.081961377324,
        12226.428204560325,
        12172.53756720285,
        12118.646929845376,
        12077.382919604283,
        12059.81856372481,
        12042.254207845333,
        12024.68985196586,
        12016.177707697632,
        12012.3032174301,
        12008.428727162569,
        12004.55423689504,
        11994.593160079261,
        11978.126576442251,
        11961.659992805246,
        11945.19340916824,
        11928.726825531234,
        11912.260241894226,
        11895.79365825722,
        11878.225331883832,
        11859.929127842712,
        11841.632923801597,
        11823.336719760477,
        11805.955187259102,
        11792.781920349498,
        11779.608653439893,
        11766.435386530286,
        11753.262119620682,
        11740.088852711076,
        11726.915585801471,
        11713.742318891866,
        11711.184528440564
    ]
}