{
    "time": [
        8.494867351019865,
        8.504867351019865,
        8.514867351019864,
        8.524867351019864,
        8.534867351019864,
        8.544867351019864,
        8.554867351019864,
        8.564867351019863,
        8.574867351019863,
        8.584867351019863,
        8.594867351019863,
        8.604867351019863,
        8.614867351019862,
        8.624867351019862,
        8.634867351019862,
        8.644867351019862,
        8.654867351019861,
        8.664867351019861,
        8.674867351019861,
        8.68486735101986,
        8.69486735101986,
        8.70486735101986,
        8.71486735101986,
        8.72486735101986,
        8.73486735101986,
        8.74486735101986,
        8.75486735101986,
        8.76486735101986,
        8.774867351019859,
        8.784867351019859,
        8.794867351019859,
        8.804867351019858,
        8.814867351019858,
        8.824867351019858,
        8.834867351019858,
        8.844867351019857,
        8.854867351019857,
        8.864867351019857,
        8.874867351019857,
        8.884867351019857,
        8.894867351019856,
        8.904867351019856,
        8.914867351019856,
        8.924867351019856,
        8.934867351019856,
        8.944867351019855,
        8.954867351019855,
        8.964867351019855,
        8.974867351019855,
        8.984867351019854,
        8.994867351019854,
        9.004867351019854,
        9.014867351019854,
        9.024867351019854,
        9.034867351019853,
        9.044867351019853,
        9.054867351019853,
        9.064867351019853,
        9.0707905612585
    ],
    "frequency": [
        8914.25743107044,
        8998.167311648782,
        9082.077192227123,
        9198.074201134184,
        9335.434126037151,
        9472.688124747783,
        9609.520107877532,
        9746.35209100728,
        9881.049019210204,
        10015.215381999387,
        10146.28996189667,
        10272.7515195456,
        10399.208282334219,
        10522.672652717058,
        10646.137023099896,
        10754.59903395707,
        10853.139218558721,
        10947.94206542087,
        11028.002506855715,
        11108.06294829056,
        11156.195127205563,
        11196.47252924482,
        11228.484050354098,
        11248.244452771954,
        11267.950199492177,
        11270.628419074726,
        11273.306638657275,
        11277.815576017729,
        11283.527198306721,
        11285.45346565872,
        11272.594814970296,
        11259.736164281874,
        11218.329567141476,
        11169.970560628042,
        11107.777273716272,
        11025.215585176433,
        10942.48808720328,
        10825.378160900858,
        10708.26823459844,
        10589.257289549176,
        10469.005803074891,
        10349.507972432635,
        10232.92499497593,
        10116.342017519226,
        10002.214013663279,
        9888.677819293816,
        9771.792551003151,
        9650.009014715431,
        9528.122436517153,
        9390.236454995807,
        9252.350473474462,
        9113.793799511757,
        8974.80237654839,
        8842.993298958892,
        8738.692650399711,
        8634.392001840528,
        8602.9096071293,
        8588.802109513688,
        8580.445942081838
    ]
}