{
    "time": [
        9.390747900279964,
        9.400747900279963,
        9.410747900279963,
        9.420747900279963,
        9.430747900279963,
        9.440747900279963,
        9.450747900279962,
        9.460747900279962,
        9.470747900279962,
        9.480747900279962,
        9.490747900279962,
        9.500747900279961,
        9.510747900279961,
        9.52074790027996,
        9.526729769364085
    ],
    "frequency": [
        11265.321181857598,
        11326.833623401079,
        11388.346064944562,
        11439.279932014635,
        11463.060615533832,
        11486.841299053032,
        11527.733850393533,
        11582.031918726718,
        11636.329987059902,
        11637.838502551176,
        11629.373147858969,
        11620.712989505191,
        11610.64365867089,
        11600.574327836592,
        11594.550985955038
    ]
}