{
    "time": [
        6.918361542482013,
        6.928361542482013,
        6.938361542482013,
        6.948361542482012,
        6.958361542482012,
        6.968361542482012,
        6.978361542482012,
        6.988361542482012,
        6.998361542482011,
        7.008361542482011,
        7.018361542482011,
        7.028361542482011,
        7.0383615424820105,
        7.04836154248201,
        7.05836154248201,
        7.06836154248201,
        7.07836154248201,
        7.0883615424820094,
        7.098361542482009,
        7.108361542482009,
        7.118361542482009,
        7.128361542482009,
        7.138361542482008,
        7.148361542482008,
        7.158361542482008,
        7.168361542482008,
        7.1783615424820075,
        7.188361542482007,
        7.198361542482007,
        7.208361542482007,
        7.218361542482007,
        7.2283615424820065,
        7.238361542482006,
        7.248361542482006,
        7.258361542482006,
        7.268361542482006,
        7.278361542482005,
        7.288361542482005,
        7.298361542482005,
        7.308361542482005,
        7.3183615424820045,
        7.328361542482004,
        7.338361542482004,
        7.348361542482004,
        7.358361542482004,
        7.3683615424820035,
        7.378361542482003,
        7.388361542482003,
        7.398361542482003,
        7.408361542482003,
        7.418361542482002,
        7.428361542482002,
        7.438361542482002,
        7.448361542482002,
        7.458361542482002,
        7.468361542482001,
        7.478361542482001,
        7.488361542482001,
        7.498361542482001,
        7.5083615424820005,
        7.518361542482,
        7.528361542482,
        7.535211578643814
    ],
    "frequency": [
        13588.889507860642,
        13235.6064407394,
        12882.323373618163,
        12559.239682699574,
        12307.750041698022,
        12056.260400696468,
        11836.746569791829,
        11639.147566147749,
        11470.867138207439,
        11350.112191536056,
        11229.357244864672,
        11130.147788613815,
        11059.214812946708,
        10988.281837279601,
        10926.377948773326,
        10893.444781499315,
        10860.511614225303,
        10827.578446951291,
        10793.527392695461,
        10756.934984613223,
        10712.800698176243,
        10595.704992313083,
        10478.609286449924,
        10361.513580586765,
        10244.417874723606,
        10164.801285120422,
        10103.639688754396,
        10042.478092388374,
        9990.31276006957,
        9968.357315220226,
        9946.401870370883,
        9924.446425521539,
        9911.765302299127,
        9906.88631455483,
        9902.00732681053,
        9897.128339066232,
        9892.249351321934,
        9887.370363577636,
        9882.491375833339,
        9872.475332025957,
        9861.936718498271,
        9851.398104970587,
        9840.859491442903,
        9830.32087791522,
        9819.782264387535,
        9813.938776183482,
        9809.547687213613,
        9805.156598243746,
        9804.291099895241,
        9845.457558987757,
        9886.624018080276,
        9927.790477172795,
        9981.316619964284,
        10107.560427847999,
        10233.804235731719,
        10393.928052365738,
        10692.859878391388,
        10991.791704417037,
        11290.784383351536,
        11634.753019324566,
        11978.721655297597,
        12302.466515826454,
        12520.540123018183
    ]
}