{
    "time": [
        15.86224740151207,
        15.87224740151207,
        15.88224740151207,
        15.89224740151207,
        15.902247401512069,
        15.912247401512069,
        15.922247401512069,
        15.932247401512068,
        15.942247401512068,
        15.952247401512068,
        15.962247401512068,
        15.972247401512067,
        15.982247401512067,
        15.992247401512067,
        16.002247401512065,
        16.009043501865794
    ],
    "frequency": [
        9611.94994116061,
        8393.47271490331,
        8501.710707844852,
        8318.170759429155,
        8491.352614378953,
        8894.412692103348,
        9235.861479067758,
        9251.894074150092,
        9403.38912931924,
        9933.57425712523,
        10675.325517732923,
        11417.076778340614,
        12411.576866213332,
        13818.169766743053,
        15767.733328754388,
        17092.676290094783
    ]
}