{
    "time": [
        47.376089850327446,
        47.386089850327444,
        47.39608985032744,
        47.40608985032744,
        47.41608985032744,
        47.426089850327436,
        47.436089850327434,
        47.44608985032743,
        47.45608985032743,
        47.46608985032743,
        47.476089850327426,
        47.486089850327424,
        47.49608985032742,
        47.50608985032742,
        47.51608985032742,
        47.526089850327416,
        47.536089850327414,
        47.54608985032741,
        47.55608985032741,
        47.56608985032741,
        47.576089850327406,
        47.586089850327404,
        47.5960898503274,
        47.6060898503274,
        47.6160898503274,
        47.626089850327396,
        47.636089850327394,
        47.64608985032739,
        47.65608985032739,
        47.66608985032739,
        47.676089850327386,
        47.686089850327384,
        47.69608985032738,
        47.70608985032738,
        47.71608985032738,
        47.72608985032738,
        47.736089850327375,
        47.74608985032737,
        47.75608985032737,
        47.76608985032737,
        47.77608985032737,
        47.786089850327365,
        47.79608985032736,
        47.80608985032736,
        47.81608985032736,
        47.82608985032736,
        47.836089850327355,
        47.84608985032735,
        47.85608985032735,
        47.86608985032735,
        47.87608985032735,
        47.886089850327345,
        47.89608985032734,
        47.90608985032734,
        47.91608985032734,
        47.92608985032734,
        47.936089850327335,
        47.94608985032733,
        47.95608985032733,
        47.96608985032733,
        47.97608985032733,
        47.986089850327325,
        47.99608985032732,
        48.00608985032732,
        48.01608985032732,
        48.02608985032732,
        48.036089850327315,
        48.04608985032731,
        48.05608985032731,
        48.06608985032731,
        48.07608985032731,
        48.086089850327305,
        48.0960898503273,
        48.1060898503273,
        48.1160898503273,
        48.1260898503273,
        48.136089850327295,
        48.14608985032729,
        48.15608985032729,
        48.16608985032729,
        48.17608985032729,
        48.186089850327285,
        48.19608985032728,
        48.20157312358353
    ],
    "frequency": [
        9342.752187772227,
        9406.951658874832,
        9471.151129977436,
        9535.350601080041,
        9631.02510038237,
        9745.927562867131,
        9856.92682917051,
        9944.471562492234,
        10032.016295813955,
        10104.857977695527,
        10170.278634389757,
        10235.699291083987,
        10301.119947778217,
        10366.540604472448,
        10435.248086873531,
        10507.472491863953,
        10579.696896854377,
        10651.921301844799,
        10724.145706835225,
        10806.665365770856,
        10889.422496489056,
        10972.179627207255,
        11049.725980989086,
        11118.511128599008,
        11187.296276208926,
        11252.440984406805,
        11304.603054677671,
        11356.765124948539,
        11408.927195219405,
        11464.855240205768,
        11521.501832355123,
        11578.14842450448,
        11634.748437703527,
        11686.728123113298,
        11738.707808523071,
        11790.687493932845,
        11842.667179342616,
        11894.317570940762,
        11940.174336014048,
        11986.03110108733,
        12031.887866160614,
        12077.744631233898,
        12129.481772644174,
        12193.55180932923,
        12257.621846014285,
        12321.69188269934,
        12385.761919384397,
        12449.83195606945,
        12513.901992754505,
        12577.972029439563,
        12642.042066124617,
        12706.112102809673,
        12770.18213949473,
        12834.252176179783,
        12898.322212864838,
        12962.392249549894,
        13025.082299394171,
        13085.269303552865,
        13145.45630771156,
        13205.643311870253,
        13265.830316028949,
        13329.817928763263,
        13396.09106185334,
        13462.364194943417,
        13529.680463521101,
        13597.560613359314,
        13667.401350295924,
        13743.141676255906,
        13818.882002215885,
        13905.772356501107,
        13994.634176870908,
        14096.642299603933,
        14214.713394122427,
        14333.10744664095,
        14457.587347804478,
        14582.067248968007,
        14689.454047974305,
        14787.665675184631,
        14899.471691934106,
        15051.837165660323,
        15204.20263938654,
        15337.283407223487,
        15466.997040527564,
        15538.12257017425
    ]
}