{
    "time": [
        44.23280858587482,
        44.24280858587482,
        44.25280858587482,
        44.262808585874815,
        44.27280858587481,
        44.28280858587481,
        44.29280858587481,
        44.30280858587481,
        44.312808585874805,
        44.3228085858748,
        44.3328085858748,
        44.3428085858748,
        44.344495488552056
    ],
    "frequency": [
        8055.500389055611,
        7808.116994541013,
        7782.342666630311,
        7824.392249758594,
        7998.219262767096,
        8199.194551170405,
        8451.398922722816,
        8705.826960396733,
        8964.052584405079,
        9285.039966380873,
        9765.179521792823,
        10774.511520590318,
        10984.964599493042
    ]
}