{
    "time": [
        16.944080327019844,
        16.954080327019845,
        16.964080327019847,
        16.97408032701985,
        16.98408032701985,
        16.99408032701985,
        17.004080327019853,
        17.014080327019855,
        17.024080327019856,
        17.034080327019858,
        17.04408032701986,
        17.05408032701986,
        17.064080327019862,
        17.074080327019864,
        17.084080327019866,
        17.094080327019867,
        17.10408032701987,
        17.11408032701987,
        17.124080327019872,
        17.134080327019873,
        17.144080327019875,
        17.154080327019877,
        17.164080327019878,
        17.17408032701988,
        17.18408032701988,
        17.194080327019883,
        17.204080327019884,
        17.214080327019886,
        17.224080327019887,
        17.23408032701989,
        17.24408032701989,
        17.254080327019892,
        17.264080327019894,
        17.274080327019895,
        17.284080327019897,
        17.2940803270199,
        17.3040803270199,
        17.3140803270199,
        17.324080327019903,
        17.334080327019905,
        17.344080327019906,
        17.34575301788587
    ],
    "frequency": [
        6049.849443265099,
        6059.03887918456,
        6068.228315104021,
        6078.870822071588,
        6091.998587670818,
        6105.126353270047,
        6118.254118869276,
        6143.857791994982,
        6175.185414447689,
        6206.513036900397,
        6237.8406593531045,
        6309.239505991374,
        6389.042502134056,
        6468.845498276738,
        6577.318084875967,
        6715.159623667893,
        6877.382822080041,
        7077.879605777371,
        7397.429228436202,
        7880.293324640825,
        8833.660978643093,
        9320.534500609636,
        9626.032541365015,
        9921.407267347759,
        10068.789859940589,
        10212.330678635532,
        10376.882286786116,
        10357.190638387274,
        10278.830884929059,
        10158.275186179677,
        9943.855014725592,
        9669.216972093029,
        9375.818968687494,
        9237.977429895594,
        9100.135891103695,
        8922.806495893752,
        8696.352539307045,
        8469.898582720341,
        8272.68623679601,
        8075.76975280754,
        7763.110316068568,
        7693.940431202361
    ]
}