{
    "time": [
        19.018688464645876,
        19.028688464645878,
        19.03868846464588,
        19.04868846464588,
        19.058688464645883,
        19.068688464645884,
        19.078688464645886,
        19.088688464645887,
        19.09868846464589,
        19.10868846464589,
        19.118688464645892,
        19.128688464645894,
        19.13509000464277
    ],
    "frequency": [
        10781.813496326562,
        10756.361036716151,
        10730.90857710574,
        10701.239183673515,
        10664.217424240192,
        10627.195664806868,
        10570.10573358377,
        10511.928683045695,
        10453.751632507623,
        10385.248053858131,
        10315.253789929506,
        10245.25952600088,
        10200.452417991788
    ]
}