{
    "time": [
        4.151446473803493,
        4.161446473803493,
        4.171446473803493,
        4.181446473803493,
        4.1914464738034924,
        4.201446473803492,
        4.211446473803492,
        4.221446473803492,
        4.231446473803492,
        4.241446473803491,
        4.251446473803491,
        4.261446473803491,
        4.271446473803491,
        4.2814464738034905,
        4.29144647380349,
        4.30144647380349,
        4.31144647380349,
        4.32144647380349,
        4.3314464738034895,
        4.341446473803489,
        4.351446473803489,
        4.361446473803489,
        4.371446473803489,
        4.381446473803488,
        4.391446473803488,
        4.401446473803488,
        4.411446473803488,
        4.4214464738034875,
        4.431446473803487,
        4.441446473803487,
        4.451446473803487,
        4.461446473803487,
        4.4714464738034865,
        4.481446473803486,
        4.491446473803486,
        4.501446473803486,
        4.511446473803486,
        4.521446473803485,
        4.531446473803485,
        4.541446473803485,
        4.5433942141047865
    ],
    "frequency": [
        9568.609891121732,
        9534.278055592637,
        9499.946220063539,
        9469.360892936224,
        9441.836847988949,
        9416.103486383508,
        9406.370058319806,
        9396.636630256105,
        9397.513232654557,
        9404.0783584505,
        9413.215724173098,
        9432.558579564964,
        9451.901434956828,
        9465.691396419339,
        9477.646480019062,
        9475.661327827553,
        9441.450535634727,
        9407.239743441902,
        9379.151988777354,
        9352.12544568505,
        9326.544234387162,
        9303.107570033242,
        9279.670905679324,
        9251.527767525848,
        9223.152202784338,
        9199.262126883748,
        9179.799317584828,
        9160.593640496776,
        9145.928713570382,
        9131.263786643985,
        9099.663758525117,
        9056.956846158355,
        9000.619952889241,
        8869.547883436073,
        8738.475813982908,
        8595.21951472251,
        8446.85436905664,
        8318.920167041157,
        8250.70800689936,
        8182.495846757563,
        8169.209889422863
    ]
}