{
    "time": [
        13.010111551806656,
        13.020111551806655,
        13.030111551806655,
        13.040111551806655,
        13.050111551806655,
        13.060111551806655,
        13.070111551806654,
        13.080111551806654,
        13.090111551806654,
        13.100111551806654,
        13.110111551806654,
        13.120111551806653,
        13.130111551806653,
        13.140111551806653,
        13.150111551806653,
        13.160111551806652,
        13.170111551806652,
        13.180111551806652,
        13.190111551806652,
        13.200111551806652,
        13.210111551806651,
        13.220111551806651,
        13.230111551806651,
        13.24011155180665,
        13.25011155180665,
        13.26011155180665,
        13.27011155180665,
        13.28011155180665,
        13.29011155180665,
        13.30011155180665,
        13.31011155180665,
        13.320111551806649,
        13.330111551806649,
        13.340111551806649,
        13.350111551806648,
        13.360111551806648,
        13.370111551806648,
        13.380111551806648,
        13.390111551806648,
        13.400111551806647,
        13.410111551806647,
        13.420111551806647,
        13.430111551806647,
        13.440111551806647,
        13.450111551806646,
        13.460111551806646,
        13.470111551806646,
        13.480111551806646,
        13.490111551806645,
        13.500111551806645,
        13.510111551806645,
        13.516744877117693
    ],
    "frequency": [
        11113.708032004903,
        11173.235287698195,
        11232.762543391487,
        11292.289799084781,
        11351.817054778076,
        11411.344310471366,
        11470.87156616466,
        11530.398821857952,
        11589.926077551245,
        11649.453333244539,
        11708.98058893783,
        11768.507844631124,
        11828.035100324416,
        11887.562356017708,
        11947.089611711002,
        12006.616867404295,
        12066.144123097587,
        12125.671378790881,
        12189.809111128372,
        12256.65790094437,
        12323.506690760369,
        12390.355480576367,
        12457.204270392365,
        12524.053060208364,
        12590.901850024362,
        12657.75063984036,
        12724.599429656359,
        12791.448219472357,
        12858.297009288355,
        12925.614566028256,
        12994.292237829786,
        13062.969909631314,
        13131.647581432844,
        13200.325253234374,
        13269.002925035904,
        13337.680596837432,
        13406.358268638964,
        13475.035940440492,
        13543.71361224202,
        13612.391284043548,
        13681.06895584508,
        13749.746627646608,
        13818.424299448137,
        13887.101971249667,
        13955.779643051197,
        14024.457314852727,
        14093.134986654255,
        14161.812658455787,
        14230.490330257315,
        14299.168002058845,
        14367.845673860373,
        14413.401807726868
    ]
}