{
    "time": [
        4.057967910944773,
        4.067967910944772,
        4.077967910944772,
        4.087967910944772,
        4.097967910944772,
        4.1079679109447715,
        4.117967910944771,
        4.127967910944771,
        4.137967910944771,
        4.147967910944771,
        4.1579679109447705,
        4.16796791094477,
        4.17796791094477,
        4.18796791094477,
        4.19796791094477,
        4.207967910944769,
        4.217967910944769,
        4.227967910944769,
        4.237967910944769,
        4.2479679109447686,
        4.257967910944768,
        4.267967910944768,
        4.277967910944768,
        4.287967910944768,
        4.2979679109447675,
        4.307967910944767,
        4.317967910944767,
        4.327967910944767,
        4.337967910944767,
        4.347967910944766,
        4.357967910944766,
        4.367967910944766,
        4.377967910944766,
        4.387967910944766,
        4.397967910944765,
        4.407967910944765,
        4.417967910944765,
        4.427967910944765,
        4.4379679109447645,
        4.447967910944764,
        4.457967910944764,
        4.467967910944764,
        4.477967910944764,
        4.487967910944763,
        4.497967910944763,
        4.507967910944763,
        4.517967910944763,
        4.527967910944763,
        4.537967910944762,
        4.547967910944762,
        4.557967910944762,
        4.567967910944762,
        4.5779679109447615,
        4.587967910944761,
        4.597967910944761,
        4.607967910944761,
        4.617967910944761,
        4.6279679109447605,
        4.63796791094476,
        4.64796791094476,
        4.65796791094476,
        4.66796791094476,
        4.677967910944759,
        4.687967910944759,
        4.697967910944759,
        4.707967910944759,
        4.7179679109447585,
        4.727967910944758,
        4.737967910944758,
        4.747967910944758,
        4.757967910944758,
        4.7679679109447575,
        4.777967910944757,
        4.787967910944757,
        4.797967910944757,
        4.807967910944757,
        4.817967910944756,
        4.827967910944756,
        4.837967910944756,
        4.847967910944756,
        4.85341740178913
    ],
    "frequency": [
        15687.067953451882,
        15604.106769594026,
        15509.176622694504,
        15304.73656247335,
        15100.296502252197,
        14879.927048199732,
        14647.204766208859,
        14414.482484217986,
        14180.51261190971,
        13931.629060336134,
        13682.74550876256,
        13433.861957188987,
        13198.815439605336,
        12965.16965649545,
        12814.197296151353,
        12700.421958289144,
        12586.646620426935,
        12477.996768386802,
        12374.06737322421,
        12270.137978061619,
        12166.20858289903,
        12085.792008398928,
        12040.54045356737,
        11995.28889873581,
        11950.037343904252,
        11904.785789072692,
        11859.534234241135,
        11814.282679409576,
        11773.187575040693,
        11737.632781958751,
        11702.077988876812,
        11666.523195794874,
        11630.968402712933,
        11595.413609630996,
        11580.090685793439,
        11572.471801561594,
        11564.85291732975,
        11557.234033097906,
        11549.615148866062,
        11541.996264634217,
        11534.377380402373,
        11526.75849617053,
        11519.139611938686,
        11511.634434120491,
        11504.149214524294,
        11496.663994928098,
        11489.178775331899,
        11481.6935557357,
        11474.208336139502,
        11466.723116543304,
        11459.237896947106,
        11451.752677350909,
        11444.26745775471,
        11436.782238158514,
        11429.297018562314,
        11427.860026578584,
        11427.860026578584,
        11427.860026578586,
        11427.860026578583,
        11427.860026578584,
        11427.860026578584,
        11425.302296203628,
        11408.57062887095,
        11391.838961538273,
        11375.107294205598,
        11358.375626872921,
        11341.643959540243,
        11337.718059872273,
        11337.718059872272,
        11337.718059872273,
        11337.718059872273,
        11288.28571248073,
        11211.706158150402,
        11135.12660382007,
        11058.547049489738,
        10880.183186879176,
        10609.96675945643,
        10064.769425011682,
        9502.357243533723,
        8939.945062055765,
        8633.459058682876
    ]
}