{
    "time": [
        45.16997733635516,
        45.17997733635516,
        45.189977336355156,
        45.199977336355154,
        45.20997733635515,
        45.21997733635515,
        45.22997733635515,
        45.239977336355146,
        45.249977336355144,
        45.25997733635514,
        45.26997733635514,
        45.27997733635514,
        45.289977336355136,
        45.299977336355134,
        45.30997733635513,
        45.31997733635513,
        45.32997733635513,
        45.339977336355126,
        45.349977336355124,
        45.35997733635512,
        45.36997733635512,
        45.37997733635512,
        45.389977336355116,
        45.399977336355114,
        45.40997733635511,
        45.41997733635511,
        45.42997733635511,
        45.439977336355106,
        45.449977336355104,
        45.4599773363551,
        45.4699773363551,
        45.4799773363551,
        45.489977336355096,
        45.499977336355094,
        45.50997733635509,
        45.51997733635509,
        45.52997733635509,
        45.539977336355086,
        45.549977336355084,
        45.55997733635508,
        45.56997733635508,
        45.57997733635508,
        45.589977336355076,
        45.5939208105586
    ],
    "frequency": [
        12876.823364526828,
        12848.478102338417,
        12820.132840150005,
        12765.034073422607,
        12683.838713818208,
        12602.601526352853,
        12518.041016372781,
        12433.480506392712,
        12367.223854018332,
        12317.955061262037,
        12269.4243127664,
        12249.844223477869,
        12230.264134189336,
        12215.973678960843,
        12206.353842273977,
        12196.544700107825,
        12181.84817218981,
        12167.151644271795,
        12154.102195209347,
        12142.436148843097,
        12130.789230508373,
        12119.50790799014,
        12108.226585471912,
        12100.903336475996,
        12096.741699973609,
        12093.719770488451,
        12107.896559188364,
        12122.07334788828,
        12147.28893309565,
        12180.887795506245,
        12214.25657434262,
        12244.770308768324,
        12275.28404319403,
        12301.62828065482,
        12324.963044441716,
        12347.34836889842,
        12359.771041195658,
        12372.19371349289,
        12378.040373374457,
        12379.377814790754,
        12379.133746751817,
        12364.566665989896,
        12349.999585227972,
        12344.255094507442
    ]
}