{
    "time": [
        2.7205986474534614,
        2.730598647453461,
        2.740598647453461,
        2.7505986474534607,
        2.7605986474534605,
        2.7705986474534603,
        2.78059864745346,
        2.79059864745346,
        2.8005986474534597,
        2.8105986474534594,
        2.8205986474534592,
        2.830598647453459,
        2.840598647453459,
        2.8505986474534586,
        2.8605986474534584,
        2.870598647453458,
        2.880598647453458,
        2.8905986474534577,
        2.9005986474534575,
        2.9105986474534573,
        2.920598647453457,
        2.930598647453457,
        2.9405986474534567,
        2.9505986474534565,
        2.9605986474534562,
        2.970598647453456,
        2.980598647453456,
        2.9905986474534556,
        3.0005986474534554,
        3.010598647453455,
        3.020598647453455,
        3.0305986474534548,
        3.0405986474534545,
        3.0505986474534543,
        3.060598647453454,
        3.070598647453454,
        3.0805986474534537,
        3.0905986474534535,
        3.1005986474534533,
        3.110598647453453,
        3.120598647453453,
        3.1305986474534526,
        3.1405986474534524,
        3.150598647453452,
        3.160598647453452,
        3.1705986474534518,
        3.1805986474534516,
        3.1905986474534513,
        3.200598647453451,
        3.210598647453451,
        3.2205986474534507,
        3.2305986474534505,
        3.2405986474534503,
        3.25059864745345,
        3.26059864745345,
        3.2705986474534496,
        3.2805986474534494,
        3.290598647453449,
        3.300598647453449,
        3.310598647453449,
        3.3205986474534486,
        3.3305986474534484,
        3.340598647453448,
        3.350598647453448,
        3.3605986474534477,
        3.3705986474534475,
        3.3805986474534473,
        3.390598647453447,
        3.400598647453447,
        3.4105986474534467,
        3.4205986474534464,
        3.4305986474534462,
        3.440598647453446,
        3.450598647453446,
        3.4605986474534456,
        3.4705986474534454,
        3.480598647453445,
        3.490598647453445,
        3.5005986474534447,
        3.5105986474534445,
        3.5205986474534443,
        3.530598647453444,
        3.540598647453444,
        3.543527529662712
    ],
    "frequency": [
        13681.409194236414,
        13396.970849580897,
        13112.53250492538,
        12968.679667357532,
        12864.1067465283,
        12759.533825699065,
        12654.960904869831,
        12550.387984040595,
        12464.193040577416,
        12406.251896295737,
        12348.310752014058,
        12290.36960773238,
        12232.428463450702,
        12174.487319169024,
        12116.546174887344,
        12058.605030605666,
        12000.663886323988,
        11961.470873852819,
        11925.91608077088,
        11890.361287688942,
        11854.806494607003,
        11819.251701525063,
        11783.696908443124,
        11748.142115361185,
        11712.587322279243,
        11677.032529197306,
        11643.370834055528,
        11613.550685019063,
        11583.730535982599,
        11553.910386946132,
        11524.090237909666,
        11494.270088873202,
        11464.449939836737,
        11434.62979080027,
        11404.809641763806,
        11374.989492727342,
        11356.656548136565,
        11349.545589520176,
        11342.434630903788,
        11335.323672287399,
        11328.212713671013,
        11321.101755054626,
        11305.431708361955,
        11247.251137864236,
        11189.070567366516,
        11130.889996868797,
        11002.21392995257,
        10840.60123412557,
        10678.988538298574,
        10440.52462126343,
        9885.86984918518,
        9061.851626859367,
        8534.430673851164,
        8313.65420805518,
        8092.877742259198,
        7967.874544357857,
        7915.102673009258,
        7865.708000543698,
        7904.044861172062,
        7942.381721800425,
        7999.8890370018735,
        8076.257066911463,
        8152.625096821053,
        8237.395360347324,
        8322.41588353823,
        8407.751218915177,
        8493.490358522058,
        8579.229498128938,
        8670.142778719433,
        8761.598661832642,
        8823.938185491628,
        8837.143170939176,
        8850.348156386726,
        8863.704347050947,
        8877.08953302904,
        8902.627591122207,
        8955.715254916418,
        9008.802918710628,
        9032.294343983009,
        9047.099606495576,
        9058.458713482369,
        9058.911416191657,
        9059.364118900945,
        9059.496710192077
    ]
}