{
    "time": [
        15.6448939389521,
        15.6548939389521,
        15.6648939389521,
        15.6748939389521,
        15.684893938952099,
        15.694893938952099,
        15.704893938952099,
        15.714893938952098,
        15.724893938952098,
        15.734893938952098,
        15.744893938952098,
        15.754893938952097,
        15.764893938952097,
        15.774893938952097,
        15.784893938952097,
        15.794893938952097,
        15.804893938952096,
        15.814893938952096,
        15.824893938952096,
        15.834893938952096,
        15.844893938952096,
        15.854893938952095,
        15.864893938952095,
        15.874893938952095,
        15.884893938952095,
        15.894893938952094,
        15.904893938952094,
        15.914893938952094,
        15.924893938952094,
        15.934893938952094,
        15.944893938952093,
        15.954893938952093,
        15.964893938952093,
        15.974893938952093,
        15.984893938952093,
        15.994893938952092,
        16.004893938952094,
        16.014893938952092,
        16.02489393895209,
        16.03489393895209,
        16.044893938952093,
        16.05489393895209,
        16.06489393895209,
        16.07489393895209,
        16.084893938952092,
        16.09489393895209,
        16.104893938952088,
        16.11489393895209,
        16.12489393895209,
        16.13489393895209,
        16.144893938952087,
        16.15489393895209,
        16.16489393895209,
        16.17489393895209,
        16.184893938952087,
        16.194893938952088,
        16.20489393895209,
        16.214893938952088,
        16.224893938952086,
        16.234893938952087,
        16.24489393895209,
        16.254893938952087,
        16.264893938952085,
        16.274893938952086,
        16.284893938952088,
        16.294893938952086,
        16.304893938952084,
        16.314893938952086,
        16.320687748971753
    ],
    "frequency": [
        10733.535156496808,
        11006.15465094533,
        11278.77414539385,
        11449.577498820809,
        11570.159198288424,
        11660.829438661776,
        11693.268537159858,
        11725.70763565794,
        11758.146734156022,
        11784.789386530523,
        11787.738395484894,
        11790.687404439264,
        11793.636413393635,
        11795.487426999633,
        11778.011818381137,
        11760.536209762644,
        11743.060601144149,
        11725.584992525655,
        11708.10938390716,
        11690.633775288663,
        11672.639462808453,
        11646.902657388488,
        11621.165851968522,
        11595.429046548557,
        11569.692241128594,
        11543.955435708629,
        11525.61552318687,
        11520.064447508057,
        11514.51337182924,
        11508.962296150425,
        11503.411220471608,
        11507.00866485661,
        11510.940676795772,
        11514.872688734933,
        11518.804700674094,
        11522.736712613258,
        11526.668724552419,
        11537.532314248037,
        11550.69998213732,
        11563.867650026608,
        11577.035317915894,
        11590.202985805176,
        11603.37065369446,
        11616.538321583746,
        11629.705989473034,
        11642.873657362315,
        11656.041325251597,
        11669.208993140885,
        11682.87797190616,
        11696.858458800953,
        11710.838945695745,
        11724.819432590542,
        11738.79991948534,
        11752.780406380134,
        11766.760893274928,
        11777.616814243413,
        11786.604270104357,
        11795.591725965296,
        11804.579181826233,
        11813.566637687178,
        11820.39340246191,
        11817.910026500336,
        11815.42665053876,
        11812.943274577185,
        11810.459898615609,
        11792.502382033192,
        11732.449836053289,
        11672.397290073362,
        11637.60398581286
    ]
}