{
    "time": [
        52.177043060925214,
        52.18704306092521,
        52.19704306092521,
        52.20704306092521,
        52.21704306092521,
        52.227043060925205,
        52.2370430609252,
        52.2470430609252,
        52.2570430609252,
        52.2670430609252,
        52.277043060925195,
        52.28704306092519,
        52.29704306092519,
        52.30704306092519,
        52.31704306092519,
        52.327043060925185,
        52.33704306092518,
        52.34704306092518,
        52.35704306092518,
        52.36704306092518,
        52.377043060925175,
        52.38704306092517,
        52.39704306092517,
        52.40704306092517,
        52.41704306092517,
        52.427043060925165,
        52.43704306092516,
        52.44704306092516,
        52.45704306092516,
        52.46704306092516,
        52.477043060925155,
        52.48704306092515,
        52.49704306092515,
        52.50704306092515,
        52.51704306092515,
        52.527043060925145,
        52.53704306092514,
        52.54704306092514,
        52.55704306092514,
        52.56704306092514,
        52.577043060925135,
        52.58704306092513,
        52.59704306092513,
        52.60704306092513,
        52.61704306092513,
        52.627043060925125,
        52.63704306092512,
        52.64704306092512,
        52.65704306092512,
        52.66704306092512,
        52.677043060925115,
        52.68704306092511,
        52.69704306092511,
        52.70704306092511,
        52.71704306092511,
        52.727043060925105,
        52.7370430609251,
        52.7470430609251,
        52.7570430609251,
        52.76096520463939
    ],
    "frequency": [
        9902.03098267326,
        9885.380774453703,
        9868.730566234144,
        9852.08035801459,
        9835.430149795031,
        9818.779941575474,
        9802.129733355918,
        9785.479525136361,
        9725.061755182582,
        9645.973266139685,
        9545.691887752033,
        9387.514909666243,
        9229.337931580452,
        9088.538678811083,
        8951.174460999739,
        8793.732769072307,
        8606.417926602293,
        8419.103084132277,
        8155.1564407874885,
        7888.753109274579,
        7709.352165598043,
        7605.288364225811,
        7499.5109299053165,
        7378.796920313529,
        7258.0829107217405,
        7056.5012970512735,
        6815.073277867698,
        6618.020471997208,
        6563.907295283649,
        6509.794118570089,
        6475.758415972616,
        6446.620551588391,
        6419.0265106699035,
        6394.051198340569,
        6369.075886011233,
        6344.100573681897,
        6319.125261352563,
        6304.657604423594,
        6300.495052368704,
        6295.734282594222,
        6283.246626429554,
        6270.758970264886,
        6260.930552794628,
        6252.60544868485,
        6241.709895152675,
        6220.897134878229,
        6200.0843746037835,
        6188.922453255571,
        6180.597349145793,
        6173.6867691244815,
        6169.524217069593,
        6165.361665014703,
        6161.199112959814,
        6157.036560904925,
        6160.76293566125,
        6173.250591825918,
        6185.7382479905855,
        6198.225904155253,
        6210.713560319921,
        6215.61139853317
    ]
}