{
    "time": [
        9.006799093454207,
        9.016799093454207,
        9.026799093454207,
        9.036799093454206,
        9.046799093454206,
        9.056799093454206,
        9.066799093454206,
        9.076799093454206,
        9.086799093454205,
        9.096799093454205,
        9.106799093454205,
        9.116799093454205,
        9.126799093454204,
        9.136799093454204,
        9.146799093454204,
        9.156799093454204,
        9.166799093454204,
        9.176799093454203,
        9.182775629916012
    ],
    "frequency": [
        8016.114296054057,
        8124.040843245672,
        8231.967390437285,
        8290.962229731873,
        8298.216499718477,
        8305.470769705082,
        8402.787880654174,
        8502.689962059181,
        8600.226661257451,
        8694.965825987649,
        8789.704990717846,
        8877.039428542179,
        8963.936247110923,
        9043.933894422787,
        9114.79535443347,
        9185.656814444155,
        9265.080795751426,
        9345.286957826464,
        9393.222463036784
    ]
}