{
    "time": [
        35.512952521803776,
        35.522952521803774,
        35.53295252180377,
        35.54295252180377,
        35.55295252180377,
        35.562952521803766,
        35.572952521803764,
        35.58295252180376,
        35.59295252180376,
        35.60295252180376,
        35.612952521803756,
        35.622952521803754,
        35.63295252180375,
        35.64295252180375,
        35.65295252180375,
        35.662952521803746,
        35.672952521803744,
        35.68295252180374,
        35.69295252180374,
        35.70295252180374,
        35.712952521803736,
        35.722952521803734,
        35.72306850417501
    ],
    "frequency": [
        8610.777508666608,
        8681.576469255542,
        8752.375429844476,
        8823.17439043341,
        8893.973351022343,
        8977.197078770452,
        9072.150978854435,
        9160.336652403086,
        9211.204813162363,
        9262.072973921639,
        9312.941134680916,
        9330.98356009744,
        9343.157137031283,
        9355.330713965126,
        9358.018407398093,
        9358.018407398093,
        9363.77235636266,
        9372.564384148212,
        9396.25875454941,
        9433.185271248743,
        9470.111787948079,
        9507.038304647413,
        9507.46658714439
    ]
}