{
    "time": [
        57.04795573475182,
        57.057955734751815,
        57.06795573475181,
        57.07795573475181,
        57.08795573475181,
        57.09795573475181,
        57.107955734751805,
        57.1179557347518,
        57.1279557347518,
        57.1379557347518,
        57.1479557347518,
        57.157955734751795,
        57.16795573475179,
        57.17795573475179,
        57.18795573475179,
        57.19795573475179,
        57.207955734751785,
        57.21795573475178,
        57.22795573475178,
        57.23795573475178,
        57.24795573475178,
        57.257955734751775,
        57.26795573475177,
        57.27795573475177,
        57.28795573475177,
        57.29795573475177,
        57.307955734751765,
        57.31795573475176,
        57.32795573475176,
        57.33795573475176,
        57.33997278664454
    ],
    "frequency": [
        6586.415813448497,
        6685.469442993112,
        6784.523072537728,
        6883.576702082342,
        7005.1026598208055,
        7140.231376668697,
        7275.360093516587,
        7410.488810364479,
        7545.617527212369,
        7695.236463551389,
        7886.235707557543,
        8077.234951563696,
        8268.23419556985,
        8459.233439576004,
        8662.691421512181,
        8879.027299927347,
        9095.363178342513,
        9302.539532471324,
        9489.640832722253,
        9676.742132973177,
        9979.783704125468,
        10096.112855488074,
        10142.88818055081,
        10189.663505613546,
        10214.069056805412,
        10237.456719336778,
        10215.307186673082,
        10159.17679659781,
        10081.112359733961,
        9932.095619560238,
        9894.356316378997
    ]
}