{
    "time": [
        42.874283428876154,
        42.88428342887615,
        42.89428342887615,
        42.90428342887615,
        42.914283428876146,
        42.924283428876144,
        42.93428342887614,
        42.94428342887614,
        42.95428342887614,
        42.964283428876136,
        42.97114044386202
    ],
    "frequency": [
        10224.718159172668,
        10263.962362738457,
        10303.206566304247,
        10362.310194637295,
        10446.654472432398,
        10530.9987502275,
        10634.846913010504,
        10741.337518582548,
        10848.952499021398,
        10958.945569658204,
        11034.367983028207
    ]
}