{
    "time": [
        45.209972003732844,
        45.21997200373284,
        45.22997200373284,
        45.23997200373284,
        45.249972003732836,
        45.259972003732834,
        45.26997200373283,
        45.27997200373283,
        45.28997200373283,
        45.299972003732826,
        45.309972003732824,
        45.31997200373282,
        45.32997200373282,
        45.33997200373282,
        45.349972003732816,
        45.359972003732814,
        45.36997200373281,
        45.37997200373281,
        45.38997200373281,
        45.399972003732806,
        45.409972003732804,
        45.4199720037328,
        45.4299720037328,
        45.4399720037328,
        45.449972003732796,
        45.459972003732794,
        45.46997200373279,
        45.47997200373279,
        45.48997200373279,
        45.499972003732786,
        45.509972003732784,
        45.51997200373278,
        45.52997200373278,
        45.53997200373278,
        45.549972003732776,
        45.559972003732774,
        45.56997200373277,
        45.57997200373277,
        45.58997200373277,
        45.5939208105586
    ],
    "frequency": [
        10514.940292384857,
        10724.924338001803,
        10934.90838361875,
        11194.297407305643,
        11486.579196760678,
        11714.680528396078,
        11687.083504491024,
        11659.48648058597,
        11605.364526198904,
        11544.651073607783,
        11514.94518233794,
        11531.503396680968,
        11548.061611023995,
        11564.619825367026,
        11581.17803971006,
        11587.769537914122,
        11587.769537914122,
        11606.745665083175,
        11700.57554636036,
        11794.405427637543,
        11826.220186272229,
        11842.778400615261,
        11852.665647921349,
        11852.665647921349,
        11852.753946624558,
        11880.350970529611,
        11907.947994434666,
        11922.220744006469,
        11927.740148787478,
        11941.135062083269,
        11985.290300331357,
        12029.445538579443,
        12046.969887901687,
        12058.008697463709,
        12064.58253592713,
        12064.58253592713,
        12064.60902553809,
        12070.1284303191,
        12075.647835100111,
        12077.827341427492
    ]
}