{
    "time": [
        6.543818864895245,
        6.553818864895245,
        6.563818864895245,
        6.5738188648952445,
        6.583818864895244,
        6.593818864895244,
        6.603818864895244,
        6.613818864895244,
        6.623818864895243,
        6.633818864895243,
        6.643818864895243,
        6.653818864895243,
        6.6638188648952426,
        6.673818864895242,
        6.683818864895242,
        6.693818864895242,
        6.703818864895242,
        6.7138188648952415,
        6.723818864895241,
        6.733818864895241,
        6.743818864895241,
        6.753818864895241,
        6.755488623083788
    ],
    "frequency": [
        13035.362641872654,
        13045.618348294505,
        13060.077548400672,
        13096.70507133585,
        13133.332594271025,
        13178.494977286771,
        13229.77350939602,
        13276.824767035967,
        13318.974376648626,
        13324.372116870654,
        13329.769857092677,
        13335.167597314705,
        13312.253476562457,
        13269.521366471417,
        13215.205460022404,
        13141.950414152052,
        13068.695368281698,
        12917.041601989122,
        12746.113161624959,
        12569.475425194087,
        12304.885942703386,
        12138.23071334833,
        12110.403319960347
    ]
}