{
    "time": [
        44.842021063858155,
        44.85202106385815,
        44.86202106385815,
        44.87202106385815,
        44.88202106385815,
        44.892021063858145,
        44.90202106385814,
        44.91202106385814,
        44.92202106385814,
        44.93202106385814,
        44.942021063858135,
        44.942567404610195
    ],
    "frequency": [
        7375.766534626066,
        6900.827791937666,
        6731.361345780166,
        6660.006321186971,
        6704.307701297615,
        6648.2354443948025,
        6467.211940610173,
        6436.7217540758575,
        6436.241053915337,
        6492.2995202025495,
        6197.709742792984,
        6181.615102739085
    ]
}