{
    "time": [
        54.456813208080355,
        54.46681320808035,
        54.47681320808035,
        54.48681320808035,
        54.49681320808035,
        54.506813208080345,
        54.51681320808034,
        54.52681320808034,
        54.53681320808034,
        54.54681320808034,
        54.556813208080335,
        54.56681320808033,
        54.57681320808033,
        54.58681320808033,
        54.59681320808033,
        54.606813208080325,
        54.61681320808032,
        54.62681320808032,
        54.63681320808032,
        54.64681320808032,
        54.64982746198919
    ],
    "frequency": [
        11812.73259419404,
        11321.356927383613,
        11135.503382598927,
        11202.623135859705,
        11371.27200122331,
        11828.23830919176,
        12249.860472600878,
        12532.747212608518,
        12743.558294313021,
        12949.602664477497,
        13149.873192096711,
        13349.27816907931,
        13546.035178670212,
        13742.792188261112,
        13901.932362698608,
        14049.500119891763,
        14208.84925860475,
        14377.498123968282,
        14536.61356625189,
        14694.72187753027,
        14742.379737059893
    ]
}