{
    "time": [
        4.1436812424622085,
        4.153681242462208,
        4.163681242462208,
        4.173681242462208,
        4.183681242462208,
        4.193681242462207,
        4.203681242462207,
        4.213681242462207,
        4.223681242462207,
        4.233681242462207,
        4.243681242462206,
        4.253681242462206,
        4.263681242462206,
        4.273681242462206,
        4.2836812424622055,
        4.293681242462205,
        4.303681242462205,
        4.313681242462205,
        4.323681242462205,
        4.333681242462204,
        4.343681242462204,
        4.353681242462204,
        4.363681242462204,
        4.373681242462204,
        4.383681242462203,
        4.383837660806616
    ],
    "frequency": [
        16619.225980337884,
        16486.816642371017,
        16354.407304404152,
        16288.96366716024,
        16255.629847811939,
        16222.296028463637,
        16187.029572293028,
        16147.635058517762,
        16108.240544742497,
        16064.65865118556,
        16016.50980101579,
        15970.565490412007,
        15936.71083013639,
        15902.85616986077,
        15869.00150958515,
        15835.560413870982,
        15820.083997744987,
        15804.607581618988,
        15789.13116549299,
        15776.280871688326,
        15767.252962281495,
        15758.22505287466,
        15740.843098796719,
        15704.731461169393,
        15668.619823542067,
        15668.054971284895
    ]
}