{
    "time": [
        29.100119984002134,
        29.110119984002136,
        29.120119984002137,
        29.13011998400214,
        29.14011998400214,
        29.150119984002142,
        29.160119984002144,
        29.170119984002145,
        29.180119984002147,
        29.19011998400215,
        29.20011998400215,
        29.21011998400215,
        29.220119984002153,
        29.230119984002155,
        29.240119984002156,
        29.250119984002158,
        29.26011998400216,
        29.27011998400216,
        29.280119984002162,
        29.290119984002164,
        29.300119984002166,
        29.310119984002167,
        29.32011998400217,
        29.33011998400217,
        29.340119984002172,
        29.350119984002173,
        29.360119984002175,
        29.364084788694843
    ],
    "frequency": [
        13937.386492680567,
        13953.464036091817,
        13969.541579503066,
        14014.98929260014,
        14079.991029396504,
        14141.862730211484,
        14191.264201296022,
        14240.665672380565,
        14270.729002176118,
        14295.986765236607,
        14334.467452214982,
        14392.677093118557,
        14450.784655269434,
        14445.186569250756,
        14439.588483232077,
        14418.527832084033,
        14387.240997220399,
        14357.04046086296,
        14331.124967525277,
        14305.209474187592,
        14239.179557493891,
        14163.280959572761,
        14077.956606523701,
        13978.662049233273,
        13879.572823892086,
        13844.453056164479,
        13809.333288436872,
        13795.408986447692
    ]
}