{
    "time": [
        58.66173287343787,
        58.67173287343787,
        58.681732873437866,
        58.691732873437864,
        58.70173287343786,
        58.71173287343786,
        58.72173287343786,
        58.731732873437856,
        58.741732873437854,
        58.75173287343785,
        58.76173287343785,
        58.77173287343785,
        58.781732873437846,
        58.791732873437844,
        58.80173287343784,
        58.81173287343784,
        58.82173287343784,
        58.831732873437836,
        58.83785487458997
    ],
    "frequency": [
        15236.884632581678,
        12149.126829466695,
        9833.301828872203,
        8771.529501042365,
        8351.317135071147,
        8344.775086021595,
        8338.233036972042,
        8435.08386577725,
        8576.427396340174,
        8745.3778603853,
        9202.525748546344,
        9431.562728447829,
        9901.445844418002,
        10103.995554534953,
        10334.610045844285,
        10626.056573179208,
        10928.139993178,
        11675.896462546381,
        12272.651062670991
    ]
}