{
    "time": [
        23.166203850749667,
        23.17620385074967,
        23.18620385074967,
        23.196203850749672,
        23.206203850749674,
        23.216203850749675,
        23.226203850749677,
        23.23620385074968,
        23.24620385074968,
        23.25620385074968,
        23.266203850749683,
        23.276203850749685,
        23.286203850749686,
        23.296203850749688,
        23.30620385074969,
        23.31620385074969,
        23.326203850749692,
        23.336203850749694,
        23.346203850749696,
        23.356203850749697,
        23.3662038507497,
        23.3762038507497,
        23.386203850749702,
        23.396203850749703,
        23.406203850749705,
        23.416203850749707,
        23.426203850749708,
        23.43620385074971,
        23.44620385074971,
        23.456203850749713,
        23.466203850749714,
        23.476203850749716,
        23.486203850749718,
        23.49620385074972,
        23.50620385074972,
        23.516203850749722,
        23.526203850749724,
        23.536203850749725,
        23.546203850749727,
        23.55620385074973,
        23.56620385074973,
        23.57620385074973,
        23.586203850749733,
        23.596203850749735,
        23.606203850749736,
        23.616203850749738,
        23.62620385074974,
        23.63620385074974,
        23.646203850749743,
        23.656203850749744,
        23.666203850749746,
        23.676203850749747,
        23.68620385074975,
        23.69620385074975,
        23.706203850749752,
        23.716203850749753,
        23.726203850749755,
        23.736203850749757,
        23.746203850749758,
        23.75620385074976,
        23.763027003451548
    ],
    "frequency": [
        12955.426317205756,
        12533.54419615562,
        12194.003492092084,
        12002.37590629909,
        11890.34219510044,
        11839.263796421681,
        11635.88261185243,
        10269.900292900376,
        9820.757179207962,
        9737.363875242645,
        9686.35331738601,
        9645.93963931051,
        9605.525961235011,
        9566.716348561698,
        9540.771765105823,
        9514.827181649942,
        9494.787496864727,
        9478.866957016804,
        9462.94641716888,
        9452.982257327736,
        9448.812592129469,
        9444.642926931203,
        9440.473261732937,
        9430.214770577099,
        9415.620942383168,
        9401.027114189235,
        9384.962473675114,
        9363.735087211213,
        9342.507700747314,
        9311.20944494944,
        9217.808944508299,
        9058.635609959234,
        9036.744867668336,
        9014.854125377438,
        9013.465327161932,
        9013.465327161932,
        9036.23560083282,
        9061.075395895243,
        9087.019979351122,
        9111.265652795597,
        9104.779506931629,
        9098.293361067661,
        9082.34299398615,
        9058.019946996264,
        9033.69690000638,
        8998.736020238352,
        8911.173051074755,
        8828.348424555263,
        8750.514674187636,
        8667.454193399995,
        8583.134297168388,
        8496.70887231741,
        8404.97623795556,
        8321.315691245327,
        8254.601048073073,
        8190.899076971762,
        8113.8073923982,
        7977.598329254828,
        7800.035390210558,
        7595.428076123771,
        7475.936974198781
    ]
}