{
    "time": [
        0.44147281250287207,
        0.4514728125028721,
        0.4614728125028721,
        0.4714728125028721,
        0.4814728125028721,
        0.4914728125028721,
        0.5014728125028721,
        0.5114728125028721,
        0.5214728125028721,
        0.5314728125028721,
        0.5414728125028722,
        0.5514728125028722,
        0.5614728125028722,
        0.5714728125028722,
        0.5814728125028722,
        0.5914728125028722,
        0.6014728125028722,
        0.6114728125028722,
        0.6214728125028722,
        0.6314728125028722,
        0.6414728125028722,
        0.6514728125028723,
        0.6614728125028723,
        0.6714728125028723,
        0.6814728125028723,
        0.6914728125028723,
        0.7014728125028723,
        0.7114728125028723,
        0.7214728125028723,
        0.7314728125028723,
        0.7414728125028723,
        0.7514728125028723,
        0.7614728125028724,
        0.7714728125028724,
        0.7814728125028724,
        0.7914728125028724,
        0.8014728125028724,
        0.8114728125028724,
        0.8214728125028724,
        0.8314728125028724,
        0.8414728125028724,
        0.8514728125028724,
        0.8614728125028724,
        0.8714728125028725,
        0.8814728125028725,
        0.8914728125028725,
        0.9014728125028725,
        0.9114728125028725,
        0.9214728125028725,
        0.9314728125028725,
        0.9414728125028725,
        0.9514728125028725,
        0.9614728125028725,
        0.9714728125028725,
        0.9814728125028725,
        0.9914728125028726,
        1.0014728125028727,
        1.0114728125028725,
        1.0214728125028727,
        1.0314728125028725,
        1.0414728125028727,
        1.0514728125028725,
        1.0614728125028727,
        1.0714728125028725,
        1.0814728125028727,
        1.0914728125028725,
        1.1014728125028728,
        1.1114728125028726,
        1.1214728125028728,
        1.1314728125028726,
        1.1414728125028728,
        1.1514728125028726,
        1.1566251783809438
    ],
    "frequency": [
        10697.727973106941,
        9386.985706468782,
        8458.916615253795,
        7962.196067984162,
        7974.5073698110555,
        8093.617182280512,
        8174.381621073903,
        8255.146059867295,
        8329.662835111607,
        8391.752013283101,
        8453.841191454598,
        8519.015058945117,
        8608.753324271107,
        8697.918419330485,
        8760.345038687696,
        8828.46808241798,
        9203.036584312824,
        9500.368564178752,
        9736.252004464213,
        9933.02205721718,
        9914.160111745734,
        9827.55732669693,
        9695.941204218812,
        9653.654016755994,
        9743.84236346929,
        9925.468089592163,
        10128.834735278158,
        10220.873981766354,
        10312.91322825455,
        10403.32613569385,
        10475.116747954642,
        10546.907360215435,
        10610.32706739496,
        10669.06484106288,
        10712.977895800159,
        10769.571657378106,
        10851.61807139044,
        10943.286042858608,
        11041.665770771542,
        11140.045498684482,
        11238.42522659742,
        11336.804954510355,
        11434.848416706256,
        11532.848300109878,
        11630.848183513499,
        11728.848066917119,
        11826.84795032074,
        11924.456079465359,
        12021.47042035832,
        12118.484761251282,
        12218.753690806661,
        12334.416343893494,
        12450.078996980326,
        12567.052114456732,
        12716.615890000048,
        12866.179665543368,
        13003.589340452862,
        13157.655621805861,
        13440.186418445115,
        13722.717215084358,
        13986.702117075005,
        14224.916421394902,
        14463.13072571481,
        14701.345030034703,
        14945.143775268127,
        15192.891770521052,
        15440.639765773985,
        15688.38776102691,
        15926.59890627424,
        16107.784737218139,
        16288.970568162047,
        16470.15639910595,
        16563.50996840048
    ]
}