{
    "time": [
        8.198906812425012,
        8.208906812425012,
        8.218906812425011,
        8.228906812425011,
        8.23890681242501,
        8.24890681242501,
        8.25890681242501,
        8.26890681242501,
        8.27890681242501,
        8.28890681242501,
        8.29890681242501,
        8.30890681242501,
        8.31890681242501,
        8.328906812425009,
        8.338906812425009,
        8.348906812425009,
        8.358906812425008,
        8.368906812425008,
        8.378906812425008,
        8.388906812425008,
        8.398906812425007,
        8.408906812425007,
        8.418906812425007,
        8.428906812425007,
        8.438906812425007,
        8.448906812425006,
        8.458906812425006,
        8.468906812425006,
        8.478906812425006,
        8.488906812425006,
        8.498906812425005,
        8.508906812425005,
        8.518906812425005,
        8.528906812425005,
        8.538906812425004,
        8.548906812425004,
        8.558906812425004,
        8.568906812425004,
        8.578906812425004,
        8.588906812425003,
        8.598906812425003,
        8.608906812425003,
        8.618906812425003,
        8.628906812425003,
        8.638906812425002,
        8.648906812425002,
        8.658906812425002,
        8.668906812425002,
        8.678906812425002,
        8.688906812425001,
        8.698906812425001,
        8.708906812425,
        8.718906812425,
        8.728906812425,
        8.738906812425,
        8.748906812425,
        8.758906812425,
        8.768906812425,
        8.778906812425,
        8.788906812425,
        8.798906812424999,
        8.808906812424999,
        8.818906812424999,
        8.828906812424998,
        8.838906812424998,
        8.848906812424998,
        8.858906812424998,
        8.868906812424997,
        8.878906812424997,
        8.888906812424997,
        8.898906812424997,
        8.908906812424997,
        8.918906812424996,
        8.928906812424996,
        8.938906812424996,
        8.948906812424996,
        8.958906812424996,
        8.968906812424995,
        8.978906812424995,
        8.988906812424995,
        8.998906812424995,
        9.008906812424994,
        9.018906812424994,
        9.028906812424994,
        9.038906812424994,
        9.048906812424994,
        9.058906812424993,
        9.062791627782964
    ],
    "frequency": [
        15027.533132896484,
        14872.002371594837,
        14716.471610293192,
        14532.286639726894,
        14329.024316423442,
        14132.06471462433,
        13960.215490326926,
        13788.36626602952,
        13635.067563353807,
        13486.378702352733,
        13347.571353106468,
        13223.507482029938,
        13099.457454698057,
        12984.04707767492,
        12868.636700651788,
        12759.167751083267,
        12653.628170812528,
        12537.48914879412,
        12379.539276796662,
        12221.589404799204,
        12105.525258380358,
        11999.765557074814,
        11903.474395292746,
        11821.216849832887,
        11738.86530828247,
        11627.230068015515,
        11515.594827748562,
        11442.476919193181,
        11394.662864075075,
        11341.476865858624,
        11267.309020563414,
        11193.141175268205,
        11182.211597645026,
        11186.682718829958,
        11179.839225628717,
        11156.337069783043,
        11132.863112764535,
        11115.236495880275,
        11097.60987899602,
        11065.761653608446,
        11024.632880878511,
        10983.504108148578,
        10942.375335418648,
        10901.246562688717,
        10879.054869005726,
        10861.428252121472,
        10831.871964742324,
        10784.867653050971,
        10737.825742923396,
        10684.945892270625,
        10632.066041617853,
        10604.139803109278,
        10592.388725186442,
        10579.421181191477,
        10561.79456430722,
        10544.167947422962,
        10531.284999909496,
        10519.533921986658,
        10505.387510355786,
        10487.76089347153,
        10470.087278541994,
        10446.58512269632,
        10423.082966850645,
        10413.87761638073,
        10413.87761638073,
        10411.425885018365,
        10399.674807095525,
        10387.923729172686,
        10363.587906337047,
        10336.280109298996,
        10314.493866448338,
        10300.677006856466,
        10286.67984803854,
        10254.079314907165,
        10221.478781775793,
        10194.786273236696,
        10171.872317693691,
        10149.460333523333,
        10128.934004655195,
        10108.407675787059,
        10089.691602512348,
        10071.398616934723,
        10036.612415637912,
        9978.178089661156,
        9919.871762777828,
        9872.867451086477,
        9825.863139395125,
        9807.602832200184
    ]
}