{
    "time": [
        21.045193974136783,
        21.055193974136785,
        21.065193974136786,
        21.075193974136788,
        21.08519397413679,
        21.09519397413679,
        21.105193974136792,
        21.115193974136794,
        21.125193974136796,
        21.135193974136797,
        21.1451939741368,
        21.1551939741368,
        21.165193974136802,
        21.175193974136803,
        21.185193974136805,
        21.189174776696444
    ],
    "frequency": [
        12568.047259848327,
        12589.156682957695,
        12610.266106067062,
        12603.253350149145,
        12577.51745571832,
        12548.294369616662,
        12505.178126532788,
        12462.061883448918,
        12372.44405029321,
        12271.270479125382,
        12156.690212989663,
        12022.106801637849,
        11887.716095594627,
        11873.58956076784,
        11859.463025941055,
        11853.839531341328
    ]
}