{
    "time": [
        19.911842769308493,
        19.921842769308494,
        19.931842769308496,
        19.941842769308497,
        19.9518427693085,
        19.9618427693085,
        19.971842769308502,
        19.981842769308503,
        19.991842769308505,
        20.001842769308507,
        20.011842769308508,
        20.02184276930851,
        20.03184276930851,
        20.041842769308513,
        20.051842769308514,
        20.061842769308516,
        20.065680820873002
    ],
    "frequency": [
        10886.325683328196,
        10986.242909336783,
        11086.160135345368,
        11186.077361353953,
        11285.994587362538,
        11385.911813371124,
        11485.82903937971,
        11585.746265388296,
        11685.663491396881,
        11785.580717405468,
        11885.497943414051,
        11985.415169422638,
        12085.332395431225,
        12185.249621439809,
        12285.166847448396,
        12385.08407345698,
        12423.43282001711
    ]
}