{
    "time": [
        6.247167044394081,
        6.257167044394081,
        6.267167044394081,
        6.277167044394081,
        6.287167044394081,
        6.29716704439408,
        6.30716704439408,
        6.31716704439408,
        6.32716704439408,
        6.3371670443940795,
        6.347167044394079,
        6.357167044394079,
        6.359152113051594
    ],
    "frequency": [
        8177.541322001617,
        8172.139429621213,
        8166.737537240808,
        8150.9987467188075,
        8094.008648776093,
        8037.018550833376,
        7983.235458961123,
        7934.247940038548,
        7885.260421115972,
        7832.47594148663,
        7777.171943907711,
        7721.867946328791,
        7710.889723105871
    ]
}