{
    "time": [
        20.129337945658314,
        20.139337945658315,
        20.149337945658317,
        20.15933794565832,
        20.16933794565832,
        20.17933794565832,
        20.189337945658323,
        20.199337945658325,
        20.209337945658326,
        20.219337945658328,
        20.22933794565833,
        20.23933794565833,
        20.249337945658333,
        20.259337945658334,
        20.269337945658336,
        20.279337945658337,
        20.28933794565834,
        20.29933794565834,
        20.309337945658342,
        20.319337945658344,
        20.329337945658345,
        20.339337945658347,
        20.34933794565835,
        20.35933794565835,
        20.36933794565835,
        20.379337945658353,
        20.389337945658355,
        20.399337945658356,
        20.409337945658358,
        20.41933794565836,
        20.42933794565836,
        20.439337945658362,
        20.449337945658364,
        20.459337945658365,
        20.469337945658367,
        20.47933794565837,
        20.48933794565837,
        20.49933794565837,
        20.50067117357264
    ],
    "frequency": [
        10324.372536581712,
        10531.2549133582,
        10738.137290134691,
        10945.01966691118,
        11151.902043687667,
        11358.784420464155,
        11565.666797240645,
        11769.248436866521,
        11967.186926340844,
        12165.125415815171,
        12363.063905289493,
        12561.002394763818,
        12700.015901834913,
        12829.437221875816,
        12958.85854191672,
        13077.749532276532,
        13181.606147124168,
        13284.790035851476,
        13361.484151431265,
        13438.17826701105,
        13514.872382590836,
        13559.31736352231,
        13580.088686491836,
        13600.860009461365,
        13621.63133243089,
        13642.40265540042,
        13637.41640906283,
        13626.086596533994,
        13614.756784005162,
        13552.191778201368,
        13482.954034969613,
        13352.042523002548,
        13158.869219385935,
        12965.695915769316,
        12701.70974597095,
        12424.758773043923,
        12131.948710573204,
        11820.378866030343,
        11778.839504631436
    ]
}