{
    "time": [
        20.386618824998955,
        20.396618824998956,
        20.406618824998958,
        20.41661882499896,
        20.42661882499896,
        20.436618824998963,
        20.446618824998964,
        20.456618824998966,
        20.466618824998967,
        20.47661882499897,
        20.48661882499897,
        20.496618824998972,
        20.506618824998974,
        20.516618824998975,
        20.526618824998977,
        20.53661882499898,
        20.54661882499898,
        20.55661882499898,
        20.566618824998983,
        20.576618824998985,
        20.586618824998986,
        20.596618824998988,
        20.60661882499899,
        20.61661882499899,
        20.626618824998992,
        20.636618824998994,
        20.646618824998995,
        20.651856844937758
    ],
    "frequency": [
        13398.58680995954,
        13109.010130913768,
        12819.433451867997,
        12529.856772822226,
        12240.280093776457,
        12052.081117234122,
        11968.995825356014,
        11885.910533477903,
        11802.825241599798,
        11719.739949721688,
        11676.10300711707,
        11648.061721108208,
        11620.020435099346,
        11591.979149090484,
        11563.937863081623,
        11532.279767815822,
        11495.457877097113,
        11458.635986378404,
        11421.814095659698,
        11384.99220494099,
        11348.170314222283,
        11341.566281488997,
        11357.144773716143,
        11372.723265943287,
        11388.301758170432,
        11460.920986968065,
        11647.862893693804,
        11745.78343717576
    ]
}