{
    "time": [
        29.0842751760308,
        29.094275176030802,
        29.104275176030804,
        29.114275176030805,
        29.124275176030807,
        29.13427517603081,
        29.14427517603081,
        29.15427517603081,
        29.164275176030813,
        29.174275176030815,
        29.184275176030816,
        29.194275176030818,
        29.20427517603082,
        29.21427517603082,
        29.224275176030822,
        29.234275176030824,
        29.244275176030825,
        29.25204210707627
    ],
    "frequency": [
        7942.4889375092525,
        7268.5499045891,
        6948.597477215704,
        6802.088991798267,
        6728.4119069365215,
        6689.342977491873,
        6650.274048047223,
        6622.849063729334,
        6645.174166269137,
        6667.499268808938,
        6689.824371348741,
        6786.924201171193,
        6915.851668338533,
        7044.779135505874,
        7251.338331931001,
        7584.92688334302,
        8090.043009165172,
        8954.863200060696
    ]
}