{
    "time": [
        19.71737101719771,
        19.72737101719771,
        19.737371017197713,
        19.747371017197715,
        19.757371017197716,
        19.767371017197718,
        19.77737101719772,
        19.78737101719772,
        19.797371017197722,
        19.807371017197724,
        19.817371017197726,
        19.827371017197727,
        19.83737101719773,
        19.84737101719773,
        19.853352886281833
    ],
    "frequency": [
        13184.555862409996,
        13113.044762960397,
        13041.5336635108,
        12974.152373360193,
        12917.371516208135,
        12860.590659056077,
        12809.44072116995,
        12762.702071676878,
        12715.963422183806,
        12698.706015926013,
        12687.018690812001,
        12678.270983094739,
        12690.787906161542,
        12703.304829228344,
        12710.79228874048
    ]
}