{
    "time": [
        57.99735154635167,
        58.00735154635167,
        58.01735154635167,
        58.02735154635167,
        58.037351546351665,
        58.04735154635166,
        58.05735154635166,
        58.06735154635166,
        58.07735154635166,
        58.087351546351655,
        58.09735154635165,
        58.10735154635165,
        58.11735154635165,
        58.12735154635165,
        58.137351546351645,
        58.14735154635164,
        58.15735154635164,
        58.16735154635164,
        58.17735154635164,
        58.187351546351636,
        58.19735154635163,
        58.20735154635163,
        58.21735154635163,
        58.22735154635163,
        58.237351546351626,
        58.247351546351624,
        58.25735154635162,
        58.26735154635162,
        58.27735154635162,
        58.287351546351616,
        58.297351546351614,
        58.30735154635161,
        58.31735154635161,
        58.32735154635161,
        58.337351546351606,
        58.347351546351604,
        58.3573515463516,
        58.3673515463516,
        58.3773515463516,
        58.387351546351596,
        58.397351546351594,
        58.40735154635159,
        58.41735154635159,
        58.42735154635159,
        58.437351546351586,
        58.447351546351584,
        58.45735154635158,
        58.46735154635158,
        58.47735154635158,
        58.487351546351576,
        58.497351546351574,
        58.50735154635157,
        58.51735154635157,
        58.52735154635157,
        58.537351546351566,
        58.547351546351564,
        58.55735154635156,
        58.56735154635156,
        58.57735154635156,
        58.587351546351556,
        58.597351546351554,
        58.60735154635155,
        58.61735154635155,
        58.62735154635155,
        58.637351546351546,
        58.647351546351544,
        58.65735154635154,
        58.66735154635154,
        58.67735154635154,
        58.687351546351536,
        58.697351546351534,
        58.70735154635153,
        58.71735154635153,
        58.72735154635153,
        58.737351546351526,
        58.747351546351524,
        58.75157386422552
    ],
    "frequency": [
        12813.46236271031,
        12503.099707498604,
        12192.737052286897,
        11882.37439707519,
        11572.011741863484,
        11266.995123410961,
        11041.452075834737,
        10815.909028258511,
        10592.160608048525,
        10378.464778686535,
        10164.768949324545,
        9951.073119962555,
        9687.137367443971,
        9395.125876779712,
        9312.636594906046,
        9230.14731303238,
        9147.658031158711,
        9104.727269090949,
        9089.046059770824,
        9062.532200227028,
        8965.518958381906,
        8868.505716536787,
        8796.88968338704,
        8737.54328288813,
        8685.916297447955,
        8662.419520023006,
        8638.922742598059,
        8583.285115917755,
        8517.296259286684,
        8468.137468522684,
        8458.726947493606,
        8449.316426464526,
        8408.690979419425,
        8362.0548399697,
        8320.134589010479,
        8285.921692764394,
        8251.708796518307,
        8223.354048740446,
        8195.504066886271,
        8153.6452860651025,
        8095.456104521864,
        8037.343963862289,
        8006.592587622085,
        7975.841211381881,
        7976.666523349142,
        8003.973717333663,
        8022.844131483139,
        7950.830865048401,
        7878.817598613664,
        7837.953747742829,
        7815.698847555737,
        7786.007150665462,
        7719.242450104188,
        7652.4777495429125,
        7559.446672314558,
        7455.590471441463,
        7333.246425695661,
        7155.207224198928,
        6977.168022702194,
        6781.541040094992,
        6581.246938411166,
        6398.159556728751,
        6249.793555481474,
        6101.427554234195,
        6017.7806737225455,
        5943.597673098908,
        5884.751778612356,
        5847.660278300536,
        5810.5687779887185,
        5716.827434127807,
        5620.389533317075,
        5538.65859089631,
        5471.893890335035,
        5407.307179784528,
        5399.888879722164,
        5392.4705796598,
        5389.338337565001
    ]
}