{
    "time": [
        51.12918277562992,
        51.13918277562992,
        51.14918277562992,
        51.159182775629915,
        51.16918277562991,
        51.17918277562991,
        51.18918277562991,
        51.19918277562991,
        51.209182775629905,
        51.2191827756299,
        51.2291827756299,
        51.2391827756299,
        51.2491827756299,
        51.259182775629895,
        51.26918277562989,
        51.27918277562989,
        51.28918277562989,
        51.29716037861619
    ],
    "frequency": [
        9634.470043161491,
        9256.794819671984,
        8879.119596182478,
        8605.481918223251,
        8401.110187743549,
        8201.607680766336,
        8021.504419052293,
        7841.401157338251,
        7751.58977272678,
        7684.216099918757,
        7632.115242636016,
        7602.801832039213,
        7573.549173180201,
        7582.210661409774,
        7590.872149639347,
        7600.861359680727,
        7611.728659939185,
        7620.398160638677
    ]
}