{
    "time": [
        19.238497862541692,
        19.248497862541694,
        19.258497862541695,
        19.268497862541697,
        19.2784978625417,
        19.2884978625417,
        19.2984978625417,
        19.308497862541703,
        19.318497862541705,
        19.328497862541706,
        19.338497862541708,
        19.34849786254171,
        19.35849786254171,
        19.368497862541712,
        19.378497862541714,
        19.388497862541715,
        19.398497862541717,
        19.40849786254172,
        19.41849786254172,
        19.42849786254172,
        19.438497862541723,
        19.448497862541725,
        19.458497862541726,
        19.468497862541728,
        19.47849786254173,
        19.48849786254173,
        19.498497862541733,
        19.508497862541734,
        19.518497862541736,
        19.528497862541737,
        19.53849786254174,
        19.54849786254174,
        19.558497862541742,
        19.568497862541744,
        19.578497862541745,
        19.588497862541747,
        19.59849786254175,
        19.60849786254175,
        19.61849786254175,
        19.628497862541753,
        19.638497862541755,
        19.648497862541756,
        19.658497862541758,
        19.66849786254176,
        19.67849786254176,
        19.688497862541762,
        19.698497862541764,
        19.708497862541765,
        19.718488965905042
    ],
    "frequency": [
        8657.05709323063,
        8998.324794655746,
        9339.592496080862,
        9692.691350912692,
        10047.609760394838,
        10367.930993049813,
        10549.940433809896,
        10731.949874569978,
        10822.939414276228,
        10891.192954561262,
        10959.446494846297,
        10978.39512889575,
        10989.770718943255,
        11001.146308990761,
        11012.521899038265,
        11023.897489085772,
        11035.273079133276,
        11041.336574559438,
        11041.336574559436,
        11041.336574559438,
        11041.336574559438,
        11041.336574559438,
        11041.336574559438,
        11039.200963181209,
        11032.802193779487,
        11026.403424377764,
        11020.004654976045,
        11013.605885574321,
        11007.2071161726,
        11000.808346770878,
        10994.409577369157,
        10988.010807967436,
        10967.063525663547,
        10942.492251160937,
        10917.920976658326,
        10893.349702155716,
        10868.778427653104,
        10844.207153150493,
        10821.557037502384,
        10811.319006459627,
        10801.080975416873,
        10790.842944374119,
        10780.604913331365,
        10770.366882288608,
        10750.108312759323,
        10727.357132664314,
        10704.605952569304,
        10681.854772474293,
        10659.123833277721
    ]
}