{
    "time": [
        19.973685702066593,
        19.983685702066595,
        19.993685702066596,
        20.003685702066598,
        20.0136857020666,
        20.0236857020666,
        20.033685702066602,
        20.043685702066604,
        20.053685702066606,
        20.063685702066607,
        20.07368570206661,
        20.08368570206661,
        20.09368570206661,
        20.103685702066613,
        20.113685702066615,
        20.123685702066616,
        20.133685702066618,
        20.14368570206662,
        20.15368570206662,
        20.163685702066623,
        20.173685702066624,
        20.183685702066626,
        20.193685702066627,
        20.20368570206663,
        20.21368570206663,
        20.223685702066632,
        20.233685702066634,
        20.243685702066635,
        20.253685702066637,
        20.26368570206664,
        20.27368570206664,
        20.28368570206664,
        20.293685702066643,
        20.303685702066645,
        20.313685702066646,
        20.323685702066648,
        20.33368570206665,
        20.34368570206665,
        20.353685702066652,
        20.363685702066654,
        20.373685702066656,
        20.383685702066657,
        20.39368570206666,
        20.40368570206666,
        20.41368570206666,
        20.423685702066663,
        20.433685702066665,
        20.443685702066666,
        20.453685702066668,
        20.46368570206667,
        20.47368570206667,
        20.479618865801587
    ],
    "frequency": [
        10710.620619326834,
        10583.119232570216,
        10455.617845813596,
        10328.116459056977,
        10220.874202551053,
        10153.464773726679,
        10086.055344902306,
        10018.645916077934,
        9951.236487253562,
        9883.82705842919,
        9847.213095251791,
        9829.966530859589,
        9812.719966467388,
        9795.473402075188,
        9778.226837682985,
        9760.980273290785,
        9743.733708898584,
        9726.487144506384,
        9707.405228173533,
        9685.23107395499,
        9663.056919736446,
        9640.882765517901,
        9618.708611299358,
        9596.534457080814,
        9560.451285389343,
        9522.438449586123,
        9484.425613782905,
        9446.412777979687,
        9409.670694478511,
        9389.642426152084,
        9369.614157825657,
        9349.585889499229,
        9329.557621172802,
        9309.529352846375,
        9289.501084519947,
        9269.47281619352,
        9260.311445042762,
        9251.441783355345,
        9242.572121667929,
        9233.702459980512,
        9226.990321545412,
        9223.578913204099,
        9220.167504862784,
        9216.756096521469,
        9213.344688180154,
        9209.93327983884,
        9199.100939578173,
        9178.942617561313,
        9158.784295544458,
        9138.625973527598,
        9118.46765151074,
        9106.507388996022
    ]
}