{
    "time": [
        18.83850527640557,
        18.84850527640557,
        18.858505276405573,
        18.868505276405575,
        18.878505276405576,
        18.888505276405578,
        18.89850527640558,
        18.90850527640558,
        18.918505276405583,
        18.928505276405584,
        18.938505276405586,
        18.948505276405587,
        18.95850527640559,
        18.96850527640559,
        18.978505276405592,
        18.988505276405593,
        18.998505276405595,
        19.008505276405597,
        19.018505276405598,
        19.0285052764056,
        19.0385052764056,
        19.048505276405603,
        19.058505276405604,
        19.068505276405606,
        19.078505276405608,
        19.08850527640561,
        19.09850527640561,
        19.108505276405612,
        19.118505276405614,
        19.128505276405615,
        19.138505276405617,
        19.14850527640562,
        19.15850527640562,
        19.16850527640562,
        19.178505276405623,
        19.188505276405625,
        19.198505276405626,
        19.208505276405628,
        19.21850527640563,
        19.22850527640563,
        19.238505276405633,
        19.248505276405634,
        19.258505276405636,
        19.268505276405637,
        19.27850527640564,
        19.28850527640564,
        19.298505276405642,
        19.308505276405644,
        19.318505276405645,
        19.328505276405647,
        19.338505276405648,
        19.34850527640565,
        19.35850527640565,
        19.368505276405653,
        19.378505276405654,
        19.388505276405656,
        19.398505276405658,
        19.40850527640566,
        19.41850527640566,
        19.428505276405662,
        19.438505276405664,
        19.448505276405665,
        19.458505276405667,
        19.459827093537015
    ],
    "frequency": [
        8657.05709323063,
        8660.024638460414,
        8662.992183690196,
        8665.959728919981,
        8668.927274149766,
        8671.894819379548,
        8674.862364609333,
        8669.137614379904,
        8662.076903315938,
        8655.016192251967,
        8647.955481187999,
        8640.89477012403,
        8633.834059060062,
        8626.773347996093,
        8620.655879775226,
        8620.655879775224,
        8620.655879775226,
        8620.655879775226,
        8620.655879775226,
        8620.655879775226,
        8619.197807147166,
        8613.737523924363,
        8608.277240701562,
        8602.81695747876,
        8597.356674255958,
        8591.896391033155,
        8586.436107810352,
        8548.858079437297,
        8489.911840100225,
        8430.965600763155,
        8372.019361426084,
        8313.073122089012,
        8254.126882751942,
        8192.524174418813,
        8129.958429157536,
        8067.392683896258,
        8004.826938634978,
        7942.261193373701,
        7879.695448112422,
        7810.669675764597,
        7728.765427422561,
        7646.861179080523,
        7564.956930738485,
        7492.876441828408,
        7440.373718532233,
        7387.870995236057,
        7335.36827193988,
        7275.780420326961,
        7215.110606740267,
        7154.440793153573,
        7093.770979566879,
        7033.972825783262,
        6986.195347583743,
        6938.417869384223,
        6900.675772996756,
        6877.924592901744,
        6855.173412806735,
        6832.422232711724,
        6809.6710526167135,
        6797.664778187263,
        6792.789525309761,
        6787.914272432259,
        6783.039019554756,
        6782.394600277443
    ]
}