{
    "time": [
        20.12706815442064,
        20.137068154420643,
        20.147068154420644,
        20.157068154420646,
        20.167068154420647,
        20.17706815442065,
        20.18706815442065,
        20.197068154420652,
        20.207068154420654,
        20.217068154420655,
        20.227068154420657,
        20.23706815442066,
        20.24706815442066,
        20.25706815442066,
        20.267068154420663,
        20.277068154420665,
        20.287068154420666,
        20.297068154420668,
        20.30706815442067,
        20.31706815442067,
        20.321657832780254
    ],
    "frequency": [
        8883.149850595531,
        8761.192002393549,
        8653.1472510222,
        8613.726532411458,
        8584.329915848773,
        8637.547885973281,
        8690.765856097787,
        8743.983826222295,
        8816.852191529357,
        8899.213335769666,
        8981.574480009975,
        9031.689876785389,
        9045.335510150648,
        9058.981143515906,
        9072.626776881163,
        9086.272410246422,
        9099.918043611679,
        9110.035532986481,
        9116.85834966911,
        9123.68116635174,
        9126.812619759705
    ]
}