{
    "time": [
        4.247050656978468,
        4.257050656978468,
        4.267050656978467,
        4.277050656978467,
        4.287050656978467,
        4.297050656978467,
        4.307050656978467,
        4.317050656978466,
        4.327050656978466,
        4.337050656978466,
        4.347050656978466,
        4.3570506569784655,
        4.367050656978465,
        4.377050656978465,
        4.387050656978465,
        4.397050656978465,
        4.407050656978464,
        4.417050656978464,
        4.427050656978464,
        4.437050656978464,
        4.447050656978464,
        4.457050656978463,
        4.467050656978463,
        4.477050656978463,
        4.487050656978463,
        4.4970506569784625,
        4.507050656978462,
        4.517050656978462,
        4.527050656978462,
        4.537050656978462,
        4.5470506569784614,
        4.557050656978461,
        4.567050656978461,
        4.577050656978461,
        4.587050656978461,
        4.59705065697846,
        4.603545790534106
    ],
    "frequency": [
        9238.932554702247,
        9226.257826202136,
        9213.583097702023,
        9200.90836920191,
        9188.233640701797,
        9175.558912201686,
        9162.884183701573,
        9161.02774385002,
        9161.02774385002,
        9161.02774385002,
        9161.02774385002,
        9161.02774385002,
        9161.02774385002,
        9161.02774385002,
        9161.02774385002,
        9161.02774385002,
        9161.02774385002,
        9161.02774385002,
        9161.02774385002,
        9161.02774385002,
        9158.665707757762,
        9151.53617297645,
        9144.406638195138,
        9137.277103413824,
        9130.14756863251,
        9123.018033851196,
        9115.888499069883,
        9108.75896428857,
        9100.557648966442,
        9085.548102058414,
        9070.538555150386,
        9055.529008242358,
        9040.51946133433,
        9025.5099144263,
        9010.500367518274,
        8995.490820610246,
        8985.741919432507
    ]
}