{
    "time": [
        5.914792258784727,
        5.924792258784727,
        5.934792258784727,
        5.944792258784727,
        5.954792258784726,
        5.964792258784726,
        5.974792258784726,
        5.984792258784726,
        5.9947922587847255,
        6.004792258784725,
        6.014792258784725,
        6.024792258784725,
        6.034792258784725,
        6.0447922587847245,
        6.054792258784724,
        6.064792258784724,
        6.074792258784724,
        6.084792258784724,
        6.094792258784723,
        6.104792258784723,
        6.114792258784723,
        6.124792258784723,
        6.134792258784723,
        6.144792258784722,
        6.154792258784722,
        6.164792258784722,
        6.174792258784722,
        6.1847922587847215,
        6.194792258784721,
        6.204792258784721,
        6.214792258784721,
        6.224792258784721,
        6.23479225878472,
        6.24479225878472,
        6.25479225878472,
        6.26479225878472,
        6.27479225878472,
        6.284792258784719,
        6.294792258784719,
        6.304792258784719,
        6.314792258784719,
        6.3247922587847185,
        6.334792258784718,
        6.344792258784718,
        6.354792258784718,
        6.364792258784718,
        6.3747922587847174,
        6.377826167885728
    ],
    "frequency": [
        11809.791312825748,
        11695.159577126202,
        11580.527841426654,
        11465.896105727106,
        11351.264370027558,
        11236.63263432801,
        11122.000898628463,
        11007.369162928917,
        10892.737427229367,
        10778.105691529821,
        10663.473955830274,
        10548.842220130726,
        10434.210484431178,
        10319.578748731632,
        10204.537484016992,
        10083.883818487071,
        9963.230152957152,
        9842.576487427232,
        9721.922821897313,
        9601.269156367392,
        9480.369175382966,
        9359.383130609167,
        9238.397085835366,
        9117.411041061565,
        9026.082550815227,
        9032.023829799655,
        9037.965108784083,
        9043.90638776851,
        9059.30956538837,
        9075.15297601351,
        9090.996386638653,
        9106.839797263794,
        9121.71061674489,
        9112.204570369806,
        9102.69852399472,
        9093.192477619636,
        9083.686431244552,
        9074.739294127488,
        9065.827375650846,
        9056.915457174206,
        9048.003538697565,
        9039.091620220923,
        9030.179701744282,
        9051.091386003976,
        9119.746165379587,
        9188.400944755196,
        9257.055724130807,
        9277.88496012836
    ]
}