{
    "time": [
        15.469937341687777,
        15.479937341687776,
        15.489937341687776,
        15.499937341687776,
        15.509937341687776,
        15.519937341687776,
        15.529937341687775,
        15.539937341687775,
        15.549937341687775,
        15.559937341687775,
        15.569937341687774,
        15.579937341687774,
        15.589937341687774,
        15.599937341687774,
        15.609937341687774,
        15.619937341687773,
        15.629937341687773,
        15.639937341687773,
        15.649937341687773,
        15.659937341687773,
        15.669937341687772,
        15.679937341687772,
        15.689937341687772,
        15.699937341687772,
        15.709937341687771,
        15.719937341687771,
        15.729937341687771,
        15.73993734168777,
        15.74993734168777,
        15.75993734168777,
        15.76993734168777,
        15.77993734168777,
        15.78993734168777,
        15.79993734168777,
        15.805892547660314
    ],
    "frequency": [
        13045.558354094477,
        12987.308604307487,
        12929.058854520497,
        12864.143732529548,
        12794.790949897357,
        12730.70651300995,
        12687.611445614719,
        12644.516378219489,
        12590.25344692414,
        12533.215279143626,
        12475.799224383129,
        12417.819352204993,
        12359.860487229955,
        12315.01186759221,
        12270.16324795446,
        12206.84422410241,
        12131.309778991446,
        12050.64107948385,
        11949.719658612037,
        11848.798237740224,
        11802.289752438044,
        11769.167572381519,
        11745.790848795179,
        11736.858168733012,
        11727.744586383422,
        11662.272403896026,
        11596.800221408634,
        11511.168612513604,
        11412.293324772441,
        11330.7516539286,
        11316.911984465529,
        11303.07231500246,
        11367.757745919578,
        11451.56674654145,
        11501.476732647083
    ]
}