{
    "time": [
        33.69199258280714,
        33.70199258280714,
        33.711992582807135,
        33.72199258280713,
        33.73199258280713,
        33.74199258280713,
        33.75199258280713,
        33.761992582807125,
        33.77199258280712,
        33.78199258280712,
        33.79199258280712,
        33.80199258280712,
        33.811992582807115,
        33.82199258280711,
        33.83199258280711,
        33.84199258280711,
        33.85199258280711,
        33.861992582807105,
        33.8719925828071,
        33.8819925828071,
        33.8919925828071,
        33.9019925828071,
        33.911992582807095,
        33.92199258280709,
        33.93199258280709,
        33.94199258280709,
        33.95199258280709,
        33.961992582807085,
        33.97199258280708,
        33.98199258280708,
        33.99199258280708,
        34.00199258280708,
        34.011992582807075,
        34.02199258280707,
        34.03199258280707,
        34.04199258280707,
        34.05199258280707,
        34.061992582807065,
        34.07199258280706,
        34.08199258280706,
        34.09199258280706,
        34.10199258280706,
        34.111992582807055,
        34.12199258280705,
        34.13199258280705,
        34.14199258280705,
        34.15199258280705,
        34.161992582807045,
        34.17199258280704,
        34.18199258280704,
        34.19199258280704,
        34.20199258280704,
        34.211992582807035,
        34.22199258280703,
        34.23199258280703,
        34.24199258280703,
        34.25199258280703,
        34.261992582807025,
        34.27199258280702,
        34.28199258280702,
        34.29199258280702,
        34.30199258280702,
        34.311992582807015,
        34.32199258280701,
        34.33199258280701,
        34.34199258280701,
        34.35199258280701,
        34.361992582807005,
        34.371992582807,
        34.381992582807,
        34.391992582807,
        34.401992582807,
        34.411992582806995,
        34.42199258280699,
        34.43199258280699,
        34.44199258280699,
        34.45199258280699,
        34.461992582806985,
        34.47199258280698,
        34.47540327956273
    ],
    "frequency": [
        10661.46483466163,
        10797.899915309363,
        10934.334995957093,
        11060.84467032073,
        11157.45092704206,
        11243.013328762656,
        11288.07427815113,
        11333.135227539606,
        11406.275570037284,
        11494.171506943141,
        11578.673190951777,
        11650.200735057788,
        11721.728279163799,
        11791.164121165482,
        11859.936554048682,
        11922.07345624823,
        11969.513168607602,
        12016.952880966972,
        12061.922547578297,
        12106.499736485912,
        12150.613915117214,
        12194.074697218603,
        12237.535479319991,
        12288.640237516891,
        12340.009337946365,
        12387.817091795914,
        12432.316519106527,
        12478.221674035325,
        12542.729380026825,
        12607.237086018325,
        12667.991099951789,
        12726.464890388954,
        12785.62994064838,
        12848.07784892255,
        12910.525757196721,
        12976.37257343659,
        13043.503579233688,
        13114.196778257314,
        13194.158801879623,
        13274.120825501932,
        13357.914414002806,
        13442.495757462904,
        13524.022308624944,
        13600.59227431787,
        13677.162240010797,
        13737.491403306642,
        13796.657059023604,
        13846.712842811477,
        13887.094865503579,
        13926.886348113616,
        13951.23478978401,
        13975.583231454404,
        13985.59840230281,
        13985.59840230281,
        13985.598402302809,
        13985.598402302809,
        13985.598402302807,
        13985.598402302809,
        13985.59840230281,
        13974.90246374466,
        13931.102146785292,
        13887.30182982593,
        13842.857224480616,
        13798.247539977421,
        13751.594658795353,
        13701.111709201006,
        13650.62875960666,
        13583.390795450832,
        13514.285420293712,
        13433.37988025217,
        13338.142740828469,
        13242.875316084488,
        13138.745393484962,
        13034.615470885434,
        12912.499460484923,
        12775.9765992512,
        12640.93229868573,
        12518.216309262356,
        12395.500319838982,
        12353.645617138558
    ]
}