{
    "time": [
        55.22142744180562,
        55.23142744180562,
        55.24142744180562,
        55.25142744180562,
        55.261427441805616,
        55.27142744180561,
        55.28142744180561,
        55.29142744180561,
        55.30142744180561,
        55.311427441805606,
        55.321427441805604,
        55.3314274418056,
        55.3414274418056,
        55.3514274418056,
        55.361427441805596,
        55.371427441805594,
        55.38142744180559,
        55.39142744180559,
        55.40142744180559,
        55.411427441805586,
        55.421427441805584,
        55.43142744180558,
        55.440607918944146
    ],
    "frequency": [
        12569.198748167473,
        12643.984985600975,
        12718.771223034473,
        12782.815222446656,
        12819.152921993047,
        12855.49062153944,
        12902.483898283394,
        12950.93416434525,
        12995.508146343156,
        13035.883368061368,
        13077.231864773863,
        13129.719653007527,
        13182.207441241188,
        13253.93284042709,
        13334.683283863516,
        13408.62664868702,
        13465.151959092518,
        13521.677269498017,
        13610.22744406437,
        13703.09045401626,
        13819.288678442732,
        13960.601954456475,
        14090.334284438479
    ]
}