{
    "time": [
        51.2424901821905,
        51.2524901821905,
        51.2624901821905,
        51.272490182190495,
        51.28249018219049,
        51.29249018219049,
        51.30249018219049,
        51.31249018219049,
        51.322490182190485,
        51.33249018219048,
        51.34249018219048,
        51.35249018219048,
        51.36249018219048,
        51.372490182190475,
        51.38249018219047,
        51.39249018219047,
        51.40249018219047,
        51.41249018219047,
        51.422490182190465,
        51.43249018219046,
        51.44249018219046,
        51.45249018219046,
        51.46249018219046,
        51.472490182190455,
        51.48249018219045,
        51.49249018219045,
        51.50249018219045,
        51.51249018219045,
        51.522490182190445,
        51.53249018219044,
        51.54249018219044,
        51.55249018219044,
        51.55798239985765
    ],
    "frequency": [
        13515.134430943433,
        13609.089956007758,
        13703.045481072082,
        13797.001006136405,
        13890.956531200727,
        13984.91205626505,
        14078.867581329374,
        14169.822665934786,
        14258.899731043832,
        14347.976796152874,
        14437.05386126192,
        14495.494730473893,
        14548.91425977467,
        14602.333789075448,
        14655.753318376226,
        14700.231411684717,
        14737.090886902259,
        14773.950362119802,
        14810.809837337343,
        14834.09470001053,
        14853.641391413767,
        14873.188082817005,
        14892.734774220244,
        14921.976669169893,
        14956.378846039599,
        14990.781022909305,
        15025.183199779009,
        15059.585376648714,
        15088.005424022258,
        15116.161967591212,
        15144.318511160167,
        15172.475054729119,
        15187.939241332822
    ]
}