{
    "time": [
        34.61938408212239,
        34.629384082122385,
        34.63938408212238,
        34.64938408212238,
        34.65938408212238,
        34.66938408212238,
        34.679384082122375,
        34.68938408212237,
        34.69938408212237,
        34.70938408212237,
        34.71938408212237,
        34.729384082122365,
        34.73938408212236,
        34.74938408212236,
        34.75938408212236,
        34.76938408212236,
        34.779384082122355,
        34.78938408212235,
        34.79938408212235,
        34.80938408212235,
        34.81938408212235,
        34.829384082122345,
        34.83938408212234,
        34.84938408212234,
        34.85938408212234,
        34.86938408212234,
        34.879384082122336,
        34.88938408212233,
        34.89938408212233,
        34.90938408212233,
        34.91938408212233,
        34.929384082122326,
        34.939384082122324,
        34.94938408212232,
        34.95938408212232,
        34.96938408212232,
        34.979384082122316,
        34.989384082122314,
        34.99938408212231,
        35.00938408212231,
        35.01938408212231,
        35.029384082122306,
        35.039384082122304,
        35.0493840821223,
        35.0593840821223,
        35.0693840821223,
        35.079384082122296,
        35.089384082122294,
        35.09938408212229,
        35.10938408212229,
        35.11938408212229,
        35.129384082122286,
        35.139384082122284,
        35.14938408212228,
        35.15938408212228,
        35.16938408212228,
        35.179384082122276,
        35.189384082122274,
        35.19938408212227,
        35.20938408212227,
        35.21938408212227,
        35.229384082122266,
        35.239384082122264,
        35.24938408212226,
        35.25938408212226,
        35.26938408212226,
        35.279384082122256,
        35.289384082122254,
        35.29938408212225,
        35.30938408212225,
        35.31938408212225,
        35.329384082122246,
        35.339384082122244,
        35.34938408212224,
        35.35938408212224,
        35.36938408212224,
        35.379384082122236,
        35.389384082122234,
        35.395280629249434
    ],
    "frequency": [
        11266.477672873483,
        11266.477672873483,
        11266.477672873485,
        11266.477672873483,
        11266.477672873483,
        11266.477672873483,
        11266.477672873483,
        11266.477672873485,
        11271.70460641656,
        11278.904538196322,
        11286.104469976082,
        11293.304401755844,
        11300.504333535606,
        11686.398984027657,
        12125.594822593084,
        12382.570284000783,
        12418.569942899598,
        12454.569601798416,
        12490.569260697222,
        12526.568919596026,
        12545.214256860747,
        12552.414188640509,
        12567.299742838499,
        12617.69926529684,
        12668.098787755185,
        12718.498310213514,
        12768.897832671842,
        12824.028519473843,
        12888.827905491693,
        12953.627291509543,
        13024.934548140174,
        13096.933865937786,
        13674.716813234634,
        13832.731186929308,
        13833.84301167073,
        13854.23371432714,
        13874.624416983552,
        13884.466169910178,
        13888.108503019765,
        13823.472055147824,
        13656.069304477314,
        13620.584484853884,
        13576.866879750454,
        13392.018614007578,
        12535.276316095844,
        12470.476930077995,
        12405.677544060143,
        12374.398970944083,
        12345.59924382504,
        12261.736883745512,
        12124.21780683854,
        11987.90897570884,
        11865.187052145695,
        11742.465128582546,
        11608.355765161636,
        11468.304325190598,
        11322.305587618668,
        11156.66729401622,
        10991.029000413779,
        10810.925320288876,
        10627.378978443077,
        10448.03722322595,
        10275.46655714234,
        10102.89589105873,
        9922.577046147324,
        9741.921933076923,
        9575.297245009599,
        9420.929684818073,
        9264.68513775477,
        9093.105745623252,
        8921.526353491732,
        8750.857548014817,
        8580.608692650869,
        8400.976336287384,
        8194.595221682426,
        7988.214107077469,
        7724.11677938659,
        7448.616272370833,
        7286.166100052202
    ]
}