{
    "time": [
        45.377949606719106,
        45.387949606719104,
        45.3979496067191,
        45.4079496067191,
        45.4179496067191,
        45.427949606719096,
        45.437949606719094,
        45.44794960671909,
        45.45794960671909,
        45.46794960671909,
        45.477949606719086,
        45.487949606719084,
        45.49794960671908,
        45.50794960671908,
        45.51794960671908,
        45.527949606719076,
        45.537949606719074,
        45.54794960671907,
        45.55794960671907,
        45.56794960671907,
        45.577949606719066,
        45.587949606719064,
        45.59794960671906,
        45.60794960671906,
        45.61794960671906,
        45.627949606719056,
        45.637949606719054,
        45.64794960671905,
        45.65794960671905,
        45.66794960671905,
        45.67794960671905,
        45.687949606719044,
        45.69794960671904,
        45.70794960671904,
        45.71794960671904,
        45.72794960671904,
        45.737949606719035,
        45.74794960671903,
        45.75794960671903,
        45.76794960671903,
        45.77794960671903,
        45.787949606719025,
        45.79794960671902,
        45.80794960671902,
        45.81794960671902,
        45.82794960671902,
        45.837949606719015,
        45.84794960671901,
        45.85794960671901,
        45.86794960671901,
        45.87794960671901,
        45.887949606719005,
        45.897949606719,
        45.907949606719,
        45.917949606719,
        45.927949606719,
        45.937949606718995,
        45.94794960671899,
        45.95794960671899,
        45.96794960671899,
        45.97794960671899,
        45.987949606718985,
        45.99794960671898,
        46.00794960671898,
        46.0098653512865
    ],
    "frequency": [
        10644.749080675261,
        10571.31009443009,
        10497.871108184914,
        10474.147622446715,
        10487.996984946392,
        10508.840781058316,
        10572.970143914441,
        10637.099506770566,
        10847.029175250715,
        11116.898078543602,
        11313.60105483735,
        11320.490634889844,
        11327.380214942334,
        11340.110602818993,
        11353.889762923976,
        11452.678535675113,
        11670.156979672873,
        11887.63542367063,
        12253.795231344597,
        12621.931091808612,
        12796.722824333896,
        12817.391564491372,
        12838.928346658859,
        12866.486666868826,
        12894.044987078794,
        12907.22720050125,
        12914.116780553744,
        12928.312157122939,
        12962.760057385396,
        12997.207957647859,
        12984.142039326744,
        12961.663843120676,
        12954.135589940002,
        12968.64272441839,
        12983.149858896777,
        12983.69439688532,
        12983.862795420111,
        12975.949845355008,
        12961.244297644309,
        12942.311775800139,
        12890.158701178778,
        12838.005626557417,
        12764.793554089534,
        12681.781734283906,
        12593.768063533491,
        12490.906598147703,
        12388.045132761914,
        12270.751585980119,
        12150.323050489296,
        12016.645993039838,
        11862.342136422916,
        11708.038279805995,
        11395.479490600312,
        11076.438526915419,
        10900.984781642695,
        10852.75772127525,
        10806.59259628287,
        10779.0342760729,
        10751.475955862932,
        10733.140246408,
        10719.361086303015,
        10708.873364019744,
        10708.873364019746,
        10708.873364019744,
        10708.873364019744
    ]
}