{
    "time": [
        50.62524996667111,
        50.63524996667111,
        50.64524996667111,
        50.65524996667111,
        50.665249966671105,
        50.6752499666711,
        50.6852499666711,
        50.6952499666711,
        50.7052499666711,
        50.715249966671095,
        50.72524996667109,
        50.73524996667109,
        50.74524996667109,
        50.75524996667109,
        50.765249966671085,
        50.77524996667108,
        50.78524996667108,
        50.79524996667108,
        50.80524996667108,
        50.815249966671075,
        50.82524996667107,
        50.83524996667107,
        50.84524996667107,
        50.85524996667107,
        50.865249966671065,
        50.87524996667106,
        50.880054091955536
    ],
    "frequency": [
        11343.89152170971,
        11424.483857991861,
        11505.076194274016,
        11558.874731888402,
        11594.83453790028,
        11633.521386090733,
        11683.072915279721,
        11732.624444468705,
        11743.23086232883,
        11744.159342237112,
        11773.784328341848,
        11846.22526438993,
        11918.641291091379,
        11975.511809687792,
        12032.382328284208,
        12095.494789770048,
        12162.735366752688,
        12244.377693169294,
        12382.82955723564,
        12521.281421301985,
        12642.61945540964,
        12759.747259921045,
        12884.768314273824,
        13021.488199215702,
        13158.331883445024,
        13333.744204080107,
        13418.014480557224
    ]
}