{
    "time": [
        10.286911978528764,
        10.296911978528763,
        10.306911978528763,
        10.316911978528763,
        10.326911978528763,
        10.336911978528763,
        10.346911978528762,
        10.356911978528762,
        10.366911978528762,
        10.376911978528762,
        10.386911978528762,
        10.396911978528761,
        10.406911978528761,
        10.416911978528761,
        10.42691197852876,
        10.43691197852876,
        10.44691197852876,
        10.45394424020558
    ],
    "frequency": [
        6668.337117213074,
        7356.5948792259815,
        7769.591997943167,
        8081.5905789406725,
        8393.589159938176,
        8723.343216610607,
        9095.275328666547,
        9846.021914191797,
        10522.41822013829,
        11190.893335223533,
        11807.27535124214,
        12257.72330255722,
        12448.778377040286,
        12605.130245681183,
        12668.218194044643,
        12717.74564141425,
        12730.363231086943,
        12739.236250317856
    ]
}