{
    "time": [
        21.634342414819063,
        21.644342414819064,
        21.654342414819066,
        21.664342414819068,
        21.67434241481907,
        21.68434241481907,
        21.694342414819072,
        21.704342414819074,
        21.714342414819075,
        21.724342414819077,
        21.73434241481908,
        21.74434241481908,
        21.75434241481908,
        21.764342414819083,
        21.774342414819085,
        21.784342414819086,
        21.794342414819088,
        21.80434241481909,
        21.81434241481909,
        21.824342414819093,
        21.834342414819094,
        21.844342414819096,
        21.854342414819097,
        21.8643424148191,
        21.8743424148191,
        21.884342414819102,
        21.894342414819103,
        21.904342414819105,
        21.914342414819107,
        21.924342414819108,
        21.93434241481911,
        21.94434241481911,
        21.954342414819113,
        21.964342414819114,
        21.974342414819116,
        21.9762636839041
    ],
    "frequency": [
        11534.346078420234,
        11606.36167378872,
        11678.377269157207,
        11750.392864525693,
        11820.257447876837,
        11871.727417507838,
        11923.197387138842,
        11945.066401070455,
        11951.142716929671,
        11961.496154301,
        11980.014450252896,
        11998.532746204792,
        12030.666438480655,
        12092.534381774489,
        12154.40232506832,
        12219.407832749834,
        12303.666079330962,
        12387.924325912092,
        12472.182572493222,
        12556.440819074352,
        12641.03861307912,
        12725.715014730133,
        12810.391416381148,
        12895.067818032163,
        12969.853817941384,
        13025.40870579707,
        13080.963593652756,
        13136.518481508441,
        13196.472184280574,
        13266.687389764847,
        13336.902595249121,
        13441.299687276121,
        13560.125419634134,
        13678.951151992145,
        13797.776884350158,
        13820.606504958167
    ]
}