{
    "time": [
        28.804159445407283,
        28.814159445407284,
        28.824159445407286,
        28.834159445407288,
        28.84415944540729,
        28.85415944540729,
        28.864159445407292,
        28.874159445407294,
        28.884159445407295,
        28.894159445407297,
        28.9041594454073,
        28.9141594454073,
        28.9241594454073,
        28.934159445407303,
        28.944159445407305,
        28.954159445407306,
        28.964159445407308,
        28.97213704839355
    ],
    "frequency": [
        14300.036384212483,
        14372.536179969462,
        14445.03597572644,
        14507.087871615486,
        14562.183781760803,
        14611.470527974758,
        14637.61325629353,
        14663.755984612304,
        14654.31426396944,
        14636.029736685552,
        14621.01347788194,
        14610.873562515146,
        14600.676366195148,
        14554.73108170721,
        14508.78579721927,
        14469.163555987503,
        14433.723066065313,
        14405.450050241607
    ]
}