{
    "time": [
        25.348620183975473,
        25.358620183975475,
        25.368620183975477,
        25.378620183975478,
        25.38862018397548,
        25.39862018397548,
        25.408620183975483,
        25.418620183975484,
        25.428620183975486,
        25.438620183975488,
        25.44862018397549,
        25.45862018397549,
        25.468620183975492,
        25.478620183975494,
        25.488620183975495,
        25.498620183975497,
        25.5086201839755,
        25.5186201839755,
        25.5286201839755,
        25.532595653912814
    ],
    "frequency": [
        11476.906814265421,
        11508.15606383387,
        11539.40531340232,
        11554.424705987989,
        11542.019373281255,
        11529.61404057452,
        11481.2744689392,
        11420.541717467517,
        11363.199592894782,
        11331.864405257464,
        11300.529217620147,
        11244.700239198735,
        11163.081770774152,
        11081.463302349564,
        11059.238326912266,
        11046.770910336447,
        11035.552356229324,
        11028.498911057317,
        11021.445465885308,
        11018.64138996173
    ]
}