{
    "time": [
        42.61031862418345,
        42.62031862418345,
        42.630318624183445,
        42.64031862418344,
        42.65031862418344,
        42.66031862418344,
        42.67031862418344,
        42.680318624183435,
        42.69031862418343,
        42.70031862418343,
        42.71031862418343,
        42.72031862418343,
        42.730318624183425,
        42.74031862418342,
        42.75031862418342,
        42.76031862418342,
        42.77031862418342,
        42.780318624183415,
        42.79031862418341,
        42.80031862418341,
        42.81031862418341,
        42.82031862418341,
        42.830318624183406,
        42.8403186241834,
        42.8503186241834,
        42.8603186241834,
        42.8703186241834,
        42.880318624183396,
        42.890318624183394,
        42.90031862418339,
        42.91031862418339,
        42.92031862418339,
        42.930318624183386,
        42.940318624183384,
        42.95031862418338,
        42.96031862418338,
        42.97031862418338,
        42.980318624183376,
        42.990318624183374,
        43.00031862418337,
        43.01031862418337,
        43.02031862418337,
        43.030318624183366,
        43.040318624183364,
        43.05031862418336,
        43.06031862418336,
        43.07031862418336,
        43.080318624183356,
        43.090318624183354,
        43.10031862418335,
        43.11031862418335,
        43.12031862418335,
        43.130318624183346,
        43.13824823356886
    ],
    "frequency": [
        11790.753745108228,
        11094.425847551913,
        10398.097949995597,
        9810.72624252961,
        9295.895209700824,
        8833.482867215313,
        8579.90937343397,
        8326.335879652628,
        8226.627683693807,
        8165.1553215649965,
        8112.933316555587,
        8074.51309022508,
        8036.080571061208,
        7989.976299464615,
        7943.872027868021,
        7925.5188276295885,
        7925.518827629588,
        7928.626865669444,
        7943.994956201646,
        7959.363046733848,
        7962.397327773527,
        7962.397327773527,
        7956.205837360539,
        7940.837746828336,
        7925.4696562961335,
        7910.101565763931,
        7894.733475231727,
        7879.365384699526,
        7863.997294167322,
        7850.1955154884145,
        7842.511470222313,
        7834.827424956211,
        7845.680972428995,
        7861.049062961198,
        7860.876963294097,
        7837.824827495791,
        7814.608653223877,
        7757.3772787524285,
        7700.145904280982,
        7634.201180120467,
        7562.570414589656,
        7494.674847805634,
        7441.225604533591,
        7387.776361261546,
        7338.7091487531425,
        7290.698292767398,
        7251.2266276522905,
        7224.24415995349,
        7197.204316097626,
        7161.255628507932,
        7125.306940918239,
        7110.304240764763,
        7108.87892205258,
        7107.7486999888315
    ]
}