{
    "time": [
        46.02553348796553,
        46.03553348796553,
        46.04553348796553,
        46.055533487965526,
        46.065533487965524,
        46.07553348796552,
        46.08553348796552,
        46.09553348796552,
        46.105533487965516,
        46.115533487965514,
        46.12553348796551,
        46.13553348796551,
        46.14553348796551,
        46.155533487965506,
        46.165533487965504,
        46.17152639075338
    ],
    "frequency": [
        7593.872879863917,
        7534.45779371916,
        7475.042707574403,
        7415.627621429647,
        7393.03165276313,
        7388.27844587155,
        7383.525238979968,
        7396.44894443241,
        7411.302715968602,
        7426.156487504793,
        7441.010259040984,
        7467.072903370674,
        7505.9627779381535,
        7544.852652505637,
        7583.742527073118,
        7607.048850844674
    ]
}