{
    "time": [
        31.344133971494347,
        31.35413397149435,
        31.36413397149435,
        31.374133971494352,
        31.384133971494354,
        31.394133971494355,
        31.404133971494357,
        31.41413397149436,
        31.42413397149436,
        31.43413397149436,
        31.444133971494363,
        31.454133971494365,
        31.464133971494366,
        31.474133971494368,
        31.48413397149437,
        31.49413397149437,
        31.504133971494372,
        31.514133971494374,
        31.524133971494376,
        31.534133971494377,
        31.54413397149438,
        31.55413397149438,
        31.564133971494382,
        31.574133971494383,
        31.584133971494385,
        31.594133971494387,
        31.604133971494388,
        31.61413397149439,
        31.62413397149439,
        31.634133971494393,
        31.644133971494394,
        31.654133971494396,
        31.664133971494397,
        31.6741339714944,
        31.6841339714944,
        31.694133971494402,
        31.704133971494404,
        31.714133971494405,
        31.724133971494407,
        31.73413397149441,
        31.74413397149441,
        31.75413397149441,
        31.764133971494413,
        31.774133971494415,
        31.784133971494416,
        31.794133971494418,
        31.80413397149442,
        31.81413397149442,
        31.824133971494422,
        31.834133971494424,
        31.844133971494426,
        31.854133971494427,
        31.86413397149443,
        31.87413397149443,
        31.884133971494432,
        31.894133971494433,
        31.904133971494435,
        31.914133971494437,
        31.924133971494438,
        31.93413397149444,
        31.94413397149444,
        31.954133971494443,
        31.964133971494444,
        31.968922187413206
    ],
    "frequency": [
        11626.50502291244,
        12042.4092606972,
        12458.313498481959,
        12770.702173761052,
        13013.204331215478,
        13201.861982675935,
        13307.768632085319,
        13413.675281494705,
        13453.72947485214,
        13476.37398870612,
        13499.018502560095,
        13521.663016414073,
        13502.396077942816,
        13482.53858117856,
        13462.6810844143,
        13442.823587650042,
        13422.966090885784,
        13379.8891228119,
        13330.245380901251,
        13280.601638990605,
        13230.95789707996,
        13181.314155169313,
        13119.385779060696,
        13048.301696440813,
        12977.21761382093,
        12906.133531201047,
        12835.049448581165,
        12754.38726005541,
        12673.399822271771,
        12592.412384488132,
        12454.760477479496,
        12273.101155228673,
        12159.48703459846,
        12067.291513907261,
        11975.095993216066,
        11894.096000219279,
        11813.59840580933,
        11733.100811399385,
        11652.603216989435,
        11572.105622579487,
        11491.60802816954,
        11409.338862006807,
        11326.47671501521,
        11243.614568023611,
        11160.752421032015,
        11077.890274040416,
        10993.936897568934,
        10907.887744923812,
        10821.838592278687,
        10735.789439633565,
        10649.74028698844,
        10563.691134343318,
        10477.641981698198,
        10391.59282905308,
        10305.543676407962,
        10216.118510706394,
        10104.254612267745,
        9992.390713829096,
        9880.526815390447,
        9768.662916951796,
        9656.799018513148,
        9538.839424097876,
        9377.497262888272,
        9300.243152421162
    ]
}