{
    "time": [
        57.09573205732925,
        57.10573205732925,
        57.11573205732925,
        57.125732057329245,
        57.13573205732924,
        57.14573205732924,
        57.15573205732924,
        57.16573205732924,
        57.17245180561166
    ],
    "frequency": [
        6342.159878202223,
        5654.804279314841,
        5634.134668696892,
        5761.2747591060925,
        5902.840700528965,
        6356.308885068281,
        7429.354165385816,
        8458.721074527928,
        9112.829498590556
    ]
}