{
    "time": [
        13.661655247691817,
        13.671655247691817,
        13.681655247691817,
        13.691655247691816,
        13.701655247691816,
        13.711655247691816,
        13.721655247691816,
        13.731655247691815,
        13.741655247691815,
        13.751655247691815,
        13.761655247691815,
        13.771655247691815,
        13.781655247691814,
        13.791655247691814,
        13.801655247691814,
        13.811655247691814,
        13.821655247691814,
        13.831655247691813,
        13.841655247691813,
        13.851655247691813,
        13.861655247691813,
        13.871655247691812,
        13.881655247691812,
        13.891655247691812,
        13.901655247691812,
        13.911655247691812,
        13.921655247691811,
        13.931655247691811,
        13.941655247691811,
        13.95165524769181,
        13.96165524769181,
        13.97165524769181,
        13.98165524769181,
        13.99165524769181,
        14.00165524769181,
        14.01165524769181,
        14.02165524769181,
        14.031655247691809,
        14.041655247691809,
        14.051655247691809,
        14.061655247691808,
        14.071655247691808,
        14.081655247691808,
        14.091655247691808,
        14.101655247691808,
        14.111655247691807,
        14.121655247691807,
        14.131655247691807,
        14.141655247691807,
        14.151655247691806,
        14.161655247691806,
        14.171655247691806,
        14.181655247691806,
        14.191655247691806,
        14.201655247691805,
        14.211655247691805,
        14.221655247691805,
        14.231655247691805,
        14.241655247691805,
        14.251655247691804,
        14.261655247691804,
        14.271655247691804,
        14.281655247691804,
        14.291655247691804,
        14.301655247691803,
        14.311655247691803,
        14.321655247691803,
        14.331655247691803,
        14.341655247691802,
        14.351655247691802,
        14.361655247691802,
        14.371655247691802,
        14.381655247691802,
        14.391655247691801,
        14.401655247691801,
        14.411655247691801,
        14.4216552476918,
        14.4316552476918,
        14.44150567412381
    ],
    "frequency": [
        10837.68027075686,
        10167.81678166398,
        9905.393266639447,
        9957.345664140797,
        10294.092842855247,
        10682.708813567013,
        11062.420925839495,
        11495.357571684099,
        11935.456042936803,
        12265.001234575606,
        12432.939616250696,
        12415.622150416908,
        12370.971814151637,
        12310.36068373339,
        12249.749553315145,
        12189.138422896898,
        12131.122789399698,
        12074.552401009336,
        12017.982012618973,
        11963.711840575033,
        11910.677101459063,
        11857.642362343096,
        11782.565088064985,
        11681.546537367905,
        11580.527986670824,
        11479.509435973743,
        11389.667010221357,
        11301.505365976638,
        11231.949066936726,
        11171.337936518477,
        11110.72680610023,
        10996.595185499611,
        10930.175892435815,
        10921.517159518922,
        10912.85842660203,
        10923.166933947867,
        10941.816512538097,
        10957.982216301112,
        10952.209727689851,
        10946.437239078588,
        10940.664750467327,
        10934.892261856065,
        10926.4839071965,
        10917.825174279607,
        10883.822862314857,
        10675.119494574854,
        10533.693523598942,
        10392.26755262303,
        10108.213345007905,
        9771.48484268432,
        9618.864902978577,
        9478.993063551856,
        9413.225514608743,
        9489.786942505481,
        9566.348370402216,
        9642.909798298953,
        10304.143761120486,
        10764.788352299172,
        11203.52943952241,
        11526.788801753084,
        11798.515488156314,
        11980.348879411045,
        12162.182270665777,
        12274.46333152233,
        12384.665386828234,
        12490.871393696483,
        12595.930686421449,
        12700.989979146416,
        12943.681361152207,
        13224.00783933659,
        13504.334317520974,
        13796.268326290709,
        14096.133918886248,
        14395.999511481783,
        14695.865104077322,
        14954.667645567863,
        15203.492286232256,
        15452.316926896652,
        15697.419808630246
    ]
}