{
    "time": [
        30.666409565035003,
        30.676409565035005,
        30.686409565035007,
        30.696409565035008,
        30.70640956503501,
        30.71640956503501,
        30.726409565035013,
        30.736409565035014,
        30.746409565035016,
        30.756409565035018,
        30.76640956503502,
        30.77640956503502,
        30.786409565035022,
        30.796409565035024,
        30.806409565035025,
        30.816409565035027,
        30.82640956503503,
        30.83640956503503,
        30.84640956503503,
        30.856409565035033,
        30.866409565035035,
        30.876409565035036,
        30.886409565035038,
        30.89640956503504,
        30.90640956503504,
        30.916409565035043,
        30.926409565035044,
        30.936409565035046,
        30.946409565035047,
        30.95640956503505,
        30.96640956503505,
        30.976409565035052,
        30.986409565035054,
        30.996409565035055,
        31.006409565035057,
        31.016409565035058,
        31.02640956503506,
        31.03640956503506,
        31.044195714431847
    ],
    "frequency": [
        9529.149889575177,
        9566.185504138977,
        9603.221118702777,
        9653.080268913858,
        9721.493279149778,
        9789.906289385695,
        9858.319299621613,
        9926.732309857529,
        9995.145320093448,
        10063.558330329364,
        10131.971340565282,
        10200.3843508012,
        10268.797361037117,
        10337.210371273035,
        10405.623381508953,
        10474.03639174487,
        10542.449401980788,
        10648.518662172675,
        10758.46814290897,
        10868.417623645266,
        10957.012064702176,
        11033.243704679338,
        11109.475344656497,
        11185.706984633656,
        11247.323999706254,
        11296.581367076116,
        11345.838734445979,
        11400.895513636617,
        11494.029191436763,
        11587.162869236912,
        11654.616680795027,
        11716.188390007357,
        11777.242915324123,
        11832.796337169824,
        11888.349759015524,
        11932.740255572144,
        11965.725099793031,
        11998.70994401392,
        12024.39243650727
    ]
}