{
    "time": [
        33.31506040699733,
        33.32506040699733,
        33.33506040699733,
        33.34506040699733,
        33.355060406997325,
        33.36506040699732,
        33.37506040699732,
        33.38506040699732,
        33.39506040699732,
        33.405060406997315,
        33.41506040699731,
        33.42506040699731,
        33.43506040699731,
        33.44506040699731,
        33.455060406997305,
        33.4650604069973,
        33.4750604069973,
        33.4850604069973,
        33.4950604069973,
        33.505060406997295,
        33.51506040699729,
        33.52506040699729,
        33.53506040699729,
        33.54506040699729,
        33.555060406997285,
        33.56506040699728,
        33.57506040699728,
        33.58506040699728,
        33.59506040699728,
        33.605060406997275,
        33.61506040699727,
        33.62506040699727,
        33.63506040699727,
        33.64506040699727,
        33.655060406997265,
        33.66506040699726,
        33.67506040699726,
        33.68506040699726,
        33.69506040699726,
        33.70160137000588
    ],
    "frequency": [
        9141.411234831583,
        8736.658572441407,
        8506.669916881672,
        8479.686406055645,
        8478.110785914603,
        8503.407827313998,
        8528.704868713392,
        8554.001910112787,
        8603.887232820225,
        8654.481315619014,
        8705.0753984178,
        8757.214198624944,
        8811.18122027698,
        8865.148241929011,
        8919.115263581049,
        8980.415567423133,
        9048.912171827655,
        9117.408776232174,
        9246.579215825479,
        9358.594279416502,
        9370.158641199077,
        9528.719855731066,
        9725.314006034956,
        9921.908156338846,
        10105.185860775251,
        10283.277032226977,
        10410.521244791744,
        10491.471777269799,
        10572.422309747853,
        10653.372842225908,
        10751.349755223484,
        10880.8706071884,
        11010.391459153321,
        11142.800881322339,
        11323.74913039092,
        11504.697379459496,
        11685.645628528075,
        11918.471117115349,
        12260.262254245023,
        12483.826572709175
    ]
}