{
    "time": [
        34.911089441996054,
        34.92108944199605,
        34.93108944199605,
        34.94108944199605,
        34.95108944199605,
        34.961089441996045,
        34.97108944199604,
        34.98108944199604,
        34.99108944199604,
        35.00108944199604,
        35.011089441996035,
        35.01730852299452
    ],
    "frequency": [
        11028.759844515038,
        11240.365229195912,
        11451.970613876787,
        11695.44681729368,
        12014.636084421676,
        12333.825351549669,
        12670.152587983262,
        13145.611600476084,
        13621.07061296891,
        14316.222503951212,
        15228.904314645424,
        15796.508525300582
    ]
}