{
    "time": [
        10.423421872882445,
        10.433421872882445,
        10.443421872882444,
        10.453421872882444,
        10.463421872882444,
        10.473421872882444,
        10.483421872882444,
        10.493421872882443,
        10.503421872882443,
        10.513421872882443,
        10.523421872882443,
        10.533421872882442,
        10.543421872882442,
        10.553421872882442,
        10.563421872882442,
        10.573421872882442,
        10.583421872882441,
        10.593421872882441,
        10.603421872882441,
        10.61342187288244,
        10.619546171108201
    ],
    "frequency": [
        12647.613891832505,
        10557.186871429312,
        9232.559293478655,
        8372.097551734048,
        7970.913723803949,
        7845.119751666854,
        7787.029507498449,
        7854.527021320696,
        7956.184948615417,
        8073.92455800411,
        8202.148345683314,
        8249.067389050106,
        8295.986432416896,
        8343.757945196443,
        8392.16648200345,
        8508.441610955662,
        8737.614757406416,
        9337.109697036736,
        9931.097374590167,
        10416.5658437119,
        10718.71554382166
    ]
}