{
    "time": [
        21.58124637766866,
        21.59124637766866,
        21.601246377668662,
        21.611246377668664,
        21.621246377668665,
        21.631246377668667,
        21.64124637766867,
        21.65124637766867,
        21.66124637766867,
        21.671246377668673,
        21.681246377668675,
        21.691246377668676,
        21.701246377668678,
        21.71124637766868,
        21.72124637766868,
        21.731246377668683,
        21.741246377668684,
        21.751246377668686,
        21.761246377668687,
        21.77124637766869,
        21.78124637766869,
        21.791246377668692,
        21.801246377668694,
        21.811246377668695,
        21.821246377668697,
        21.8312463776687,
        21.8412463776687,
        21.8512463776687,
        21.861246377668703,
        21.871246377668704,
        21.881246377668706,
        21.891246377668708,
        21.90124637766871,
        21.91124637766871,
        21.921246377668712,
        21.931246377668714,
        21.941246377668715,
        21.951246377668717,
        21.96124637766872,
        21.97124637766872,
        21.98124637766872,
        21.991246377668723,
        22.001246377668725,
        22.011246377668726,
        22.021246377668728,
        22.03124637766873,
        22.04124637766873,
        22.051246377668733,
        22.061246377668734,
        22.071246377668736,
        22.081246377668737,
        22.09124637766874,
        22.10124637766874,
        22.111246377668742,
        22.121246377668744,
        22.131246377668745,
        22.141246377668747,
        22.15124637766875,
        22.16124637766875,
        22.17124637766875,
        22.181246377668753,
        22.191246377668755,
        22.201246377668756,
        22.211246377668758,
        22.22124637766876,
        22.23124637766876,
        22.23698014914248
    ],
    "frequency": [
        8387.903394719706,
        8427.41497991131,
        8466.926565102913,
        8506.438150294514,
        8545.94973548612,
        8585.461320677721,
        8624.972905869325,
        8663.104580265877,
        8699.008585939988,
        8734.912591614098,
        8770.816597288209,
        8806.72060296232,
        8842.624608636428,
        8878.528614310537,
        8915.05920041245,
        8952.312980735962,
        8989.566761059472,
        9026.820541382982,
        9064.074321706492,
        9101.328102030004,
        9139.898462938929,
        9186.077628131614,
        9232.2567933243,
        9278.435958516984,
        9324.61512370967,
        9368.429806088217,
        9407.546275427905,
        9446.662744767593,
        9482.464713923611,
        9511.439876397453,
        9540.415038871295,
        9569.390201345135,
        9554.20035116469,
        9521.603293381617,
        9489.006235598545,
        9458.8194742284,
        9448.592946296456,
        9438.36641836451,
        9428.139890432569,
        9417.913362500625,
        9407.68683456868,
        9407.627766490463,
        9407.627766490463,
        9407.627766490463,
        9417.558650594528,
        9432.046231831448,
        9446.533813068367,
        9459.921324017167,
        9459.921324017167,
        9459.921324017167,
        9387.074086728659,
        9312.002074864617,
        9236.930063000575,
        9146.173143359016,
        9047.39418038,
        8948.615217400988,
        8795.22862009974,
        8541.695948453647,
        8321.910774850003,
        8129.950323460798,
        7937.989872071595,
        7746.02942068239,
        7523.474920102894,
        7306.9930678857945,
        7142.800480534027,
        6978.607893182261,
        6884.463615826924
    ]
}