{
    "time": [
        3.663511531795761,
        3.6735115317957607,
        3.6835115317957605,
        3.6935115317957603,
        3.70351153179576,
        3.71351153179576,
        3.7235115317957597,
        3.7335115317957595,
        3.7435115317957592,
        3.753511531795759,
        3.763511531795759,
        3.7735115317957586,
        3.7835115317957584,
        3.793511531795758,
        3.803511531795758,
        3.8135115317957577,
        3.8235115317957575,
        3.8335115317957573,
        3.843511531795757,
        3.853511531795757,
        3.8635115317957567,
        3.8735115317957565,
        3.8835115317957563,
        3.893511531795756,
        3.903511531795756,
        3.9135115317957556,
        3.9235115317957554,
        3.933511531795755,
        3.943511531795755,
        3.9535115317957548,
        3.9635115317957545,
        3.9735115317957543,
        3.983511531795754,
        3.993511531795754,
        4.003511531795754,
        4.0135115317957535,
        4.023511531795753,
        4.033511531795753,
        4.043511531795753,
        4.053511531795753,
        4.063511531795752,
        4.073511531795752,
        4.083511531795752,
        4.093511531795752,
        4.103511531795752,
        4.113511531795751,
        4.123511531795751,
        4.133511531795751,
        4.143511531795751,
        4.1535115317957505,
        4.16351153179575,
        4.17351153179575,
        4.18351153179575,
        4.19351153179575,
        4.203511531795749,
        4.213511531795749,
        4.223511531795749,
        4.233511531795749,
        4.243511531795749,
        4.253511531795748,
        4.263511531795748,
        4.273511531795748,
        4.283511531795748,
        4.2935115317957475,
        4.303511531795747,
        4.313511531795747,
        4.323511531795747,
        4.333511531795747,
        4.3435115317957464,
        4.353511531795746,
        4.363511531795746,
        4.36715104652713
    ],
    "frequency": [
        8884.580287035205,
        8908.768307476754,
        8932.956327918302,
        8943.26872484832,
        8943.26872484832,
        8940.016398514566,
        8917.938842107775,
        8895.861285700985,
        8889.700996998221,
        8889.70099699822,
        8890.77775697257,
        8894.432407003162,
        8898.087057033752,
        8898.568432081112,
        8898.56843208111,
        8900.183572042635,
        8903.838222073227,
        8907.435867164004,
        8907.435867164004,
        8907.435867164002,
        8907.435867164002,
        8907.435867164004,
        8907.435867164004,
        8907.435867164004,
        8907.435867164002,
        8904.743967228127,
        8901.089317197535,
        8898.568432081112,
        8898.56843208111,
        8898.568432081112,
        8898.56843208111,
        8898.568432081112,
        8898.568432081112,
        8898.56843208111,
        8898.56843208111,
        8898.568432081112,
        8898.56843208111,
        8900.778956969629,
        8904.43360700022,
        8908.088257030811,
        8911.742907061405,
        8915.397557091997,
        8930.047826625363,
        8948.32107677832,
        8966.59432693128,
        8984.867577084238,
        9003.140827237197,
        9027.158968128439,
        9051.81911993071,
        9075.995464336444,
        9099.633063509398,
        9124.119795974428,
        9165.903688093274,
        9207.687580212121,
        9263.264262468867,
        9327.278433664762,
        9392.989756329407,
        9465.74728821706,
        9538.504820104714,
        9609.340088158788,
        9679.593903947165,
        9745.854673897567,
        9804.413121926958,
        9862.971569956348,
        9912.552725667765,
        9961.300761448143,
        10010.30181295135,
        10059.56754402276,
        10108.912259258128,
        10159.443930957459,
        10209.975602656792,
        10228.366679011911
    ]
}