{
    "time": [
        30.460823657626108,
        30.47082365762611,
        30.48082365762611,
        30.490823657626112,
        30.500823657626114,
        30.510823657626116,
        30.520823657626117,
        30.53082365762612,
        30.54082365762612,
        30.550823657626122,
        30.560823657626123,
        30.570823657626125,
        30.580823657626127,
        30.590823657626128,
        30.60082365762613,
        30.61082365762613,
        30.620823657626133,
        30.630823657626134,
        30.640823657626136,
        30.650823657626137,
        30.66082365762614,
        30.67082365762614,
        30.680823657626142,
        30.690823657626144,
        30.700823657626145,
        30.710823657626147,
        30.72082365762615,
        30.73082365762615,
        30.74082365762615,
        30.750823657626153,
        30.760823657626155,
        30.770823657626156,
        30.780823657626158,
        30.79082365762616,
        30.80082365762616,
        30.810823657626162,
        30.820823657626164,
        30.830823657626166,
        30.840823657626167,
        30.85082365762617,
        30.86082365762617,
        30.870823657626172,
        30.880823657626173,
        30.890823657626175,
        30.900823657626177,
        30.910823657626178,
        30.92082365762618,
        30.93082365762618,
        30.940823657626183,
        30.950823657626184,
        30.955872550326625
    ],
    "frequency": [
        13480.929135769384,
        13400.512475175128,
        13320.09581458087,
        13115.01988408652,
        12866.065725335566,
        12743.453292687216,
        12620.84086003887,
        12556.05999756473,
        12517.340281991563,
        12481.44064258396,
        12452.45635697835,
        12423.47207137274,
        12403.966460802758,
        12385.632474629509,
        12375.365100515093,
        12373.483133517027,
        12370.871157651858,
        12360.9344827551,
        12350.997807858339,
        12332.312039641401,
        12309.712976648856,
        12289.149225839104,
        12273.537849545857,
        12257.92647325261,
        12242.516157518074,
        12227.130288788032,
        12204.013721462115,
        12172.91221283908,
        12141.108823156217,
        12102.397289779754,
        12063.685756403293,
        12027.148164459544,
        11991.575665188999,
        11956.599083603065,
        11923.061328730073,
        11889.523573857083,
        11835.565638607932,
        11779.165829932263,
        11717.713057238227,
        11651.074440107777,
        11582.598104533163,
        11496.374058376205,
        11410.150012219245,
        11324.673359961635,
        11239.526016211365,
        11156.90404977137,
        11080.332691073805,
        11003.761332376243,
        10940.76693771656,
        10879.36891836645,
        10848.36971719463
    ]
}