{
    "time": [
        39.22273377749258,
        39.23273377749258,
        39.242733777492575,
        39.25273377749257,
        39.26273377749257,
        39.27273377749257,
        39.28273377749257,
        39.292733777492565,
        39.30273377749256,
        39.31273377749256,
        39.32273377749256,
        39.33273377749256,
        39.333862355837404
    ],
    "frequency": [
        13630.646847773269,
        13067.970201872546,
        12857.42142943661,
        12801.52528724423,
        12901.57020377093,
        13024.056937545794,
        13133.787968390625,
        13242.139567137188,
        13338.39485735198,
        13375.957021594746,
        13343.310177792524,
        13246.951751596273,
        13232.286480720972
    ]
}