{
    "time": [
        36.099186775096655,
        36.10918677509665,
        36.11918677509665,
        36.12918677509665,
        36.13918677509665,
        36.149186775096645,
        36.15918677509664,
        36.16918677509664,
        36.17918677509664,
        36.18918677509664,
        36.199186775096635,
        36.20918677509663,
        36.21918677509663,
        36.22918677509663,
        36.23918677509663,
        36.249186775096625,
        36.25918677509662,
        36.26918677509662,
        36.275163311558465
    ],
    "frequency": [
        11225.691482933813,
        11350.495003045347,
        11475.29852315688,
        11593.100331943919,
        11703.49850522283,
        11813.89667850174,
        11884.370865668632,
        11953.69916043991,
        12040.962586556538,
        12149.437869254047,
        12257.913151951558,
        12317.797828438062,
        12374.81080078343,
        12457.206126979672,
        12573.213887234231,
        12689.22164748879,
        12723.652284126998,
        12750.630903424179,
        12766.754773616165
    ]
}