{
    "time": [
        45.41794427409679,
        45.42794427409679,
        45.437944274096786,
        45.447944274096784,
        45.45794427409678,
        45.46794427409678,
        45.47794427409678,
        45.487944274096776,
        45.497944274096774,
        45.50794427409677,
        45.51794427409677,
        45.52794427409677,
        45.537944274096766,
        45.547944274096764,
        45.55794427409676,
        45.56794427409676,
        45.57794427409676,
        45.587944274096756,
        45.597944274096754,
        45.60794427409675,
        45.61794427409675,
        45.62794427409675,
        45.637944274096746,
        45.647944274096744,
        45.65794427409674,
        45.66794427409674,
        45.67794427409674,
        45.687944274096736,
        45.697944274096734,
        45.70794427409673,
        45.71794427409673,
        45.72794427409673,
        45.737944274096726,
        45.747944274096724,
        45.75794427409672,
        45.76189841354486
    ],
    "frequency": [
        10376.817613789368,
        10290.698759413302,
        10204.579905037237,
        10129.516698890488,
        10063.75123049589,
        9999.820117447818,
        9955.293126711618,
        9910.766135975417,
        9873.666327361474,
        9840.936863600535,
        9809.844472979694,
        9786.592164606642,
        9763.33985623359,
        9717.863133205861,
        9663.56782676738,
        9604.997418729368,
        9534.202828227031,
        9463.408237724694,
        9397.41004100157,
        9332.593807052579,
        9261.647604648539,
        9179.08791680356,
        9096.528228958585,
        8945.367947912417,
        8785.612928907984,
        8606.717273887802,
        8402.639548145113,
        8198.561822402422,
        8050.808743254092,
        7904.497995766472,
        7794.22034479727,
        7717.442482238528,
        7645.095859450592,
        7640.486454295267,
        7635.877049139945,
        7634.054426064231
    ]
}