{
    "time": [
        55.63135582170412,
        55.64135582170412,
        55.651355821704115,
        55.66135582170411,
        55.67135582170411,
        55.68135582170411,
        55.69135582170411,
        55.701355821704105,
        55.7113558217041,
        55.7213558217041,
        55.7313558217041,
        55.7413558217041,
        55.751355821704095,
        55.76135582170409,
        55.77135582170409,
        55.78135582170409,
        55.79135582170409,
        55.801355821704085,
        55.81135582170408,
        55.82135582170408,
        55.83135582170408,
        55.84135582170408,
        55.851355821704075,
        55.86135582170407,
        55.87135582170407,
        55.88135582170407,
        55.89135582170407,
        55.901355821704065,
        55.91135582170406,
        55.92135582170406,
        55.93135582170406,
        55.94135582170406,
        55.951355821704055,
        55.96135582170405,
        55.97135582170405,
        55.98135582170405,
        55.99135582170405,
        56.001355821704045,
        56.01135582170404,
        56.02135582170404,
        56.03135582170404,
        56.04135582170404,
        56.051355821704036,
        56.06135582170403,
        56.07135582170403,
        56.08135582170403,
        56.09135582170403,
        56.101355821704026,
        56.111355821704024,
        56.12135582170402,
        56.13135582170402,
        56.14135582170402,
        56.151355821704016,
        56.161355821704014,
        56.17135582170401,
        56.18135582170401,
        56.19135582170401,
        56.201355821704006,
        56.211355821704004,
        56.221355821704,
        56.231355821704,
        56.241355821704,
        56.251355821703996,
        56.261355821703994,
        56.27135582170399,
        56.28135582170399,
        56.29135582170399,
        56.301355821703986,
        56.311355821703984,
        56.32135582170398,
        56.33135582170398,
        56.34135582170398,
        56.351355821703976,
        56.361355821703974,
        56.37135582170397,
        56.38135582170397,
        56.38164846134798
    ],
    "frequency": [
        13245.205872974091,
        12913.636757334603,
        12710.019942485353,
        12558.147405782003,
        12374.402854198443,
        12139.01091222254,
        11690.639039937188,
        11209.865528690978,
        10561.92421521186,
        10054.097853696094,
        9851.89093090074,
        9696.402150092494,
        9660.13677806941,
        9623.871406046328,
        9596.76508762086,
        9588.706116060177,
        9586.689052611597,
        9635.042881975702,
        9683.396711339805,
        9731.750540703908,
        9821.665866372237,
        9971.123157134021,
        10082.336416042861,
        10130.690245406975,
        10166.224148060968,
        10190.401062743016,
        10231.207114194627,
        10308.57324117721,
        10427.60474831409,
        10594.64524975373,
        10725.349104983554,
        10803.78608921458,
        10854.442481881735,
        10905.098874548888,
        10955.755267216042,
        11014.375335437548,
        11095.97242248948,
        11177.569509541412,
        11259.166596593346,
        11340.76368364528,
        11422.360770697213,
        11501.421137002817,
        11575.638642538426,
        11649.856148074034,
        11724.073653609641,
        11798.29115914525,
        11872.508664680856,
        11946.726170216465,
        12020.943675752074,
        12096.625581860746,
        12174.528973614033,
        12252.432365367324,
        12330.335757120614,
        12408.239148873905,
        12486.142540627196,
        12564.045932380486,
        12635.78976728009,
        12705.419281564404,
        12775.048795848716,
        12844.678310133027,
        12917.677150963153,
        13014.384809691372,
        13111.092468419589,
        13203.37940577063,
        13273.712248482057,
        13337.823323424225,
        13362.000238106277,
        13386.177152788328,
        13370.439593581536,
        13346.638307757888,
        13262.82500352676,
        13179.011699295628,
        13076.998092658345,
        12931.93660456604,
        12786.875116473739,
        12641.813628381437,
        12637.568554157962
    ]
}