{
    "time": [
        4.343420877216372,
        4.353420877216371,
        4.363420877216371,
        4.373420877216371,
        4.383420877216371,
        4.3934208772163705,
        4.40342087721637,
        4.41342087721637,
        4.42342087721637,
        4.43342087721637,
        4.4434208772163695,
        4.453420877216369,
        4.463420877216369,
        4.473420877216369,
        4.483420877216369,
        4.493420877216368,
        4.503420877216368,
        4.513420877216368,
        4.523420877216368,
        4.5334208772163676,
        4.543420877216367,
        4.553420877216367,
        4.563420877216367,
        4.573420877216367,
        4.5834208772163665,
        4.593420877216366,
        4.603420877216366,
        4.613420877216366,
        4.623420877216366,
        4.633420877216365,
        4.643420877216365,
        4.653420877216365,
        4.663420877216365,
        4.673420877216365,
        4.683420877216364,
        4.693420877216364,
        4.703420877216364,
        4.713420877216364,
        4.7234208772163635,
        4.733420877216363,
        4.743420877216363,
        4.753420877216363,
        4.763420877216363,
        4.773420877216362,
        4.783420877216362,
        4.793420877216362,
        4.803420877216362,
        4.813420877216362,
        4.823420877216361,
        4.833420877216361,
        4.843420877216361,
        4.853420877216361,
        4.8634208772163605,
        4.87342087721636,
        4.88342087721636,
        4.89342087721636,
        4.90342087721636,
        4.9134208772163595,
        4.923420877216359,
        4.933420877216359,
        4.943420877216359,
        4.953420877216359,
        4.963420877216358,
        4.973420877216358,
        4.983420877216358,
        4.993420877216358,
        5.0034208772163575,
        5.013420877216357,
        5.023420877216357,
        5.033420877216357,
        5.043420877216357,
        5.0534208772163565,
        5.063420877216356,
        5.073420877216356,
        5.083420877216356,
        5.093420877216356,
        5.103420877216355,
        5.113420877216355,
        5.123420877216355,
        5.133420877216355,
        5.1434208772163545,
        5.153420877216354,
        5.163420877216354,
        5.173420877216354,
        5.183420877216354,
        5.191307825623251
    ],
    "frequency": [
        12972.101993426995,
        13206.359446762533,
        13440.61690009807,
        13640.087759558322,
        13814.105125673464,
        13974.386627874293,
        14059.746463989512,
        14145.10630010473,
        14223.848489938555,
        14300.172733342695,
        14372.23154509825,
        14434.790267938617,
        14497.348990778984,
        14546.204275595133,
        14593.319534669152,
        14654.673976540758,
        14732.424628819175,
        14807.955332617146,
        14833.176541513883,
        14858.39775041062,
        14784.340937924826,
        14649.365740283889,
        14486.755775839323,
        14211.639695393544,
        13936.523614947766,
        13543.913685734247,
        13117.125828588978,
        12660.157177752058,
        12147.658739484496,
        11635.160301216933,
        10627.665265121119,
        9983.180214009533,
        9526.070400344091,
        9068.960586678646,
        8769.20845338393,
        8497.961332174586,
        8226.714210965245,
        8045.32989797552,
        7909.829676020852,
        7801.652436215009,
        7780.25766432743,
        7758.86289243985,
        7784.075612650204,
        7819.73356579617,
        7951.01978331576,
        8229.15181785429,
        8507.28385239282,
        8918.810729911498,
        9334.201245321014,
        9606.629873925453,
        9761.76660885138,
        9908.084609921338,
        9993.663697471655,
        10079.242785021972,
        10256.52965539814,
        11729.9071313809,
        11849.082814577087,
        11970.319855273368,
        12091.556895969652,
        12182.157312210687,
        12267.736399761005,
        12362.65744048071,
        12469.631299918605,
        12576.001296025242,
        12640.18561168798,
        12704.369927350717,
        12714.157743908703,
        12686.390576135085,
        12650.956194697563,
        12577.83274167674,
        12504.70928865592,
        12341.198077954881,
        12146.994185295183,
        11899.483740018692,
        11540.741186594605,
        10830.25233235008,
        10609.315922411784,
        10388.379512473492,
        9109.801388497473,
        8839.388118963428,
        8571.586762588786,
        8347.505832333432,
        8123.424902078079,
        7966.433015733037,
        7848.197595787122,
        7754.945930088995
    ]
}