{
    "time": [
        17.76198163921511,
        17.771981639215113,
        17.781981639215115,
        17.791981639215116,
        17.801981639215118,
        17.81198163921512,
        17.82198163921512,
        17.831981639215122,
        17.841981639215124,
        17.851981639215126,
        17.861981639215127,
        17.87198163921513,
        17.88198163921513,
        17.891981639215132,
        17.901981639215133,
        17.911981639215135,
        17.921981639215137,
        17.931981639215138,
        17.94198163921514,
        17.95198163921514,
        17.961981639215143,
        17.971981639215144,
        17.981981639215146,
        17.991981639215147,
        18.00198163921515,
        18.01198163921515,
        18.021981639215152,
        18.031981639215154,
        18.041981639215155,
        18.051981639215157,
        18.06198163921516,
        18.070525566321976
    ],
    "frequency": [
        11888.870204273215,
        11951.779628558026,
        12014.689052842838,
        12077.598477127653,
        12140.507901412464,
        12203.417325697275,
        12229.32402611328,
        12244.7018853829,
        12260.079744652521,
        12357.725155735789,
        12458.470217880835,
        12465.75446700855,
        12473.038716136263,
        12475.755928072953,
        12302.755011289708,
        12098.060624237576,
        11674.717204344503,
        11251.373784451425,
        10775.171673886845,
        10230.795455742285,
        9700.926719887588,
        9385.680604860358,
        9070.434489833124,
        8771.184713702756,
        8530.264918478693,
        8289.345123254629,
        8048.425328030563,
        7807.505532806499,
        7603.446037889229,
        7401.611634975459,
        7199.777232061688,
        7027.331389447385
    ]
}