{
    "time": [
        59.699980751385624,
        59.70998075138562,
        59.71998075138562,
        59.72998075138562,
        59.739980751385616,
        59.749980751385614,
        59.75998075138561,
        59.76998075138561,
        59.77998075138561,
        59.789980751385606,
        59.799980751385604,
        59.8099807513856,
        59.8199807513856,
        59.8299807513856,
        59.839980751385596,
        59.849980751385594,
        59.85998075138559,
        59.86998075138559,
        59.87998075138559,
        59.889980751385586,
        59.899980751385584,
        59.90998075138558,
        59.91998075138558,
        59.92998075138558,
        59.93852872500038
    ],
    "frequency": [
        10019.144435795566,
        10135.248601294303,
        10251.35276679304,
        10367.456932291774,
        10483.56109779051,
        10561.913433243953,
        10616.625217581168,
        10671.33700191838,
        10726.048786255595,
        10778.957080087459,
        10829.218623593411,
        10879.480167099362,
        10929.741710605314,
        10969.533163358943,
        11000.632493403247,
        11031.73182344755,
        11064.729787278213,
        11145.357679985686,
        11225.985572693158,
        11282.036792153425,
        11336.337209691103,
        11344.366901468109,
        11301.837903116917,
        11229.01736939354,
        11061.63898809112
    ]
}