{
    "time": [
        20.5741086524018,
        20.584108652401802,
        20.594108652401804,
        20.604108652401806,
        20.614108652401807,
        20.62410865240181,
        20.63410865240181,
        20.644108652401812,
        20.654108652401813,
        20.664108652401815,
        20.674108652401816,
        20.684108652401818,
        20.69410865240182,
        20.70410865240182,
        20.714108652401823,
        20.724108652401824,
        20.734108652401826,
        20.744108652401827,
        20.75410865240183,
        20.76410865240183,
        20.774108652401832,
        20.784108652401834,
        20.794108652401835,
        20.804108652401837,
        20.81410865240184,
        20.82410865240184,
        20.83410865240184,
        20.844108652401843,
        20.854108652401845,
        20.864108652401846,
        20.874108652401848,
        20.88410865240185,
        20.89410865240185,
        20.904108652401852,
        20.914108652401854,
        20.924108652401856,
        20.934108652401857,
        20.94410865240186,
        20.95410865240186,
        20.964108652401862,
        20.974108652401863,
        20.984108652401865,
        20.994108652401867,
        21.004108652401868,
        21.01410865240187,
        21.02410865240187,
        21.034108652401873,
        21.044108652401874,
        21.054108652401876,
        21.064108652401877,
        21.07410865240188,
        21.08410865240188,
        21.094108652401882,
        21.104108652401884,
        21.114108652401885,
        21.124108652401887,
        21.13410865240189,
        21.134699898208606
    ],
    "frequency": [
        17116.460562342778,
        16359.090758943476,
        15601.720955544173,
        15289.120417257744,
        15173.22310690205,
        15078.27261532544,
        14621.631236594343,
        13972.499735078905,
        13885.68785706601,
        13798.875979053113,
        13428.097481818815,
        12706.47374583657,
        12580.158850270407,
        12322.319118595547,
        12018.667483078767,
        11993.897789624,
        11969.128096169232,
        11944.358402714464,
        11919.588709259697,
        11894.81901580493,
        11870.049322350162,
        11845.279628895392,
        11820.509935440625,
        11345.864676275109,
        11334.538140965227,
        11307.177546000512,
        11189.49087588001,
        11053.976621229092,
        11041.316555685544,
        11028.255101592855,
        11011.164013109064,
        10994.072924625276,
        10924.584954978995,
        10816.641238239266,
        10696.82475307677,
        10525.913868238877,
        10355.002983400984,
        10077.982128478245,
        9670.85660486764,
        9336.156122060105,
        9001.61361573615,
        8667.930459624104,
        8414.734616779131,
        8284.51679975977,
        8154.298982740407,
        8093.815318990626,
        8055.835122359984,
        8026.3619086424505,
        8061.420551686124,
        8096.479194729796,
        8131.53783777347,
        8207.158597521911,
        8290.024481079678,
        8381.401000846225,
        8566.554459420608,
        8759.353956782817,
        9050.535464284472,
        9067.751448814864
    ]
}