{
    "time": [
        9.112247590349764,
        9.122247590349764,
        9.132247590349763,
        9.142247590349763,
        9.152247590349763,
        9.162247590349763,
        9.172247590349762,
        9.182247590349762,
        9.192247590349762,
        9.202247590349762,
        9.212247590349762,
        9.222247590349761,
        9.232247590349761,
        9.242247590349761,
        9.25224759034976,
        9.259826270202808
    ],
    "frequency": [
        6558.605583933908,
        6603.742196699127,
        6648.878809464346,
        6694.015422229565,
        6741.839410012977,
        6789.985130295878,
        6838.130850578778,
        6948.647121147992,
        7060.4139718047245,
        7266.335742125774,
        7737.762586562496,
        8209.18943099922,
        8776.2153654722,
        9350.260491922158,
        10213.371834088139,
        11186.38783493731
    ]
}