{
    "time": [
        27.500333288894815,
        27.510333288894817,
        27.52033328889482,
        27.53033328889482,
        27.54033328889482,
        27.550333288894823,
        27.560333288894824,
        27.570333288894826,
        27.580333288894828,
        27.59033328889483,
        27.60033328889483,
        27.610333288894832,
        27.61231835755233
    ],
    "frequency": [
        10506.600943986565,
        10541.115935986421,
        10575.630927986278,
        10624.618067419255,
        10731.3589928161,
        10838.099918212945,
        10936.860443261661,
        11023.687535321431,
        11110.514627381202,
        11199.355289996805,
        11289.532081045101,
        11379.708872093397,
        11397.609584247757
    ]
}