{
    "time": [
        25.281157111243477,
        25.29115711124348,
        25.30115711124348,
        25.31115711124348,
        25.321157111243483,
        25.331157111243485,
        25.341157111243486,
        25.351157111243488,
        25.36115711124349,
        25.37115711124349,
        25.381157111243493,
        25.391157111243494,
        25.401157111243496,
        25.411157111243497,
        25.4211571112435,
        25.4311571112435,
        25.441157111243502,
        25.451157111243504,
        25.461157111243505,
        25.471157111243507,
        25.48115711124351,
        25.49115711124351,
        25.50115711124351,
        25.511157111243513,
        25.521157111243514,
        25.531157111243516,
        25.541157111243518,
        25.55115711124352,
        25.56115711124352,
        25.571157111243522,
        25.581157111243524,
        25.591157111243525,
        25.601157111243527,
        25.61115711124353,
        25.62115711124353,
        25.63115711124353,
        25.641157111243533,
        25.651157111243535,
        25.661157111243536,
        25.671157111243538,
        25.68115711124354,
        25.69115711124354,
        25.701157111243543,
        25.711157111243544,
        25.721157111243546,
        25.731157111243547,
        25.74115711124355,
        25.75115711124355,
        25.761157111243552,
        25.771157111243554,
        25.781157111243555,
        25.791157111243557,
        25.80115711124356,
        25.81115711124356,
        25.82115711124356,
        25.831157111243563,
        25.841157111243565,
        25.851157111243566,
        25.861157111243568,
        25.87115711124357,
        25.88115711124357,
        25.891157111243572,
        25.901157111243574,
        25.911157111243575,
        25.921157111243577,
        25.93115711124358,
        25.94115711124358,
        25.95115711124358,
        25.961157111243583,
        25.971157111243585,
        25.981157111243586,
        25.991157111243588,
        26.00115711124359,
        26.01115711124359,
        26.021157111243593,
        26.031157111243594,
        26.041157111243596,
        26.041437524431778
    ],
    "frequency": [
        5938.258736576972,
        5956.289137650192,
        5974.319538723412,
        5992.349939796631,
        6010.38034086985,
        6025.982357533501,
        6036.323322854906,
        6046.664288176311,
        6057.005253497717,
        6067.3462188191215,
        6077.6871841405255,
        6091.878884204484,
        6122.452172980813,
        6153.025461757142,
        6183.598750533471,
        6215.250873805319,
        6268.966443669284,
        6322.682013533249,
        6376.3975833972145,
        6430.113153261179,
        6551.807004613187,
        6699.577900365431,
        6847.348796117674,
        6995.119691869918,
        7168.0476797661195,
        7359.264827989995,
        7550.481976213871,
        7738.756213250324,
        7911.10563527374,
        8083.455057297156,
        8248.38596386355,
        8341.167402719497,
        8433.948841575442,
        8526.73028043139,
        8619.511719287337,
        8672.590908039103,
        8713.768445625237,
        8754.945983211372,
        8796.123520797506,
        8837.30105838364,
        8878.478595969775,
        8917.652939299294,
        8939.457145248303,
        8961.261351197312,
        8983.065557146321,
        9004.869763095332,
        9026.673969044341,
        9048.47817499335,
        9070.282380942359,
        9092.437427460542,
        9115.225851039195,
        9138.014274617846,
        9160.802698196498,
        9183.591121775149,
        9206.3795453538,
        9229.167968932454,
        9245.281765667592,
        9260.404037535453,
        9275.526309403314,
        9290.648581271176,
        9305.770853139036,
        9320.758128634247,
        9335.407829506237,
        9350.057530378228,
        9364.707231250217,
        9379.35693212221,
        9432.961324922173,
        9488.113139969673,
        9543.264955017174,
        9648.00117686255,
        9758.304806957534,
        9868.60843705252,
        10019.682500583187,
        10178.736395764801,
        10350.126523411865,
        10548.460935217263,
        10746.795347022657,
        10752.35690549672
    ]
}