{
    "time": [
        5.284422744014472,
        5.294422744014472,
        5.304422744014472,
        5.314422744014472,
        5.324422744014472,
        5.334422744014471,
        5.344422744014471,
        5.354422744014471,
        5.364422744014471,
        5.3744227440144705,
        5.38442274401447,
        5.39442274401447,
        5.40442274401447,
        5.41442274401447,
        5.4244227440144694,
        5.434422744014469,
        5.444422744014469,
        5.454422744014469,
        5.464422744014469,
        5.474422744014468,
        5.484422744014468,
        5.494422744014468,
        5.504422744014468,
        5.5144227440144675,
        5.524422744014467,
        5.534422744014467,
        5.544422744014467,
        5.554422744014467,
        5.5644227440144665,
        5.574422744014466,
        5.584422744014466,
        5.594422744014466,
        5.604422744014466,
        5.614422744014465,
        5.624422744014465,
        5.634422744014465,
        5.644422744014465,
        5.6544227440144645,
        5.664422744014464,
        5.674422744014464,
        5.684422744014464,
        5.694422744014464,
        5.7044227440144635,
        5.714422744014463,
        5.724422744014463,
        5.734422744014463,
        5.744422744014463,
        5.754422744014462,
        5.764422744014462,
        5.774422744014462,
        5.784422744014462,
        5.794422744014462,
        5.804422744014461,
        5.814422744014461,
        5.824422744014461,
        5.834422744014461,
        5.8444227440144605,
        5.85442274401446,
        5.86442274401446,
        5.87442274401446,
        5.88442274401446,
        5.894422744014459,
        5.904422744014459,
        5.914422744014459,
        5.924422744014459,
        5.934422744014459,
        5.944422744014458,
        5.954422744014458,
        5.964422744014458,
        5.974422744014458,
        5.978655416991716
    ],
    "frequency": [
        10907.794429784833,
        10142.23578281693,
        8922.00892673836,
        7826.313800333817,
        7775.194126095377,
        7738.564525761985,
        7760.841020824922,
        7879.5658099491275,
        8081.028611782775,
        8613.814694257806,
        9553.539831333663,
        10544.562745264284,
        11014.642616209452,
        11389.949219160708,
        11658.412819125157,
        11759.14422004198,
        11830.8351508088,
        11848.742955416234,
        11866.65076002367,
        11828.013864279235,
        11779.662791839157,
        11731.311719399082,
        11682.960646959005,
        11640.72679955872,
        11601.224289395257,
        11561.721779231799,
        11583.448723322465,
        11615.050731453231,
        11646.598465076026,
        11676.444806088419,
        11706.291147100812,
        11736.757698976624,
        11784.72503274654,
        11832.69236651646,
        11905.967346718477,
        11989.910180815827,
        12074.450060005804,
        12173.414243362684,
        12272.378426719566,
        12371.342610076446,
        12469.18017490947,
        12568.179451078617,
        12695.026400381284,
        12821.873349683954,
        12948.46138743074,
        13069.978632981192,
        13191.495878531647,
        13313.013124082101,
        13422.517386261436,
        13522.289440502864,
        13622.061494744288,
        13721.833548985716,
        13821.605603227143,
        13921.377657468567,
        14007.228626824457,
        14087.813747557913,
        14168.398868291373,
        14248.983989024833,
        14329.569109758291,
        14421.73549984118,
        14518.162140035063,
        14614.588780228947,
        14711.015420422831,
        14807.442060616711,
        14903.868700810595,
        14995.321197703155,
        15070.869748390776,
        15146.418299078396,
        15197.853239561558,
        15231.4303732005,
        15245.642475821232
    ]
}