{
    "time": [
        29.529239184017722,
        29.539239184017724,
        29.549239184017726,
        29.559239184017727,
        29.56923918401773,
        29.57923918401773,
        29.589239184017732,
        29.599239184017733,
        29.609239184017735,
        29.619239184017736,
        29.629239184017738,
        29.63923918401774,
        29.64923918401774,
        29.659239184017743,
        29.669239184017744,
        29.679239184017746,
        29.689239184017747,
        29.69923918401775,
        29.70923918401775,
        29.719239184017752,
        29.729239184017754,
        29.739239184017755,
        29.749239184017757,
        29.75923918401776,
        29.76923918401776,
        29.77923918401776,
        29.789239184017763,
        29.799239184017765,
        29.809239184017766,
        29.819239184017768,
        29.82923918401777,
        29.83923918401777,
        29.849239184017772,
        29.859239184017774,
        29.869239184017776,
        29.879239184017777,
        29.88923918401778,
        29.89923918401778,
        29.909239184017782,
        29.919239184017783,
        29.929239184017785,
        29.939239184017786,
        29.949239184017788,
        29.95923918401779,
        29.96923918401779,
        29.979239184017793,
        29.989239184017794,
        29.998894698025673
    ],
    "frequency": [
        13681.301710360949,
        13645.622630640417,
        13609.943550919885,
        13574.264471199354,
        13538.58539147882,
        13502.90631175829,
        13467.227232037758,
        13247.96935577791,
        12872.678295013775,
        12497.38723424964,
        12122.096173485505,
        11746.805112721368,
        11610.633015605395,
        11578.918278076031,
        11547.20354054667,
        11515.488803017306,
        11483.774065487942,
        11449.899208419329,
        11415.64729188762,
        11381.395375355909,
        11340.655303285017,
        11293.083196990974,
        11245.511090696931,
        11203.30626638511,
        11165.92818286836,
        11128.55009935161,
        11091.17201583486,
        11067.711882975236,
        11048.683040457618,
        11029.654197939997,
        10887.603586158666,
        10556.501726352135,
        10225.399866545606,
        9903.75312489654,
        9888.730354487896,
        9873.70758407925,
        9858.684813670605,
        9843.66204326196,
        9828.639272853314,
        9814.561066909695,
        9800.569270940858,
        9786.577474972022,
        9772.585679003185,
        9759.309029420407,
        9747.416002846896,
        9735.522976273383,
        9723.629949699873,
        9712.146621232214
    ]
}