{
    "time": [
        19.327214431281593,
        19.337214431281595,
        19.347214431281596,
        19.357214431281598,
        19.3672144312816,
        19.3772144312816,
        19.387214431281603,
        19.397214431281604,
        19.407214431281606,
        19.417214431281607,
        19.42721443128161,
        19.43721443128161,
        19.447214431281612,
        19.457214431281614,
        19.467214431281615,
        19.477214431281617,
        19.48721443128162,
        19.49721443128162,
        19.50721443128162,
        19.517214431281623,
        19.527214431281624,
        19.537214431281626,
        19.547214431281628,
        19.55721443128163,
        19.56721443128163,
        19.577214431281632,
        19.587214431281634,
        19.597214431281635,
        19.607214431281637,
        19.61721443128164,
        19.62721443128164,
        19.63122119944067
    ],
    "frequency": [
        12597.90460418068,
        12597.90460418068,
        12597.90460418068,
        12597.90460418068,
        12593.360482799375,
        12578.34456988444,
        12563.328656969506,
        12548.312744054574,
        12533.29683113964,
        12518.280918224706,
        12503.265005309773,
        12492.060981371978,
        12484.318401275214,
        12476.575821178452,
        12468.83324108169,
        12461.090660984926,
        12453.348080888161,
        12445.6055007914,
        12456.058778997822,
        12467.450161209152,
        12478.84154342048,
        12490.232925631808,
        12501.624307843138,
        12513.015690054466,
        12576.523082882288,
        12640.340712770758,
        12704.15834265923,
        12767.975972547698,
        12863.130061510557,
        12992.91045170392,
        13122.690841897282,
        13174.6908354066
    ]
}