{
    "time": [
        22.764717176895903,
        22.774717176895905,
        22.784717176895906,
        22.794717176895908,
        22.80471717689591,
        22.81471717689591,
        22.824717176895913,
        22.834717176895914,
        22.844717176895916,
        22.854717176895917,
        22.86471717689592,
        22.87471717689592,
        22.884717176895922,
        22.894717176895924,
        22.904717176895925,
        22.914717176895927,
        22.92471717689593,
        22.93471717689593,
        22.94471717689593,
        22.954717176895933,
        22.964717176895935,
        22.974717176895936,
        22.984717176895938,
        22.99471717689594,
        23.00471717689594,
        23.014717176895942,
        23.024717176895944,
        23.034717176895946,
        23.044717176895947,
        23.05471717689595,
        23.06471717689595,
        23.074717176895952,
        23.084717176895953,
        23.094717176895955,
        23.104717176895956,
        23.114717176895958,
        23.12471717689596,
        23.13471717689596,
        23.144717176895963,
        23.154717176895964,
        23.164717176895966,
        23.174717176895967,
        23.18471717689597,
        23.19277529626504
    ],
    "frequency": [
        6445.404956317817,
        5936.221607326375,
        5442.924181818546,
        5189.751192875253,
        5014.491213561372,
        4861.391592572959,
        4730.979284733336,
        4716.37606549667,
        4709.903395806101,
        4703.430726115532,
        4696.958056424963,
        4690.485386734394,
        4698.030271225726,
        4727.619618382611,
        4757.208965539497,
        4786.798312696383,
        4816.387659853267,
        4849.259748225075,
        4884.971029276492,
        4920.682310327908,
        4956.393591379326,
        4992.104872430742,
        5018.20227654171,
        5035.0791634386,
        5051.956050335491,
        5068.832937232382,
        5085.709824129273,
        5102.586711026164,
        5119.463597923053,
        5136.340484819945,
        5157.585802828299,
        5180.5997395058785,
        5203.613676183458,
        5226.627612861037,
        5249.641549538617,
        5272.655486216196,
        5288.63907050926,
        5304.571795901429,
        5320.504521293599,
        5336.437246685769,
        5362.3060742477555,
        5398.643869001827,
        5434.981663755898,
        5464.263092529605
    ]
}