{
    "time": [
        12.408394998112897,
        12.418394998112896,
        12.428394998112896,
        12.438394998112896,
        12.448394998112896,
        12.458394998112896,
        12.468394998112895,
        12.478394998112895,
        12.488394998112895,
        12.498394998112895,
        12.508394998112895,
        12.518394998112894,
        12.528394998112894,
        12.538394998112894,
        12.548394998112894,
        12.558394998112894,
        12.568394998112893,
        12.578081034316765
    ],
    "frequency": [
        8731.289350178335,
        8844.15077357808,
        8957.012196977825,
        9092.797714004713,
        9319.678113864718,
        9546.558513724725,
        9773.438913584729,
        10000.319313444736,
        10357.165563726569,
        10783.1450899943,
        11141.278775296785,
        11388.069087797561,
        11634.859400298337,
        11881.649712799113,
        12268.800870909206,
        12790.78602334967,
        13422.824907601673,
        13869.81399490165
    ]
}