{
    "time": [
        20.453272896947077,
        20.46327289694708,
        20.47327289694708,
        20.48327289694708,
        20.493272896947083,
        20.503272896947085,
        20.513272896947086,
        20.523272896947088,
        20.53327289694709,
        20.54327289694709,
        20.553272896947092,
        20.563272896947094,
        20.573272896947095,
        20.583272896947097,
        20.5932728969471,
        20.6032728969471,
        20.6132728969471,
        20.623272896947103,
        20.633272896947105,
        20.643272896947106,
        20.653272896947108,
        20.66327289694711,
        20.67327289694711,
        20.683272896947113,
        20.693272896947114,
        20.703272896947116,
        20.713272896947117,
        20.72327289694712,
        20.73327289694712,
        20.743272896947122,
        20.753272896947124,
        20.763272896947125,
        20.773272896947127,
        20.78327289694713,
        20.79327289694713,
        20.80327289694713,
        20.813272896947133,
        20.823272896947135,
        20.833272896947136,
        20.843272896947138,
        20.85327289694714,
        20.86327289694714,
        20.873272896947142,
        20.883272896947144,
        20.893272896947146,
        20.903272896947147,
        20.91327289694715,
        20.92327289694715,
        20.93327289694715,
        20.943272896947153,
        20.953272896947155,
        20.963272896947156,
        20.973272896947158,
        20.98327289694716,
        20.99327289694716,
        21.003272896947163,
        21.013272896947164,
        21.023272896947166,
        21.033272896947167,
        21.04327289694717,
        21.05327289694717,
        21.063272896947172,
        21.073272896947174,
        21.07718970803893
    ],
    "frequency": [
        12230.01535841501,
        12085.172516552677,
        11940.329674690342,
        11795.486832828006,
        11650.643990965673,
        11521.449517413483,
        11454.598975015491,
        11387.748432617502,
        11285.201488963874,
        11173.783918300542,
        11089.19212188314,
        11044.625093617804,
        10999.986767613525,
        10910.852711082858,
        10821.71865455219,
        10752.703928705985,
        10696.995143374326,
        10630.019829933186,
        10518.602259269854,
        10407.184688606518,
        10286.82519319454,
        10164.265865464873,
        10037.217750926147,
        9903.516666130146,
        9769.95817681204,
        9680.824120281386,
        9591.690063750733,
        9502.556007220071,
        9413.421950689404,
        9310.661113818944,
        9154.676514890276,
        8998.691915961608,
        8932.304808866747,
        8887.737780601412,
        8811.624473629512,
        8689.065145899845,
        8566.773184691228,
        8499.922642293239,
        8433.072099895247,
        8379.70574235916,
        8335.138714093826,
        8281.415867863016,
        8192.281811332348,
        8103.147754801681,
        8022.991271889132,
        7944.998972424798,
        7885.104415674595,
        7851.6791444756,
        7817.89738458189,
        7728.763328051223,
        7639.629271520556,
        7516.695630661434,
        7371.8527887991,
        7240.8506204934,
        7162.858321029067,
        7084.866021564733,
        6943.90593573044,
        6787.921336801796,
        6668.274818779261,
        6601.424276381262,
        6535.910566588455,
        6636.186380185455,
        6736.462193782456,
        6775.738335675606
    ]
}