{
    "time": [
        31.723489018342512,
        31.733489018342514,
        31.743489018342515,
        31.753489018342517,
        31.76348901834252,
        31.77348901834252,
        31.78348901834252,
        31.793489018342523,
        31.803489018342525,
        31.813489018342526,
        31.823489018342528,
        31.83348901834253,
        31.84348901834253,
        31.853489018342533,
        31.863489018342534,
        31.873489018342536,
        31.883489018342537,
        31.89348901834254,
        31.90348901834254,
        31.913489018342542,
        31.923489018342543,
        31.933489018342545,
        31.943489018342547,
        31.953489018342548,
        31.96348901834255,
        31.97348901834255,
        31.983489018342553,
        31.993489018342554,
        32.003489018342556,
        32.013489018342554,
        32.02348901834256,
        32.024634546880215
    ],
    "frequency": [
        12444.030490873622,
        12440.85321134338,
        12437.675931813137,
        12434.498652282893,
        12431.321372752649,
        12428.144093222407,
        12424.966813692165,
        12435.605986673761,
        12448.60394838839,
        12461.60191010302,
        12474.599871817649,
        12486.39428118735,
        12495.92611977808,
        12505.45795836881,
        12514.989796959539,
        12523.392797786235,
        12528.409554939251,
        12533.426312092266,
        12538.44306924528,
        12549.413580678125,
        12571.076850202506,
        12592.740119726888,
        12614.40338925127,
        12636.066658775653,
        12671.736219556438,
        12709.863573919352,
        12747.990928282266,
        12830.601713920385,
        12925.920099827661,
        13021.238485734906,
        13116.55687164222,
        13127.475864764223
    ]
}