{
    "time": [
        32.26432180428777,
        32.274321804287766,
        32.284321804287764,
        32.29432180428776,
        32.30432180428776,
        32.31432180428776,
        32.324321804287756,
        32.334321804287754,
        32.34432180428775,
        32.35432180428775,
        32.36432180428775,
        32.374321804287746,
        32.384321804287744,
        32.39432180428774,
        32.40432180428774,
        32.41432180428774,
        32.424321804287736,
        32.434321804287734,
        32.44432180428773,
        32.45432180428773,
        32.46432180428773,
        32.474321804287726,
        32.484321804287724,
        32.49432180428772,
        32.50432180428772,
        32.51432180428772,
        32.524321804287716,
        32.534321804287714,
        32.54432180428771,
        32.55432180428771,
        32.56432180428771,
        32.574321804287706,
        32.584321804287704,
        32.5943218042877,
        32.6043218042877,
        32.6143218042877,
        32.624321804287696,
        32.634321804287694,
        32.64432180428769,
        32.65432180428769,
        32.66432180428769,
        32.674321804287686,
        32.684321804287684,
        32.69432180428768,
        32.70432180428768,
        32.71432180428768,
        32.724321804287676,
        32.734321804287674,
        32.74432180428767,
        32.75432180428767,
        32.76432180428767,
        32.774321804287666,
        32.784321804287664,
        32.79432180428766,
        32.80432180428766,
        32.81432180428766,
        32.824321804287656,
        32.834321804287654,
        32.84432180428765,
        32.85432180428765,
        32.86432180428765,
        32.874321804287646,
        32.884321804287644,
        32.89432180428764,
        32.895293387890575
    ],
    "frequency": [
        18282.606684967617,
        17960.907132530687,
        17639.207580093753,
        17317.50802765682,
        17081.28651299838,
        16877.940623062885,
        16674.59473312739,
        16572.338081169743,
        16524.67888821612,
        16276.775543309192,
        15180.614105375704,
        14391.430085087537,
        13948.765801214737,
        13710.469836446586,
        13533.753262882052,
        13385.480218137433,
        12821.15615092532,
        12177.75704605141,
        11732.781691749378,
        11608.867790069951,
        11484.953888390522,
        11361.039986711097,
        11247.982628073712,
        11162.196080757185,
        11076.40953344066,
        10990.622986124132,
        10902.197794450212,
        10802.340437785473,
        10702.483081120736,
        10602.625724455998,
        10502.768367791261,
        10416.307740139888,
        10305.965665133988,
        9606.964168481049,
        9425.284881176263,
        9362.961321159979,
        9300.637761143696,
        9238.314201127414,
        9175.99064111113,
        9103.805182400863,
        9021.195914614587,
        8938.586646828313,
        8890.114546642497,
        8890.114546642497,
        8890.114546642499,
        8927.233152145734,
        8997.588147543818,
        9086.09807731485,
        9174.608007085882,
        9250.869685728767,
        9288.997040091665,
        9327.12439445456,
        9374.98516750671,
        9470.30355341396,
        9567.07056800505,
        9674.303752150718,
        9781.536936296385,
        9888.770120442052,
        10108.27236718412,
        10415.409388440832,
        10695.048575826673,
        10849.94095292594,
        11004.833330025203,
        11159.725707124466,
        11174.774796505364
    ]
}