{
    "time": [
        34.10921374303139,
        34.11921374303139,
        34.129213743031386,
        34.139213743031384,
        34.14921374303138,
        34.15921374303138,
        34.16921374303138,
        34.179213743031376,
        34.189213743031374,
        34.19921374303137,
        34.20921374303137,
        34.21921374303137,
        34.229213743031366,
        34.239213743031364,
        34.24921374303136,
        34.25921374303136,
        34.26921374303136,
        34.279213743031356,
        34.289213743031354,
        34.29921374303135,
        34.30921374303135,
        34.31921374303135,
        34.329213743031346,
        34.339213743031344,
        34.34921374303134,
        34.35921374303134,
        34.36921374303134,
        34.379213743031336,
        34.389213743031334,
        34.39921374303133,
        34.40921374303133,
        34.41921374303133,
        34.429213743031326,
        34.439213743031324,
        34.44921374303132,
        34.45085710195535
    ],
    "frequency": [
        8856.436420964958,
        8832.40789741618,
        8808.379373867405,
        8821.697472457014,
        8878.492164481384,
        8941.987324525535,
        9020.080026059066,
        9098.172727592599,
        9176.265429126133,
        9275.039724709739,
        9387.29798316416,
        9499.556241618586,
        9684.031917944518,
        9946.200273092762,
        10208.368628241004,
        10453.31230397496,
        10692.471202421391,
        10931.630100867827,
        11283.656434008364,
        11692.17712653035,
        11934.264501284248,
        12166.82114578358,
        12295.249415526809,
        12367.33498617314,
        12439.42055681947,
        12431.207877099783,
        12401.92311402471,
        12372.638350949635,
        12315.074571855239,
        12243.489595449528,
        12062.914111016671,
        11574.759367345883,
        11505.854042463374,
        11436.948717580868,
        11368.043392698359,
        11356.719774642486
    ]
}