{
    "time": [
        34.50942453491374,
        34.51942453491374,
        34.52942453491374,
        34.539424534913735,
        34.54942453491373,
        34.55942453491373,
        34.56942453491373,
        34.57942453491373,
        34.589424534913725,
        34.59942453491372,
        34.60942453491372,
        34.61942453491372,
        34.62942453491372,
        34.639424534913715,
        34.64942453491371,
        34.65942453491371,
        34.66942453491371,
        34.67942453491371,
        34.689424534913705,
        34.6994245349137,
        34.7094245349137,
        34.7194245349137,
        34.7294245349137,
        34.739424534913695,
        34.74942453491369,
        34.75942453491369,
        34.76942453491369,
        34.77942453491369,
        34.789424534913685,
        34.79942453491368,
        34.80942453491368,
        34.81942453491368,
        34.82942453491368,
        34.839424534913675,
        34.84942453491367,
        34.85942453491367,
        34.86942453491367,
        34.87942453491367,
        34.889424534913665,
        34.89942453491366,
        34.90942453491366,
        34.91942453491366,
        34.92942453491366,
        34.939424534913655,
        34.94942453491365,
        34.95942453491365,
        34.96942453491365,
        34.97942453491365,
        34.989424534913645,
        34.99942453491364,
        35.00942453491364,
        35.01942453491364,
        35.02942453491364,
        35.039424534913636,
        35.04942453491363,
        35.05942453491363,
        35.06942453491363,
        35.07942453491363,
        35.087289873436546
    ],
    "frequency": [
        16524.9884142564,
        16215.621173565902,
        15906.253932875403,
        15596.886692184908,
        15287.519451494409,
        14978.152210803912,
        14771.686449740846,
        14573.665670852253,
        14375.644891963664,
        14177.624113075071,
        13979.603334186479,
        13764.981701185843,
        13530.703596585317,
        13296.425491984794,
        13066.396200080117,
        12862.676109123076,
        12658.956018166034,
        12455.235927208993,
        12251.515836251954,
        12044.254993676099,
        11835.07811456846,
        11625.90123546082,
        11416.724356353177,
        11207.547477245538,
        10992.599522428844,
        10751.813692700463,
        10511.027862972081,
        10210.119247179617,
        10100.107574230227,
        10023.976066597945,
        9964.258118366426,
        9904.540170134907,
        9844.822221903389,
        9573.730053869167,
        9452.565972391778,
        9379.354064704112,
        9306.142157016446,
        9237.248862247561,
        9170.312260933099,
        9103.375659618636,
        8969.847968776754,
        8787.121220850933,
        8533.319940866964,
        8320.486425216839,
        8115.957921200463,
        7911.429417184085,
        7706.9009131677085,
        7480.6037945199605,
        7246.325689919431,
        7057.67366953447,
        6901.488266467413,
        6767.068930498565,
        6700.99049073943,
        6634.912050980294,
        6609.594430260349,
        6639.963814190051,
        6670.333198119754,
        6700.702582049456,
        6859.258864064006
    ]
}