{
    "time": [
        36.222339467477624,
        36.23233946747762,
        36.24233946747762,
        36.25233946747762,
        36.26233946747762,
        36.272339467477615,
        36.28233946747761,
        36.29233946747761,
        36.30233946747761,
        36.31233946747761,
        36.322339467477605,
        36.3323394674776,
        36.3423394674776,
        36.3523394674776,
        36.3623394674776,
        36.372339467477595,
        36.38233946747759,
        36.39233946747759,
        36.40233946747759,
        36.41233946747759,
        36.422339467477585,
        36.43233946747758,
        36.44233946747758,
        36.450583725781264
    ],
    "frequency": [
        10009.023683958181,
        9807.888301509034,
        9606.752919059887,
        9464.182238438581,
        9341.31935737828,
        9319.986816815494,
        9298.65427625271,
        9277.321735689926,
        9325.279353159045,
        9386.494469556612,
        9447.70958595418,
        9555.012981737467,
        9729.114038588566,
        9903.215095439667,
        10077.316152290767,
        10251.417209141868,
        10428.84042468836,
        10607.180463793258,
        10785.520502898158,
        10966.914930642522,
        11201.57287683317,
        11436.230823023818,
        11670.888769214465,
        11864.346841355265
    ]
}