{
    "time": [
        2.63164911345154,
        2.64164911345154,
        2.6516491134515396,
        2.6616491134515394,
        2.671649113451539,
        2.681649113451539,
        2.691649113451539,
        2.7016491134515386,
        2.7116491134515384,
        2.721649113451538,
        2.731649113451538,
        2.7416491134515377,
        2.7516491134515375,
        2.7616491134515373,
        2.767630982535662
    ],
    "frequency": [
        11226.801750652716,
        11175.525681345856,
        11124.249612038995,
        11055.35533536667,
        10941.238479826614,
        10827.121624286556,
        10732.401117309757,
        10652.87580018459,
        10573.350483059427,
        10469.676685535927,
        10361.440360094399,
        10263.780552699274,
        10242.629256748676,
        10221.477960798074,
        10208.825532464469
    ]
}