{
    "time": [
        19.909345420610588,
        19.91934542061059,
        19.92934542061059,
        19.939345420610593,
        19.949345420610594,
        19.959345420610596,
        19.969345420610598,
        19.9793454206106,
        19.9893454206106,
        19.999345420610602,
        20.009345420610604,
        20.019345420610605,
        20.029345420610607,
        20.03934542061061,
        20.04934542061061,
        20.05934542061061,
        20.069345420610613,
        20.079345420610615,
        20.089345420610616,
        20.099345420610618,
        20.10934542061062,
        20.11934542061062,
        20.129345420610623,
        20.139345420610624,
        20.149345420610626,
        20.159345420610627,
        20.16934542061063,
        20.17934542061063,
        20.189345420610632,
        20.199345420610634,
        20.208599637695368
    ],
    "frequency": [
        10135.99931163549,
        10085.388314127249,
        10034.777316619007,
        9937.767678500428,
        9795.498682592392,
        9653.403721665758,
        9525.136251765072,
        9396.868781864387,
        9298.58480808069,
        9228.128597922676,
        9157.466143400767,
        9078.713509725583,
        8999.960876050402,
        8911.367170083115,
        8814.084036039256,
        8718.40525958503,
        8664.146913500004,
        8609.888567414975,
        8505.439242263352,
        8358.833868827105,
        8206.724311792355,
        7949.412790109507,
        7692.101268426659,
        7494.393143035197,
        7344.294755386847,
        7194.196367738499,
        7044.097980090171,
        6893.999592441844,
        6786.556422306812,
        6711.507228482649,
        6642.055075314347
    ]
}