{
    "time": [
        49.39341421143848,
        49.40341421143848,
        49.41341421143848,
        49.42341421143848,
        49.433414211438475,
        49.44341421143847,
        49.45341421143847,
        49.46341421143847,
        49.47341421143847,
        49.483414211438465,
        49.49341421143846,
        49.50341421143846,
        49.51341421143846,
        49.52341421143846,
        49.533414211438455,
        49.54341421143845,
        49.55341421143845,
        49.56341421143845,
        49.57341421143845,
        49.583414211438445,
        49.59341421143844,
        49.60341421143844,
        49.61341421143844,
        49.62341421143844,
        49.633414211438435,
        49.64341421143843,
        49.65341421143843,
        49.66341421143843,
        49.67341421143843,
        49.683414211438425,
        49.69341421143842,
        49.70341421143842,
        49.71341421143842,
        49.72341421143842,
        49.733414211438415,
        49.74341421143841,
        49.75341421143841,
        49.76341421143841,
        49.77341421143841,
        49.783414211438405,
        49.7934142114384,
        49.8034142114384,
        49.8134142114384,
        49.8234142114384,
        49.833414211438395,
        49.84341421143839,
        49.85341421143839,
        49.86341421143839,
        49.87341421143839,
        49.883414211438385,
        49.89341421143838,
        49.90341421143838,
        49.91341421143838,
        49.92341421143838,
        49.933414211438375,
        49.94341421143837,
        49.95341421143837,
        49.96341421143837,
        49.97341421143837,
        49.983414211438365,
        49.99341421143836,
        50.00341421143836,
        50.01341421143836,
        50.02341421143836,
        50.033414211438355,
        50.04341421143835,
        50.05341421143835,
        50.06341421143835,
        50.07341421143835,
        50.083414211438345,
        50.09341421143834,
        50.10341421143834,
        50.10531929076124
    ],
    "frequency": [
        10285.945868928644,
        10365.149626317878,
        10444.353383707112,
        10496.570693376983,
        10526.272102397947,
        10560.444058489353,
        10639.647815878561,
        10718.851573267773,
        10791.763931699044,
        10861.067219414623,
        10930.370507130201,
        10999.673794845781,
        11068.97708256136,
        11145.465878648982,
        11224.669636038214,
        11295.826408700665,
        11345.328757068935,
        11394.831105437208,
        11444.333453805477,
        11493.835802173748,
        11550.49102585471,
        11619.794313570268,
        11689.097601285826,
        11776.348343401834,
        11865.452570464719,
        11945.615703386742,
        12014.91899110232,
        12084.2222788179,
        12202.864749604996,
        12321.670385688847,
        12445.840678257216,
        12574.546784014718,
        12707.560271545914,
        12885.768725671689,
        13063.97717979746,
        13210.89180443016,
        13339.59791018763,
        13461.281672869822,
        13550.385899932706,
        13639.490126995594,
        13707.135728120405,
        13766.53854616233,
        13831.240754570077,
        13910.444511959307,
        13989.64826934854,
        14060.805042010994,
        14130.108329726572,
        14199.41161744215,
        14268.714905157729,
        14338.018192873305,
        14371.557104025396,
        14401.25851304635,
        14453.149492122713,
        14532.353249511947,
        14611.55700690118,
        14651.419950070602,
        14691.021828765217,
        14751.951801160514,
        14831.155558549748,
        14909.530472643593,
        14978.833760359172,
        15048.13704807475,
        15092.535804433292,
        15122.237213454255,
        15157.107480603643,
        15216.51029864555,
        15275.913116687458,
        15335.315934729379,
        15394.718752771303,
        15456.738632936787,
        15526.041920652366,
        15595.345208367946,
        15608.548034411511
    ]
}