{
    "time": [
        42.89997376043194,
        42.90997376043194,
        42.91997376043194,
        42.929973760431935,
        42.93997376043193,
        42.94997376043193,
        42.95997376043193,
        42.96997376043193,
        42.979973760431925,
        42.98997376043192,
        42.99997376043192,
        43.00997376043192,
        43.016051372269104
    ],
    "frequency": [
        14032.327152435575,
        14189.367714061438,
        14320.117325888863,
        14387.420423728527,
        14454.723521568194,
        14454.795467408214,
        14447.657260061582,
        14440.51905271495,
        14423.892606852905,
        14352.510533386583,
        14231.024760508879,
        13974.049296030207,
        13817.86958355201
    ]
}