{
    "time": [
        19.545845202767783,
        19.555845202767784,
        19.565845202767786,
        19.575845202767788,
        19.58584520276779,
        19.59584520276779,
        19.605845202767792,
        19.615845202767794,
        19.625845202767795,
        19.635845202767797,
        19.6458452027678,
        19.6558452027678,
        19.6658452027678,
        19.675845202767803,
        19.685845202767805,
        19.695845202767806,
        19.705845202767808,
        19.71584520276781,
        19.72584520276781,
        19.735845202767813,
        19.745845202767814,
        19.755845202767816,
        19.765845202767817,
        19.77584520276782,
        19.78584520276782,
        19.795845202767822,
        19.805845202767824,
        19.815845202767825,
        19.825845202767827,
        19.83584520276783,
        19.84584520276783,
        19.85584520276783,
        19.865845202767833,
        19.875845202767835,
        19.885845202767836,
        19.895845202767838,
        19.90584520276784,
        19.91584520276784,
        19.925845202767842,
        19.935845202767844,
        19.945845202767845,
        19.954347792200995
    ],
    "frequency": [
        10824.058176096618,
        10816.036335941968,
        10808.01449578732,
        10799.992655632672,
        10791.970815478022,
        10783.948975323374,
        10774.323242329632,
        10758.948048699887,
        10743.572855070142,
        10728.197661440396,
        10712.82246781065,
        10692.602932002044,
        10670.239013995142,
        10647.875095988242,
        10625.51117798134,
        10397.358529999932,
        9997.603495626638,
        9703.94863601444,
        9679.34832620685,
        9654.748016399259,
        9630.147706591666,
        9590.358164839889,
        9536.09277555844,
        9479.112371633471,
        9417.611597114494,
        9354.12934986374,
        9275.056925482191,
        8990.480997378514,
        8329.3476712995,
        8172.153085892478,
        8107.577272647559,
        8057.942299293103,
        8038.521002076583,
        8019.099704860063,
        8032.481530431314,
        8047.856724061057,
        8063.231917690802,
        8132.713959784491,
        8206.514889207258,
        8283.696040079645,
        8365.697072771616,
        8435.419184179014
    ]
}