{
    "time": [
        20.811439385106432,
        20.821439385106434,
        20.831439385106435,
        20.841439385106437,
        20.85143938510644,
        20.86143938510644,
        20.87143938510644,
        20.881439385106443,
        20.891439385106445,
        20.901439385106446,
        20.911439385106448,
        20.92143938510645,
        20.93143938510645,
        20.941439385106452,
        20.951439385106454,
        20.961439385106456,
        20.971439385106457,
        20.98143938510646,
        20.99143938510646,
        21.001439385106462,
        21.011439385106463,
        21.021439385106465,
        21.031439385106466,
        21.041439385106468,
        21.05143938510647,
        21.06143938510647,
        21.071439385106473,
        21.081439385106474,
        21.091439385106476,
        21.101439385106477,
        21.11143938510648,
        21.12143938510648,
        21.131439385106482,
        21.141439385106484,
        21.151439385106485,
        21.161439385106487,
        21.17143938510649,
        21.18143938510649,
        21.19143938510649,
        21.201439385106493,
        21.211439385106495,
        21.221439385106496,
        21.231439385106498,
        21.2414393851065,
        21.2514393851065,
        21.261439385106502,
        21.271439385106504,
        21.281439385106506,
        21.291439385106507,
        21.30143938510651,
        21.31143938510651,
        21.321439385106512,
        21.331439385106513,
        21.341439385106515,
        21.351439385106517,
        21.361439385106518,
        21.37143938510652,
        21.38143938510652,
        21.389041698122114
    ],
    "frequency": [
        7657.897990435998,
        7368.087461726871,
        7170.310173237769,
        7065.244101329245,
        7047.855469606695,
        7030.466837884144,
        7019.526344051221,
        7019.526344051221,
        7019.526344051221,
        7065.249382514779,
        7170.635029318107,
        7276.020676121434,
        7410.716040604875,
        7555.62130495945,
        7704.705270304479,
        7934.138605532571,
        8293.354786222273,
        8743.210043041054,
        9125.935818549211,
        9319.142837688667,
        9492.05053355284,
        9636.955797907403,
        9757.65525867875,
        9861.159018932014,
        9948.12674096045,
        10241.885346135672,
        10514.58260038276,
        10619.692091327344,
        10723.195851580609,
        10888.89727928272,
        11043.199846628879,
        11176.95855218695,
        11250.474855999755,
        11308.43696174158,
        11367.458623515096,
        11428.471366401238,
        11489.1450491517,
        11534.9046063163,
        11580.6641634809,
        11600.465407579026,
        11608.989246658708,
        11580.335779347512,
        11528.58389922088,
        11438.873137482246,
        11345.110907605753,
        11202.968760964124,
        11050.43690374879,
        10906.215249216224,
        10770.3665638838,
        10660.933950611663,
        10573.990791998924,
        10069.254995878924,
        9464.421074435028,
        9445.100372521087,
        9428.78216970356,
        9420.258330623878,
        9420.583505406365,
        9456.809821495011,
        9484.350200925775
    ]
}