{
    "time": [
        17.048874504417878,
        17.05887450441788,
        17.06887450441788,
        17.078874504417882,
        17.088874504417884,
        17.098874504417886,
        17.108874504417887,
        17.11887450441789,
        17.12887450441789,
        17.138874504417892,
        17.148874504417893,
        17.158874504417895,
        17.168874504417897,
        17.178874504417898,
        17.1888745044179,
        17.1988745044179,
        17.208874504417903,
        17.218874504417904,
        17.228874504417906,
        17.238874504417907,
        17.24887450441791,
        17.25887450441791,
        17.268874504417912,
        17.278874504417914,
        17.281444269139868
    ],
    "frequency": [
        7888.688466478283,
        8049.124384734522,
        8209.560302990762,
        8369.996221247,
        8530.43213950324,
        8690.868057759479,
        8851.303976015717,
        9151.982624984206,
        9401.28158872209,
        9526.888981306452,
        9652.496373890815,
        10196.078643823781,
        10411.816333163288,
        10461.09307948485,
        10510.36982580641,
        10832.625893246508,
        10898.328221675267,
        11104.063648549676,
        11342.981206472376,
        11581.898764395075,
        11785.453617926487,
        11962.344502157728,
        12139.235386388971,
        12316.126270620214,
        12361.583066013485
    ]
}