{
    "time": [
        57.29008984306056,
        57.300089843060555,
        57.31008984306055,
        57.32008984306055,
        57.33008984306055,
        57.34008984306055,
        57.350089843060545,
        57.36008984306054,
        57.37008984306054,
        57.38008984306054,
        57.39008984306054,
        57.400089843060535,
        57.41008984306053,
        57.42008984306053,
        57.43008984306053,
        57.44008984306053,
        57.44102941747696
    ],
    "frequency": [
        11767.936328973308,
        12062.845330793989,
        12357.754332614668,
        12652.663334435349,
        12947.572336256027,
        13242.481338076708,
        13622.714328245595,
        14034.650711741146,
        14324.391881410065,
        14523.004066309708,
        14721.61625120935,
        14935.906792367658,
        15206.240044036615,
        15476.573295705572,
        15773.442638141587,
        16121.013961715962,
        16153.670874067664
    ]
}