{
    "time": [
        11.526463138248236,
        11.536463138248235,
        11.546463138248235,
        11.556463138248235,
        11.566463138248235,
        11.576463138248235,
        11.586463138248234,
        11.596463138248234,
        11.606463138248234,
        11.616463138248234,
        11.626463138248234,
        11.636463138248233,
        11.646463138248233,
        11.653112918277564
    ],
    "frequency": [
        5938.874283952154,
        5957.293207199493,
        5975.712130446831,
        6007.7333210781135,
        6055.278880821876,
        6102.824440565636,
        6167.207266894482,
        6232.7797088327525,
        6298.849371137576,
        6365.661723305073,
        6432.47407547257,
        6766.2312032337595,
        7140.577384571684,
        7389.509360643424
    ]
}