{
    "time": [
        58.33229166641196,
        58.34229166641196,
        58.35229166641196,
        58.362291666411956,
        58.372291666411954,
        58.38229166641195,
        58.39229166641195,
        58.40229166641195,
        58.412291666411946,
        58.422291666411944,
        58.43229166641194,
        58.44229166641194,
        58.45229166641194,
        58.462291666411936,
        58.472291666411934,
        58.48229166641193,
        58.49229166641193,
        58.50229166641193,
        58.512291666411926,
        58.522291666411924,
        58.53229166641192,
        58.54229166641192,
        58.55229166641192,
        58.562291666411916,
        58.572291666411914,
        58.58229166641191,
        58.59229166641191,
        58.60229166641191,
        58.612291666411906,
        58.622291666411904,
        58.6322916664119,
        58.6422916664119,
        58.6522916664119,
        58.662291666411896,
        58.672291666411894,
        58.68229166641189,
        58.69229166641189,
        58.70229166641189,
        58.712291666411886,
        58.722291666411884,
        58.73229166641188,
        58.74229166641188,
        58.75229166641188,
        58.762291666411876,
        58.772291666411874,
        58.78229166641187,
        58.79229166641187,
        58.80229166641187,
        58.812291666411866,
        58.822291666411864,
        58.82415677909613
    ],
    "frequency": [
        9991.436260074326,
        10405.211645281914,
        10706.164666532672,
        10770.52972645385,
        10848.178680192366,
        10992.27230534078,
        11136.365930489193,
        11280.459555637608,
        11429.174037613198,
        11587.540865964458,
        11745.907694315718,
        11869.86828309474,
        11989.22416893303,
        12109.96021948737,
        12232.451531286539,
        12354.942843085708,
        12476.266200947386,
        12597.587692275141,
        12736.09374844061,
        12888.288041087879,
        13052.713691841538,
        13311.411129047488,
        13570.108566253435,
        13866.630474331232,
        14181.525234581226,
        14491.887320575555,
        14787.184349101033,
        15082.481377626511,
        15347.266588848881,
        15603.91689565196,
        15825.660969798259,
        15981.927050605087,
        16138.193131411917,
        16332.699973346374,
        16531.17688865635,
        16743.005506848247,
        16970.247298030412,
        17195.479063473103,
        17332.936234119235,
        17470.393404765367,
        17557.66356197589,
        17608.681936553592,
        17677.866940772896,
        17859.742596395277,
        18041.618252017655,
        18144.261503492606,
        18212.46867302906,
        18295.185123132436,
        18420.231600615967,
        18545.2780780995,
        18568.600655227216
    ]
}