{
    "time": [
        15.021997067057727,
        15.031997067057727,
        15.041997067057727,
        15.051997067057727,
        15.061997067057726,
        15.071997067057726,
        15.081997067057726,
        15.091997067057726,
        15.101997067057725,
        15.111997067057725,
        15.121997067057725,
        15.131997067057725,
        15.141997067057725,
        15.151997067057724,
        15.161997067057724,
        15.171997067057724,
        15.1787232803086
    ],
    "frequency": [
        6910.751496161051,
        6987.083945133614,
        7063.416394106175,
        7134.0075789918155,
        7198.046216398292,
        7262.0848538047685,
        7322.483416682719,
        7382.624794734575,
        7416.092445046619,
        7409.717988066404,
        7403.34353108619,
        7431.297801226735,
        7464.471767243437,
        7586.50599881704,
        7540.12947083001,
        7379.267455750326,
        7271.068234011178
    ]
}