{
    "time": [
        12.489079421746098,
        12.499079421746098,
        12.509079421746097,
        12.519079421746097,
        12.529079421746097,
        12.539079421746097,
        12.546040774144508
    ],
    "frequency": [
        5832.854553476777,
        5949.0326754787775,
        6136.664074834613,
        6432.3902035669435,
        6785.909424276651,
        7176.340598528164,
        7474.110165380741
    ]
}