{
    "time": [
        56.965616411264115,
        56.97561641126411,
        56.98561641126411,
        56.99561641126411,
        57.00561641126411,
        57.015616411264105,
        57.02204662656072
    ],
    "frequency": [
        10330.418929578425,
        10936.614855848446,
        11542.810782118466,
        12149.006708388486,
        12755.202634658506,
        13361.398560928526,
        13751.195592713491
    ]
}