{
    "time": [
        57.38531613753261,
        57.39531613753261,
        57.40531613753261,
        57.415316137532606,
        57.425316137532604,
        57.4353161375326,
        57.4453161375326,
        57.4553161375326,
        57.4653161375326,
        57.475316137532594,
        57.48531613753259,
        57.49531613753259,
        57.50531613753259,
        57.51531613753259,
        57.525316137532585,
        57.53531613753258,
        57.54531613753258,
        57.55531613753258,
        57.56531613753258,
        57.575316137532575,
        57.58531613753257,
        57.59531613753257,
        57.60531613753257,
        57.61531613753257,
        57.625316137532565,
        57.63531613753256,
        57.64531613753256,
        57.65531613753256,
        57.66531613753256,
        57.675316137532555,
        57.68531613753255,
        57.69531613753255,
        57.70531613753255,
        57.71531613753255,
        57.725316137532545,
        57.73531613753254,
        57.74531613753254,
        57.75531613753254,
        57.762693202328656
    ],
    "frequency": [
        11581.025451584796,
        11513.980740845247,
        11446.936030105699,
        11346.612233056376,
        11216.916054731155,
        11087.21987640594,
        10957.52369808072,
        10827.827519755501,
        10698.131341430282,
        10568.435163105063,
        10438.738984779844,
        10309.042806454627,
        10179.34662812941,
        10049.65044980419,
        9919.954271478971,
        9790.258093153754,
        9660.561914828535,
        9612.86679383145,
        9588.7994617711,
        9564.73212971075,
        9540.6647976504,
        9431.396101116654,
        8962.083125939924,
        8492.770150763194,
        8170.198613194805,
        8097.647815099841,
        8025.097017004875,
        7952.546218909911,
        7905.109536472494,
        7912.558948776888,
        7920.008361081283,
        7937.6880029857775,
        7957.242710284814,
        7977.2308097570685,
        8015.155090579435,
        8059.43580589531,
        8173.208648362412,
        8300.635714233782,
        8454.509146568875
    ]
}