{
    "time": [
        18.852625365540074,
        18.862625365540076,
        18.872625365540078,
        18.88262536554008,
        18.89262536554008,
        18.902625365540082,
        18.912625365540084,
        18.922625365540085,
        18.932625365540087,
        18.94262536554009,
        18.95262536554009,
        18.96262536554009,
        18.972625365540093,
        18.982625365540095,
        18.992625365540096,
        19.002625365540098,
        19.0126253655401,
        19.0226253655401,
        19.032625365540103,
        19.042625365540104,
        19.052625365540106,
        19.062625365540107,
        19.07262536554011,
        19.08262536554011,
        19.092625365540112,
        19.102625365540113,
        19.112625365540115,
        19.122625365540117,
        19.132625365540118,
        19.14262536554012,
        19.15262536554012,
        19.162625365540123,
        19.172625365540124,
        19.182625365540126,
        19.192625365540128,
        19.20262536554013,
        19.21262536554013,
        19.222625365540132,
        19.232625365540134,
        19.242625365540135,
        19.252625365540137,
        19.26262536554014,
        19.27262536554014,
        19.28262536554014,
        19.292625365540143,
        19.302625365540145,
        19.312625365540146,
        19.322625365540148,
        19.33262536554015,
        19.34262536554015,
        19.352625365540153,
        19.362625365540154,
        19.372625365540156,
        19.382625365540157,
        19.39262536554016,
        19.40262536554016,
        19.412625365540162,
        19.422625365540164,
        19.432625365540165,
        19.442625365540167,
        19.452625365540168,
        19.46262536554017,
        19.47262536554017,
        19.482625365540173,
        19.492625365540174,
        19.502625365540176,
        19.512625365540178,
        19.52262536554018,
        19.53262536554018,
        19.542625365540182,
        19.552625365540184,
        19.562625365540185,
        19.572625365540187,
        19.58262536554019,
        19.59262536554019,
        19.596875107603562
    ],
    "frequency": [
        10185.330915628994,
        10272.55254595526,
        10359.774176281524,
        10446.995806607785,
        10534.21743693405,
        10625.990005472097,
        10733.07013198871,
        10840.150258505324,
        10920.773562038506,
        10980.397723394357,
        11040.021884750204,
        11120.21391507534,
        11220.633555253604,
        11321.053195431869,
        11421.472835610133,
        11474.731187838157,
        11521.45706122723,
        11568.1829346163,
        11614.908808005372,
        11661.634681394444,
        11708.360554783514,
        11755.280315116268,
        11802.979644200945,
        11850.67897328562,
        11898.378302370296,
        11946.077631454971,
        11993.776960539646,
        12041.476289624323,
        12089.175618709,
        12141.431758515095,
        12197.184221081601,
        12252.936683648106,
        12308.689146214612,
        12340.821583451057,
        12332.303846114508,
        12323.78610877796,
        12342.411615570953,
        12420.28807121941,
        12498.164526867866,
        12584.380425519152,
        12675.236290442339,
        12734.064183065555,
        12734.064183065555,
        12734.064183065555,
        12734.064183065553,
        12782.157439302126,
        12834.574284450122,
        12886.991129598116,
        12939.407974746115,
        12991.82481989411,
        13010.422370373208,
        13027.457845046305,
        13044.4933197194,
        13102.922549909039,
        13165.822764086635,
        13245.300549154614,
        13347.513397193208,
        13449.726245231806,
        13551.939093270401,
        13667.269695600016,
        13791.164056858917,
        13915.058418117822,
        14038.952779376725,
        14162.847140635626,
        14286.741501894528,
        14408.458703503222,
        14525.273386975896,
        14642.088070448572,
        14758.902753921247,
        14871.336539100788,
        14973.549387139385,
        15075.76223517798,
        15177.975083216576,
        15329.59337664978,
        15534.019072726953,
        15620.89472067227
    ]
}