{
    "time": [
        31.98572016490302,
        31.995720164903023,
        32.005720164903025,
        32.01572016490303,
        32.02572016490303,
        32.035720164903026,
        32.04572016490303,
        32.055720164903036,
        32.065720164903034,
        32.07572016490303,
        32.08572016490304,
        32.09572016490304,
        32.10572016490304,
        32.11572016490304,
        32.12572016490304,
        32.13572016490305,
        32.14572016490305,
        32.155720164903045,
        32.16572016490305,
        32.175720164903055,
        32.18572016490305,
        32.19572016490305,
        32.205720164903056,
        32.21572016490306,
        32.22572016490306,
        32.23572016490306,
        32.24572016490306,
        32.25572016490307,
        32.265720164903065,
        32.27572016490306,
        32.28572016490307,
        32.295720164903074,
        32.30572016490307,
        32.31572016490307,
        32.325720164903075,
        32.33572016490308,
        32.34572016490308,
        32.355720164903076,
        32.36572016490308,
        32.375720164903086,
        32.385720164903084,
        32.39572016490308,
        32.40572016490309,
        32.41572016490309,
        32.42572016490309,
        32.43572016490309,
        32.44572016490309,
        32.4557201649031,
        32.4657201649031,
        32.475720164903095,
        32.4857201649031,
        32.495720164903105,
        32.5057201649031,
        32.5157201649031,
        32.525720164903106,
        32.53572016490311,
        32.54572016490311,
        32.55572016490311,
        32.56572016490311,
        32.57572016490312,
        32.585720164903115,
        32.59572016490311,
        32.60572016490312,
        32.615720164903124,
        32.62572016490312,
        32.63572016490312,
        32.645720164903125,
        32.65572016490313,
        32.66572016490313,
        32.675720164903126,
        32.68572016490313,
        32.695720164903136,
        32.705720164903134,
        32.71572016490313,
        32.72036755095741
    ],
    "frequency": [
        12738.556968376004,
        12488.179128222626,
        12237.80128806925,
        11987.423447915784,
        11754.136272396601,
        11526.113596542753,
        11307.412848673708,
        11172.626111391117,
        11037.839374108622,
        10910.00861932422,
        10803.598037259,
        10697.18745519378,
        10590.776873128632,
        10541.035956133863,
        10503.792252411036,
        10466.548548688212,
        10429.783605747178,
        10429.783605747178,
        10429.783605747178,
        10429.783605747178,
        10430.394270009632,
        10468.398049318612,
        10506.401828627619,
        10544.405607936626,
        10582.409387245605,
        10620.413166554585,
        10653.968684370371,
        10685.497745723023,
        10717.026807075656,
        10748.555868428286,
        10780.08492978094,
        10814.522898827407,
        10851.357331080722,
        10888.191763334036,
        10925.026195587378,
        10961.860627840719,
        11003.19624187607,
        11047.533984403217,
        11091.871726930396,
        11136.209469457572,
        11181.003174634017,
        11239.528994769844,
        11298.054814905714,
        11356.580635041584,
        11412.905163614745,
        11461.676680394597,
        11510.448197174486,
        11559.219713954371,
        11607.991230734226,
        11663.880374938191,
        11723.470300894707,
        11783.060226851223,
        11842.650152807699,
        11902.240078764173,
        11988.002330791507,
        12076.677815845855,
        12165.353300900138,
        12254.028785954422,
        12342.704271008768,
        12441.72901633274,
        12584.832902558273,
        12727.93678878381,
        12871.040675009448,
        13014.144561235087,
        13157.24844746062,
        13355.352643222317,
        13580.451951437175,
        13805.551259652038,
        14030.65056786674,
        14255.74987608144,
        14444.027846392994,
        14618.154253408797,
        14792.280660424476,
        14966.407067440156,
        15047.330331004832
    ]
}