{
    "time": [
        32.17033362720166,
        32.180333627201655,
        32.19033362720165,
        32.20033362720165,
        32.21033362720165,
        32.22033362720165,
        32.230333627201645,
        32.24033362720164,
        32.25033362720164,
        32.26033362720164,
        32.27033362720164,
        32.280333627201635,
        32.29033362720163,
        32.30033362720163,
        32.31033362720163,
        32.32033362720163,
        32.330333627201625,
        32.34033362720162,
        32.35033362720162,
        32.36033362720162,
        32.37033362720162,
        32.380333627201615,
        32.39033362720161,
        32.40033362720161,
        32.41033362720161,
        32.42033362720161,
        32.430333627201605,
        32.4403336272016,
        32.4503336272016,
        32.4603336272016,
        32.4703336272016,
        32.480333627201595,
        32.49033362720159,
        32.50033362720159,
        32.51033362720159,
        32.51481854138778
    ],
    "frequency": [
        11705.684674568372,
        11778.711544613076,
        11851.738414657779,
        11924.765284702484,
        11997.792154747189,
        12070.81902479189,
        12143.845894836595,
        12216.872764881298,
        12289.899634926003,
        12362.926504970706,
        12432.699311346581,
        12494.639799414348,
        12556.580287482115,
        12618.520775549881,
        12680.461263617646,
        12742.401751685413,
        12804.34223975318,
        12866.282727820944,
        12928.22321588871,
        12990.163703956478,
        13052.104192024242,
        13114.04468009201,
        13175.985168159774,
        13245.805556846506,
        13322.288162705823,
        13398.77076856514,
        13475.253374424457,
        13551.735980283776,
        13628.218586143095,
        13704.08293769077,
        13779.196289736756,
        13854.309641782742,
        13932.900196590263,
        14024.109266931802,
        14115.318337273344,
        14156.224822621776
    ]
}