{
    "time": [
        22.454987636381563,
        22.464987636381565,
        22.474987636381567,
        22.484987636381568,
        22.49498763638157,
        22.50498763638157,
        22.514987636381573,
        22.524987636381574,
        22.534987636381576,
        22.544987636381578,
        22.55498763638158,
        22.56498763638158,
        22.574987636381582,
        22.584987636381584,
        22.594987636381585,
        22.604987636381587,
        22.61498763638159,
        22.62498763638159,
        22.634902666253502
    ],
    "frequency": [
        9160.934405435466,
        9042.605286109952,
        8924.276166784437,
        8813.41089059074,
        8725.603171091247,
        8690.99302833869,
        8780.796377826806,
        8870.599727314919,
        9047.882435676336,
        9261.568354458315,
        9466.426326191542,
        9665.375285057527,
        9837.13889036934,
        9980.824249550322,
        10124.509608731303,
        10220.677656788546,
        10281.635081895629,
        10342.59250700271,
        10403.03197608786
    ]
}