{
    "time": [
        55.65900335630756,
        55.669003356307556,
        55.679003356307554,
        55.68900335630755,
        55.69900335630755,
        55.70900335630755,
        55.719003356307546,
        55.729003356307544,
        55.73900335630754,
        55.74900335630754,
        55.75900335630754,
        55.769003356307536,
        55.779003356307534,
        55.78900335630753,
        55.79900335630753,
        55.80900335630753,
        55.819003356307526,
        55.829003356307524,
        55.83900335630752,
        55.84900335630752,
        55.85900335630752,
        55.869003356307516,
        55.879003356307514,
        55.88900335630751,
        55.89900335630751,
        55.90900335630751,
        55.919003356307506,
        55.929003356307504,
        55.9390033563075,
        55.9490033563075,
        55.9590033563075,
        55.969003356307496,
        55.979003356307494,
        55.98900335630749,
        55.99900335630749,
        56.00900335630749,
        56.019003356307486,
        56.029003356307484,
        56.03900335630748,
        56.04900335630748,
        56.05900335630748,
        56.069003356307476,
        56.079003356307474,
        56.08900335630747,
        56.09900335630747,
        56.10900335630747,
        56.119003356307466,
        56.129003356307464,
        56.13900335630746,
        56.14900335630746,
        56.15900335630746,
        56.169003356307456,
        56.179003356307454,
        56.18900335630745,
        56.19900335630745,
        56.20900335630745,
        56.21900335630745,
        56.229003356307445,
        56.23900335630744,
        56.24900335630744,
        56.25900335630744,
        56.26900335630744,
        56.279003356307435,
        56.28900335630743,
        56.29900335630743,
        56.30900335630743,
        56.31900335630743,
        56.329003356307425,
        56.33900335630742,
        56.34900335630742,
        56.35900335630742,
        56.36900335630742,
        56.379003356307415,
        56.38900335630741,
        56.39900335630741,
        56.40900335630741,
        56.41900335630741,
        56.429003356307405,
        56.4390033563074,
        56.4490033563074,
        56.4590033563074,
        56.4690033563074,
        56.479003356307395,
        56.48900335630739,
        56.49900335630739,
        56.50900335630739,
        56.51900335630739,
        56.529003356307385,
        56.53442289980261
    ],
    "frequency": [
        17987.21614534242,
        17583.30568688546,
        17179.395228428497,
        16775.484769971532,
        16371.574311514574,
        15967.663853057611,
        15350.463428058936,
        14429.129744371694,
        13507.79606068445,
        12635.34888621569,
        11872.793796542632,
        11059.071687330073,
        10310.472123969577,
        9865.02663215574,
        9904.198982652637,
        9943.371333149538,
        10188.952452914726,
        10437.883988399266,
        10519.362477432813,
        10600.840966466361,
        10686.393791084969,
        10798.66325018579,
        10910.932709286608,
        11023.202168387425,
        11175.864528513348,
        11452.584846169553,
        11729.305163825757,
        11999.172470019783,
        12267.791754380532,
        12521.41915253706,
        12756.444140341664,
        12987.825546860253,
        13144.633221437354,
        13301.440896014457,
        13454.305675026382,
        13605.018313627987,
        13755.730952229591,
        13889.213199270289,
        14014.564720860395,
        14100.244469305235,
        14147.25128990152,
        14194.258110497805,
        14241.264931094094,
        14288.27175169038,
        14317.165659488179,
        14330.59617965855,
        14344.026699828917,
        14357.457219999287,
        14383.009604581106,
        14459.117545914674,
        14535.22548724824,
        14662.578922187433,
        14799.03656481464,
        14906.959771909347,
        14979.931715501803,
        15065.416348853003,
        15389.736098152813,
        15714.055847452622,
        15961.93321106282,
        16168.66780132479,
        16352.703288242514,
        16468.7945746682,
        16584.885861093884,
        16709.69701554515,
        16836.038019902822,
        16996.579908592885,
        17198.743902090402,
        17461.95069162801,
        18072.87543859049,
        18238.111535231998,
        18403.347631873505,
        18551.427543166337,
        18639.17360827941,
        18726.919673392476,
        18813.565083308873,
        18891.909784302672,
        18970.25448529647,
        19033.707089641845,
        19088.548380337517,
        19146.65739789158,
        19223.26110552997,
        19299.86481316836,
        19349.177497554876,
        19349.177497554876,
        19349.177497554876,
        19403.881072997116,
        19466.556833792158,
        19529.2325945872,
        19563.199995759693
    ]
}