{
    "time": [
        35.80550592607184,
        35.815505926071836,
        35.825505926071834,
        35.83550592607183,
        35.84550592607183,
        35.85550592607183,
        35.865505926071826,
        35.875505926071824,
        35.88550592607182,
        35.89550592607182,
        35.90550592607182,
        35.915505926071816,
        35.925505926071814,
        35.93550592607181,
        35.94550592607181,
        35.95550592607181,
        35.965505926071806,
        35.975505926071804,
        35.9855059260718,
        35.9955059260718,
        36.0055059260718,
        36.015505926071796,
        36.025505926071794,
        36.03550592607179,
        36.04550592607179,
        36.05550592607179,
        36.065505926071786,
        36.075505926071784,
        36.08550592607178,
        36.09550592607178,
        36.10550592607178,
        36.115505926071776,
        36.125505926071774,
        36.13550592607177,
        36.14550592607177,
        36.15550592607177,
        36.165505926071766,
        36.175505926071764,
        36.18550592607176,
        36.19550592607176,
        36.20550592607176,
        36.21550592607176,
        36.225505926071754,
        36.23550592607175,
        36.24550592607175,
        36.25550592607175,
        36.26550592607175,
        36.275505926071745,
        36.28550592607174,
        36.29550592607174,
        36.30550592607174,
        36.31550592607174,
        36.325505926071735,
        36.33550592607173,
        36.34550592607173,
        36.35550592607173,
        36.36550592607173,
        36.375505926071725,
        36.38550592607172,
        36.39550592607172,
        36.40550592607172,
        36.41550592607172,
        36.425505926071715,
        36.43550592607171,
        36.44550592607171,
        36.45550592607171,
        36.46550592607171,
        36.475505926071705,
        36.4855059260717,
        36.4955059260717,
        36.5055059260717,
        36.5155059260717,
        36.525505926071695,
        36.53550592607169,
        36.54550592607169,
        36.55550592607169,
        36.56108885939721
    ],
    "frequency": [
        15310.611503936187,
        14934.081752013415,
        14557.552000090642,
        14111.237741953868,
        13601.98709921347,
        13092.73645647307,
        12252.241050898467,
        11410.939289569566,
        10801.603200669555,
        10375.216130569468,
        9902.637068412874,
        9357.282835329233,
        9273.207714771115,
        9207.724279654092,
        9178.846561820907,
        9188.520251099555,
        9202.761869518157,
        9224.043985931185,
        9245.326102344214,
        9266.608218757241,
        9294.917878710114,
        9328.171185605464,
        9361.424492500817,
        9410.57681590302,
        9473.171275941342,
        9535.765735979663,
        9605.264025032557,
        9690.392490684659,
        9775.52095633676,
        10074.459427365513,
        10388.758529512832,
        10593.39426425353,
        10771.063102791217,
        10850.871039340067,
        10930.678975888917,
        11010.486912437767,
        11090.294848986618,
        11463.282805506853,
        11685.725069498296,
        11773.357313551947,
        11860.989557605597,
        11969.550038971287,
        12102.563266552705,
        12220.569848557227,
        12268.938294950472,
        12327.837077371472,
        12501.963484387148,
        12676.089891402828,
        12730.482601338023,
        12783.68789237059,
        12897.019617441187,
        13035.353374125867,
        13079.68638056072,
        13100.96849697375,
        13122.250613386783,
        13177.166398109255,
        13233.918708543992,
        13299.171990339357,
        13446.964465429839,
        13594.756940520316,
        13742.549415610796,
        13872.864935566437,
        13994.477029355156,
        14116.067829123238,
        14230.663840577994,
        14345.259852032752,
        14475.990232967635,
        14621.095572147366,
        14770.735571988364,
        14926.258730391248,
        15081.781888794134,
        15330.723747419934,
        15608.369717382864,
        15917.927774299624,
        16197.788085777072,
        16421.250308113868,
        16546.007776921786
    ]
}