{
    "time": [
        29.109937262498416,
        29.119937262498418,
        29.12993726249842,
        29.13993726249842,
        29.149937262498423,
        29.159937262498424,
        29.169937262498426,
        29.179937262498427,
        29.18993726249843,
        29.19993726249843,
        29.209937262498432,
        29.219937262498433,
        29.229937262498435,
        29.239937262498437,
        29.249937262498438,
        29.25993726249844,
        29.26993726249844,
        29.279937262498443,
        29.289937262498444,
        29.299937262498446,
        29.309937262498448,
        29.31993726249845,
        29.32993726249845,
        29.339937262498452,
        29.349937262498454,
        29.359937262498455,
        29.369937262498457,
        29.37993726249846,
        29.38993726249846,
        29.39993726249846,
        29.409937262498463,
        29.419937262498465,
        29.429937262498466,
        29.439937262498468,
        29.44993726249847,
        29.45993726249847,
        29.469937262498473,
        29.479937262498474,
        29.489937262498476,
        29.499937262498477,
        29.50993726249848,
        29.51993726249848,
        29.529937262498482,
        29.539937262498484,
        29.549937262498485,
        29.559937262498487,
        29.569937262498488,
        29.57993726249849,
        29.58993726249849,
        29.599937262498493,
        29.609937262498494,
        29.619937262498496,
        29.629937262498498,
        29.6399372624985,
        29.6499372624985,
        29.659937262498502,
        29.669937262498504,
        29.679937262498505,
        29.689937262498507,
        29.69993726249851,
        29.70993726249851,
        29.71993726249851,
        29.729937262498513,
        29.739937262498515,
        29.743713375338082
    ],
    "frequency": [
        12130.985030842101,
        11016.419201389235,
        10469.946429595751,
        10257.125265465385,
        10161.81191550798,
        10066.396193743049,
        9303.787022275981,
        9234.892128597166,
        9234.892128597166,
        9234.549038217745,
        9228.289592213912,
        9222.03014621008,
        9215.770700206245,
        9238.417212527087,
        9267.438280363043,
        9296.459348199,
        9325.480416034958,
        9369.790955274886,
        9422.996246307475,
        9476.201537340065,
        9529.406828372652,
        9611.040016020084,
        9698.672260073758,
        9786.304504127429,
        10086.009576049211,
        10346.535982364785,
        10501.591401945474,
        10656.646821526163,
        10811.70224110685,
        10966.757660687537,
        11121.813080268226,
        11276.868499848915,
        11651.495530476008,
        11681.898553923198,
        11712.301577370388,
        11752.019894335033,
        11799.313486364004,
        11846.607078392975,
        11897.397384888653,
        11972.510736934659,
        12047.624088980663,
        12122.73744102667,
        12225.711527335407,
        12332.122109400576,
        12702.754287361307,
        12835.767514942774,
        12968.780742524239,
        13077.804571194107,
        13178.894624156026,
        13279.984677117945,
        13381.074730079867,
        13476.019508806345,
        13570.606692864276,
        13665.193876922207,
        13755.39632950247,
        13841.538229269518,
        13927.680129036566,
        14013.822028803614,
        14104.375800682214,
        14198.962984740145,
        14293.550168798072,
        14391.651257909263,
        14522.618128143335,
        14653.58499837741,
        14703.039566402284
    ]
}