{
    "time": [
        10.233128329578879,
        10.243128329578878,
        10.253128329578878,
        10.263128329578878,
        10.273128329578878,
        10.283128329578878,
        10.293128329578877,
        10.303128329578877,
        10.313128329578877,
        10.323128329578877,
        10.333128329578877,
        10.343128329578876,
        10.353128329578876,
        10.360511912859904
    ],
    "frequency": [
        12614.540950988747,
        12362.82315446707,
        12137.560781726957,
        12032.626315683196,
        11927.691849639432,
        11822.757383595668,
        11730.325579202152,
        11641.006361081563,
        11551.687142960973,
        11468.212282110304,
        11415.162079832624,
        11362.111877554942,
        11309.06167527726,
        11269.891616617997
    ]
}