{
    "time": [
        33.65485425187116,
        33.664854251871155,
        33.67485425187115,
        33.68485425187115,
        33.69485425187115,
        33.70485425187115,
        33.714854251871145,
        33.72485425187114,
        33.73485425187114,
        33.74485425187114,
        33.75485425187114,
        33.764854251871135,
        33.77485425187113,
        33.78485425187113,
        33.79485425187113,
        33.80485425187113,
        33.814854251871125,
        33.82485425187112,
        33.83485425187112,
        33.84485425187112,
        33.85485425187112,
        33.864854251871115,
        33.87485425187111,
        33.88485425187111,
        33.89485425187111,
        33.90485425187111,
        33.914854251871105,
        33.9248542518711,
        33.9348542518711,
        33.9448542518711,
        33.9548542518711,
        33.964854251871095,
        33.97485425187109,
        33.98485425187109,
        33.99485425187109,
        34.00485425187109,
        34.014854251871085,
        34.02485425187108,
        34.03485425187108,
        34.03740379745906
    ],
    "frequency": [
        7634.952693091228,
        7741.363275156375,
        7847.773857221521,
        7954.184439286669,
        8060.595021351815,
        8164.010750073497,
        8212.37919646674,
        8260.747642859984,
        8309.116089253228,
        8357.484535646472,
        8332.318079994955,
        8295.624775834565,
        8258.931471674177,
        8222.238167513788,
        8185.5448633534,
        8129.0283427980075,
        8034.895904817302,
        7940.763466836595,
        7846.631028855888,
        7752.498590875181,
        7682.092255951159,
        7647.766261736599,
        7613.440267522037,
        7579.114273307477,
        7544.788279092916,
        7510.462284878354,
        7497.471351940342,
        7506.09923697265,
        7514.727122004958,
        7523.355007037267,
        7531.9828920695745,
        7540.610777101882,
        7549.238662134191,
        7550.717157139621,
        7543.623118335278,
        7536.529079530935,
        7529.435040726592,
        7522.34100192225,
        7515.246963117907,
        7513.438305584447
    ]
}