{
    "time": [
        51.68856127926097,
        51.69856127926097,
        51.70856127926097,
        51.71856127926097,
        51.728561279260965,
        51.73856127926096,
        51.74856127926096,
        51.75856127926096,
        51.76856127926096,
        51.778561279260956,
        51.78856127926095,
        51.79856127926095,
        51.80856127926095,
        51.81856127926095,
        51.828561279260946,
        51.838561279260944,
        51.84856127926094,
        51.85856127926094,
        51.86856127926094,
        51.878561279260936,
        51.888561279260934,
        51.89856127926093,
        51.90856127926093,
        51.91856127926093,
        51.928561279260926,
        51.938561279260924,
        51.94856127926092,
        51.95856127926092,
        51.96856127926092,
        51.978561279260916,
        51.988561279260914,
        51.99856127926091,
        52.00856127926091,
        52.01856127926091,
        52.028561279260906,
        52.038561279260904,
        52.0485612792609,
        52.0585612792609,
        52.0685612792609,
        52.078561279260896,
        52.088561279260894,
        52.09856127926089,
        52.10856127926089,
        52.11856127926089,
        52.128561279260886,
        52.138561279260884,
        52.14856127926088,
        52.15856127926088,
        52.16856127926088,
        52.178561279260876,
        52.188561279260874,
        52.19856127926087,
        52.20856127926087,
        52.21856127926087,
        52.228561279260866,
        52.22872627497454
    ],
    "frequency": [
        10803.900266408487,
        10948.966589317373,
        11094.032912226261,
        11239.099235135147,
        11384.165558044033,
        11514.379193483086,
        11642.342526617185,
        11770.305859751285,
        11924.148311419369,
        12103.667886019117,
        12283.187460618863,
        12462.70703521861,
        12642.226609818357,
        12999.754215742074,
        13374.603327477267,
        13667.991001824252,
        13866.890530500066,
        14063.953106080819,
        14137.392932053433,
        14210.832758026052,
        14284.27258399867,
        14294.93463066198,
        14302.584612534129,
        14310.234594406276,
        14317.884576278424,
        14325.534558150574,
        14333.184540022721,
        14340.83452189487,
        14350.925637795046,
        14362.582753028793,
        14374.239868262543,
        14385.896983496292,
        14397.55409873004,
        14409.211213963788,
        14417.090288180487,
        14408.023642998683,
        14398.95699781688,
        14389.890352635075,
        14380.91840543027,
        14373.718422491776,
        14366.518439553285,
        14359.318456614792,
        14352.1184736763,
        14344.918490737808,
        14267.707063789321,
        14177.947276489476,
        14056.617901926302,
        13909.738249981066,
        13762.858598035831,
        13510.262099971134,
        13148.626593287736,
        12786.991086604336,
        12418.881579833851,
        12005.782558737923,
        11781.21348480116,
        11777.847580218237
    ]
}