{
    "time": [
        30.449866574138255,
        30.459866574138257,
        30.46986657413826,
        30.47986657413826,
        30.48986657413826,
        30.499866574138263,
        30.509866574138265,
        30.519866574138266,
        30.529866574138268,
        30.53986657413827,
        30.54986657413827,
        30.559866574138272,
        30.569866574138274,
        30.579866574138276,
        30.589866574138277,
        30.59986657413828,
        30.60986657413828,
        30.619866574138282,
        30.629866574138283,
        30.639866574138285,
        30.646522127702447
    ],
    "frequency": [
        9737.427652601878,
        9349.140740489147,
        8949.228112580711,
        8524.950759577809,
        8395.521788873542,
        8266.09281816928,
        8202.893274509614,
        8189.950377439191,
        8307.82649103932,
        8482.936274933323,
        8658.046058827324,
        8955.485250901276,
        9369.657957154841,
        9866.509084324129,
        10410.110761282034,
        10865.736742576826,
        11294.470208034658,
        11723.20367349249,
        12143.799995135061,
        12561.955131256533,
        12840.260521915077
    ]
}