{
    "time": [
        2.603628828066719,
        2.6136288280667186,
        2.6236288280667184,
        2.633628828066718,
        2.643628828066718,
        2.6536288280667177,
        2.6636288280667175,
        2.6736288280667173,
        2.683628828066717,
        2.693628828066717,
        2.7036288280667167,
        2.7136288280667165,
        2.7236288280667162,
        2.733628828066716,
        2.743628828066716,
        2.7536288280667156,
        2.7636288280667154,
        2.773628828066715,
        2.783628828066715,
        2.7936288280667148,
        2.8036288280667145,
        2.8136288280667143,
        2.823628828066714,
        2.833628828066714,
        2.8436288280667137,
        2.8536288280667135,
        2.8636288280667133,
        2.8642805744004964
    ],
    "frequency": [
        13468.299970015576,
        13315.425733964883,
        13192.449026348482,
        13158.850293150528,
        13125.251559952576,
        13091.65282675462,
        13090.36735063449,
        13112.766506099793,
        13135.165661565095,
        13157.5648170304,
        13200.589173564726,
        13245.81823748505,
        13291.047301405371,
        13336.276365325695,
        13398.565238252073,
        13491.830687301566,
        13585.09613635106,
        13678.361585400551,
        13771.627034450046,
        13892.48525386008,
        14083.578048923446,
        14274.670843986813,
        14465.763639050176,
        14663.823250955653,
        14938.212905405617,
        15212.602559855579,
        15486.992214305541,
        15504.875459437124
    ]
}