{
    "time": [
        42.02886620449358,
        42.03886620449358,
        42.04886620449358,
        42.058866204493576,
        42.068866204493574,
        42.07886620449357,
        42.08886620449357,
        42.09886620449357,
        42.108866204493566,
        42.118866204493564,
        42.12886620449356,
        42.13886620449356,
        42.14886620449356,
        42.158866204493556,
        42.168866204493554,
        42.17886620449355,
        42.18886620449355,
        42.19886620449355,
        42.208866204493546,
        42.20991534385141
    ],
    "frequency": [
        11443.045471711774,
        11172.736473367142,
        10902.427475022509,
        10632.118476677873,
        10361.80947833324,
        10117.272077085396,
        9956.373863785017,
        9795.47565048464,
        9658.604468329713,
        9540.04789010838,
        9421.491311887048,
        9343.944539514756,
        9270.986645224712,
        9206.072800764272,
        9152.183447027302,
        9086.892775183527,
        8997.975341517493,
        9027.742894481502,
        9087.021183592158,
        9093.240302209422
    ]
}