{
    "time": [
        15.2102080580092,
        15.2202080580092,
        15.2302080580092,
        15.2402080580092,
        15.2502080580092,
        15.2602080580092,
        15.2702080580092,
        15.2802080580092,
        15.290208058009199,
        15.300208058009199,
        15.310208058009199,
        15.320208058009198,
        15.330208058009198,
        15.340208058009198,
        15.350208058009198,
        15.360208058009198,
        15.370208058009197,
        15.380208058009197,
        15.390208058009197,
        15.400208058009197,
        15.410208058009196,
        15.420208058009196,
        15.430208058009196,
        15.440208058009196,
        15.450208058009196,
        15.460208058009195,
        15.470208058009195,
        15.480208058009195,
        15.490208058009195,
        15.500208058009195,
        15.510208058009194,
        15.520208058009194,
        15.530208058009194,
        15.540208058009194,
        15.550208058009193,
        15.560208058009193,
        15.570208058009193,
        15.580208058009193,
        15.590208058009193,
        15.600208058009192,
        15.610208058009192,
        15.620208058009192,
        15.630208058009192,
        15.640208058009192,
        15.650208058009191,
        15.660208058009191,
        15.670208058009191,
        15.68020805800919,
        15.69020805800919,
        15.70020805800919,
        15.71020805800919,
        15.72020805800919,
        15.73020805800919,
        15.73185960442636
    ],
    "frequency": [
        8458.780222671521,
        7999.722340902457,
        8018.926043774058,
        8038.129746645658,
        8292.126984737793,
        8561.749410875385,
        8894.613593983115,
        9217.160256200392,
        9447.604690659582,
        9678.049125118774,
        9908.493559577966,
        10138.937994037158,
        10451.93154811687,
        10796.143373830542,
        11140.355199544212,
        11484.567025257884,
        11828.778850971554,
        12171.032859273857,
        12503.8970423816,
        12836.761225489343,
        13156.13587173818,
        13460.112450025441,
        13760.384904015391,
        13983.024674990536,
        13983.024674990538,
        13966.321092810545,
        13730.491890383082,
        13282.62112524729,
        12393.249636006398,
        11197.58365528133,
        10436.516421364135,
        9857.78664846093,
        9497.279415437895,
        9210.416883122347,
        9130.931638923266,
        9158.05344715684,
        9320.324736421853,
        9645.8481484258,
        10145.144423087428,
        11215.195972348147,
        11515.597317563293,
        11609.215369062342,
        11630.494718109436,
        11630.494718109436,
        11614.884669312454,
        11577.437448712833,
        11585.807385984248,
        11612.69551976596,
        11675.107554098662,
        11737.519588431363,
        11836.661903931881,
        11951.88412116147,
        12056.132629271071,
        12071.594085024642
    ]
}