{
    "time": [
        38.25160942336515,
        38.26160942336515,
        38.27160942336515,
        38.28160942336515,
        38.291609423365145,
        38.30160942336514,
        38.31160942336514,
        38.32160942336514,
        38.33160942336514,
        38.341609423365135,
        38.35160942336513,
        38.36160942336513,
        38.37160942336513,
        38.38160942336513,
        38.391609423365125,
        38.40160942336512,
        38.41160942336512,
        38.42160942336512,
        38.43160942336512,
        38.441609423365115,
        38.45160942336511,
        38.46160942336511,
        38.47160942336511,
        38.478397292666
    ],
    "frequency": [
        13250.587909790509,
        11658.542430818763,
        10810.912772605087,
        10379.772101924813,
        10210.405561608579,
        10099.458629991666,
        10002.457793265126,
        9962.376556223971,
        9945.43990219235,
        9928.503248160729,
        9911.566594129108,
        11020.047994537023,
        11144.93514495342,
        11188.046627942997,
        11259.299863640334,
        11335.514806782618,
        11415.840220788636,
        11514.637369306422,
        11613.434517824206,
        11703.388471259757,
        11792.305904925764,
        11899.248371521193,
        12017.804949742536,
        12256.439568847205
    ]
}