{
    "time": [
        29.76591865923663,
        29.77591865923663,
        29.785918659236632,
        29.795918659236634,
        29.805918659236635,
        29.815918659236637,
        29.82591865923664,
        29.83591865923664,
        29.84591865923664,
        29.855918659236643,
        29.865918659236645,
        29.875918659236646,
        29.885918659236648,
        29.89591865923665,
        29.90591865923665,
        29.915918659236652,
        29.925918659236654,
        29.935918659236656,
        29.945918659236657,
        29.95591865923666,
        29.96591865923666,
        29.97591865923666,
        29.985918659236663,
        29.995918659236665,
        30.005918659236666,
        30.015918659236668,
        30.02591865923667,
        30.03591865923667,
        30.045918659236673,
        30.055918659236674,
        30.065918659236676,
        30.075918659236677,
        30.08591865923668,
        30.09591865923668,
        30.105918659236682,
        30.115918659236684,
        30.125918659236685,
        30.135918659236687,
        30.14591865923669,
        30.15591865923669,
        30.16591865923669,
        30.175918659236693,
        30.185918659236695,
        30.195918659236696,
        30.205918659236698,
        30.2159186592367,
        30.2259186592367,
        30.235918659236702,
        30.245918659236704,
        30.255918659236706,
        30.265918659236707,
        30.27591865923671,
        30.28591865923671,
        30.295918659236712,
        30.305918659236713,
        30.315918659236715,
        30.325918659236716,
        30.335918659236718,
        30.34591865923672,
        30.35591865923672,
        30.365918659236723,
        30.375918659236724,
        30.385918659236726,
        30.395918659236727,
        30.40591865923673,
        30.41194507399014
    ],
    "frequency": [
        12418.507358656858,
        12336.981584693727,
        12255.455810730597,
        12173.930036767468,
        12102.088203974912,
        12039.811571086415,
        11977.534938197918,
        11919.959288157963,
        11870.892850124601,
        11821.826412091239,
        11772.759974057875,
        11723.693536024515,
        11672.134428493328,
        11619.1426754173,
        11566.150922341274,
        11513.159169265247,
        11457.088824711494,
        11392.430413771774,
        11327.772002832053,
        11263.113591892332,
        11198.45518095261,
        11133.796770012888,
        11069.138359073168,
        11004.479948133447,
        10939.821537193726,
        10875.163126254003,
        10810.504715314282,
        10745.846304374561,
        10665.47632282643,
        10584.985155136405,
        10510.164193714761,
        10441.339796139542,
        10372.515398564326,
        10310.436913040357,
        10248.498341428924,
        10185.479455213292,
        10121.258601416217,
        10057.03774761914,
        10000.394129909384,
        9944.008965327506,
        9900.880336236149,
        9873.270975315492,
        9845.661614394834,
        9846.496264971633,
        9848.691466222395,
        9852.925194908186,
        9859.670493360733,
        9866.415791813277,
        9868.210048337141,
        9869.697710800801,
        9869.302983140957,
        9866.466825301739,
        9863.630667462521,
        9861.187844359389,
        9858.775072804152,
        9861.189443575016,
        9870.196766360954,
        9879.204089146891,
        9911.52102174603,
        9945.96563094171,
        9993.036043249813,
        10058.27352902569,
        10123.511014801565,
        10178.467250389536,
        10232.327783166553,
        10264.786374101945
    ]
}