{
    "time": [
        26.9889025272127,
        26.998902527212703,
        27.008902527212705,
        27.018902527212706,
        27.028902527212708,
        27.03890252721271,
        27.04890252721271,
        27.058902527212712,
        27.068902527212714,
        27.078902527212716,
        27.088902527212717,
        27.09387325219841
    ],
    "frequency": [
        9323.737119762354,
        8392.127321948492,
        7960.121428796562,
        7661.8517540251305,
        7363.582079253697,
        7081.490792441972,
        6920.744850426613,
        6759.998908411253,
        6599.252966395892,
        6438.507024380531,
        6277.761082365171,
        6197.858695332734
    ]
}