{
    "time": [
        47.98327740240885,
        47.99327740240885,
        48.00327740240885,
        48.013277402408846,
        48.02304664370323
    ],
    "frequency": [
        11372.735896029353,
        10920.76253931898,
        10468.789182608607,
        10016.815825898233,
        9575.272147864434
    ]
}