{
    "time": [
        59.586845897775504,
        59.5968458977755,
        59.6068458977755,
        59.6168458977755,
        59.626845897775496,
        59.636845897775494,
        59.64684589777549,
        59.65684589777549,
        59.66684589777549,
        59.676845897775486,
        59.686845897775484,
        59.69684589777548,
        59.70684589777548,
        59.71684589777548,
        59.726845897775476,
        59.736845897775474,
        59.74684589777547,
        59.75684589777547,
        59.76684589777547,
        59.776845897775466,
        59.786845897775464,
        59.79684589777546,
        59.80684589777546,
        59.81684589777546,
        59.826845897775456,
        59.836845897775454,
        59.84684589777545,
        59.85684589777545,
        59.86684589777545,
        59.876845897775446,
        59.886845897775444,
        59.89684589777544,
        59.90684589777544,
        59.91684589777544,
        59.926845897775436,
        59.936845897775434,
        59.94684589777543,
        59.95684589777543,
        59.96684589777543,
        59.976845897775426,
        59.986845897775424,
        59.991602426033594
    ],
    "frequency": [
        10326.758559251773,
        10200.697321177064,
        10074.636083102356,
        9805.663565878102,
        9468.207328570375,
        9122.147063070515,
        8937.979121407905,
        8874.507728810826,
        8820.247314969916,
        8777.376286636809,
        8734.505258303703,
        8691.634229970596,
        8645.13089054133,
        8597.527346093533,
        8549.923801645738,
        8502.320257197944,
        8478.848241772357,
        8478.848241772357,
        8474.864040578314,
        8464.285475145469,
        8453.706909712624,
        8443.12834427978,
        8432.549778846935,
        8421.971213414092,
        8411.392647981247,
        8411.241766742623,
        8411.241766742623,
        8411.241766742623,
        8412.751845806706,
        8426.178486548393,
        8439.605127290079,
        8453.031768031764,
        8466.45840877345,
        8479.37681042554,
        8486.221764529144,
        8493.066718632752,
        8499.911672736356,
        8520.956416516245,
        8545.891606465095,
        8572.204237365393,
        8615.840819775864,
        8636.596683508405
    ]
}