{
    "time": [
        50.95812641166691,
        50.96812641166691,
        50.978126411666906,
        50.988126411666904,
        50.9981264116669,
        51.0081264116669,
        51.0181264116669,
        51.028126411666896,
        51.038126411666894,
        51.04812641166689,
        51.05812641166689,
        51.06812641166689,
        51.07812641166689,
        51.088126411666885,
        51.09812641166688,
        51.10812641166688,
        51.11812641166688,
        51.12812641166688,
        51.138126411666875,
        51.14812641166687,
        51.15812641166687,
        51.16812641166687,
        51.17812641166687,
        51.188126411666865,
        51.19812641166686,
        51.20812641166686,
        51.21812641166686,
        51.22812641166686,
        51.238126411666855,
        51.24812641166685,
        51.25812641166685,
        51.26812641166685,
        51.27812641166685,
        51.288126411666845,
        51.29812641166684,
        51.30812641166684,
        51.31812641166684,
        51.32812641166684,
        51.338126411666835,
        51.34812641166683,
        51.35812641166683,
        51.36812641166683,
        51.37812641166683,
        51.388126411666825,
        51.39812641166682,
        51.40812641166682,
        51.41812641166682,
        51.42812641166682,
        51.438126411666815,
        51.44812641166681,
        51.45812641166681,
        51.46812641166681,
        51.47812641166681,
        51.488126411666805,
        51.4981264116668,
        51.5081264116668,
        51.5181264116668,
        51.5281264116668,
        51.538126411666795,
        51.54812641166679,
        51.55812641166679,
        51.56812641166679,
        51.57812641166679,
        51.588126411666785,
        51.59812641166678,
        51.60812641166678,
        51.61812641166678,
        51.62812641166678,
        51.638126411666775,
        51.64812641166677,
        51.65812641166677,
        51.66511131849087
    ],
    "frequency": [
        15865.001495232638,
        14468.087282947392,
        13967.01168688979,
        13574.141341334756,
        13279.732190911916,
        13086.76255139893,
        12899.770012987317,
        12771.159917868266,
        12642.549822749215,
        12572.100127292604,
        12527.392517572818,
        12494.958829794956,
        12492.068895379816,
        12489.178960964678,
        12497.866813333,
        12507.929881569904,
        12496.70592215703,
        12463.690947738976,
        12422.018508765885,
        12297.361308438178,
        12172.704108110469,
        11932.66531931579,
        11641.941317486837,
        11282.941139385925,
        10760.858875377831,
        10238.77661136974,
        9440.804065228547,
        9090.016379227933,
        8961.361889562528,
        9058.649156717129,
        9175.667695708717,
        9478.339193523028,
        9781.01069133734,
        10151.432069142278,
        10551.39083411119,
        10861.543951823616,
        10958.831218978186,
        11056.118486132758,
        11182.495616277902,
        11312.211972484034,
        11409.671122100246,
        11474.529300203314,
        11534.108572307421,
        11544.918268657933,
        11555.727965008446,
        11657.078353180243,
        11797.604405736885,
        11922.007269527305,
        12008.484840331395,
        12094.962411135484,
        12181.439981939573,
        12267.917552743662,
        12338.214640627653,
        12392.26312238021,
        12451.676976173616,
        12559.773939678727,
        12667.87090318384,
        12927.214883892002,
        13251.505774407333,
        13595.248250692377,
        13984.397319310663,
        14373.546387928945,
        14743.233041720137,
        15110.762717637515,
        15348.433493193215,
        15456.530456698327,
        15546.091170722239,
        15470.42329626866,
        15394.755421815082,
        15235.711462607745,
        15041.136928298543,
        14905.228429049253
    ]
}