{
    "time": [
        37.90698665649497,
        37.91698665649497,
        37.92698665649497,
        37.936986656494966,
        37.946986656494964,
        37.95698665649496,
        37.96698665649496,
        37.97698665649496,
        37.986986656494956,
        37.996986656494954,
        38.00698665649495,
        38.01698665649495,
        38.02698665649495,
        38.036986656494946,
        38.046986656494944,
        38.05698665649494,
        38.06698665649494,
        38.07698665649494,
        38.086986656494936,
        38.096986656494934,
        38.10698665649493,
        38.11698665649493,
        38.12698665649493,
        38.136986656494926,
        38.146986656494924,
        38.15698665649492,
        38.16698665649492,
        38.17698665649492,
        38.186986656494916,
        38.196986656494914,
        38.20698665649491,
        38.21698665649491,
        38.22698665649491,
        38.236986656494906,
        38.246986656494904,
        38.2569866564949,
        38.2669866564949,
        38.2769866564949,
        38.286986656494896,
        38.296986656494894,
        38.30698665649489,
        38.31698665649489,
        38.32698665649489,
        38.33351992988838
    ],
    "frequency": [
        14463.001905285213,
        14079.018201228146,
        13695.03449717108,
        13341.941368627857,
        13050.398185917784,
        12758.85500320771,
        12392.06554680995,
        12049.380116678674,
        11932.051762661215,
        11814.723408643755,
        11700.206522403003,
        11586.43357305273,
        11472.660623702457,
        11358.887674352183,
        11245.114725001915,
        11180.451548189698,
        11173.649904478541,
        11166.848260767385,
        11160.046617056229,
        11153.24497334507,
        11146.443329633914,
        11208.871561569522,
        11280.288820536669,
        11351.706079503818,
        11423.123338470967,
        11494.540597438114,
        11582.386017105908,
        11706.61603900675,
        11830.846060907592,
        11955.076082808435,
        12081.384826160354,
        12216.490203513782,
        12351.595580867215,
        12486.700958220645,
        12621.806335574076,
        12756.911712927506,
        12987.921574339216,
        13234.611959709251,
        13481.302345079288,
        13744.107243269711,
        14013.527908050604,
        14402.21524915829,
        14897.601632787511,
        15221.251100753963
    ]
}