{
    "time": [
        14.156094007115021,
        14.16609400711502,
        14.17609400711502,
        14.18609400711502,
        14.19609400711502,
        14.20609400711502,
        14.21609400711502,
        14.22609400711502,
        14.23609400711502,
        14.246094007115019,
        14.256094007115019,
        14.266094007115019,
        14.276094007115018,
        14.286094007115018,
        14.296094007115018,
        14.306094007115018,
        14.316094007115018,
        14.326094007115017,
        14.336094007115017,
        14.346094007115017,
        14.356094007115017,
        14.366094007115016,
        14.376094007115016,
        14.386094007115016,
        14.396094007115016,
        14.406094007115016,
        14.416094007115015,
        14.426094007115015,
        14.436094007115015,
        14.446094007115015,
        14.456094007115015,
        14.466094007115014,
        14.476094007115014,
        14.486094007115014,
        14.496094007115014,
        14.506094007115014,
        14.516094007115013,
        14.526094007115013,
        14.536094007115013,
        14.546094007115013,
        14.556094007115012,
        14.566094007115012,
        14.576094007115012,
        14.586094007115012,
        14.596094007115012,
        14.606094007115011,
        14.616094007115011,
        14.62503107020077
    ],
    "frequency": [
        8343.97120959372,
        7443.756925065714,
        7104.63819782255,
        6912.269548714114,
        7081.187051817051,
        7512.134429613821,
        7770.214962241264,
        7818.226390749425,
        7866.237819257587,
        7878.0602854378885,
        7870.47953356818,
        7862.474574833891,
        7795.2585749224645,
        7728.04257501104,
        7660.826575099614,
        7593.61057518819,
        7376.77652349456,
        7129.860605452586,
        6715.693904406403,
        6456.432190462346,
        6324.335273323584,
        6339.486290553834,
        6681.358321825552,
        7279.178522321154,
        7590.518149177328,
        7759.068908833636,
        7927.619668489944,
        8096.170428146251,
        8264.72118780256,
        8433.271947458867,
        8576.418115365119,
        8630.4309724368,
        8684.443829508478,
        8675.731976567955,
        8666.729833722673,
        8581.579960843137,
        8478.316036190728,
        8418.301750555525,
        8384.056084868203,
        8384.056084868203,
        8368.894025063515,
        8324.575783363673,
        8274.35034349998,
        8218.952541375178,
        8080.3981504390795,
        7868.781311756377,
        7467.470687320824,
        7081.297638447443
    ]
}