{
    "time": [
        59.526934037051234,
        59.53693403705123,
        59.54693403705123,
        59.55693403705123,
        59.566934037051226,
        59.576934037051224,
        59.58693403705122,
        59.59693403705122,
        59.60693403705122,
        59.616934037051216,
        59.626934037051214,
        59.63693403705121,
        59.64693403705121,
        59.65693403705121,
        59.666934037051206,
        59.676934037051204,
        59.6869340370512,
        59.6969340370512,
        59.7069340370512,
        59.716934037051196,
        59.726934037051194,
        59.73693403705119,
        59.74693403705119,
        59.75693403705119,
        59.766934037051186,
        59.776934037051184,
        59.78693403705118,
        59.79693403705118,
        59.80693403705118,
        59.816934037051176,
        59.826934037051174,
        59.83693403705117,
        59.84693403705117,
        59.85693403705117,
        59.866934037051166,
        59.876934037051164,
        59.88693403705116,
        59.89693403705116,
        59.90693403705116,
        59.916934037051156,
        59.926934037051154,
        59.93693403705115,
        59.94693403705115,
        59.95693403705115,
        59.966934037051146,
        59.976934037051144,
        59.98693403705114,
        59.991119703729375
    ],
    "frequency": [
        7528.213936079494,
        6972.122586599917,
        6616.196604613819,
        6443.137746140765,
        6386.370087548035,
        6329.602428955307,
        6379.236470446103,
        6432.31791744191,
        6485.399364437716,
        6593.58251502489,
        6785.125090956863,
        6976.667666888838,
        7168.21024282081,
        7575.172886485705,
        7984.399084692646,
        8318.994724544786,
        8530.252418614855,
        8660.007066826838,
        8819.833114645742,
        9046.484028791412,
        9233.907409542066,
        9339.677905187598,
        9378.60429965119,
        9417.53069411478,
        9419.28911206906,
        9335.875409647098,
        9250.275761712242,
        9097.623234404038,
        8944.970707095834,
        8533.442561498023,
        7430.528051696314,
        6538.26979714108,
        6189.881374041749,
        6016.875176425845,
        5969.808920876523,
        5969.808920876523,
        5998.737471214882,
        6035.810227846877,
        6089.207478528331,
        6158.409957574713,
        6229.944981558759,
        6330.86526350142,
        6403.42026697651,
        6458.053803065751,
        6512.687339154991,
        6567.019784420374,
        6621.084221175364,
        6643.713792315644
    ]
}