{
    "time": [
        7.79821334316924,
        7.80821334316924,
        7.81821334316924,
        7.82821334316924,
        7.838213343169239,
        7.848213343169239,
        7.858213343169239,
        7.868213343169239,
        7.8782133431692385,
        7.888213343169238,
        7.898213343169238,
        7.908213343169238,
        7.918213343169238,
        7.928213343169237,
        7.938213343169237,
        7.948213343169237,
        7.958213343169237,
        7.968213343169237,
        7.978213343169236,
        7.988213343169236,
        7.998213343169236,
        8.008213343169235,
        8.018213343169236,
        8.028213343169234,
        8.038213343169236,
        8.048213343169234,
        8.058213343169236,
        8.068213343169234,
        8.078213343169235,
        8.088213343169233,
        8.098213343169235,
        8.108213343169233,
        8.118213343169234,
        8.128213343169232,
        8.138213343169234,
        8.148213343169232,
        8.158213343169233,
        8.168213343169231,
        8.178213343169233,
        8.188213343169231,
        8.198213343169233,
        8.20821334316923,
        8.218213343169232,
        8.22821334316923,
        8.238213343169232,
        8.24821334316923,
        8.258213343169231,
        8.26821334316923,
        8.27821334316923,
        8.288213343169229,
        8.29821334316923,
        8.308213343169228,
        8.31821334316923,
        8.328213343169228,
        8.33821334316923,
        8.348213343169228,
        8.35821334316923,
        8.368213343169227,
        8.378213343169229,
        8.388213343169227,
        8.398213343169228,
        8.408213343169226,
        8.418213343169228,
        8.428213343169226,
        8.438213343169227,
        8.448213343169225,
        8.458213343169227,
        8.468213343169225,
        8.478213343169227,
        8.488213343169225,
        8.498213343169226,
        8.508213343169224,
        8.518213343169226,
        8.528213343169224,
        8.538213343169225,
        8.548213343169223,
        8.558213343169225,
        8.568213343169223,
        8.57485668577523
    ],
    "frequency": [
        17981.315528616124,
        17832.02752540932,
        17682.739522202515,
        17533.451518995713,
        17084.532992967117,
        14985.84244135042,
        14127.436422911263,
        13304.74367920463,
        12491.516924893876,
        11663.069282025766,
        10705.268882504242,
        9967.058001996029,
        9523.479772371986,
        9280.335358045842,
        9181.762418129389,
        9231.518533590937,
        9519.876297485123,
        9953.597233117534,
        10562.622415129234,
        11104.639110519805,
        11458.512355932062,
        11619.149739499597,
        11700.471419980193,
        11795.19923439304,
        12199.331957434697,
        12882.040837596689,
        16344.326144770304,
        19823.12948265477,
        19892.031114828642,
        19892.031114828642,
        20275.3793706195,
        20883.24583343756,
        21070.911614005447,
        21143.19843661083,
        21215.485259216242,
        21849.923589674807,
        22673.69775475722,
        22700.469511131836,
        22651.183041173605,
        22573.400227145026,
        22200.189684757155,
        21437.1621128114,
        21253.958088892912,
        21147.65393800264,
        20991.876684123243,
        19848.059825546257,
        19810.014129438146,
        19771.968433330043,
        19735.663121231166,
        19707.86049715217,
        19680.05787307317,
        19596.391176460245,
        19512.056550087265,
        19417.79549183643,
        19312.377208870195,
        19184.34992894542,
        19067.487749384694,
        19047.408076438758,
        19027.328403492807,
        18617.379951071765,
        17105.21387641623,
        15593.047801761237,
        14080.881727105701,
        12568.715652450705,
        11056.549577795171,
        10636.085293340871,
        10292.94925009231,
        9942.078868193876,
        9562.837374620738,
        9183.595881047735,
        8921.822405150697,
        8780.092578334568,
        8638.362751518389,
        8542.941200893365,
        8460.968576115187,
        8384.47555118424,
        8401.585939082794,
        8418.696326981342,
        8430.06334387452
    ]
}