{
    "time": [
        29.412078389548064,
        29.422078389548066,
        29.432078389548067,
        29.44207838954807,
        29.45207838954807,
        29.462078389548072,
        29.472078389548074,
        29.482078389548075,
        29.492078389548077,
        29.50207838954808,
        29.51207838954808,
        29.52207838954808,
        29.532078389548083,
        29.542078389548085,
        29.548060258632184
    ],
    "frequency": [
        13056.509803527086,
        13073.824682346512,
        13091.139561165935,
        13095.850416568854,
        13068.209147196605,
        13040.567877824356,
        12995.478736494102,
        12936.720850964743,
        12877.962965435381,
        12839.52957060335,
        12804.936212688572,
        12775.00576132439,
        12778.805885336591,
        12782.606009348789,
        12784.879193783221
    ]
}