{
    "time": [
        57.912278362884955,
        57.92227836288495,
        57.93227836288495,
        57.94227836288495,
        57.95227836288495,
        57.962278362884945,
        57.97227836288494,
        57.98227836288494,
        57.99227836288494,
        58.00227836288494,
        58.012278362884935,
        58.02227836288493,
        58.03227836288493,
        58.04227836288493,
        58.05227836288493,
        58.062278362884925,
        58.07227836288492,
        58.08227836288492,
        58.09227836288492,
        58.10227836288492,
        58.112278362884915,
        58.12227836288491,
        58.13227836288491,
        58.14227836288491,
        58.15227836288491,
        58.162278362884905,
        58.1722783628849,
        58.1822783628849,
        58.1922783628849,
        58.2022783628849,
        58.212278362884895,
        58.22227836288489,
        58.23227836288489,
        58.24227836288489,
        58.25227836288489,
        58.262278362884885,
        58.26423143580857
    ],
    "frequency": [
        9625.013611590559,
        9665.217203345233,
        9705.42079509991,
        9745.036697149455,
        9784.031173926383,
        9823.02565070331,
        9862.270620421044,
        9901.522779750438,
        9947.490608943694,
        10001.40105217494,
        10055.31149540619,
        10108.808898390209,
        10162.281890701452,
        10224.83132393072,
        10299.400181112307,
        10373.969038293893,
        10458.823682497405,
        10544.617926675206,
        10640.369607260911,
        10750.9122710863,
        10861.454934911686,
        11001.24520866615,
        11144.709695000025,
        11247.308713927327,
        11281.637190030637,
        11315.965666133947,
        11361.035769464737,
        11407.847327787445,
        11461.147797038031,
        11526.683978689816,
        11592.2201603416,
        11657.756341993383,
        11723.292523645168,
        11742.415506705815,
        11662.292862317365,
        11582.170217928917,
        11566.521681196013
    ]
}