{
    "time": [
        47.87633565871995,
        47.88633565871995,
        47.89633565871995,
        47.90633565871995,
        47.916335658719944,
        47.92633565871994,
        47.93633565871994,
        47.94633565871994,
        47.95633565871994,
        47.966335658719935,
        47.97633565871993,
        47.98633565871993,
        47.99633565871993,
        48.00633565871993,
        48.016335658719925,
        48.01751796138617
    ],
    "frequency": [
        15552.202720983849,
        15422.521300071794,
        15292.83987915974,
        15163.158458247684,
        15076.315817918123,
        15009.812525142712,
        14963.165633011875,
        15003.067608677113,
        15042.969584342354,
        15082.871560007592,
        15169.453012751424,
        15263.34001431671,
        15357.227015881992,
        15457.856116128174,
        15571.861760885982,
        15585.340678662387
    ]
}