{
    "time": [
        0.9640720527552945,
        0.9740720527552945,
        0.9840720527552945,
        0.9940720527552945,
        1.0040720527552947,
        1.0140720527552944,
        1.0240720527552947,
        1.0340720527552945,
        1.0440720527552947,
        1.0540720527552945,
        1.0640720527552947,
        1.0740720527552945,
        1.0840720527552947,
        1.0940720527552945,
        1.1040720527552947,
        1.1140720527552945,
        1.1240720527552948,
        1.1340720527552945,
        1.1440720527552948,
        1.1540720527552946,
        1.1640720527552948,
        1.1740720527552946,
        1.1840720527552948,
        1.1940720527552946,
        1.2040720527552948,
        1.2140720527552946,
        1.2240720527552948,
        1.2340720527552946,
        1.2440720527552949,
        1.2540720527552947,
        1.2640720527552949,
        1.2740720527552947,
        1.284072052755295,
        1.2940720527552947,
        1.304072052755295,
        1.3140720527552947,
        1.324072052755295,
        1.327822956939075
    ],
    "frequency": [
        16307.79692524212,
        16023.420983802207,
        15739.045042362297,
        15454.669100922383,
        15173.210045905262,
        14956.82922742801,
        14740.44840895075,
        14524.067590473498,
        14293.018076448941,
        14041.800550801405,
        13790.430231463271,
        13532.069492770137,
        13273.70875407699,
        13008.380185259148,
        12738.811922105324,
        12477.103928710056,
        12242.937507547871,
        12008.771086385697,
        11814.118480110816,
        11628.001938673186,
        11378.115865334456,
        11041.126184170036,
        10705.919043410833,
        10446.46537781933,
        10187.011712227813,
        10009.054837039868,
        9880.349622807316,
        9730.047369159873,
        9504.76717241239,
        9279.486975664917,
        9000.482762272142,
        8709.999536724468,
        8444.119498557428,
        8211.625776614537,
        7981.331474446086,
        7838.282786276008,
        7695.234098105921,
        7641.577905811781
    ]
}