{
    "time": [
        50.39718594815066,
        50.407185948150655,
        50.41718594815065,
        50.42718594815065,
        50.43718594815065,
        50.44718594815065,
        50.457185948150645,
        50.46718594815064,
        50.47718594815064,
        50.48718594815064,
        50.49718594815064,
        50.507185948150635,
        50.51718594815063,
        50.52718594815063,
        50.53718594815063,
        50.54718594815063,
        50.557185948150625,
        50.56718594815062,
        50.57718594815062,
        50.58718594815062,
        50.59718594815062,
        50.607185948150615,
        50.61718594815061,
        50.62718594815061,
        50.63718594815061,
        50.64718594815061,
        50.657185948150605,
        50.6671859481506,
        50.6771859481506,
        50.686426864720794
    ],
    "frequency": [
        18592.77299965264,
        18553.34852357598,
        18513.924047499317,
        18432.99796067378,
        18193.37321875966,
        18131.87103608006,
        18070.368853400465,
        18008.866670720865,
        17947.364488041272,
        17896.483083381198,
        17863.7304417175,
        17830.977800053806,
        17798.225158390112,
        17765.47251672642,
        17732.719875062725,
        17704.705012947714,
        17687.50160520517,
        17670.298197462624,
        17653.09478972008,
        17635.89138197753,
        17617.57189227618,
        17593.917206630184,
        17570.262520984183,
        17546.607835338185,
        17522.953149692188,
        17466.693228398326,
        17378.832967427472,
        17290.972706456614,
        17155.641759504768,
        16893.33258764615
    ]
}