{
    "time": [
        7.351019864018132,
        7.3610198640181315,
        7.371019864018131,
        7.381019864018131,
        7.391019864018131,
        7.401019864018131,
        7.41101986401813,
        7.42101986401813,
        7.43101986401813,
        7.44101986401813,
        7.4510198640181295,
        7.461019864018129,
        7.471019864018129,
        7.479002799626717
    ],
    "frequency": [
        10992.556160531636,
        9864.711107537925,
        8736.866054544213,
        8017.985099897245,
        7818.883523046148,
        7619.781946195051,
        7668.394155284237,
        7750.567345060196,
        8058.356754402266,
        8843.331963682445,
        9628.30717296262,
        10644.747790762207,
        11733.736663026915,
        12603.069467602747
    ]
}