{
    "time": [
        15.661911745100655,
        15.671911745100655,
        15.681911745100654,
        15.691911745100654,
        15.701911745100654,
        15.711911745100654,
        15.721911745100654,
        15.731911745100653,
        15.741911745100653,
        15.751911745100653,
        15.761911745100653,
        15.771911745100653,
        15.781911745100652,
        15.78989468070924
    ],
    "frequency": [
        10615.945110405584,
        10313.850908596783,
        10011.756706787983,
        9854.854762344885,
        9882.487209794392,
        9910.119657243898,
        10092.920272670846,
        10296.743520604587,
        10440.348579750173,
        10456.590169004412,
        10472.831758258648,
        10471.99695545957,
        10465.809895301802,
        10460.870805017208
    ]
}