{
    "time": [
        6.9590721237168385,
        6.969072123716838,
        6.979072123716838,
        6.989072123716838,
        6.999072123716838,
        7.009072123716837,
        7.019072123716837,
        7.029072123716837,
        7.039072123716837,
        7.047060391947741
    ],
    "frequency": [
        8753.23417502361,
        8611.726702384964,
        8470.219229746315,
        8354.599749289768,
        8599.147603407006,
        8843.695457524242,
        9148.283032919127,
        9840.502804833566,
        10532.722576748001,
        11085.686298026802
    ]
}