{
    "time": [
        50.61034810373671,
        50.62034810373671,
        50.63034810373671,
        50.640348103736706,
        50.650348103736704,
        50.6603481037367,
        50.6703481037367,
        50.6803481037367,
        50.690348103736696,
        50.700348103736694,
        50.71034810373669,
        50.72034810373669,
        50.73034810373669,
        50.740348103736686,
        50.750348103736684,
        50.76034810373668,
        50.77034810373668,
        50.78034810373668,
        50.790348103736676,
        50.800348103736674,
        50.81034810373667,
        50.82034810373667,
        50.83034810373667,
        50.840348103736666,
        50.850348103736664,
        50.86034810373666,
        50.87034810373666,
        50.88034810373666,
        50.890348103736656,
        50.900348103736654,
        50.91034810373665,
        50.92034810373665,
        50.93034810373665,
        50.940348103736646,
        50.950348103736644,
        50.96034810373664,
        50.97034810373664,
        50.98034810373664,
        50.990348103736636,
        51.000348103736634,
        51.01034810373663,
        51.02034810373663,
        51.03034810373663,
        51.040348103736626,
        51.050348103736624,
        51.06034810373662,
        51.07034810373662,
        51.08034810373662,
        51.090348103736616,
        51.100348103736614,
        51.11034810373661,
        51.12034810373661,
        51.13034810373661,
        51.140348103736606,
        51.150348103736604,
        51.1603481037366,
        51.1703481037366,
        51.1803481037366,
        51.190348103736596,
        51.200348103736594,
        51.21034810373659,
        51.22034810373659,
        51.23034810373659,
        51.240348103736586,
        51.250348103736584,
        51.26034810373658,
        51.27034810373658,
        51.28034810373658,
        51.29034810373658,
        51.300348103736575,
        51.31034810373657,
        51.32034810373657,
        51.33034810373657,
        51.34034810373657,
        51.350348103736565,
        51.36034810373656,
        51.37034810373656,
        51.38034810373656,
        51.39034810373656,
        51.400348103736555,
        51.41034810373655,
        51.42034810373655,
        51.43034810373655,
        51.44034810373655,
        51.450348103736545,
        51.46034810373654,
        51.47034810373654,
        51.48034810373654,
        51.48915549944551
    ],
    "frequency": [
        8965.10374740247,
        8892.421865520166,
        8819.739983637859,
        8699.889065125491,
        8506.969415012354,
        8276.803705139748,
        8235.880182203078,
        8194.956659266409,
        8154.033136329738,
        8113.109613393068,
        8107.792403528214,
        8105.834642400072,
        8103.876881271929,
        8101.919120143786,
        8099.961359015642,
        8098.003597887499,
        8096.045836759356,
        8095.489520346778,
        8099.198962484314,
        8102.908404621847,
        8106.617846759383,
        8110.327288896917,
        8114.036731034451,
        8117.746173171987,
        8121.455615309521,
        8126.587338649089,
        8139.479911931983,
        8152.372485214876,
        8165.265058497769,
        8178.157631780664,
        8191.050205063557,
        8210.38367929575,
        8242.559057836539,
        8274.734436377328,
        8306.909814918115,
        8339.085193458905,
        8371.260571999694,
        8403.435950540481,
        8432.925961268713,
        8461.758443337734,
        8490.590925406752,
        8519.423407475771,
        8551.0965111156,
        8603.956061575464,
        8656.81561203533,
        8709.675162495194,
        8784.454977441621,
        8868.14926566974,
        8951.84355389786,
        9062.090606063466,
        9233.254864695413,
        9404.419123327361,
        9592.142618649277,
        9814.709146901372,
        10037.275675153463,
        10261.89609697855,
        10487.750539852539,
        10713.604982726527,
        10958.730794144292,
        11223.02854644358,
        11487.326298742868,
        11719.03167157177,
        11897.084894173446,
        12075.13811677512,
        12198.217757485443,
        12295.4793303316,
        12392.740903177757,
        12478.634553546877,
        12489.20646363885,
        12499.778373730824,
        12510.350283822794,
        12520.922193914766,
        12497.13465331076,
        12468.302171241741,
        12439.469689172722,
        12410.6372071037,
        12373.448629838198,
        12299.904907459259,
        12226.361185080323,
        12152.817462701385,
        12115.871086876326,
        12082.040974582007,
        12048.210862287693,
        12042.108552132386,
        12082.769744793826,
        12123.430937455265,
        12164.092130116704,
        12268.688331556139,
        12387.1932350212
    ]
}