{
    "time": [
        1.6451872120680955,
        1.6551872120680955,
        1.6651872120680955,
        1.6751872120680955,
        1.6851872120680955,
        1.6951872120680955,
        1.7051872120680955,
        1.7151872120680955,
        1.7251872120680956,
        1.7351872120680956,
        1.7437183556607754
    ],
    "frequency": [
        8277.245377574103,
        8036.508121382631,
        7795.770865191156,
        7649.934186925294,
        7558.5872438644965,
        7509.951152987798,
        7509.951152987799,
        7515.97787110976,
        7574.592159573773,
        7633.206448037784,
        7683.211139184707
    ]
}