{
    "time": [
        37.88294894014132,
        37.892948940141316,
        37.902948940141314,
        37.91294894014131,
        37.92294894014131,
        37.93294894014131,
        37.94294894014131,
        37.952948940141304,
        37.9629489401413,
        37.9729489401413,
        37.9829489401413,
        37.9929489401413,
        38.002948940141295,
        38.01294894014129,
        38.02294894014129,
        38.02692974270098
    ],
    "frequency": [
        8640.400950813739,
        8750.818194092939,
        8861.23543737214,
        8941.810954245078,
        9002.518495153969,
        9088.01373357983,
        9272.264476532244,
        9456.515219484656,
        9585.367322969414,
        9700.452753896552,
        9812.403330634414,
        9919.676621603443,
        10026.879766270342,
        10090.305772809035,
        10153.731779347725,
        10178.980420265736
    ]
}