{
    "time": [
        29.353183661693503,
        29.363183661693505,
        29.373183661693506,
        29.383183661693508,
        29.39318366169351,
        29.40318366169351,
        29.413183661693513,
        29.423183661693514,
        29.433183661693516,
        29.443183661693517,
        29.45318366169352,
        29.46318366169352,
        29.473183661693522,
        29.483183661693523,
        29.493183661693525,
        29.503183661693527,
        29.513183661693528,
        29.52318366169353,
        29.53318366169353,
        29.543183661693533,
        29.553183661693534,
        29.563183661693536,
        29.573183661693538,
        29.58318366169354,
        29.59318366169354,
        29.603183661693542,
        29.613183661693544,
        29.623183661693545,
        29.633183661693547,
        29.64318366169355,
        29.65318366169355,
        29.66318366169355,
        29.673183661693553,
        29.683183661693555,
        29.693183661693556,
        29.703183661693558,
        29.71318366169356,
        29.72318366169356,
        29.733183661693563,
        29.743183661693564,
        29.753183661693566,
        29.763183661693567,
        29.77318366169357,
        29.78318366169357,
        29.793183661693572,
        29.803183661693573,
        29.813183661693575,
        29.823183661693577,
        29.833183661693578,
        29.84318366169358,
        29.85318366169358,
        29.863183661693583,
        29.873183661693584,
        29.883183661693586,
        29.893183661693588,
        29.90318366169359,
        29.90421522935021
    ],
    "frequency": [
        7111.1638942812115,
        7001.319126071176,
        6926.048870751676,
        6866.133542637103,
        6839.426616405028,
        6831.580561532883,
        6825.62757883451,
        6901.145856978912,
        6976.664135123316,
        7053.752549600085,
        7175.366400118348,
        7296.980250636612,
        7418.594101154877,
        7540.207951673139,
        7661.821802191403,
        7846.225923778576,
        8045.94368416048,
        8245.661444542387,
        8445.379204924293,
        8653.099631369652,
        8864.339570235104,
        9048.581034535544,
        9158.425802745596,
        9268.27057095565,
        9370.491452181592,
        9452.875028339122,
        9535.258604496652,
        9598.369797680412,
        9614.061907424704,
        9629.754017168994,
        9602.685860857238,
        9554.927265983304,
        9507.168671109368,
        9459.410076235436,
        9410.037368412324,
        9358.005636102305,
        9305.97390379228,
        9253.942171482262,
        9068.026643475885,
        8854.439594178577,
        8640.85254488127,
        8427.834847214239,
        8215.468295341496,
        8003.101743468755,
        7842.651132021981,
        7708.396415320816,
        7574.141698619652,
        7458.341483972708,
        7385.1116384993475,
        7311.881793025988,
        7238.6519475526275,
        7165.422102079267,
        7096.478508441097,
        7028.47936621583,
        6960.480223990563,
        6892.481081765295,
        6885.466510185537
    ]
}