{
    "time": [
        20.785895580099314,
        20.795895580099316,
        20.805895580099317,
        20.81589558009932,
        20.82589558009932,
        20.835895580099322,
        20.845895580099324,
        20.855895580099325,
        20.865895580099327,
        20.87589558009933,
        20.88589558009933,
        20.89589558009933,
        20.905895580099333,
        20.915895580099335,
        20.925895580099336,
        20.935895580099338,
        20.94589558009934,
        20.95589558009934,
        20.965895580099343,
        20.975895580099344,
        20.985895580099346,
        20.995895580099347,
        21.00589558009935,
        21.01589558009935,
        21.025895580099352,
        21.035895580099353,
        21.045895580099355,
        21.055895580099357,
        21.065895580099358,
        21.07589558009936,
        21.08589558009936,
        21.095895580099363,
        21.105895580099364,
        21.115895580099366,
        21.125895580099368,
        21.13589558009937,
        21.14589558009937,
        21.155895580099372,
        21.165895580099374,
        21.175895580099375,
        21.185895580099377,
        21.19589558009938,
        21.20589558009938,
        21.21589558009938,
        21.225895580099383,
        21.235895580099385,
        21.245895580099386,
        21.255895580099388,
        21.26589558009939,
        21.27589558009939,
        21.285895580099393,
        21.295895580099394,
        21.305895580099396,
        21.31115219618669
    ],
    "frequency": [
        11968.852506669644,
        12143.491990928153,
        12318.131475186663,
        12492.770959445168,
        12714.244241144726,
        12945.90021270708,
        13009.405479710178,
        13072.910746713273,
        13066.100442962288,
        13042.815178394487,
        13012.651322545506,
        12972.73372614356,
        12932.816129741615,
        12907.962482935416,
        12892.43897322355,
        12912.560420918304,
        12940.502738399662,
        12945.451459913706,
        12945.451459913706,
        12945.792512036667,
        12958.493565437286,
        12971.194618837904,
        13076.425608022138,
        13196.293068891802,
        13187.561094678877,
        13178.829120465953,
        13170.097146253027,
        13127.400257047211,
        13078.090285021284,
        13028.780312995354,
        12997.141834961893,
        12987.827729134773,
        12978.513623307652,
        12977.80582608002,
        12987.785225180509,
        12997.764624280991,
        13022.214820374084,
        13054.455955929501,
        13086.940108382252,
        13123.706315594569,
        13160.472522806886,
        13197.238730019199,
        13235.33846592625,
        13277.251942148288,
        13324.820341846304,
        13388.325608849398,
        13456.785106691272,
        13596.496694098065,
        13840.661583052104,
        14099.142486796056,
        14213.670481743093,
        14260.241010878697,
        14231.928672513182,
        14173.175858277673
    ]
}