{
    "time": [
        27.844478946505973,
        27.854478946505974,
        27.864478946505976,
        27.874478946505977,
        27.88447894650598,
        27.89447894650598,
        27.904478946505982,
        27.914478946505984,
        27.924478946505985,
        27.934478946505987,
        27.94447894650599,
        27.95447894650599,
        27.96447894650599,
        27.974478946505993,
        27.984478946505995,
        27.994478946505996,
        28.004478946505998,
        28.014478946506,
        28.024478946506,
        28.02500164987344
    ],
    "frequency": [
        11943.967773644708,
        11786.188118270737,
        11628.408462896765,
        11470.628807522795,
        11312.849152148823,
        11184.248185939201,
        11060.278456716802,
        10948.549779635514,
        10877.709934365572,
        10806.870089095628,
        10796.903121768604,
        10827.895554074204,
        10806.008376959595,
        10682.038647737189,
        10552.86690522356,
        10409.824909966937,
        10266.782914710313,
        10190.870367286874,
        10128.885502675677,
        10125.645532929437
    ]
}