{
    "time": [
        58.35820668800709,
        58.368206688007085,
        58.37820668800708,
        58.38820668800708,
        58.39820668800708,
        58.40820668800708,
        58.418206688007075,
        58.42820668800707,
        58.43820668800707,
        58.44820668800707,
        58.45820668800707,
        58.468206688007065,
        58.47820668800706,
        58.48820668800706,
        58.49820668800706,
        58.50820668800706,
        58.518206688007055,
        58.52820668800705,
        58.53820668800705,
        58.54820668800705,
        58.55820668800705,
        58.568206688007045,
        58.57820668800704,
        58.58820668800704,
        58.59820668800704,
        58.60820668800704,
        58.618206688007035,
        58.62820668800703,
        58.63820668800703,
        58.64820668800703,
        58.65820668800703,
        58.668206688007025,
        58.67820668800702,
        58.686866134942235
    ],
    "frequency": [
        8778.290148007338,
        8714.545391394517,
        8650.800634781694,
        8644.093633577762,
        8671.41281498325,
        8794.394391883437,
        9200.279372765031,
        9299.347067172224,
        9390.411005190543,
        9444.537175206093,
        9474.132955062041,
        9503.72873491799,
        9533.324514773938,
        9556.444759133139,
        9556.44475913314,
        9556.444759133139,
        9556.444759133139,
        9559.431720465742,
        9574.229610393715,
        9589.02750032169,
        9603.825390249664,
        9618.623280177639,
        9567.918125860859,
        9502.807410177764,
        9437.696694494669,
        9371.923219211289,
        9302.866399547409,
        9233.80957988353,
        9188.845942699802,
        9144.452272915887,
        9100.469041939381,
        9063.47431711944,
        9026.479592299502,
        8994.444206653392
    ]
}