{
    "time": [
        59.27114959616027,
        59.28114959616027,
        59.29114959616027,
        59.301149596160265,
        59.31114959616026,
        59.32114959616026,
        59.33114959616026,
        59.34114959616026,
        59.351149596160255,
        59.36114959616025,
        59.37114959616025,
        59.38114959616025,
        59.39114959616025,
        59.401149596160245,
        59.41114959616024,
        59.42114959616024,
        59.43114959616024,
        59.44114959616024,
        59.451149596160235,
        59.45191229197461
    ],
    "frequency": [
        14246.987831752553,
        13374.691162314062,
        12502.39449287557,
        11630.097823437081,
        10745.044208966792,
        9794.013080274888,
        8697.300211587395,
        8311.597901905476,
        8124.036397452293,
        7976.057498172553,
        7834.782153287674,
        7734.611821467524,
        7634.4414896473745,
        7611.058231318635,
        7662.457020609578,
        7767.686460097405,
        7950.733518266194,
        8272.068730735366,
        9083.838692498555,
        9145.752047705631
    ]
}