{
    "time": [
        30.934098997186346,
        30.944098997186348,
        30.95409899718635,
        30.96409899718635,
        30.974098997186353,
        30.984098997186354,
        30.994098997186356,
        31.004098997186357,
        31.01409899718636,
        31.02409899718636,
        31.034098997186362,
        31.044098997186364,
        31.054098997186365,
        31.064098997186367,
        31.07409899718637,
        31.08409899718637,
        31.09409899718637,
        31.104098997186373,
        31.114098997186375,
        31.124098997186376,
        31.134098997186378,
        31.14409899718638,
        31.15409899718638,
        31.164098997186382,
        31.168917171352234
    ],
    "frequency": [
        11859.712214942927,
        11949.09214704276,
        12038.472079142592,
        12130.442595868795,
        12225.781190108628,
        12321.11978434846,
        12344.785537258791,
        12357.695971895433,
        12370.606406532077,
        12378.185586352318,
        12374.312455961324,
        12370.439325570333,
        12366.56619517934,
        12347.219775974247,
        12301.653536080212,
        12256.087296186179,
        12209.992276359639,
        12132.529668539784,
        12055.06706071993,
        11969.536349828031,
        11874.197755588211,
        11778.85916134839,
        11699.360424059701,
        11621.897816239836,
        11584.574982658123
    ]
}