{
    "time": [
        57.423775563171986,
        57.433775563171984,
        57.44377556317198,
        57.45377556317198,
        57.46377556317198,
        57.473775563171976,
        57.483775563171974,
        57.49377556317197,
        57.50377556317197,
        57.51377556317197,
        57.52377556317197,
        57.533775563171965,
        57.54377556317196,
        57.55377556317196,
        57.56377556317196,
        57.57377556317196,
        57.583775563171955,
        57.59377556317195,
        57.60377556317195,
        57.61377556317195,
        57.62377556317195,
        57.633775563171945,
        57.64377556317194,
        57.65377556317194,
        57.66377556317194,
        57.67377556317194,
        57.683775563171935,
        57.69377556317193,
        57.70377556317193,
        57.71377556317193,
        57.72377556317193,
        57.733775563171925,
        57.74377556317192,
        57.75377556317192,
        57.76377556317192,
        57.77377556317192,
        57.783775563171915,
        57.79377556317191,
        57.80377556317191,
        57.81377556317191,
        57.82377556317191,
        57.833775563171905,
        57.8437755631719,
        57.8537755631719,
        57.8637755631719,
        57.8737755631719,
        57.883775563171895,
        57.89377556317189,
        57.90377556317189,
        57.91377556317189,
        57.92377556317189,
        57.93270173535967
    ],
    "frequency": [
        13887.35988811313,
        14046.186082113543,
        14205.012276113956,
        14352.402630308257,
        14474.576625693153,
        14596.750621078048,
        14691.36310552607,
        14785.48233160036,
        14873.872778302431,
        14948.534664370978,
        15023.196550439527,
        15059.875565975928,
        15085.002900629592,
        15061.473094111017,
        15037.943287592443,
        14985.714031526368,
        14902.992055484507,
        14820.270079442644,
        14710.784445162382,
        14584.73191024144,
        14458.679375320502,
        14332.626840399565,
        14194.536256552885,
        14054.395497140787,
        13914.25473772869,
        13772.655093810374,
        13630.708978399423,
        13488.762862988475,
        13346.816747577528,
        13201.359055667286,
        13054.297764926203,
        12907.236474185122,
        12737.584050092268,
        12567.89794539097,
        12172.334144989396,
        11990.519963629034,
        11885.127070872551,
        11835.493885247433,
        11785.860699622317,
        11763.766152070204,
        11756.41308753315,
        11596.027995810917,
        11283.188522779914,
        11122.98832944927,
        11098.282032604764,
        11073.57573576026,
        11048.869438915755,
        11024.394689812761,
        11004.340877438979,
        10984.287065065197,
        10964.233252691414,
        10946.33287446442
    ]
}