{
    "time": [
        50.1538422235779,
        50.163842223577895,
        50.17384222357789,
        50.18384222357789,
        50.19384222357789,
        50.20384222357789,
        50.213842223577885,
        50.22384222357788,
        50.23384222357788,
        50.24384222357788,
        50.25384222357788,
        50.263842223577875,
        50.27384222357787,
        50.28384222357787,
        50.29384222357787,
        50.30384222357787,
        50.313842223577865,
        50.32384222357786,
        50.33384222357786,
        50.34384222357786,
        50.35384222357786,
        50.363842223577855,
        50.37384222357785,
        50.38384222357785,
        50.39384222357785,
        50.40384222357785,
        50.413842223577845,
        50.42384222357784,
        50.43384222357784,
        50.44384222357784,
        50.45384222357784,
        50.463842223577835,
        50.47384222357783,
        50.4753982889512
    ],
    "frequency": [
        5247.777279382109,
        5376.9136623703,
        5506.050045358492,
        5635.186428346682,
        5764.322811334874,
        5893.459194323065,
        6022.595577311256,
        6140.062662684414,
        6218.550750007105,
        6297.0388373297965,
        6369.030546813639,
        6436.651052814721,
        6462.5022553779,
        6471.659849788882,
        6471.659849788881,
        6471.659849788882,
        6488.925347548692,
        6593.143541296146,
        6752.250614239894,
        6911.357687183641,
        7076.593655093045,
        7326.7895272970545,
        7576.9853995010635,
        7827.1812717050725,
        8077.377143909082,
        8339.734932555744,
        8623.144406236795,
        8906.553879917845,
        9171.83439986385,
        9348.235719866689,
        9524.637039869525,
        9701.038359872366,
        9877.439679875204,
        9904.888878462429
    ]
}