{
    "time": [
        1.0517527958631963,
        1.0617527958631963,
        1.0717527958631963,
        1.0817527958631963,
        1.0917527958631963,
        1.1017527958631963,
        1.1117527958631963,
        1.1217527958631963,
        1.1317527958631963,
        1.1417527958631963,
        1.1517527958631963,
        1.1617527958631964,
        1.1717527958631964,
        1.1817527958631964,
        1.1917527958631964,
        1.2017527958631964,
        1.2117527958631964,
        1.2217527958631964,
        1.2317527958631964,
        1.2417527958631964,
        1.2517527958631964,
        1.2617527958631964,
        1.2717527958631965,
        1.2817527958631965,
        1.2917527958631965,
        1.3017527958631965,
        1.3117527958631965,
        1.3217527958631965,
        1.3317527958631965,
        1.3417527958631965,
        1.3517527958631965,
        1.3527141901041904
    ],
    "frequency": [
        13603.314407518636,
        13009.627300054819,
        12711.41530303239,
        12585.256792696327,
        12474.11784503945,
        12390.63059555235,
        12307.143346065248,
        12212.659135073154,
        12093.92171358039,
        11975.885480088351,
        11879.088669088815,
        11782.291858089277,
        11685.49504708974,
        11580.916610861805,
        11469.60027821234,
        11358.283945562871,
        11117.142492857627,
        10820.645870636434,
        10627.697560710692,
        10434.749250784951,
        10173.0682995645,
        9899.058865350426,
        9601.905082333928,
        9207.695082831542,
        8640.993752979706,
        8091.984451226123,
        7530.084858867369,
        7195.233428893319,
        6979.890205048759,
        6846.310605869398,
        6712.731006690039,
        6699.888740953508
    ]
}