{
    "time": [
        49.94511284780926,
        49.95511284780926,
        49.96511284780926,
        49.97511284780926,
        49.985112847809255,
        49.99511284780925,
        50.00511284780925,
        50.01511284780925,
        50.02511284780925,
        50.035112847809245,
        50.04511284780924,
        50.05511284780924,
        50.06511284780924,
        50.07511284780924,
        50.085112847809235,
        50.09511284780923,
        50.10511284780923,
        50.110591992562775
    ],
    "frequency": [
        9873.099720789525,
        10112.589012876717,
        10352.078304963909,
        10591.5675970511,
        10761.723407872541,
        10888.511856624596,
        10977.80366837696,
        11000.047255877318,
        11022.290843377676,
        11044.53443087803,
        11025.85550926548,
        10996.022933088534,
        10966.190356911588,
        10895.84155913773,
        10797.228321219463,
        10689.245970542148,
        10562.457521790115,
        10492.988295411138
    ]
}