{
    "time": [
        26.886616763899323,
        26.896616763899324,
        26.906616763899326,
        26.916616763899327,
        26.92661676389933,
        26.93661676389933,
        26.946616763899332,
        26.956616763899333,
        26.966616763899335,
        26.976616763899337,
        26.986616763899338,
        26.99661676389934,
        27.00661676389934,
        27.016616763899343,
        27.026616763899344,
        27.036616763899346,
        27.046616763899348,
        27.05661676389935,
        27.06661676389935,
        27.076616763899352,
        27.086616763899354,
        27.096616763899355,
        27.106616763899357,
        27.11661676389936,
        27.12661676389936,
        27.13661676389936,
        27.146616763899363,
        27.156616763899365,
        27.166616763899366,
        27.176616763899368,
        27.18661676389937,
        27.19661676389937,
        27.206616763899373,
        27.216616763899374,
        27.226616763899376,
        27.236616763899377,
        27.24661676389938,
        27.25661676389938,
        27.266616763899382,
        27.276616763899383,
        27.286616763899385,
        27.296616763899387,
        27.306616763899388,
        27.31661676389939,
        27.32661676389939,
        27.336616763899393,
        27.346616763899394,
        27.356616763899396,
        27.366616763899398,
        27.3766167638994,
        27.3866167638994,
        27.396616763899402,
        27.406616763899404,
        27.416616763899405,
        27.421914981202246
    ],
    "frequency": [
        9241.404672741799,
        9115.04553929761,
        8988.68640585342,
        8862.327272409228,
        8735.968138965038,
        8631.357379162995,
        8583.57451357486,
        8535.791647986727,
        8503.849223296918,
        8508.362049491354,
        8512.87487568579,
        8523.732991473744,
        8569.4253566924,
        8615.117721911056,
        8653.814298130485,
        8679.808177010429,
        8705.802055890375,
        8731.79593477032,
        8757.789813650266,
        8762.250700485461,
        8766.312244060453,
        8770.373787635446,
        8774.435331210436,
        8778.49687478543,
        8782.558418360419,
        8786.61996193541,
        8786.683201329342,
        8786.683201329342,
        8772.741707569201,
        8734.060340188327,
        8695.378972807455,
        8656.697605426583,
        8635.999717315843,
        8623.502660162021,
        8611.0056030082,
        8598.50854585438,
        8586.011488700558,
        8573.514431546739,
        8561.017374392917,
        8561.786113500168,
        8564.636319517705,
        8567.486525535243,
        8570.336731552783,
        8573.18693757032,
        8576.037143587857,
        8578.887349605397,
        8581.737555622934,
        8584.587761640472,
        8587.437967658008,
        8606.4651533389,
        8627.427958887245,
        8648.39076443559,
        8669.353569983934,
        8690.316375532277,
        8701.422925439507
    ]
}