{
    "time": [
        7.508804440093153,
        7.518804440093152,
        7.528804440093152,
        7.538804440093152,
        7.548804440093152,
        7.5588044400931516,
        7.568804440093151,
        7.578804440093151,
        7.588804440093151,
        7.598804440093151,
        7.6088044400931505,
        7.61880444009315,
        7.62880444009315,
        7.63880444009315,
        7.64880444009315,
        7.658804440093149,
        7.668804440093149,
        7.678804440093149,
        7.688804440093149,
        7.698804440093149,
        7.708804440093148,
        7.718804440093148,
        7.728804440093148,
        7.738804440093148,
        7.7488044400931475,
        7.758804440093147,
        7.768804440093147,
        7.778804440093147,
        7.788804440093147,
        7.798804440093146,
        7.808804440093146,
        7.818804440093146,
        7.828804440093146,
        7.838804440093146,
        7.848804440093145,
        7.858804440093145,
        7.868804440093145,
        7.878804440093145,
        7.8888044400931445,
        7.898804440093144,
        7.908804440093144,
        7.90906254574506
    ],
    "frequency": [
        16042.092623959124,
        15354.186739668177,
        14666.280855377227,
        13978.37497108628,
        13290.46908679533,
        12617.986809444812,
        12099.247323169868,
        11580.507836894925,
        11079.531668133794,
        10813.26163449031,
        10546.991600846828,
        10280.721567203347,
        10023.179221098042,
        9769.897969583504,
        9575.001409217759,
        9465.408560004742,
        9355.815710791725,
        9285.82134110017,
        9278.944927031902,
        9272.068512963637,
        9281.823160308912,
        9369.497439679326,
        9457.17171904974,
        9552.503803673975,
        9689.557849586346,
        9826.611895498718,
        9963.665941411087,
        10100.719987323459,
        10237.77403323583,
        10390.405546459355,
        10550.372652679063,
        10710.339758898768,
        10867.520556471842,
        10997.408377761341,
        11127.296199050841,
        11257.184020340343,
        11365.569769841304,
        11464.484341438696,
        11599.248229003819,
        11847.658687219997,
        12511.737914541585,
        12532.858526439222
    ]
}