{
    "time": [
        25.943418586048065,
        25.953418586048066,
        25.963418586048068,
        25.97341858604807,
        25.98341858604807,
        25.993418586048072,
        26.003418586048074,
        26.013418586048076,
        26.023418586048077,
        26.03341858604808,
        26.04341858604808,
        26.053418586048082,
        26.063418586048083,
        26.073418586048085,
        26.083418586048086,
        26.093418586048088,
        26.10341858604809,
        26.11341858604809,
        26.123418586048093,
        26.133418586048094,
        26.143418586048096,
        26.153418586048097,
        26.1634185860481,
        26.1734185860481,
        26.183418586048102,
        26.193418586048104,
        26.203418586048105,
        26.213418586048107,
        26.22341858604811,
        26.23341858604811,
        26.24341858604811,
        26.253418586048113,
        26.263418586048115,
        26.273418586048116,
        26.283418586048118,
        26.29341858604812,
        26.30341858604812,
        26.313418586048122,
        26.323418586048124,
        26.333418586048126,
        26.343418586048127,
        26.35341858604813,
        26.36341858604813,
        26.373418586048132,
        26.383418586048133,
        26.393418586048135,
        26.403418586048137,
        26.413418586048138,
        26.42341858604814,
        26.43341858604814,
        26.443418586048143,
        26.453418586048144,
        26.463418586048146,
        26.473418586048147,
        26.48341858604815,
        26.49341858604815,
        26.503418586048152,
        26.513418586048154,
        26.523418586048155,
        26.533418586048157,
        26.54341858604816,
        26.55341858604816,
        26.56341858604816,
        26.573418586048163,
        26.583418586048165,
        26.593418586048166,
        26.603418586048168,
        26.61341858604817,
        26.62341858604817,
        26.633418586048172,
        26.643418586048174,
        26.653418586048176,
        26.663418586048177,
        26.67341858604818,
        26.68341858604818,
        26.693418586048182,
        26.703418586048183,
        26.713418586048185,
        26.723418586048187,
        26.733418586048188,
        26.74341858604819,
        26.75341858604819,
        26.763418586048193,
        26.773418586048194,
        26.783418586048196,
        26.793418586048197,
        26.793739953149956
    ],
    "frequency": [
        9724.173235041488,
        9745.349906061345,
        9766.526577081202,
        9822.928308732018,
        10001.75353067747,
        10131.240769026066,
        10235.495149431497,
        10334.365006672291,
        10425.346259942784,
        10516.32751321328,
        10607.308766483771,
        10698.290019754266,
        10742.04654575597,
        10767.458550979796,
        10729.922097780709,
        10699.402684067929,
        10765.95793584462,
        10832.513187621313,
        10869.7310638625,
        10890.907734882356,
        10912.084405902207,
        10889.04707737264,
        10859.399737944841,
        10829.752398517041,
        10803.984252474687,
        10784.053267985411,
        10764.122283496135,
        10753.143283742502,
        10753.143283742502,
        10753.143283742502,
        10753.1432837425,
        10753.143283742502,
        10753.1432837425,
        10719.658108025415,
        10682.287512108021,
        10644.916916190627,
        10607.546320273234,
        10570.17572435584,
        10532.805128438447,
        10467.761714281281,
        10402.602726527883,
        10337.443738774484,
        10272.284751021087,
        10210.14191507088,
        10151.215526146063,
        10092.289137221243,
        10033.362748296426,
        9988.29098815941,
        9957.488557585079,
        9926.686127010744,
        9895.883696436409,
        9865.860788207576,
        9836.213448779778,
        9806.56610935198,
        9776.91876992418,
        9747.271430496381,
        9717.624091068583,
        9687.976751640783,
        9665.455959706836,
        9645.52497521756,
        9625.593990728285,
        9637.865280599535,
        9659.04195161939,
        9680.218622639242,
        9724.046777148767,
        9817.669954289186,
        9911.293131429602,
        10005.88909311042,
        10162.27066371859,
        10318.652234326757,
        10475.033804934927,
        10631.415375543098,
        10829.117638721884,
        11067.551267982468,
        11305.984897243054,
        11544.418526503636,
        11782.852155764223,
        12060.946362123223,
        12347.856098521275,
        12634.765834919328,
        12921.67557131738,
        13208.585307715433,
        13534.981044475286,
        13911.925788628687,
        14288.87053278209,
        14665.815276935493,
        14677.929040930652
    ]
}