{
    "time": [
        23.08839404592211,
        23.098394045922113,
        23.108394045922115,
        23.118394045922116,
        23.128394045922118,
        23.13839404592212,
        23.14839404592212,
        23.158394045922122,
        23.168394045922124,
        23.178394045922126,
        23.188394045922127,
        23.19839404592213,
        23.20839404592213,
        23.218394045922132,
        23.228394045922133,
        23.238394045922135,
        23.248394045922137,
        23.258394045922138,
        23.26839404592214,
        23.27839404592214,
        23.288394045922143,
        23.298394045922144,
        23.308394045922146,
        23.318394045922147,
        23.32839404592215,
        23.33839404592215,
        23.348394045922152,
        23.358394045922154,
        23.368394045922155,
        23.376445357360883
    ],
    "frequency": [
        7347.428170936506,
        7261.122333814988,
        7126.04042512567,
        6973.395205662935,
        6925.447518373205,
        7015.4064472009195,
        7123.624881162307,
        7237.50063847543,
        7351.376395788551,
        7456.348827507201,
        7541.755645492043,
        7627.162463476884,
        7712.569281461727,
        7775.68554852062,
        7827.058070616762,
        7878.430592712904,
        7919.983241702399,
        7949.74387519258,
        7979.50450868276,
        8009.265142172942,
        8039.522201990674,
        8083.655868700543,
        8127.789535410411,
        8171.923202120281,
        8249.001372328214,
        8341.471912101268,
        8494.100864170916,
        8736.259406508418,
        9184.298681253029,
        9271.158077958702
    ]
}