{
    "time": [
        48.651241302013645,
        48.66124130201364,
        48.67124130201364,
        48.68124130201364,
        48.69124130201364,
        48.701241302013635,
        48.71124130201363,
        48.72124130201363,
        48.73124130201363,
        48.74124130201363,
        48.751241302013625,
        48.76124130201362,
        48.77124130201362,
        48.78124130201362,
        48.79124130201362,
        48.801241302013615,
        48.81124130201361,
        48.82124130201361,
        48.83124130201361,
        48.84124130201361,
        48.851241302013605,
        48.8612413020136,
        48.8712413020136,
        48.8812413020136,
        48.8912413020136,
        48.901241302013595,
        48.91124130201359,
        48.92124130201359,
        48.93124130201359,
        48.94124130201359,
        48.951241302013585,
        48.96124130201358,
        48.97124130201358,
        48.98124130201358,
        48.99124130201358,
        49.001241302013575,
        49.01124130201357,
        49.02124130201357,
        49.03124130201357,
        49.04124130201357,
        49.051241302013565,
        49.06124130201356,
        49.07124130201356,
        49.08124130201356,
        49.09124130201356,
        49.101241302013555,
        49.11124130201355,
        49.12124130201355,
        49.13124130201355,
        49.14124130201355,
        49.151241302013545,
        49.16124130201354,
        49.17124130201354,
        49.18124130201354,
        49.19124130201354,
        49.201241302013536,
        49.21124130201353,
        49.22124130201353,
        49.23124130201353,
        49.24124130201353,
        49.251241302013526,
        49.261241302013524,
        49.27124130201352,
        49.28124130201352,
        49.29124130201352,
        49.301241302013516,
        49.311241302013514,
        49.32124130201351,
        49.33124130201351,
        49.34124130201351,
        49.351241302013506,
        49.361241302013504,
        49.3712413020135,
        49.3812413020135,
        49.3912413020135,
        49.401241302013496,
        49.411241302013494,
        49.42124130201349,
        49.43124130201349,
        49.44124130201349,
        49.451241302013486,
        49.461241302013484,
        49.47124130201348,
        49.48124130201348,
        49.49124130201348,
        49.501241302013476,
        49.50536594126422
    ],
    "frequency": [
        9061.273474463382,
        8951.026119028778,
        8840.778763594175,
        8730.531408159572,
        8669.029064657672,
        8675.51420321265,
        8681.999341767623,
        8692.724100283796,
        8719.183465588103,
        8745.642830892408,
        8772.102196196714,
        8798.561561501021,
        8828.557675055183,
        8862.111218013539,
        8895.664760971895,
        8929.218303930253,
        8983.372851196113,
        9144.150244538228,
        9304.927637880344,
        9465.705031222462,
        9626.482424564576,
        9895.487129416173,
        10226.229195719981,
        10556.971262023788,
        10905.434221189656,
        11264.758935198712,
        11624.083649207765,
        11983.408363216819,
        12342.733077225872,
        12697.539836083277,
        13048.326876102414,
        13328.661174572822,
        13524.656473123243,
        13641.705155167629,
        13733.577951363137,
        13786.74629276284,
        13800.527212192166,
        13814.30813162149,
        13809.307246524622,
        13783.865549116643,
        13757.164438756836,
        13686.29113883458,
        13615.417838912324,
        13562.173921623102,
        13536.732224215117,
        13511.290526807134,
        13452.874823444738,
        13392.238777955707,
        13331.602732466677,
        13266.585588909717,
        13179.548203040293,
        13092.510817170867,
        13005.473431301443,
        12891.10718619686,
        12757.235397454855,
        12623.363608712853,
        12489.491819970848,
        12355.620031228842,
        12222.836983234483,
        12092.544654084497,
        11962.25232493451,
        11831.95999578452,
        11702.215233840794,
        11575.430775091005,
        11448.646316341219,
        11321.861857591433,
        11186.00656144627,
        11035.669258580925,
        10880.655056776699,
        10715.284023624805,
        10549.912990472909,
        10384.541957321013,
        10220.27365088583,
        10056.944235427147,
        9893.614819968465,
        9730.285404509783,
        9566.9559890511,
        9421.649395030845,
        9298.431762486296,
        9175.214129941749,
        9055.161123603755,
        8944.91376816919,
        8881.575191170701,
        8857.075778851899,
        8954.937276732931,
        9074.371911787093,
        9123.634390151412
    ]
}