{
    "time": [
        38.8188241567791,
        38.8288241567791,
        38.8388241567791,
        38.848824156779095,
        38.85882415677909,
        38.86882415677909,
        38.87882415677909,
        38.88882415677909,
        38.898824156779085,
        38.90882415677908,
        38.91882415677908,
        38.92882415677908,
        38.93882415677908,
        38.948824156779075,
        38.95882415677907,
        38.96882415677907,
        38.97882415677907,
        38.98882415677907,
        38.998824156779065,
        39.00279962671644
    ],
    "frequency": [
        8517.699131817697,
        8541.165450796918,
        8564.63176977614,
        8586.539518771164,
        8605.81364297756,
        8625.087767183955,
        8644.218839738252,
        8663.300575924133,
        8686.776067552944,
        8743.95273720056,
        8801.129406848177,
        8853.456090713804,
        8900.676228967748,
        8947.89636722169,
        9009.994353942227,
        9074.536572763764,
        9121.900940148666,
        9111.975073980484,
        9102.049207812302,
        9098.103209556903
    ]
}