{
    "time": [
        6.688240125069891,
        6.698240125069891,
        6.70824012506989,
        6.71824012506989,
        6.72824012506989,
        6.73824012506989,
        6.74824012506989,
        6.758240125069889,
        6.768240125069889,
        6.778240125069889,
        6.788240125069889,
        6.7982401250698885,
        6.808240125069888,
        6.818240125069888,
        6.828240125069888,
        6.838240125069888,
        6.848240125069887,
        6.85579493602178
    ],
    "frequency": [
        13489.174148884975,
        13577.338901500167,
        13665.503654115359,
        13665.064738903991,
        13581.209897905852,
        13440.547042597073,
        13299.884187288295,
        13159.221331979517,
        12985.71008854172,
        12809.968348328783,
        12646.182679369136,
        12495.751570219469,
        12345.320461069803,
        12270.036811277718,
        12208.636358563566,
        12147.235905849418,
        12085.835453135267,
        12039.448571873667
    ]
}