{
    "time": [
        37.85095320623917,
        37.86095320623917,
        37.870953206239165,
        37.88095320623916,
        37.89095320623916,
        37.90095320623916,
        37.91095320623916,
        37.920953206239155,
        37.93095320623915,
        37.94095320623915,
        37.95095320623915,
        37.96095320623915,
        37.970953206239145,
        37.98095320623914,
        37.99095320623914,
        38.00095320623914,
        38.01095320623914,
        38.01893080922544
    ],
    "frequency": [
        9350.788233822894,
        9476.230714540088,
        9601.673195257285,
        9696.114977025365,
        9769.917163978964,
        9844.3226756484,
        9921.131865056144,
        9997.94105446389,
        10095.065082635123,
        10197.237388814694,
        10311.812640778175,
        10444.893417497828,
        10577.895019650918,
        10661.485094307409,
        10745.075168963904,
        10839.761220492699,
        10941.785607999596,
        11023.17661384467
    ]
}