{
    "time": [
        42.968283950964015,
        42.97828395096401,
        42.98828395096401,
        42.99828395096401,
        43.00828395096401,
        43.018283950964005,
        43.028283950964,
        43.038283950964,
        43.048283950964,
        43.058283950964,
        43.068283950963995,
        43.07828395096399,
        43.08513950090405
    ],
    "frequency": [
        13885.836139618528,
        13721.120812706593,
        13556.405485794654,
        13386.101317127695,
        13187.947540391484,
        12989.793763655267,
        12599.819178796037,
        12123.011653524518,
        11646.204128253,
        11017.883660819949,
        10189.9958033133,
        9348.171808348738,
        8777.621501213776
    ]
}