{
    "time": [
        5.513713754181645,
        5.523713754181645,
        5.533713754181645,
        5.543713754181645,
        5.553713754181644,
        5.563713754181644,
        5.573713754181644,
        5.583713754181644,
        5.5937137541816435,
        5.603713754181643,
        5.613713754181643,
        5.623713754181643,
        5.633713754181643,
        5.6437137541816425,
        5.653713754181642,
        5.663713754181642,
        5.673713754181642,
        5.683713754181642,
        5.693713754181641,
        5.703713754181641,
        5.713713754181641,
        5.723713754181641,
        5.7337137541816405,
        5.74371375418164,
        5.75371375418164,
        5.76371375418164,
        5.77371375418164,
        5.7837137541816395,
        5.793713754181639,
        5.803713754181639,
        5.813713754181639,
        5.823713754181639,
        5.833713754181638,
        5.843713754181638,
        5.853713754181638,
        5.863713754181638,
        5.8737137541816375,
        5.883713754181637,
        5.893713754181637,
        5.903713754181637,
        5.913713754181637,
        5.9237137541816365,
        5.927672698886313
    ],
    "frequency": [
        9685.997959842318,
        9731.843631202217,
        9789.97499491321,
        9870.204919793034,
        9983.196690942441,
        10109.821803522906,
        10233.97676066028,
        10256.89959634023,
        10279.822432020179,
        10302.745267700127,
        10325.668103380078,
        11673.401291025653,
        13048.771431822566,
        13154.408638646575,
        13077.23038348993,
        13045.97197119909,
        13014.71355890825,
        12983.455146617413,
        12952.196734326571,
        12925.595484650088,
        12937.05690249006,
        12948.518320330037,
        12959.97973817001,
        12971.441156009983,
        12986.877275080484,
        13020.306410447076,
        13053.735545813668,
        13087.16468118026,
        13116.892639667227,
        13134.801105042186,
        13152.709570417146,
        13170.618035792108,
        13188.526501167067,
        13206.434966542029,
        13210.390187745894,
        13214.087419307176,
        13217.784650868456,
        13221.481882429738,
        13225.179113991022,
        13251.074835752435,
        13279.728380352373,
        13308.38192495231,
        13319.725704818722
    ]
}