{
    "time": [
        11.15851219837355,
        11.16851219837355,
        11.17851219837355,
        11.18851219837355,
        11.19851219837355,
        11.20851219837355,
        11.21851219837355,
        11.228512198373549,
        11.238512198373549,
        11.248512198373549,
        11.258512198373548,
        11.268512198373548,
        11.278512198373548,
        11.288512198373548,
        11.298512198373547,
        11.308512198373547,
        11.318512198373547,
        11.328512198373547,
        11.338512198373547,
        11.342487668310893
    ],
    "frequency": [
        6825.360972864271,
        7060.953919138349,
        7296.546865412426,
        7472.124487771567,
        7546.290016761597,
        7620.455545751629,
        7662.195180408431,
        7692.751610639305,
        7719.395837559479,
        7716.032508999879,
        7712.669180440277,
        7667.529128352151,
        7578.402402118318,
        7489.275675884483,
        7333.8958249318985,
        7167.631469100099,
        6999.73754246999,
        6826.408798105582,
        6653.080053741173,
        6584.173732491299
    ]
}