{
    "time": [
        16.03952984838694,
        16.049529848386943,
        16.059529848386944,
        16.069529848386946,
        16.079529848386947,
        16.08952984838695,
        16.09952984838695,
        16.109529848386952,
        16.119529848386954,
        16.129529848386955,
        16.139529848386957,
        16.14952984838696,
        16.15952984838696,
        16.16952984838696,
        16.179529848386963,
        16.189529848386965,
        16.199529848386966,
        16.209529848386968,
        16.21952984838697,
        16.22952984838697,
        16.239529848386972,
        16.249529848386974,
        16.259529848386975,
        16.269529848386977,
        16.27952984838698,
        16.28952984838698,
        16.29952984838698,
        16.309529848386983,
        16.319529848386985,
        16.329529848386986,
        16.339529848386988,
        16.34952984838699,
        16.35952984838699,
        16.369529848386993,
        16.379529848386994,
        16.389529848386996,
        16.399529848386997,
        16.409529848387,
        16.419529848387,
        16.429529848387002,
        16.439529848387004,
        16.449529848387005,
        16.459529848387007,
        16.46952984838701,
        16.47952984838701,
        16.48952984838701,
        16.499529848387013,
        16.509529848387015,
        16.519529848387016,
        16.529529848387018,
        16.53952984838702,
        16.54952984838702,
        16.559529848387022,
        16.569529848387024,
        16.579529848387025,
        16.589529848387027,
        16.59952984838703,
        16.60952984838703,
        16.61952984838703,
        16.629529848387033,
        16.639529848387035,
        16.649529848387036,
        16.659529848387038,
        16.66952984838704,
        16.67952984838704,
        16.689529848387043,
        16.695478922773546
    ],
    "frequency": [
        14376.156381566328,
        14292.536382913911,
        14208.91638426149,
        14125.296385609072,
        14028.897909446203,
        13868.922966986143,
        13708.948024526082,
        13556.718988558952,
        13406.83411579229,
        13262.25536456215,
        13126.789450365242,
        12991.32353616834,
        12828.507178873351,
        12664.795899024419,
        12567.279189275645,
        12519.977282351514,
        12469.093645051125,
        12400.592553282815,
        12332.091461514505,
        12274.900053976995,
        12221.100687249678,
        12149.70238022316,
        12048.286312188215,
        11946.870244153271,
        11912.27542348751,
        11879.753211472947,
        11854.024547672256,
        11833.415911335265,
        11811.469463158,
        11783.016991483979,
        11754.564519809956,
        11741.991864752023,
        11734.139101737546,
        11716.029542424265,
        11680.545007044311,
        11645.060471664357,
        11641.892979950795,
        11639.673005941058,
        11641.433047419901,
        11646.173142144586,
        11653.118620112866,
        11670.669120305192,
        11688.219620497523,
        11713.940996877765,
        11742.069017538903,
        11784.271269454253,
        11850.152508967662,
        11916.03374848107,
        11941.540834619042,
        11965.932493629964,
        11991.878268401582,
        12018.980111747052,
        12052.203774305677,
        12114.538014000253,
        12176.872253694826,
        12243.402267218085,
        12311.15687558176,
        12376.88212329766,
        12439.216362992243,
        12501.550602686826,
        12592.943081129266,
        12685.089348503867,
        12786.586324743685,
        12894.99369812555,
        13001.785171499245,
        13100.977533826099,
        13159.987808031636
    ]
}