{
    "time": [
        24.840310746601503,
        24.850310746601505,
        24.860310746601506,
        24.870310746601508,
        24.88031074660151,
        24.89031074660151,
        24.900310746601512,
        24.910310746601514,
        24.920310746601515,
        24.930310746601517,
        24.94031074660152,
        24.95031074660152,
        24.96031074660152,
        24.970310746601523,
        24.980310746601525,
        24.990310746601526,
        25.000310746601528,
        25.01031074660153,
        25.02031074660153,
        25.030310746601533,
        25.040310746601534,
        25.050310746601536,
        25.060310746601537,
        25.07031074660154,
        25.08031074660154,
        25.090310746601542,
        25.100310746601544,
        25.110310746601545,
        25.120310746601547,
        25.13031074660155,
        25.14031074660155,
        25.15031074660155,
        25.160310746601553,
        25.170310746601555,
        25.180310746601556,
        25.190310746601558,
        25.20031074660156,
        25.21031074660156,
        25.220310746601562,
        25.230310746601564,
        25.240310746601565,
        25.250310746601567,
        25.26031074660157,
        25.27031074660157,
        25.28031074660157,
        25.290310746601573,
        25.300310746601575,
        25.310310746601576,
        25.320310746601578,
        25.33031074660158,
        25.34031074660158,
        25.350310746601583,
        25.360310746601584,
        25.370310746601586,
        25.380310746601587,
        25.39031074660159,
        25.40031074660159,
        25.410310746601592,
        25.420310746601594,
        25.430310746601595,
        25.440310746601597,
        25.4503107466016,
        25.4603107466016,
        25.4703107466016,
        25.480310746601603,
        25.490310746601605,
        25.500310746601606,
        25.510310746601608,
        25.52031074660161,
        25.53031074660161,
        25.540310746601612,
        25.550310746601614,
        25.560310746601616,
        25.570310746601617,
        25.58031074660162,
        25.59031074660162,
        25.60031074660162,
        25.610310746601623,
        25.620310746601625,
        25.630310746601626,
        25.63606299772207
    ],
    "frequency": [
        6360.639201193381,
        6435.655600383783,
        6510.671999574186,
        6585.688398764589,
        6660.704797954991,
        6735.721197145393,
        6810.737596335795,
        6908.138529028392,
        7009.410667935432,
        7110.68280684247,
        7211.9549457495095,
        7312.309814510791,
        7410.513100723685,
        7508.716386936578,
        7606.919673149471,
        7692.4843836645105,
        7767.374704873082,
        7842.265026081653,
        7917.155347290223,
        7980.616134495516,
        8038.485928156688,
        7970.642232150007,
        8062.052653222796,
        8191.82128143269,
        8321.589909642586,
        8454.009217276594,
        8622.357707927264,
        8790.706198577935,
        8959.054689228604,
        9127.403179879275,
        9299.087559149866,
        9523.333009586899,
        9747.578460023933,
        9971.823910460966,
        10159.290532050733,
        10295.284547154472,
        10431.278562258209,
        10567.272577361948,
        10703.266592465687,
        10839.152027540069,
        10975.020238744557,
        11088.966999946562,
        11135.262834875499,
        11181.558669804432,
        11227.854504733366,
        11263.534921943407,
        11269.046330863515,
        11274.557739783628,
        11303.364248301286,
        11335.663668019148,
        11367.96308773701,
        11400.262507454869,
        11432.56192717273,
        11468.631588121954,
        11504.800209160185,
        11540.968830198417,
        11578.192545949303,
        11617.544005638898,
        11656.895465328493,
        11696.246925018087,
        11735.598384707682,
        11774.949844397275,
        11828.089800716385,
        11889.005372991298,
        11949.92094526621,
        12010.836517541122,
        12074.893266176321,
        12145.830432599687,
        12216.767599023056,
        12287.704765446422,
        12358.64193186979,
        12429.579098293158,
        12500.516264716523,
        12562.876019512983,
        12600.211370262126,
        12637.54672101127,
        12674.88207176041,
        12695.611230296321,
        12792.660729126233,
        12908.400316448562,
        12974.976633534017
    ]
}