{
    "time": [
        48.09082785175145,
        48.10082785175145,
        48.110827851751445,
        48.12082785175144,
        48.13082785175144,
        48.14082785175144,
        48.15082785175144,
        48.160827851751435,
        48.17082785175143,
        48.18082785175143,
        48.19082785175143,
        48.20082785175143,
        48.210827851751425,
        48.22082785175142,
        48.23082785175142,
        48.24082785175142,
        48.25082785175142,
        48.260827851751415,
        48.27082785175141,
        48.28082785175141,
        48.29082785175141,
        48.30082785175141,
        48.310827851751405,
        48.3208278517514,
        48.3308278517514,
        48.3408278517514,
        48.3508278517514,
        48.360827851751395,
        48.37082785175139,
        48.38082785175139,
        48.39082785175139,
        48.40082785175139,
        48.410827851751385,
        48.42082785175138,
        48.43082785175138,
        48.44082785175138,
        48.45082785175138,
        48.460827851751375,
        48.47082785175137,
        48.48082785175137,
        48.49082785175137,
        48.50082785175137,
        48.510827851751365,
        48.52082785175136,
        48.53082785175136,
        48.54082785175136,
        48.55082785175136,
        48.560827851751355,
        48.57082785175135,
        48.58082785175135,
        48.59082785175135,
        48.60082785175135,
        48.610827851751345,
        48.62082785175134,
        48.63082785175134,
        48.64082785175134,
        48.65082785175134,
        48.660827851751336,
        48.66667999023474
    ],
    "frequency": [
        10979.464886513517,
        11044.473761172589,
        11109.48263583166,
        11182.21372353793,
        11303.969475407746,
        11425.72522727756,
        11531.375471615935,
        11632.577405967148,
        11733.779340318364,
        11834.981274669577,
        11936.18320902079,
        12037.385143372005,
        12138.58707772322,
        12239.789012074432,
        12340.990946425645,
        12442.192880776862,
        12545.12189059437,
        12650.136226582097,
        12755.150562569823,
        12860.164898557547,
        13106.7560689542,
        13501.961220083978,
        13570.542010933115,
        13639.122801782254,
        13707.703592631391,
        13776.284383480528,
        14028.745353500415,
        14178.675064096384,
        14262.686532886575,
        14350.066089314116,
        14443.412165747653,
        14536.75824218119,
        14630.104318614725,
        14937.364309866853,
        15016.708474835374,
        15096.052639803896,
        15175.396804772417,
        15467.513655627916,
        15582.896777471946,
        15622.902238800605,
        15662.907700129264,
        15713.358119317765,
        15789.201806420024,
        15865.045493522284,
        15955.5327351539,
        16048.878811587441,
        16145.249029058095,
        16278.90363849701,
        16412.558247935925,
        16743.942710303814,
        16928.32436093553,
        17092.694625959834,
        17284.832297152898,
        17500.427342335057,
        17766.463660170717,
        18032.499978006384,
        18339.35982245926,
        18647.40187468988,
        18827.672349526503
    ]
}