{
    "time": [
        29.138291561196244,
        29.148291561196245,
        29.158291561196247,
        29.16829156119625,
        29.17829156119625,
        29.18829156119625,
        29.198291561196253,
        29.208291561196255,
        29.218291561196256,
        29.228291561196258,
        29.23829156119626,
        29.24829156119626,
        29.258291561196263,
        29.268291561196264,
        29.278291561196266,
        29.288291561196267,
        29.29829156119627,
        29.30829156119627,
        29.318291561196272,
        29.328291561196274,
        29.338291561196275,
        29.348291561196277,
        29.35603877018266
    ],
    "frequency": [
        11064.056204266679,
        11153.496600966599,
        11242.93699766652,
        11353.235442763122,
        11473.361043788937,
        11593.486644814751,
        11713.612245840564,
        11833.73784686638,
        11958.104538142346,
        12083.157358242217,
        12208.210178342093,
        12333.262998441967,
        12429.102572388485,
        12515.497011306054,
        12601.891450223622,
        12683.77168560236,
        12763.909384399902,
        12844.047083197445,
        12924.184781994987,
        13004.322480792525,
        13084.460179590069,
        13164.59787838761,
        13226.682228414846
    ]
}