{
    "time": [
        33.20101846285289,
        33.21101846285289,
        33.22101846285289,
        33.23101846285289,
        33.241018462852885,
        33.25101846285288,
        33.26101846285288,
        33.27101846285288,
        33.28101846285288,
        33.291018462852875,
        33.30101846285287,
        33.31101846285287,
        33.32101846285287,
        33.33101846285287,
        33.341018462852865,
        33.35101846285286,
        33.36101846285286,
        33.37101846285286,
        33.38101846285286,
        33.391018462852855,
        33.40101846285285,
        33.41101846285285,
        33.42101846285285,
        33.43101846285285,
        33.441018462852846,
        33.45101846285284,
        33.46101846285284,
        33.47101846285284,
        33.48101846285284,
        33.491018462852836,
        33.501018462852834,
        33.51101846285283,
        33.52101846285283,
        33.53101846285283,
        33.541018462852826,
        33.551018462852824,
        33.56101846285282,
        33.57101846285282,
        33.58101846285282,
        33.591018462852816,
        33.601018462852814,
        33.60528159515069
    ],
    "frequency": [
        10393.518495774855,
        10936.819224000588,
        11439.471292527529,
        11755.678065568798,
        11950.00986784498,
        12040.559989215935,
        12014.319672799389,
        11942.454497108176,
        11870.589321416963,
        11776.525480233015,
        11654.354681557927,
        11532.183882882839,
        11387.6926941987,
        11128.978061710324,
        10870.263429221948,
        10571.636595031636,
        10220.523879511624,
        9869.411163991612,
        9592.709281271302,
        9325.909816517647,
        9059.11035176399,
        9019.489604145707,
        9036.83704907263,
        9101.515707194736,
        9166.194365316842,
        9244.47473327867,
        9367.19834099752,
        9489.921948716372,
        9612.645556435222,
        9735.369164154072,
        9858.092771872922,
        9980.816379591772,
        10107.333816604176,
        10258.70939944314,
        10410.084982282104,
        10561.460565121066,
        10712.836147960028,
        10864.211730798992,
        11015.587313637956,
        11166.962896476918,
        11318.338479315882,
        11382.871892947003
    ]
}