{
    "time": [
        32.778726574313595,
        32.78872657431359,
        32.79872657431359,
        32.80872657431359,
        32.81872657431359,
        32.828726574313585,
        32.83872657431358,
        32.84872657431358,
        32.85872657431358,
        32.86872657431358,
        32.878726574313575,
        32.88872657431357,
        32.89872657431357,
        32.898908457999184
    ],
    "frequency": [
        12333.341004040532,
        12128.037784960137,
        11922.734565879742,
        11668.877350290277,
        11332.708336591404,
        10996.539322892531,
        10835.521523840567,
        10675.841242333592,
        10516.160960826624,
        10356.48067931967,
        10232.274021354453,
        10223.402894604065,
        10214.53176785368,
        10214.37041653079
    ]
}