{
    "time": [
        23.4780508211536,
        23.488050821153603,
        23.498050821153605,
        23.508050821153606,
        23.518050821153608,
        23.52805082115361,
        23.53805082115361,
        23.548050821153613,
        23.558050821153614,
        23.568050821153616,
        23.578050821153617,
        23.58805082115362,
        23.59805082115362,
        23.608050821153622,
        23.618050821153624,
        23.628050821153625,
        23.638050821153627,
        23.648050821153628,
        23.65805082115363,
        23.66805082115363,
        23.678050821153633,
        23.688050821153634,
        23.698050821153636,
        23.708050821153638,
        23.71805082115364,
        23.72805082115364,
        23.738050821153642,
        23.748050821153644,
        23.758050821153645,
        23.768050821153647,
        23.77805082115365,
        23.78805082115365,
        23.79805082115365,
        23.808050821153653,
        23.818050821153655,
        23.828050821153656,
        23.838050821153658,
        23.84805082115366,
        23.85805082115366,
        23.868050821153663,
        23.878050821153664,
        23.888050821153666,
        23.898050821153667,
        23.90805082115367,
        23.91805082115367,
        23.928050821153672,
        23.938050821153674,
        23.948050821153675,
        23.958050821153677,
        23.96805082115368,
        23.97805082115368,
        23.98805082115368,
        23.998050821153683,
        24.008050821153684,
        24.018050821153686,
        24.028050821153688,
        24.03805082115369,
        24.04805082115369,
        24.058050821153692,
        24.05807685667562
    ],
    "frequency": [
        8894.07832017219,
        8991.781601478235,
        9089.484882784282,
        9187.188164090328,
        9306.88589484019,
        9452.045055637733,
        9597.204216435275,
        9727.68878905427,
        9848.674131829925,
        9969.659474605574,
        10111.483558336977,
        10272.590710056504,
        10435.957999999591,
        10615.945763498286,
        10795.933526996982,
        10965.553609576953,
        11131.142351995775,
        11301.343773973857,
        11481.331537472579,
        11661.3193009713,
        11794.908616991168,
        11924.499806710246,
        12035.336751628845,
        12128.930388648168,
        12219.030632546088,
        12283.826227405629,
        12348.621822265168,
        12418.452994467913,
        12490.226682305132,
        12574.450513613618,
        12684.895664498308,
        12795.340815382999,
        12835.520166162394,
        12869.777142796302,
        12916.027717873068,
        12973.235152724925,
        13031.799030371065,
        13100.042853352628,
        13168.286676334192,
        13269.363682096126,
        13383.005715747538,
        13481.60727356829,
        13548.76299322235,
        13615.918712876406,
        13754.118050175439,
        13898.171930717986,
        14030.24171994374,
        14151.433322691155,
        14272.624925438562,
        14393.816528185973,
        14515.008130933384,
        14646.130607750412,
        14786.279141131366,
        14926.427674512322,
        15066.576207893277,
        15234.694444540244,
        15445.393940303447,
        15656.09343606665,
        15866.792931829854,
        15867.341498964044
    ]
}