{
    "time": [
        40.80653148999963,
        40.816531489999626,
        40.826531489999624,
        40.83653148999962,
        40.84653148999962,
        40.85653148999962,
        40.866531489999616,
        40.876531489999614,
        40.88653148999961,
        40.89653148999961,
        40.90653148999961,
        40.916531489999606,
        40.926531489999604,
        40.9365314899996,
        40.9465314899996,
        40.9565314899996,
        40.966531489999596,
        40.976531489999594,
        40.98653148999959,
        40.99653148999959,
        41.00653148999959,
        41.016531489999586,
        41.026531489999584,
        41.03653148999958,
        41.04653148999958,
        41.05653148999958,
        41.066531489999576,
        41.076531489999574,
        41.08653148999957,
        41.09653148999957,
        41.10653148999957,
        41.116531489999566,
        41.126531489999564,
        41.13653148999956,
        41.14653148999956,
        41.15653148999956,
        41.16653148999956,
        41.176531489999554,
        41.18653148999955,
        41.19653148999955,
        41.20653148999955,
        41.21653148999955,
        41.226531489999545,
        41.23653148999954,
        41.24653148999954,
        41.25653148999954,
        41.26653148999954,
        41.276531489999535,
        41.28653148999953,
        41.29653148999953,
        41.30653148999953,
        41.31653148999953,
        41.326531489999525,
        41.33653148999952,
        41.34653148999952,
        41.35653148999952,
        41.36653148999952,
        41.376531489999515,
        41.38653148999951,
        41.39653148999951,
        41.40653148999951,
        41.41653148999951,
        41.41693378459574
    ],
    "frequency": [
        7624.015750244876,
        7985.20535914326,
        8346.394968041643,
        8707.584576940026,
        9054.825557086253,
        9391.042807493952,
        9727.26005790165,
        10063.47730830935,
        10399.694558717048,
        10833.76206366174,
        11370.915840997684,
        11908.069618333631,
        12460.826293744525,
        13340.647135932897,
        14021.036487785666,
        14444.957732725958,
        14814.482486445071,
        14982.799548952766,
        15109.74966790807,
        15048.162208954884,
        14950.220069452602,
        14747.184490486115,
        14544.148911519631,
        14389.358418825084,
        14236.812878877376,
        14054.564275852643,
        13872.31567282791,
        13314.938565367847,
        12374.653333574435,
        10740.700340938893,
        9751.265296154952,
        9366.304283269368,
        9234.761542420665,
        9204.306205575685,
        9173.850868730711,
        9143.395531885732,
        9112.940195040755,
        9143.91691850975,
        9192.795854186883,
        9241.674789864015,
        9290.553725541147,
        9339.43266121828,
        9413.98662055831,
        9491.913609437843,
        9569.840598317376,
        9647.767587196908,
        9725.694576076441,
        9803.621564955974,
        9925.795967342006,
        10085.001643547519,
        10244.207319753034,
        10403.41299595855,
        10697.221854313606,
        11038.1524306616,
        11379.083007009593,
        11828.131019202943,
        12297.368801703285,
        12767.835605145536,
        13246.849174781426,
        13700.255827430137,
        14127.597379350203,
        14554.938931270268,
        14572.130650978672
    ]
}