{
    "time": [
        44.24741214939701,
        44.257412149397005,
        44.267412149397,
        44.277412149397,
        44.287412149397,
        44.297412149397,
        44.307412149396995,
        44.31741214939699,
        44.32741214939699,
        44.33741214939699,
        44.34741214939699,
        44.357412149396986,
        44.36741214939698,
        44.37741214939698,
        44.38741214939698,
        44.39741214939698,
        44.407412149396976,
        44.417412149396974,
        44.42741214939697,
        44.42771378913967
    ],
    "frequency": [
        11515.097473476893,
        11343.138331199669,
        11171.179188922444,
        10999.220046645221,
        10848.069454548695,
        10710.740972868974,
        10573.412491189252,
        10441.148397896804,
        10397.68619710146,
        10358.742032158645,
        10349.32522198632,
        10422.537539679808,
        10539.30598581662,
        10656.07443195343,
        10772.84287809024,
        10975.067889141726,
        11180.84262994437,
        11386.617370747015,
        11592.392111549658,
        11598.599095536683
    ]
}