{
    "time": [
        28.642741425669506,
        28.652741425669507,
        28.66274142566951,
        28.67274142566951,
        28.682741425669512,
        28.692741425669514,
        28.702741425669515,
        28.712741425669517,
        28.72274142566952,
        28.73274142566952,
        28.74274142566952,
        28.752741425669523,
        28.762741425669525,
        28.772741425669526,
        28.782741425669528,
        28.79274142566953,
        28.80274142566953,
        28.812741425669532,
        28.822741425669534,
        28.832741425669536,
        28.842741425669537,
        28.85274142566954,
        28.86274142566954,
        28.872741425669542,
        28.882741425669543,
        28.892741425669545,
        28.902741425669547,
        28.912741425669548,
        28.92274142566955,
        28.924956174637497
    ],
    "frequency": [
        9805.991679800069,
        9222.775880850015,
        8624.22886502395,
        8432.814448958263,
        8272.124232848186,
        8215.569973556043,
        8159.0157142639,
        8119.746690564315,
        8175.291052369093,
        8230.83541417387,
        8286.379775978647,
        8356.72893094539,
        8473.372090735425,
        8590.015250525463,
        8706.658410315496,
        8807.58544981735,
        8943.170583400166,
        9146.028252600214,
        9348.88592180026,
        9557.779578679252,
        9804.026249347104,
        10050.272920014957,
        10296.519590682808,
        10610.37555356081,
        10942.631826902112,
        11274.888100243414,
        11681.731730014712,
        12118.680709545639,
        12555.629689076566,
        12652.402919222739
    ]
}