{
    "time": [
        21.235428456343147,
        21.24542845634315,
        21.25542845634315,
        21.26542845634315,
        21.275428456343153,
        21.285428456343155,
        21.295428456343156,
        21.305428456343158,
        21.31542845634316,
        21.32542845634316,
        21.335428456343163,
        21.345428456343164,
        21.355428456343166,
        21.365428456343167,
        21.37542845634317,
        21.38542845634317,
        21.395428456343172,
        21.405428456343174,
        21.415428456343175,
        21.42103655571818
    ],
    "frequency": [
        10039.195745420195,
        9949.069662722062,
        9858.943580023932,
        9929.185645004998,
        10139.959284053162,
        10220.201361857706,
        10334.0430748701,
        10530.554285819993,
        10678.533783867677,
        10772.188555722832,
        10863.651550827022,
        10947.663140640172,
        11031.67473045332,
        11047.232724533897,
        11048.531697558894,
        11028.16067033934,
        10978.820238333312,
        10927.295074503416,
        10800.61237927181,
        10729.567464876567
    ]
}