{
    "time": [
        37.04481127198091,
        37.05481127198091,
        37.06481127198091,
        37.074811271980906,
        37.084811271980904,
        37.0948112719809,
        37.1048112719809,
        37.1148112719809,
        37.124811271980896,
        37.134811271980894,
        37.14481127198089,
        37.15481127198089,
        37.16481127198089,
        37.174811271980886,
        37.184811271980884,
        37.19481127198088,
        37.20481127198088,
        37.21481127198088,
        37.224811271980876,
        37.234811271980874,
        37.24481127198087,
        37.25481127198087,
        37.26481127198087,
        37.274811271980866,
        37.284811271980864,
        37.29481127198086,
        37.30481127198086,
        37.31481127198086,
        37.324811271980856,
        37.334811271980854,
        37.34481127198085,
        37.35481127198085,
        37.36481127198085,
        37.374811271980846,
        37.384811271980844,
        37.39481127198084,
        37.40481127198084,
        37.41481127198084,
        37.424811271980836,
        37.434811271980834,
        37.44481127198083,
        37.45481127198083,
        37.46481127198083,
        37.474811271980826,
        37.484811271980824,
        37.49481127198082,
        37.50481127198082,
        37.51481127198082,
        37.524811271980816,
        37.534811271980814,
        37.54481127198081,
        37.55481127198081,
        37.56112865675828
    ],
    "frequency": [
        9351.445047211608,
        8621.295992459462,
        8368.3467305265,
        8256.914904005118,
        8377.470503490693,
        8512.395079763017,
        8829.276692249066,
        9318.890994626163,
        9856.677876207897,
        10528.602266044156,
        11268.419897505017,
        11759.81204222092,
        11999.046592069712,
        12119.641247827603,
        12240.235903585499,
        12313.359308361169,
        12355.860549886955,
        12326.927177639678,
        12210.352343740404,
        12082.908234486615,
        11912.065805496262,
        11741.223376505915,
        11568.481369750705,
        11394.428666359385,
        11220.375962968066,
        10993.382273769555,
        10669.563290715938,
        10242.447676337093,
        9873.92636748168,
        9734.543413906433,
        9621.629242229717,
        9599.21100494139,
        9576.79276765306,
        9591.517311115394,
        9610.946450098607,
        9629.527935930693,
        9644.473427456247,
        9659.4189189818,
        9674.364410507354,
        9673.909737857246,
        9666.240340890188,
        9596.939387046687,
        9525.857171254433,
        9454.774955462177,
        9351.613529816907,
        9167.54800260747,
        9000.122373882574,
        8845.002635226276,
        8689.88289656998,
        8542.156169832399,
        8396.43762745827,
        8257.251149989217,
        8171.770569145909
    ]
}