{
    "time": [
        49.354733470129005,
        49.364733470129,
        49.374733470129,
        49.384733470129,
        49.394733470129,
        49.404733470128996,
        49.41473347012899,
        49.42473347012899,
        49.43473347012899,
        49.44473347012899,
        49.454733470128986,
        49.464733470128984,
        49.47473347012898,
        49.48473347012898,
        49.49473347012898,
        49.504733470128976,
        49.514733470128974,
        49.52473347012897,
        49.53473347012897,
        49.54473347012897,
        49.554733470128966,
        49.564733470128964,
        49.56969473081501
    ],
    "frequency": [
        10666.60497291315,
        10920.840327952106,
        11072.446357126038,
        11155.7047190101,
        11149.812426276374,
        11121.712729140498,
        11019.6644645607,
        10899.237191121223,
        10778.758483180945,
        10622.64905464834,
        10466.539626115733,
        10343.181338391161,
        10241.487196375601,
        10139.79305436004,
        10048.065825895354,
        10043.605556508704,
        10039.145287122057,
        10034.685017735412,
        10030.224748348764,
        10029.793267729856,
        10029.793267729856,
        10029.793267729856,
        10029.793267729856
    ]
}