{
    "time": [
        33.83246851454361,
        33.84246851454361,
        33.85246851454361,
        33.86246851454361,
        33.872468514543606,
        33.8824685145436,
        33.8924685145436,
        33.9024685145436,
        33.9124685145436,
        33.922468514543596,
        33.932468514543594,
        33.94246851454359,
        33.95246851454359,
        33.96246851454359,
        33.972468514543586,
        33.982468514543584,
        33.99246851454358,
        34.00246851454358,
        34.01246851454358,
        34.022468514543576,
        34.032468514543574,
        34.04246851454357,
        34.05246851454357,
        34.06246851454357,
        34.072468514543566,
        34.082468514543564,
        34.09246851454356,
        34.10246851454356,
        34.11246851454356,
        34.122468514543556,
        34.132468514543554,
        34.14246851454355,
        34.15246851454355,
        34.16246851454355,
        34.172468514543546,
        34.182468514543544,
        34.19246851454354,
        34.19286821584691
    ],
    "frequency": [
        7653.697675311805,
        7717.87335174425,
        7782.049028176693,
        7846.224704609138,
        7903.984166344367,
        7955.850284150751,
        8007.716401957133,
        8059.582519763515,
        8110.608622650623,
        8160.745869863472,
        8210.88311707632,
        8261.02036428917,
        8349.555202849037,
        8443.931197602615,
        8596.44698006842,
        8806.545920769888,
        9016.64486147135,
        9236.867357287012,
        9464.41332540682,
        9691.95929352663,
        9919.505261646438,
        10085.68873218155,
        10249.470406410155,
        10413.252080638762,
        10577.033754867367,
        10700.976561235108,
        10814.18970010283,
        10927.402838970555,
        11040.615977838275,
        11145.124159997975,
        11239.97841148173,
        11334.832662965488,
        11429.686914449243,
        11524.541165933,
        11611.557785825265,
        11682.339781890449,
        11753.121777955632,
        11755.95094356384
    ]
}