{
    "time": [
        17.188780826554726,
        17.198780826554728,
        17.20878082655473,
        17.21878082655473,
        17.228780826554733,
        17.238780826554734,
        17.248780826554736,
        17.258780826554737,
        17.26878082655474,
        17.27878082655474,
        17.288780826554742,
        17.298780826554744,
        17.308780826554745,
        17.318780826554747,
        17.32878082655475,
        17.330096808029804
    ],
    "frequency": [
        13445.59199668514,
        13317.817442959571,
        13191.729545576965,
        13085.318292751257,
        12978.907039925552,
        12881.423158694837,
        12794.81837399109,
        12708.213589287345,
        12601.289904385914,
        12489.981563357927,
        12365.964028243681,
        12189.24152554576,
        12012.51902284784,
        11870.170907577847,
        11754.17333755295,
        11738.908272222525
    ]
}