{
    "time": [
        27.397799082407285,
        27.407799082407287,
        27.41779908240729,
        27.42779908240729,
        27.43779908240729,
        27.447799082407293,
        27.457799082407295,
        27.467799082407296,
        27.477799082407298,
        27.4877990824073,
        27.4977990824073,
        27.507799082407303,
        27.517799082407304,
        27.527799082407306,
        27.537799082407307,
        27.54779908240731,
        27.55779908240731,
        27.567799082407312,
        27.577799082407314,
        27.587799082407315,
        27.597799082407317,
        27.60779908240732,
        27.61779908240732,
        27.62779908240732,
        27.637799082407323,
        27.647799082407325,
        27.657799082407326,
        27.667799082407328,
        27.67779908240733,
        27.68779908240733,
        27.697799082407332,
        27.707799082407334,
        27.717799082407335,
        27.727799082407337,
        27.73779908240734,
        27.74779908240734,
        27.75779908240734,
        27.767799082407343,
        27.777799082407345,
        27.787799082407346,
        27.797799082407348,
        27.80779908240735,
        27.81779908240735,
        27.827799082407353,
        27.837799082407354,
        27.847799082407356,
        27.857799082407357,
        27.86779908240736,
        27.87779908240736,
        27.887799082407362,
        27.897799082407364,
        27.907799082407365,
        27.917799082407367,
        27.92779908240737,
        27.928770201771275
    ],
    "frequency": [
        11358.438982612965,
        11415.001983457832,
        11471.564984302702,
        11528.12798514757,
        11584.690985992442,
        11641.25398683731,
        11697.816987682178,
        11754.379988527045,
        11810.942989371917,
        11867.505990216787,
        11921.976295252774,
        11973.748440834828,
        12025.520586416882,
        12077.292731998932,
        12129.064877580986,
        12180.837023163038,
        12232.60916874509,
        12284.381314327144,
        12336.153459909196,
        12378.148770694028,
        12416.528468894609,
        12454.908167095193,
        12493.287865295775,
        12531.667563496358,
        12570.047261696938,
        12608.426959897522,
        12646.806658098103,
        12685.186356298687,
        12723.566054499268,
        12756.905517776939,
        12784.162936090823,
        12811.420354404707,
        12838.677772718589,
        12865.935191032473,
        12893.192609346357,
        12920.450027660241,
        12947.707445974125,
        12974.964864288007,
        13002.222282601891,
        13029.479700915776,
        13056.737119229658,
        13086.885630970413,
        13120.380640309104,
        13153.875649647794,
        13187.370658986485,
        13220.865668325177,
        13257.76482006494,
        13295.778997330282,
        13333.79317459562,
        13371.807351860962,
        13393.383232512051,
        13413.121363015209,
        13432.859493518366,
        13452.597624021524,
        13454.514432095417
    ]
}