{
    "time": [
        54.061713280543884,
        54.07171328054388,
        54.08171328054388,
        54.09171328054388,
        54.101713280543876,
        54.111713280543874,
        54.12171328054387,
        54.13171328054387,
        54.14171328054387,
        54.151713280543866,
        54.161713280543864,
        54.17171328054386,
        54.18171328054386,
        54.18935545503216
    ],
    "frequency": [
        12066.35109851699,
        12514.655683871868,
        12694.17484862632,
        12867.193128519662,
        12959.879653800483,
        13052.566179081301,
        13145.25270436212,
        13198.352300389053,
        13246.24772972077,
        13294.143159052484,
        13312.156514778433,
        13328.881902799032,
        13345.607290819631,
        13358.38912418342
    ]
}