{
    "time": [
        51.03200268654949,
        51.04200268654949,
        51.052002686549486,
        51.062002686549484,
        51.07200268654948,
        51.08200268654948,
        51.09200268654948,
        51.102002686549476,
        51.112002686549474,
        51.12200268654947,
        51.13200268654947,
        51.14200268654947,
        51.152002686549466,
        51.162002686549464,
        51.17200268654946,
        51.18200268654946,
        51.19200268654946,
        51.202002686549456,
        51.212002686549454,
        51.22200268654945,
        51.23200268654945,
        51.24200268654945,
        51.252002686549446,
        51.262002686549444,
        51.27200268654944,
        51.28200268654944,
        51.29200268654944,
        51.302002686549436,
        51.312002686549434,
        51.32200268654943,
        51.33200268654943,
        51.34200268654943,
        51.352002686549426,
        51.362002686549424,
        51.37200268654942,
        51.38200268654942,
        51.39200268654942,
        51.402002686549416,
        51.412002686549414,
        51.42200268654941,
        51.43200268654941,
        51.44200268654941,
        51.452002686549406,
        51.462002686549404,
        51.4720026865494,
        51.4820026865494,
        51.4920026865494,
        51.502002686549396,
        51.512002686549394,
        51.52200268654939,
        51.53200268654939,
        51.54200268654939,
        51.552002686549386,
        51.562002686549384,
        51.57200268654938,
        51.58200268654938,
        51.59200268654938,
        51.602002686549376,
        51.612002686549374,
        51.62200268654937,
        51.63200268654937,
        51.64200268654937,
        51.652002686549366,
        51.662002686549364,
        51.67200268654936,
        51.68200268654936,
        51.69200268654936,
        51.702002686549356,
        51.712002686549354,
        51.71933297978886
    ],
    "frequency": [
        13367.053797864957,
        13285.154800152508,
        13203.255802440057,
        13121.356804727608,
        13039.457807015158,
        12961.37805174516,
        12906.511076153492,
        12851.644100561825,
        12796.777124970158,
        12742.484246641334,
        12692.73818877155,
        12642.992130901766,
        12527.022024328056,
        12388.025686162451,
        12315.34311344279,
        12286.129972993327,
        12337.948783274358,
        12389.767593555389,
        12457.183820441112,
        12554.513064099367,
        12651.842307757619,
        12810.844447372649,
        13008.113297545926,
        13205.382147719201,
        13411.039555464187,
        13654.795239026153,
        13898.550922588121,
        14139.917202693636,
        14372.703242725313,
        14605.489282756987,
        14838.275322788664,
        15071.061362820341,
        15350.420044420262,
        15661.332906106407,
        15972.245767792554,
        16283.608091218213,
        16605.49434802266,
        16923.05484682624,
        17080.902915066887,
        17238.75098330753,
        17396.599051548175,
        17495.36857756656,
        17590.71518848365,
        17686.061799400733,
        17771.749694870326,
        17842.335317523393,
        17912.92094017646,
        17983.506562829527,
        18053.81784048322,
        18073.454442273924,
        18093.091044064626,
        18112.72764585533,
        18132.364247646037,
        18152.00084943674,
        18171.63745122744,
        18196.092215790024,
        18234.956323500806,
        18295.864365721463,
        18396.911045769448,
        18524.936358962546,
        18684.834402115448,
        18726.859554504364,
        18739.296068971806,
        18735.155826344486,
        18708.97369062355,
        18686.103683378253,
        18678.566401882832,
        18671.029120387408,
        18663.491838891983,
        18657.96679053297
    ]
}