{
    "time": [
        50.47361507797906,
        50.48361507797906,
        50.49361507797906,
        50.503615077979056,
        50.513615077979054,
        50.52361507797905,
        50.53361507797905,
        50.54361507797905,
        50.553615077979046,
        50.563615077979044,
        50.57361507797904,
        50.58361507797904,
        50.59361507797904,
        50.603615077979036,
        50.613615077979034,
        50.61994446264352
    ],
    "frequency": [
        10019.03348270872,
        10123.465666760403,
        10227.897850812084,
        10294.0979200655,
        10315.71084163446,
        10337.323763203418,
        10358.936684772381,
        10363.794913696045,
        10362.416538595986,
        10361.038163495925,
        10359.659788395864,
        10358.281413295803,
        10356.903038195742,
        10355.524663095679,
        10354.14628799562,
        10353.273861373596
    ]
}