{
    "time": [
        50.84122117051061,
        50.851221170510605,
        50.8612211705106,
        50.8712211705106,
        50.8812211705106,
        50.8912211705106,
        50.901221170510595,
        50.91122117051059,
        50.92122117051059,
        50.93122117051059,
        50.94122117051059,
        50.951221170510586,
        50.96122117051058,
        50.96920410611919
    ],
    "frequency": [
        8490.995767449056,
        8482.750760730283,
        8474.505754011509,
        8442.624036304322,
        8380.700867573936,
        8318.77769884355,
        8259.188562705753,
        8199.915648059083,
        8141.648809427029,
        8085.509854990349,
        8029.370900553666,
        8013.451331288689,
        8010.137732862113,
        8007.4925085748955
    ]
}