{
    "time": [
        24.666319898383293,
        24.676319898383294,
        24.686319898383296,
        24.696319898383297,
        24.7063198983833,
        24.7163198983833,
        24.726319898383302,
        24.736319898383304,
        24.746319898383305,
        24.756319898383307,
        24.76631989838331,
        24.77631989838331,
        24.78631989838331,
        24.796319898383313,
        24.806319898383315,
        24.816319898383316,
        24.826319898383318,
        24.83631989838332,
        24.84631989838332,
        24.856319898383322,
        24.866319898383324,
        24.876319898383326,
        24.886319898383327,
        24.89631989838333,
        24.90631989838333,
        24.916319898383332,
        24.926319898383333,
        24.936319898383335,
        24.946319898383337,
        24.956319898383338,
        24.96631989838334,
        24.97631989838334,
        24.986319898383343,
        24.996319898383344,
        25.006319898383346,
        25.016319898383347,
        25.02631989838335,
        25.03631989838335,
        25.046319898383352,
        25.056319898383354,
        25.066319898383355,
        25.076319898383357,
        25.08631989838336,
        25.09631989838336,
        25.10631989838336,
        25.116319898383363,
        25.126319898383365,
        25.136319898383366,
        25.146319898383368,
        25.15631989838337,
        25.16631989838337,
        25.176319898383372,
        25.186319898383374,
        25.196319898383376,
        25.206319898383377,
        25.21631989838338,
        25.22072670181594
    ],
    "frequency": [
        6826.2315065746725,
        6561.532476413362,
        6389.795269129415,
        6285.806364423198,
        6260.917033012705,
        6272.733954002049,
        6284.550874991394,
        6364.805627093569,
        6481.8494159403945,
        6635.746450991505,
        6808.611123749901,
        6981.475796508295,
        7196.677994174728,
        7492.888813640957,
        7789.099633107187,
        8089.917216983481,
        8336.175360530056,
        8420.931207626043,
        8505.687054722028,
        8548.14397351119,
        8551.520236651002,
        8554.896499790815,
        8558.272762930628,
        8561.649026070441,
        8564.87362045431,
        8567.536588564584,
        8570.19955667486,
        8572.862524785134,
        8575.52549289541,
        8578.188461005682,
        8580.851429115957,
        8583.859584381531,
        8587.235847521342,
        8590.612110661155,
        8593.988373800967,
        8597.36463694078,
        8600.144006594122,
        8600.144006594122,
        8600.144006594122,
        8600.144006594122,
        8600.144006594122,
        8600.14400659412,
        8613.462814739767,
        8630.651063451542,
        8647.839312163314,
        8669.200797139318,
        8700.174594136348,
        8779.783325011935,
        8902.26333333271,
        9111.591648001093,
        9320.919962669472,
        9510.970892523801,
        9691.821161578098,
        9834.304193988171,
        9937.988145894677,
        10041.672097801182,
        10087.363577317497
    ]
}