{
    "time": [
        36.056510811559214,
        36.06651081155921,
        36.07651081155921,
        36.08651081155921,
        36.096510811559206,
        36.106510811559204,
        36.1165108115592,
        36.1265108115592,
        36.1365108115592,
        36.146510811559196,
        36.156510811559194,
        36.16651081155919,
        36.17651081155919,
        36.18651081155919,
        36.196510811559186,
        36.206510811559184,
        36.21651081155918,
        36.22651081155918,
        36.23651081155918,
        36.246510811559176,
        36.256510811559174,
        36.26651081155917,
        36.27651081155917,
        36.28651081155917,
        36.296510811559166,
        36.306510811559164,
        36.31651081155916,
        36.32651081155916,
        36.33651081155916,
        36.346510811559156,
        36.356510811559154,
        36.36651081155915,
        36.37651081155915,
        36.38651081155915,
        36.396510811559146,
        36.406510811559144,
        36.41651081155914,
        36.42651081155914,
        36.43651081155914,
        36.446510811559136,
        36.456510811559134,
        36.46651081155913,
        36.47651081155913,
        36.48651081155913,
        36.496510811559126,
        36.506510811559124,
        36.51651081155912,
        36.52651081155912,
        36.53651081155912,
        36.546510811559116,
        36.556510811559114,
        36.56651081155911,
        36.57651081155911,
        36.578153068444614
    ],
    "frequency": [
        6374.040114396216,
        6493.2371262374145,
        6658.278620154282,
        6858.181942096365,
        7057.319666758094,
        7250.46297298231,
        7443.606279206526,
        7637.450619959224,
        7832.587663537994,
        8027.724707116763,
        8208.696732296734,
        8325.509803901148,
        8442.322875505562,
        8489.6942327206,
        8495.183568792236,
        8500.672904863868,
        8506.162240935504,
        8505.165396013239,
        8501.854367906537,
        8498.543339799839,
        8495.232311693137,
        8491.921283586436,
        8488.610255479736,
        8486.270085068263,
        8486.270085068263,
        8486.270085068263,
        8486.270085068263,
        8486.270085068263,
        8486.270085068263,
        8505.926069742432,
        8540.691864862778,
        8580.493781204466,
        8622.212735348909,
        8644.467182247656,
        8657.50435541779,
        8670.541528587923,
        8678.290991492993,
        8678.290991492993,
        8690.804288209158,
        8725.570083329516,
        8769.354837524197,
        8821.50353020474,
        8873.652222885283,
        9173.998296318056,
        10115.37193093611,
        10178.281464963427,
        10241.190998990742,
        10304.10053301806,
        10367.010067045376,
        10429.919601072692,
        10492.829135100008,
        10797.413729714484,
        12257.577124769274,
        12497.373463718206
    ]
}