{
    "time": [
        20.449976130623398,
        20.4599761306234,
        20.4699761306234,
        20.479976130623402,
        20.489976130623404,
        20.499976130623406,
        20.509976130623407,
        20.51997613062341,
        20.52997613062341,
        20.539976130623412,
        20.54296801668891
    ],
    "frequency": [
        11502.50459795154,
        11479.855170871704,
        11457.205743791865,
        11434.556316712027,
        11413.598238006096,
        11430.375591398566,
        11447.15294479104,
        11463.930298183512,
        11480.707651575984,
        11497.485004968456,
        11502.504597951542
    ]
}