{
    "time": [
        52.89631168748863,
        52.906311687488625,
        52.91631168748862,
        52.92631168748862,
        52.93631168748862,
        52.94631168748862,
        52.956311687488615,
        52.96631168748861,
        52.97616372135883
    ],
    "frequency": [
        7898.808387030478,
        7787.298179466689,
        7675.787971902901,
        7654.046082328962,
        7670.225372647791,
        7786.381838860104,
        7902.538305072417,
        8148.026551907187,
        8445.564686142958
    ]
}