{
    "time": [
        30.54792694307426,
        30.55792694307426,
        30.567926943074262,
        30.577926943074264,
        30.587926943074265,
        30.597926943074267,
        30.60792694307427,
        30.61792694307427,
        30.62792694307427,
        30.637926943074273,
        30.647926943074275,
        30.657926943074276,
        30.667926943074278,
        30.67792694307428,
        30.68792694307428,
        30.697926943074282,
        30.707926943074284,
        30.717926943074286,
        30.727926943074287,
        30.73792694307429,
        30.74792694307429,
        30.757926943074292,
        30.767926943074293,
        30.777926943074295,
        30.77989601386482
    ],
    "frequency": [
        7769.712715458407,
        7735.050665229226,
        7700.388615000046,
        7666.409066848539,
        7633.362154305112,
        7600.315241761687,
        7547.084131577756,
        7490.154318650277,
        7434.2843050290485,
        7381.313433633515,
        7328.342562237984,
        7291.9326538950645,
        7262.954015266676,
        7234.614853475632,
        7211.30385851424,
        7187.99286355285,
        7165.097371597731,
        7142.562444377878,
        7120.027517158025,
        7060.5279821350705,
        6999.406304931885,
        6954.976439924627,
        6937.719745769669,
        6920.463051614711,
        6917.065086374554
    ]
}