{
    "time": [
        21.419476273677695,
        21.429476273677697,
        21.4394762736777,
        21.4494762736777,
        21.4594762736777,
        21.469476273677703,
        21.479476273677705,
        21.489476273677706,
        21.499476273677708,
        21.50947627367771,
        21.51947627367771,
        21.529476273677712,
        21.539476273677714,
        21.549476273677715,
        21.559476273677717,
        21.56947627367772,
        21.57947627367772,
        21.58947627367772,
        21.599476273677723,
        21.609476273677725,
        21.619476273677726,
        21.629476273677728,
        21.63947627367773,
        21.64947627367773,
        21.659476273677733,
        21.669476273677734,
        21.679476273677736,
        21.689476273677737,
        21.69947627367774,
        21.70947627367774,
        21.719476273677742,
        21.729476273677744,
        21.739476273677745,
        21.749476273677747,
        21.75947627367775,
        21.76947627367775,
        21.77947627367775,
        21.789476273677753,
        21.799476273677755,
        21.809476273677756,
        21.819476273677758,
        21.82947627367776,
        21.83947627367776,
        21.849476273677762,
        21.859476273677764,
        21.869476273677765,
        21.879476273677767,
        21.88947627367777,
        21.89947627367777,
        21.90947627367777,
        21.919476273677773,
        21.9239277326652
    ],
    "frequency": [
        10685.066691821648,
        10722.442698700626,
        10759.818705579604,
        10797.194712458582,
        10833.506508557593,
        10841.688321008713,
        10849.870133459834,
        10858.051945910953,
        10866.233758362072,
        10874.415570813193,
        10882.59738326431,
        10890.779195715431,
        10898.96100816655,
        10907.14282061767,
        10915.324633068789,
        10923.50644551991,
        10931.688257971029,
        10931.969302790065,
        10931.969302790065,
        10931.969302790065,
        10931.969302790065,
        10931.969302790065,
        10931.969302790065,
        10931.969302790065,
        10931.969302790065,
        10930.78943200618,
        10922.224097096412,
        10913.65876218665,
        10905.093427276883,
        10896.528092367116,
        10887.962757457351,
        10879.397422547585,
        10870.832087637818,
        10846.732794789288,
        10821.487597160503,
        10796.242399531722,
        10770.997201902937,
        10745.752004274153,
        10720.506806645368,
        10695.134244462546,
        10668.393686695472,
        10641.6531289284,
        10614.912571161323,
        10588.172013394249,
        10561.431455627175,
        10534.6908978601,
        10507.950340093028,
        10462.428309582285,
        10408.801864929836,
        10355.175420277386,
        10301.548975624937,
        10277.677383723758
    ]
}