{
    "time": [
        39.12975818345142,
        39.13975818345142,
        39.14975818345142,
        39.159758183451416,
        39.169758183451414,
        39.17975818345141,
        39.18975818345141,
        39.19975818345141,
        39.209758183451406,
        39.219758183451404,
        39.225284942826576
    ],
    "frequency": [
        11763.457827262155,
        11821.269837439295,
        11879.081847616435,
        11916.021944110624,
        11952.727982318336,
        11990.075192673974,
        12028.616532792079,
        12070.166458523036,
        12117.60195405301,
        12218.488153542941,
        12286.650941648362
    ]
}