{
    "time": [
        34.81027113459698,
        34.82027113459698,
        34.83027113459698,
        34.840271134596975,
        34.85027113459697,
        34.86027113459697,
        34.87027113459697,
        34.88027113459697,
        34.890271134596965,
        34.90027113459696,
        34.91027113459696,
        34.92027113459696,
        34.93027113459696,
        34.940271134596955,
        34.95027113459695,
        34.96027113459695,
        34.97027113459695,
        34.98027113459695,
        34.990271134596945,
        35.00027113459694,
        35.01027113459694,
        35.02027113459694,
        35.03027113459694,
        35.040271134596935,
        35.05027113459693,
        35.06027113459693,
        35.07027113459693,
        35.08027113459693,
        35.090271134596925,
        35.10027113459692,
        35.11027113459692,
        35.12027113459692,
        35.13027113459692,
        35.140271134596915,
        35.15027113459691,
        35.16027113459691,
        35.17027113459691,
        35.18027113459691,
        35.190271134596905,
        35.2002711345969,
        35.2102711345969,
        35.2202711345969,
        35.2302711345969,
        35.240271134596895,
        35.25027113459689,
        35.26027113459689,
        35.27027113459689,
        35.28027113459689,
        35.290271134596885,
        35.30027113459688,
        35.30608843769187
    ],
    "frequency": [
        11614.377857049463,
        11735.421638541335,
        11857.81680164597,
        11983.496887195803,
        12109.176972745638,
        12154.799008225478,
        12190.707604096859,
        12219.547691608954,
        12241.092849131783,
        12268.612785837784,
        12354.793415929074,
        12440.974046020365,
        12537.10506351567,
        12637.649131955537,
        12744.507612023535,
        12866.596837986232,
        12988.686063948926,
        13056.238157504533,
        13117.282770485881,
        13197.828972158464,
        13298.373040598333,
        13402.631553686673,
        13542.67507758506,
        13682.718601483446,
        13822.762125381832,
        13962.805649280217,
        14108.139905915636,
        14266.137727749712,
        14424.135549583789,
        14627.12672851979,
        14835.396584573802,
        15043.666440627812,
        15251.936296681823,
        15453.337724823645,
        15589.79038913489,
        15726.243053446138,
        15812.713996361988,
        15877.349468930457,
        15932.409921087832,
        15964.727657372076,
        15997.045393656319,
        16022.924018278667,
        16048.06003538863,
        16051.78372148296,
        16033.829423547268,
        16012.03429955667,
        15954.580546162462,
        15897.126792768253,
        15845.467559293902,
        15796.320677729505,
        15767.730447106154
    ]
}