{
    "time": [
        39.8045125547516,
        39.814512554751595,
        39.82451255475159,
        39.83451255475159,
        39.84451255475159,
        39.85451255475159,
        39.864512554751585,
        39.87451255475158,
        39.88451255475158,
        39.89451255475158,
        39.90451255475158,
        39.914512554751575,
        39.92451255475157,
        39.93451255475157,
        39.94451255475157,
        39.95451255475157,
        39.964512554751565,
        39.97451255475156,
        39.98451255475156,
        39.99451255475156,
        40.00451255475156,
        40.014512554751555,
        40.02451255475155,
        40.03451255475155,
        40.04451255475155,
        40.05451255475155,
        40.064512554751545,
        40.07451255475154,
        40.08451255475154,
        40.09451255475154,
        40.10451255475154,
        40.114512554751535,
        40.12451255475153,
        40.13451255475153,
        40.14451255475153,
        40.15451255475153,
        40.164512554751525,
        40.17451255475152,
        40.18451255475152,
        40.19451255475152,
        40.20451255475152,
        40.214512554751515,
        40.22451255475151,
        40.23451255475151,
        40.24451255475151,
        40.25451255475151,
        40.264512554751505,
        40.2745125547515,
        40.2845125547515,
        40.2945125547515,
        40.3045125547515,
        40.314512554751495,
        40.316643744772016
    ],
    "frequency": [
        18932.131164553797,
        18960.02061300227,
        18987.910061450744,
        19014.87813066789,
        19041.02448858834,
        19067.170846508787,
        19081.11337407721,
        19054.967016156763,
        19028.820658236316,
        19002.67430031587,
        18945.649630879245,
        18886.589622400115,
        18827.529613920986,
        18768.469605441856,
        18693.21136976161,
        18574.1448783085,
        18455.07838685539,
        18336.011895402284,
        18216.945403949176,
        18097.87891249607,
        17910.705019561974,
        17717.221970950657,
        17523.738922339344,
        17267.357759224516,
        16972.426841881865,
        16677.495924539217,
        16221.780960025126,
        15435.614243383174,
        14649.447526741222,
        13863.280810099268,
        13077.114093457316,
        12290.947376815364,
        11504.780660173412,
        10718.613943531458,
        10200.696508371417,
        9767.069659675495,
        9416.885386697168,
        9291.38286867904,
        9173.78986700525,
        9123.58885979799,
        9073.38785259073,
        9051.812368042301,
        9081.34237228187,
        9111.98440201157,
        9186.14498084046,
        9260.30555966935,
        9334.782386287914,
        9482.432407485758,
        9630.082428683605,
        9810.952741137144,
        10008.170983737069,
        10205.389226336994,
        10247.420181386356
    ]
}