{
    "time": [
        11.314268650667042,
        11.324268650667042,
        11.334268650667042,
        11.344268650667042,
        11.354268650667041,
        11.364268650667041,
        11.374268650667041,
        11.38426865066704,
        11.39426865066704,
        11.40426865066704,
        11.41426865066704,
        11.42426865066704,
        11.43426865066704,
        11.44426865066704,
        11.45426865066704,
        11.464268650667039,
        11.474268650667039,
        11.484268650667039,
        11.494268650667038,
        11.504268650667038,
        11.514268650667038,
        11.524268650667038,
        11.534268650667038,
        11.544268650667037,
        11.554268650667037,
        11.564268650667037,
        11.574268650667037,
        11.584268650667036,
        11.594268650667036,
        11.604268650667036,
        11.614268650667036,
        11.624268650667036,
        11.634268650667035,
        11.644268650667035,
        11.654268650667035,
        11.664268650667035,
        11.674268650667035,
        11.684268650667034,
        11.694268650667034,
        11.704268650667034,
        11.714268650667034,
        11.724268650667033,
        11.734268650667033,
        11.744268650667033,
        11.754268650667033,
        11.764268650667033,
        11.774268650667032,
        11.784268650667032,
        11.794268650667032,
        11.804268650667032,
        11.814268650667032,
        11.824268650667031,
        11.827224025310487
    ],
    "frequency": [
        7301.88939376852,
        7168.82641941005,
        7035.76344505158,
        6988.47188827412,
        6988.47188827412,
        6990.007279555213,
        7045.893728785774,
        7101.7801780163345,
        7157.666627246896,
        7213.553076477457,
        7269.439525708017,
        7325.325974938578,
        7384.41749764354,
        7446.916773478582,
        7509.416049313624,
        7571.915325148666,
        7634.414600983709,
        7696.9138768187495,
        7759.413152653793,
        7821.912428488835,
        7884.4117043238775,
        7944.230402063569,
        8003.569296034242,
        8062.908190004914,
        8122.247083975588,
        8181.585977946261,
        8240.924871916932,
        8300.263765887605,
        8359.602659858278,
        8418.941553828949,
        8474.667980379083,
        8512.091941917406,
        8549.515903455725,
        8586.93986499405,
        8624.363826532372,
        8676.690766421536,
        8729.3615271051,
        8782.032287788665,
        8834.703048472229,
        8887.373809155793,
        8940.044569839358,
        8991.336458677453,
        9042.02711557592,
        9092.717772474389,
        9143.408429372856,
        9194.099086271322,
        9244.789743169793,
        9295.48040006826,
        9346.171056966728,
        9396.861713865195,
        9447.552370763664,
        9498.24302766213,
        9513.224015867916
    ]
}