{
    "time": [
        30.347953606185847,
        30.35795360618585,
        30.36795360618585,
        30.37795360618585,
        30.387953606185853,
        30.397953606185855,
        30.407953606185856,
        30.417953606185858,
        30.42795360618586,
        30.43795360618586,
        30.447953606185862,
        30.457953606185864,
        30.467953606185866,
        30.477953606185867,
        30.48795360618587,
        30.49795360618587,
        30.507953606185872,
        30.517953606185873,
        30.527953606185875,
        30.537953606185877,
        30.547953606185878,
        30.55795360618588,
        30.56795360618588,
        30.577953606185883,
        30.587953606185884,
        30.597953606185886,
        30.607953606185887,
        30.61795360618589,
        30.62795360618589,
        30.637953606185892,
        30.647953606185894,
        30.657953606185895,
        30.667953606185897,
        30.6779536061859,
        30.6879536061859,
        30.6979536061859,
        30.707953606185903,
        30.717953606185905,
        30.727953606185906,
        30.737953606185908,
        30.74795360618591,
        30.75795360618591,
        30.767953606185912,
        30.777953606185914,
        30.787953606185916,
        30.797953606185917,
        30.80795360618592,
        30.81795360618592,
        30.827953606185922,
        30.837953606185923,
        30.847953606185925,
        30.857953606185927,
        30.867953606185928,
        30.87795360618593,
        30.88795360618593,
        30.897953606185933,
        30.907953606185934,
        30.917953606185936,
        30.927953606185937,
        30.93795360618594,
        30.94795360618594,
        30.957953606185942,
        30.967953606185944,
        30.977953606185945,
        30.979869350753237
    ],
    "frequency": [
        13392.11652545451,
        13371.067385805756,
        13350.018246157002,
        13308.98804130065,
        13252.857002237302,
        13197.714540228699,
        13148.689960018182,
        13099.665379807664,
        13064.02568455886,
        13033.888582457701,
        13002.75844392059,
        12969.052084098132,
        12935.345724275678,
        12900.977430868972,
        12866.490281033322,
        12822.975189272414,
        12766.85536463757,
        12710.735540002723,
        12661.52899967194,
        12612.414340491512,
        12578.916420513006,
        12557.867280864251,
        12538.586177133659,
        12531.56979725074,
        12524.55341736782,
        12478.495189480098,
        12415.347770533832,
        12359.640608224374,
        12324.558708809784,
        12289.476809395193,
        12254.394909980605,
        12219.31301056602,
        12187.067221510752,
        12159.001701979078,
        12130.936182447405,
        12082.373692713212,
        12033.259033532784,
        11995.580844030677,
        11967.515324499003,
        11940.241794685373,
        11919.192655036619,
        11898.143515387865,
        11867.517970219986,
        11832.436070805394,
        11801.871025256773,
        11784.714079896392,
        11767.55713453601,
        11729.99770976149,
        11688.006384913982,
        11649.394254736306,
        11616.043237459731,
        11582.692220183157,
        11541.504044100471,
        11499.994855396279,
        11445.674658015903,
        11380.003156654153,
        11313.874480138062,
        11243.620277211614,
        11173.366074285166,
        11103.567456280933,
        11033.99392586156,
        10954.87343258295,
        10845.33283097241,
        10735.792229361872,
        10714.807048118548
    ]
}