{
    "time": [
        41.13398770403077,
        41.14398770403077,
        41.15398770403077,
        41.16398770403077,
        41.173987704030765,
        41.18398770403076,
        41.19398770403076,
        41.20398770403076,
        41.21398770403076,
        41.223987704030755,
        41.23398770403075,
        41.24398770403075,
        41.25398770403075,
        41.26398770403075,
        41.273987704030745,
        41.28398770403074,
        41.29398770403074,
        41.30398770403074,
        41.31398770403074,
        41.323987704030735,
        41.33398770403073,
        41.34398770403073,
        41.35398770403073,
        41.36398770403073,
        41.373987704030725,
        41.38398770403072,
        41.39398770403072,
        41.40398770403072,
        41.41398770403072,
        41.423987704030715,
        41.43398770403071,
        41.44398770403071,
        41.45398770403071,
        41.46398770403071,
        41.473987704030705,
        41.4839877040307,
        41.4939877040307,
        41.5039877040307,
        41.5139877040307,
        41.523987704030695,
        41.53398770403069,
        41.54398770403069,
        41.55398770403069,
        41.56398770403069,
        41.573987704030685,
        41.58398770403068,
        41.59398770403068,
        41.60398770403068,
        41.61398770403068,
        41.623987704030675,
        41.63398770403067,
        41.64398770403067,
        41.65398770403067,
        41.66192346339095
    ],
    "frequency": [
        8059.2674156638805,
        8104.890755673839,
        8150.514095683797,
        8196.137435693754,
        8241.760775703711,
        8287.38411571367,
        8333.007455723628,
        8378.630795733587,
        8424.254135743546,
        8469.877475753503,
        8506.478656213078,
        8528.608455647256,
        8550.738255081436,
        8572.868054515615,
        8594.997853949793,
        8617.127653383974,
        8641.473440547026,
        8669.926039819542,
        8698.37863909206,
        8726.831238364575,
        8755.283837637093,
        8783.736436909609,
        8816.671327951983,
        8859.267032126041,
        8901.862736300103,
        8944.458440474162,
        8987.054144648224,
        9029.649848822282,
        9072.245552996344,
        9115.603378109692,
        9163.210341598344,
        9210.817305086995,
        9258.424268575647,
        9306.031232064299,
        9353.63819555295,
        9401.245159041602,
        9448.852122530256,
        9496.459086018907,
        9544.066049507559,
        9597.641989384025,
        9656.382839495029,
        9715.123689606033,
        9773.864539717037,
        9832.605389828042,
        9891.346239939045,
        9957.160661417769,
        10026.136659654174,
        10095.112657890579,
        10164.088656126982,
        10207.55068870978,
        10229.54303597356,
        10251.53538323734,
        10273.527730501122,
        10290.980328066431
    ]
}