{
    "time": [
        6.851479672371937,
        6.861479672371937,
        6.871479672371937,
        6.8814796723719365,
        6.891479672371936,
        6.901479672371936,
        6.911479672371936,
        6.921479672371936,
        6.931479672371935,
        6.941479672371935,
        6.951479672371935,
        6.961479672371935,
        6.9714796723719346,
        6.981479672371934,
        6.991479672371934,
        7.001479672371934,
        7.011479672371934,
        7.0214796723719335,
        7.031479672371933,
        7.041479672371933,
        7.051479672371933,
        7.061479672371933,
        7.071479672371932,
        7.081479672371932,
        7.091479672371932,
        7.101479672371932,
        7.111479672371932,
        7.121479672371931,
        7.131479672371931,
        7.141479672371931,
        7.151479672371931,
        7.1614796723719305,
        7.17147967237193,
        7.18147967237193,
        7.19147967237193,
        7.20147967237193,
        7.211479672371929,
        7.221479672371929,
        7.231479672371929,
        7.241479672371929,
        7.251479672371929,
        7.261479672371928,
        7.271479672371928,
        7.281479672371928,
        7.291479672371928,
        7.3014796723719275,
        7.311479672371927,
        7.321479672371927,
        7.331479672371927,
        7.341479672371927,
        7.34913229858158
    ],
    "frequency": [
        14695.743845713878,
        14517.715862868585,
        14339.687880023293,
        14161.659897178,
        13983.631914332707,
        13805.603931487414,
        13629.092637849244,
        13458.88051766545,
        13288.668397481655,
        13118.45627729786,
        12955.09361088067,
        12930.777593711558,
        12906.461576542444,
        12882.14555937333,
        12857.829542204217,
        12857.44540916977,
        12859.725035779375,
        12862.00466238898,
        12864.284288998584,
        12866.563915608189,
        12872.051890542787,
        12882.99409826889,
        12893.93630599499,
        12904.87851372109,
        12915.820721447191,
        12926.762929173292,
        12937.705136899393,
        12953.037476288097,
        12973.554115774536,
        12994.070755260975,
        13014.587394747414,
        13035.104034233853,
        13055.620673720292,
        13102.001290099344,
        13150.357006060649,
        13198.712722021955,
        13247.06843798326,
        13295.424153944565,
        13343.77986990587,
        13392.135585867174,
        13440.49130182848,
        13488.847017789785,
        13542.08453624636,
        13596.501429507882,
        13650.918322769408,
        13705.33521603093,
        13759.752109292454,
        13814.169002553976,
        13868.5858958155,
        13923.002789077023,
        13964.646003439128
    ]
}