{
    "time": [
        33.34018541829129,
        33.35018541829129,
        33.36018541829129,
        33.370185418291285,
        33.38018541829128,
        33.39018541829128,
        33.40018541829128,
        33.41018541829128,
        33.420185418291275,
        33.43018541829127,
        33.44018541829127,
        33.45018541829127,
        33.46018541829127,
        33.470185418291265,
        33.48018541829126,
        33.49018541829126,
        33.50018541829126,
        33.51018541829126,
        33.520185418291256,
        33.53018541829125,
        33.54018541829125,
        33.55018541829125,
        33.56018541829125,
        33.570185418291246,
        33.580185418291244,
        33.59018541829124,
        33.60018541829124,
        33.61018541829124,
        33.620185418291236,
        33.630185418291234,
        33.64018541829123,
        33.65018541829123,
        33.66018541829123,
        33.670185418291226,
        33.680185418291224,
        33.69018541829122,
        33.70018541829122,
        33.71018541829122,
        33.720185418291216,
        33.730185418291214,
        33.74018541829121,
        33.75018541829121,
        33.76018541829121,
        33.770185418291206,
        33.780185418291204,
        33.7901854182912,
        33.8001854182912,
        33.8101854182912,
        33.820185418291196,
        33.830185418291194,
        33.84018541829119,
        33.85018541829119,
        33.86018541829119,
        33.870185418291186,
        33.880185418291184,
        33.89018541829118,
        33.90018541829118,
        33.904243466970385
    ],
    "frequency": [
        12188.441334553932,
        11996.850647322946,
        11805.259960091957,
        11613.669272860969,
        11445.898327009045,
        11303.410565210048,
        11160.922803411053,
        11018.435041612058,
        10875.947279813063,
        10759.18832712382,
        10657.463193275802,
        10555.738059427782,
        10454.012925579766,
        10352.287791731746,
        10255.826848296278,
        10165.997607162131,
        10076.168366027983,
        9986.339124893835,
        9933.649510525654,
        9906.464345445582,
        9879.27918036551,
        9852.094015285438,
        9824.908850205367,
        9797.008333114203,
        9766.802594136345,
        9736.596855158485,
        9697.541042495865,
        9627.8354910085,
        9558.129939521134,
        9488.424388033767,
        9418.7188365464,
        9349.013285059034,
        9279.307733571668,
        9224.198099752624,
        9175.452286505593,
        9126.706473258562,
        9077.960660011531,
        9029.214846764498,
        8983.36476450838,
        8938.056156041592,
        8892.747547574803,
        8847.438939108015,
        8802.130330641228,
        8756.821722174438,
        8724.299612560484,
        8694.643068836769,
        8664.986525113054,
        8635.329981389339,
        8605.673437665624,
        8576.016893941909,
        8546.360350218194,
        8523.092175919044,
        8507.557795873287,
        8492.023415827529,
        8476.489035781773,
        8460.954655736015,
        8445.420275690258,
        8439.116348647562
    ]
}