{
    "time": [
        34.091704895611514,
        34.10170489561151,
        34.11170489561151,
        34.12170489561151,
        34.131704895611506,
        34.141704895611504,
        34.1517048956115,
        34.1617048956115,
        34.1717048956115,
        34.181704895611496,
        34.191704895611494,
        34.20170489561149,
        34.21170489561149,
        34.22170489561149,
        34.231704895611486,
        34.241704895611484,
        34.25170489561148,
        34.26170489561148,
        34.27170489561148,
        34.281704895611476,
        34.291704895611474,
        34.30170489561147,
        34.31170489561147,
        34.32170489561147,
        34.331704895611466,
        34.341704895611464,
        34.35170489561146,
        34.36170489561146,
        34.37170489561146,
        34.381704895611456,
        34.391704895611454,
        34.40170489561145,
        34.41170489561145,
        34.42170489561145,
        34.431704895611446,
        34.441704895611444,
        34.45170489561144,
        34.46170489561144,
        34.47170489561144,
        34.481704895611436,
        34.491704895611434,
        34.50170489561143,
        34.51170489561143,
        34.52170489561143,
        34.531704895611426,
        34.541704895611424,
        34.55170489561142,
        34.56170489561142,
        34.57170489561142,
        34.581704895611416,
        34.591704895611414,
        34.60170489561141,
        34.61170489561141,
        34.62170489561141,
        34.631704895611406,
        34.641704895611404,
        34.6517048956114,
        34.6617048956114,
        34.6717048956114,
        34.6817048956114,
        34.691704895611394,
        34.70170489561139,
        34.71170489561139,
        34.72170489561139,
        34.73170489561139,
        34.741704895611385,
        34.74614613309972
    ],
    "frequency": [
        7583.687832445622,
        7610.872997525699,
        7638.058162605775,
        7665.243327685852,
        7603.740359356936,
        7494.999699036656,
        7386.2590387163755,
        7277.5183783960965,
        7168.777718075816,
        7034.573586251775,
        6899.471553732625,
        6764.369521213475,
        6629.267488694326,
        6494.1654561751775,
        6359.624263977004,
        6225.789605121247,
        6091.95494626549,
        5958.120287409733,
        5823.273632051281,
        5678.286084957561,
        5533.298537863839,
        5432.27573188446,
        5363.077129862465,
        5370.123983870453,
        5404.105440220546,
        5439.697408343531,
        5500.108886299247,
        5560.520364254966,
        5623.031768450773,
        5727.044573974523,
        5831.057379498272,
        5935.070185022021,
        6035.7043354522875,
        6122.696863708525,
        6209.689391964763,
        6296.681920221001,
        6383.710526714292,
        6473.26165874276,
        6562.812790771228,
        6701.463753431875,
        7039.905608594159,
        7164.1806489602,
        7288.455689326242,
        7412.730729692283,
        7537.005770058326,
        7661.280810424367,
        7786.745305721522,
        7914.9039410990135,
        8043.0625764765055,
        8171.221211853997,
        8299.379847231488,
        8453.594960517245,
        8623.797733192472,
        8794.000505867698,
        8964.203278542927,
        9065.229746045236,
        9145.603277586331,
        9225.976809127424,
        9306.35034066852,
        9412.833895962209,
        9521.574556282492,
        9630.315216602776,
        9858.460895940765,
        10175.621155208279,
        10492.781414475796,
        10809.94167374331,
        10950.800077070278
    ]
}