{
    "time": [
        44.37808292227703,
        44.38808292227703,
        44.39808292227703,
        44.408082922277025,
        44.41808292227702,
        44.42808292227702,
        44.43808292227702,
        44.44808292227702,
        44.458082922277015,
        44.46808292227701,
        44.47808292227701,
        44.48808292227701,
        44.49808292227701,
        44.508082922277005,
        44.518082922277,
        44.528082922277,
        44.538082922277,
        44.548082922277,
        44.558082922276995,
        44.56808292227699,
        44.57808292227699,
        44.58808292227699,
        44.59808292227699,
        44.608082922276985,
        44.61808292227698,
        44.62808292227698,
        44.63808292227698,
        44.64808292227698,
        44.658082922276975,
        44.66808292227697,
        44.67808292227697,
        44.68808292227697,
        44.69808292227697,
        44.708082922276965,
        44.71808292227696,
        44.72808292227696,
        44.73808292227696,
        44.74808292227696,
        44.75403279562725
    ],
    "frequency": [
        12298.132579073104,
        12296.509268312548,
        12294.885957551987,
        12287.26046441571,
        12269.49266361865,
        12251.724862821586,
        12237.97008490146,
        12225.599338358785,
        12215.35332996693,
        12221.404582447882,
        12227.455834928836,
        12212.455778081881,
        12175.290816820598,
        12138.125855559314,
        12095.757164036553,
        12052.533569025647,
        11957.953117728483,
        11692.091275272198,
        9863.101097118877,
        9796.823469642375,
        9730.545842165871,
        9684.919514768379,
        9641.519660426336,
        9613.337302660444,
        9607.696774093803,
        9602.056245527165,
        9597.193157083966,
        9592.413251062482,
        9589.239875344896,
        9588.43968656572,
        9587.639497786546,
        9561.058647878503,
        9531.740432388082,
        9510.397355596553,
        9500.802686225954,
        9491.208016855353,
        9444.148448650976,
        9393.14142941973,
        9362.792898979518
    ]
}