{
    "time": [
        42.21059955615456,
        42.22059955615456,
        42.23059955615456,
        42.24059955615456,
        42.250599556154555,
        42.26059955615455,
        42.27059955615455,
        42.28059955615455,
        42.29059955615455,
        42.300599556154545,
        42.31059955615454,
        42.32059955615454,
        42.33059955615454,
        42.34059955615454,
        42.350599556154535,
        42.36059955615453,
        42.37059955615453,
        42.38059955615453,
        42.39059955615453,
        42.400599556154525,
        42.41059955615452,
        42.42059955615452,
        42.43059955615452,
        42.44059955615452,
        42.450599556154515,
        42.46059955615451,
        42.47059955615451,
        42.48059955615451,
        42.49059955615451,
        42.500599556154505,
        42.5105995561545,
        42.5205995561545,
        42.5305995561545,
        42.5405995561545,
        42.550599556154495,
        42.56059955615449,
        42.57059955615449,
        42.58059955615449,
        42.59059955615449,
        42.600599556154485,
        42.61059955615448,
        42.62059955615448,
        42.63059955615448,
        42.64059955615448,
        42.650599556154475,
        42.66059955615447,
        42.67059955615447,
        42.68059955615447,
        42.69059955615447,
        42.700599556154465,
        42.71059955615446,
        42.72059955615446,
        42.73059955615446,
        42.74059955615446,
        42.750599556154455,
        42.76059955615445,
        42.77059955615445,
        42.78059955615445,
        42.79059955615445,
        42.800599556154445,
        42.81059955615444,
        42.82059955615444,
        42.83059955615444,
        42.84059955615444,
        42.850599556154435,
        42.86059955615443,
        42.87059955615443,
        42.88059955615443,
        42.89059955615443,
        42.900599556154425,
        42.91059955615442,
        42.92059955615442,
        42.93059955615442,
        42.94059955615442,
        42.950599556154415,
        42.96059955615441,
        42.97059955615441,
        42.98059955615441,
        42.99059955615441,
        43.000599556154405,
        43.0105995561544,
        43.0205995561544,
        43.02324352859826
    ],
    "frequency": [
        11931.384691028987,
        12448.449211141813,
        12965.51373125464,
        13482.578251367462,
        13949.545760376124,
        14383.959302210169,
        14818.372844044212,
        15218.052977275835,
        15565.806968384368,
        15913.560959492903,
        16227.05137545749,
        16485.583635513845,
        16621.0952753148,
        16700.581901853908,
        16797.084444989807,
        17235.465233781204,
        17661.48879434942,
        17710.67367770634,
        17749.58321517303,
        17772.57507106936,
        17781.00547085381,
        17771.485306236948,
        17710.78642778892,
        17650.087549340897,
        17624.929368564317,
        17646.60753943862,
        17668.28571031292,
        17686.730099197935,
        17704.32397700896,
        17721.917854819985,
        17739.51173263101,
        17738.04711380318,
        17713.767562423967,
        17689.48801104475,
        17665.208459665537,
        17640.92890828632,
        17494.013008526883,
        17304.329013376817,
        17114.64501822675,
        16598.121392159657,
        15959.18712672982,
        15382.547781473513,
        14831.678361889142,
        14436.215972000351,
        14052.333549754974,
        13826.658232448179,
        13600.982915141387,
        13454.451699271698,
        13357.033746206958,
        13259.615793142215,
        13162.197840077471,
        13064.77988701273,
        12990.852398064926,
        12938.070764631853,
        12885.28913119878,
        12832.507497765708,
        12781.741756406831,
        12739.589757484582,
        12697.437758562332,
        12655.285759640083,
        12613.133760717832,
        12586.063722729696,
        12566.60895399635,
        12547.154185263007,
        12527.699416529662,
        12508.244647796317,
        12479.892543821436,
        12448.764913848083,
        12417.637283874734,
        12386.509653901381,
        12355.382023928032,
        12226.74012633683,
        12082.218987174856,
        11937.697848012882,
        11793.176708850908,
        11615.77977179943,
        11434.748029059676,
        11253.71628631992,
        10931.857851340661,
        10344.578943520071,
        9916.574031386497,
        9488.569119252923,
        9375.40579990128
    ]
}