{
    "time": [
        45.29477514673958,
        45.30477514673958,
        45.31477514673958,
        45.324775146739576,
        45.334775146739574,
        45.34477514673957,
        45.35477514673957,
        45.36477514673957,
        45.374775146739566,
        45.384775146739564,
        45.39477514673956,
        45.40477514673956,
        45.41477514673956,
        45.424775146739556,
        45.434775146739554,
        45.44477514673955,
        45.45477514673955,
        45.46477514673955,
        45.474775146739546,
        45.484775146739544,
        45.49477514673954,
        45.50477514673954,
        45.51477514673954,
        45.524775146739536,
        45.534775146739534,
        45.54477514673953,
        45.55477514673953,
        45.56477514673953,
        45.574775146739526,
        45.584775146739524,
        45.59258765497934
    ],
    "frequency": [
        15522.388621941875,
        15126.827155686338,
        14748.771785117016,
        14567.481163712422,
        14386.19054230783,
        14195.865822678714,
        13998.110807419805,
        13801.409760873747,
        13670.745566978681,
        13540.081373083616,
        13422.089603729191,
        13317.677859622043,
        13213.266115514894,
        13069.935633904868,
        12924.544649722759,
        12801.916683481464,
        12711.14958610944,
        12620.382488737414,
        12570.42769509224,
        12525.842614861735,
        12474.105572858805,
        12409.128939048402,
        12344.152305237998,
        12272.317288869992,
        12198.953617257692,
        12115.183108694417,
        12005.270925579869,
        11895.358742465323,
        11794.807453675337,
        11697.347494528127,
        11621.20682113914
    ]
}