{
    "time": [
        10.502535701270725,
        10.512535701270725,
        10.522535701270725,
        10.532535701270724,
        10.542535701270724,
        10.552535701270724,
        10.562535701270724,
        10.572535701270724,
        10.582535701270723,
        10.592535701270723,
        10.602535701270723,
        10.612535701270723,
        10.622535701270722,
        10.632535701270722,
        10.642535701270722,
        10.652535701270722,
        10.662535701270722,
        10.672535701270721,
        10.682535701270721,
        10.692535701270721,
        10.70253570127072,
        10.71253570127072,
        10.72253570127072,
        10.73253570127072,
        10.74253570127072,
        10.75253570127072,
        10.76253570127072,
        10.77253570127072,
        10.782535701270719,
        10.792535701270719,
        10.802535701270719,
        10.812535701270718,
        10.822535701270718,
        10.832535701270718,
        10.842535701270718,
        10.852535701270718,
        10.862535701270717,
        10.872535701270717,
        10.882535701270717,
        10.892535701270717,
        10.902535701270716,
        10.912535701270716,
        10.922535701270716,
        10.932535701270716,
        10.942535701270716,
        10.952535701270715,
        10.962535701270715,
        10.972535701270715,
        10.982535701270715,
        10.992535701270715,
        11.002535701270714,
        11.012535701270714,
        11.022535701270714,
        11.032535701270714,
        11.042535701270713,
        11.052535701270713,
        11.062535701270713,
        11.072535701270713,
        11.082535701270713,
        11.092535701270712,
        11.102535701270712,
        11.112535701270712,
        11.122535701270712,
        11.132535701270712,
        11.142535701270711,
        11.152535701270711,
        11.162535701270711,
        11.17253570127071,
        11.18253570127071,
        11.19253570127071,
        11.20253570127071,
        11.21253570127071,
        11.22253570127071,
        11.23253570127071,
        11.24253570127071,
        11.252535701270709,
        11.262535701270709,
        11.272535701270709,
        11.2756867833163
    ],
    "frequency": [
        7709.567924485482,
        7748.452971668952,
        7787.3380188524225,
        7826.223066035893,
        7865.108113219363,
        7867.938426925853,
        7859.432322854467,
        7850.926218783084,
        7848.101572424772,
        7850.296696056097,
        7852.491819687422,
        7854.686943318748,
        7856.882066950072,
        7859.077190581397,
        7864.113662666813,
        7876.715298328123,
        7889.316933989433,
        7901.918569650743,
        7914.520205312052,
        7927.121840973363,
        7943.351716285876,
        7960.363924428644,
        7977.376132571413,
        7994.38834071418,
        8011.400548856948,
        8028.412756999717,
        8053.3620792061065,
        8092.247126389578,
        8131.132173573049,
        8170.01722075652,
        8208.902267939991,
        8247.787315123463,
        8300.802134728161,
        8359.571581039541,
        8418.341027350922,
        8477.110473662304,
        8559.957911280955,
        8708.064193935643,
        8856.17047659033,
        9004.276759245018,
        9269.010976262849,
        9556.962604841718,
        9874.523823506723,
        10193.242835619647,
        10516.474790332279,
        10740.897241968109,
        10946.956973046726,
        11389.274384758704,
        11470.437482474963,
        11538.486315046037,
        11598.1785603894,
        11606.030348762986,
        11613.88213713657,
        11621.733925510158,
        11629.585713883742,
        11637.437502257328,
        11649.117286685601,
        11661.268863930436,
        11673.420441175269,
        11685.572018420104,
        11697.723595664938,
        11717.105236874506,
        11759.635757231425,
        11802.166277588345,
        11844.696797945267,
        11887.227318302188,
        11929.757838659109,
        11972.288359016029,
        12010.846964498924,
        12048.273822413015,
        12085.700680327105,
        12123.127538241195,
        12152.991733079421,
        12180.21126610785,
        12207.430799136282,
        12234.650332164714,
        12391.136800459415,
        12602.08818142974,
        12668.560692336556
    ]
}