{
    "time": [
        17.771104125110014,
        17.781104125110016,
        17.791104125110017,
        17.80110412511002,
        17.81110412511002,
        17.821104125110022,
        17.831104125110024,
        17.841104125110025,
        17.851104125110027,
        17.861104125110028,
        17.87110412511003,
        17.88110412511003,
        17.891104125110033,
        17.901104125110034,
        17.911104125110036,
        17.921104125110038,
        17.93110412511004,
        17.94110412511004,
        17.951104125110042,
        17.961104125110044,
        17.971104125110045,
        17.981104125110047,
        17.99110412511005,
        18.00110412511005,
        18.01110412511005,
        18.021104125110053,
        18.031104125110055,
        18.041104125110056,
        18.051104125110058,
        18.06110412511006,
        18.07110412511006,
        18.081104125110063,
        18.091104125110064,
        18.101104125110066,
        18.111104125110067,
        18.12110412511007,
        18.13110412511007,
        18.141104125110072,
        18.151104125110074,
        18.161104125110075,
        18.171104125110077,
        18.18110412511008,
        18.19110412511008,
        18.20110412511008,
        18.211104125110083,
        18.221104125110084,
        18.231104125110086,
        18.241104125110088,
        18.25110412511009,
        18.26110412511009,
        18.271104125110092,
        18.281104125110094,
        18.291104125110095,
        18.301104125110097,
        18.3111041251101,
        18.3211041251101,
        18.3311041251101,
        18.341104125110103,
        18.351104125110105,
        18.361104125110106,
        18.371104125110108,
        18.38110412511011,
        18.39110412511011,
        18.401104125110113,
        18.411104125110114,
        18.421104125110116,
        18.431104125110117,
        18.44110412511012,
        18.45110412511012,
        18.461104125110122,
        18.471104125110124,
        18.481104125110125,
        18.491104125110127,
        18.50110412511013,
        18.51110412511013,
        18.52110412511013,
        18.531104125110133,
        18.541104125110135,
        18.551104125110136,
        18.561104125110138,
        18.57110412511014,
        18.58110412511014,
        18.591104125110142,
        18.601061186487023
    ],
    "frequency": [
        15967.726707833857,
        15297.062470887986,
        14626.398233942116,
        13955.733996996245,
        13285.069760050374,
        12614.233421932377,
        11904.11834751901,
        11198.440280127083,
        10767.745324284477,
        10658.217923631035,
        9975.359791467912,
        9301.487077994207,
        8885.26070323251,
        8800.433606069388,
        8715.606508906267,
        8691.097785125836,
        8680.936205778171,
        8670.774626430506,
        8660.613047082843,
        8650.451467735178,
        8654.843763182853,
        8685.32850122585,
        8715.813239268842,
        8746.297977311837,
        8776.782715354833,
        8828.841389092455,
        8885.746233439377,
        8942.651077786302,
        8999.555922133226,
        9056.46076648015,
        9113.365610827073,
        9170.41699245641,
        9261.089546635574,
        9351.762100814736,
        9442.4346549939,
        9533.107209173064,
        9623.39358665838,
        9713.396146594836,
        9803.398706531292,
        9893.401266467748,
        9983.403826404206,
        10090.250370669428,
        10201.10396355305,
        10445.982207033352,
        10970.440027862445,
        11207.1450526669,
        11428.320797230665,
        11546.449157147268,
        11664.577517063872,
        11782.705876980475,
        11886.994547247416,
        11977.319697004426,
        12067.64484676144,
        12143.816296248207,
        12201.398579218312,
        12258.980862188415,
        12316.56314515852,
        12381.049249462052,
        12458.646764480578,
        12536.244279499104,
        12605.098902135507,
        12672.37556540281,
        12739.652228670111,
        12816.750228090066,
        12901.737982634173,
        12986.72573717828,
        13071.713491722387,
        13197.10434413961,
        13332.108184044293,
        13467.112023948972,
        13596.297133157546,
        13722.04667758491,
        13847.796222012274,
        13973.545766439638,
        14161.719044954905,
        14350.170152857036,
        14593.798662159941,
        14892.586146057616,
        15189.81234197684,
        15466.681937840465,
        15716.813121782983,
        15966.944305725505,
        16217.075489668025,
        16466.13264474673
    ]
}