{
    "time": [
        7.027183515819821,
        7.03718351581982,
        7.04718351581982,
        7.05718351581982,
        7.06718351581982,
        7.0771835158198195,
        7.087183515819819,
        7.097183515819819,
        7.107183515819819,
        7.117183515819819,
        7.1271835158198185,
        7.137183515819818,
        7.147183515819818,
        7.157183515819818,
        7.167183515819818,
        7.177183515819817,
        7.187183515819817,
        7.197183515819817,
        7.207183515819817,
        7.2171835158198165,
        7.227183515819816,
        7.237183515819816,
        7.247183515819816,
        7.257183515819816,
        7.2671835158198155,
        7.277183515819815,
        7.287183515819815,
        7.297183515819815,
        7.307183515819815,
        7.317183515819814,
        7.327183515819814,
        7.337183515819814,
        7.347183515819814,
        7.357183515819814,
        7.367183515819813,
        7.377183515819813,
        7.387183515819813,
        7.397183515819813,
        7.4071835158198125,
        7.417183515819812,
        7.427183515819812,
        7.437183515819812,
        7.447183515819812,
        7.457183515819811,
        7.467183515819811,
        7.477183515819811,
        7.487183515819811,
        7.497183515819811,
        7.50718351581981,
        7.51718351581981,
        7.52718351581981,
        7.53718351581981,
        7.5471835158198095,
        7.557183515819809,
        7.567183515819809,
        7.577183515819809,
        7.587183515819809,
        7.588335735600183
    ],
    "frequency": [
        16068.808522587431,
        16003.094813244563,
        15937.381103901695,
        15877.201216522171,
        15885.705343613603,
        15894.209470705035,
        15902.71359779646,
        15911.217724887892,
        15885.011847705948,
        15830.798037498083,
        15776.584227290212,
        15722.370417082348,
        15657.79177607373,
        15568.825523424919,
        15479.859270776113,
        15390.893018127304,
        15324.05887178559,
        15261.411802212057,
        15198.764732638523,
        15136.117663064988,
        14942.134916150615,
        14798.377644541428,
        14721.574746746948,
        14644.771848952469,
        14567.968951157989,
        14477.374008962746,
        14348.867199581136,
        14220.360390199523,
        14091.853580817915,
        13963.346771436303,
        13843.451552151859,
        13732.897899963267,
        13622.344247774674,
        13511.79059558608,
        13401.23694339749,
        13290.683291208898,
        13180.129639020306,
        13069.575986831713,
        12959.022334643121,
        12852.272984649984,
        12750.416735168534,
        12648.560485687085,
        12546.704236205635,
        12444.847986724188,
        12342.991737242737,
        12272.612347029377,
        12224.422293511274,
        12176.232239993169,
        12128.042186475066,
        12079.852132956963,
        12096.859138069245,
        12130.221482812547,
        12163.583827555853,
        12277.385753192406,
        12545.873194221836,
        12945.841989219974,
        13487.980091298665,
        13550.44631578965
    ]
}