{
    "time": [
        6.3809276418547585,
        6.390927641854758,
        6.400927641854758,
        6.410927641854758,
        6.420927641854758,
        6.430927641854757,
        6.440927641854757,
        6.450927641854757,
        6.460927641854757,
        6.4709276418547566,
        6.480927641854756,
        6.490927641854756,
        6.500927641854756,
        6.510927641854756,
        6.5209276418547555,
        6.530927641854755,
        6.540927641854755,
        6.550927641854755,
        6.560927641854755,
        6.570927641854754,
        6.580927641854754,
        6.590927641854754,
        6.600927641854754,
        6.610927641854754,
        6.620927641854753,
        6.630927641854753,
        6.640927641854753,
        6.650927641854753,
        6.6609276418547525,
        6.670927641854752,
        6.680927641854752,
        6.690927641854752,
        6.700927641854752,
        6.710927641854751,
        6.720927641854751,
        6.730927641854751,
        6.740927641854751,
        6.750927641854751,
        6.76092764185475,
        6.77092764185475,
        6.78092764185475,
        6.79092764185475,
        6.8009276418547495,
        6.810927641854749,
        6.8117648911648
    ],
    "frequency": [
        15415.187797159,
        15401.41921043954,
        15387.650623720085,
        15373.882037000625,
        15360.113450281167,
        15346.344863561708,
        15298.911564767786,
        15204.03739690402,
        15109.16322904025,
        15014.289061176481,
        14915.441947552423,
        14795.719783343382,
        14675.997619134341,
        14556.2754549253,
        14436.55329071626,
        14316.831126507219,
        14197.108962298178,
        14077.386798089137,
        13957.664633880097,
        13830.606386010753,
        13699.589678008408,
        13568.572970006058,
        13437.556262003714,
        13306.37759358771,
        13174.950174901971,
        13043.522756216233,
        12912.095337530493,
        12780.667918844754,
        12649.240500159016,
        12510.670452957584,
        12366.100292403271,
        12221.530131848956,
        12118.07155800692,
        12090.269604054169,
        12062.467650101416,
        12034.665696148664,
        12074.857032248827,
        12123.047085766928,
        12171.237139285031,
        12298.514930716272,
        12459.148442443286,
        12599.875263560982,
        12696.255370597195,
        12792.635477633406,
        12800.704895445273
    ]
}