{
    "time": [
        59.127880232126785,
        59.13788023212678,
        59.14788023212678,
        59.15788023212678,
        59.16788023212678,
        59.177880232126775,
        59.18788023212677,
        59.19788023212677,
        59.20788023212677,
        59.21788023212677,
        59.227880232126765,
        59.23788023212676,
        59.24788023212676,
        59.25788023212676,
        59.26659596875768
    ],
    "frequency": [
        16449.606874980367,
        16422.73811270995,
        16380.820790918511,
        16275.025039478725,
        16169.229288038938,
        16083.036398920078,
        16024.22903169366,
        16024.229031693656,
        16063.534264824235,
        16214.67105259536,
        16365.807840366482,
        16630.702770775264,
        16916.049026087087,
        17254.266094529263,
        17640.66483618314
    ]
}