{
    "time": [
        8.303738328590313,
        8.313738328590313,
        8.323738328590313,
        8.333738328590313,
        8.343738328590312,
        8.353738328590312,
        8.363738328590312,
        8.373738328590312,
        8.383738328590312,
        8.393738328590311,
        8.403738328590311,
        8.413738328590311,
        8.42373832859031,
        8.43373832859031,
        8.44373832859031,
        8.45373832859031,
        8.46373832859031,
        8.47373832859031,
        8.48373832859031,
        8.49373832859031,
        8.503738328590309,
        8.513738328590309,
        8.523738328590309,
        8.533738328590308,
        8.543738328590308,
        8.545751845178053
    ],
    "frequency": [
        6610.532142858363,
        6706.9122498945635,
        6786.674033930772,
        6841.950860025069,
        6897.227686119368,
        6952.504512213665,
        7007.781338307965,
        7048.614642835122,
        7087.537378368976,
        7126.460113902827,
        7279.630681738847,
        7483.095632450773,
        7503.748512529962,
        7524.401392609149,
        7545.054272688338,
        7534.04587340858,
        7505.131841297716,
        7476.217809186854,
        7447.303777075991,
        7420.097051707888,
        7393.811567970739,
        7367.52608423359,
        7534.742388010456,
        7819.003493429178,
        8397.284135646461,
        8513.721902194087
    ]
}