{
    "time": [
        47.87663064693078,
        47.886630646930776,
        47.896630646930774,
        47.90663064693077,
        47.91663064693077,
        47.92663064693077,
        47.936630646930766,
        47.946630646930764,
        47.95663064693076,
        47.96663064693076,
        47.97663064693076,
        47.986630646930756,
        47.996630646930754,
        48.00663064693075,
        48.01254039030554
    ],
    "frequency": [
        9846.889971897403,
        9603.871922472363,
        9360.853873047323,
        9118.332368417807,
        8941.591968836014,
        8764.85156925422,
        8642.757789589687,
        8537.62772432118,
        8432.497659052675,
        8317.124731185751,
        8142.392745235499,
        7967.660759285248,
        7776.496677792004,
        7561.09431580168,
        7433.797047633083
    ]
}