{
    "time": [
        51.897080389281435,
        51.90708038928143,
        51.91708038928143,
        51.92708038928143,
        51.93708038928143,
        51.947080389281425,
        51.95708038928142,
        51.96708038928142,
        51.97708038928142,
        51.98708038928142,
        51.997080389281415,
        52.00708038928141,
        52.01708038928141,
        52.02708038928141,
        52.03708038928141,
        52.047080389281405,
        52.05705905879216
    ],
    "frequency": [
        9264.77739841212,
        9184.72959714742,
        9104.68179588272,
        9012.73845635886,
        8897.042060414933,
        8781.345664471008,
        8690.751204769505,
        8612.667598229247,
        8534.57538229038,
        8448.419388372871,
        8362.26339445536,
        8271.852899157428,
        8172.987620152428,
        8074.122341147425,
        8034.392057567547,
        8023.993392181479,
        8013.616907657423
    ]
}