{
    "time": [
        22.04035772971742,
        22.050357729717422,
        22.060357729717424,
        22.070357729717426,
        22.080357729717427,
        22.09035772971743,
        22.10035772971743,
        22.110357729717432,
        22.120357729717433,
        22.130357729717435,
        22.140357729717437,
        22.150357729717438,
        22.16035772971744,
        22.17035772971744,
        22.180357729717443,
        22.190357729717444,
        22.200357729717446,
        22.210357729717447,
        22.22035772971745,
        22.23035772971745,
        22.240357729717452,
        22.250357729717454,
        22.260357729717455,
        22.270357729717457,
        22.28035772971746,
        22.29035772971746,
        22.30035772971746,
        22.310357729717463,
        22.320357729717465,
        22.330357729717466,
        22.340357729717468,
        22.35035772971747,
        22.36035772971747,
        22.370357729717472,
        22.380357729717474,
        22.390357729717476,
        22.400357729717477,
        22.41035772971748,
        22.42035772971748,
        22.430357729717482,
        22.440357729717483,
        22.450357729717485,
        22.460357729717487,
        22.470357729717488,
        22.48035772971749,
        22.49035772971749,
        22.500357729717493,
        22.510357729717494,
        22.520357729717496,
        22.530357729717498,
        22.5403577297175,
        22.5503577297175,
        22.560357729717502,
        22.570357729717504,
        22.580357729717505,
        22.590357729717507,
        22.60035772971751,
        22.61035772971751,
        22.62035772971751,
        22.630357729717513,
        22.640357729717515,
        22.650357729717516,
        22.660357729717518,
        22.67035772971752,
        22.68035772971752,
        22.690357729717523,
        22.700357729717524,
        22.710357729717526,
        22.720357729717527,
        22.73035772971753,
        22.74035772971753,
        22.750357729717532,
        22.760357729717533,
        22.770357729717535,
        22.780357729717537,
        22.790357729717538,
        22.80035772971754,
        22.81035772971754,
        22.820357729717543,
        22.830357729717544,
        22.840357729717546,
        22.850357729717548,
        22.86035772971755,
        22.87035772971755,
        22.880357729717552,
        22.890357729717554,
        22.900357729717555,
        22.904832643678162
    ],
    "frequency": [
        22272.170136156234,
        21607.916800421826,
        20943.66346468742,
        19060.80866099113,
        18403.31044392514,
        17745.81222685915,
        16996.512450747698,
        16191.19634281819,
        15014.854716089816,
        13653.390125186825,
        13033.480927390909,
        12790.296655325405,
        12547.1123832599,
        12365.072572500978,
        12227.825717014277,
        12090.578861527574,
        12052.321913068468,
        12026.588127664709,
        12000.854342260951,
        11975.120556857193,
        11949.386771453434,
        11923.652986049676,
        11906.322143172445,
        11894.313043317357,
        11882.30394346227,
        11870.294843607182,
        11858.285743752094,
        11846.276643897005,
        11884.951323760413,
        11932.634514361494,
        11980.317704962576,
        12028.000895563657,
        12066.35352627815,
        12095.175365930358,
        12123.99720558257,
        12154.9297628284,
        12190.957062393662,
        12226.984361958923,
        12263.011661524182,
        12299.038961089447,
        12354.532304594992,
        12529.5879882175,
        12956.993310858526,
        12999.657218238443,
        13042.32112561836,
        13084.985032998275,
        13127.648940378192,
        13171.956826879084,
        13221.084962649893,
        13270.2130984207,
        13308.145873611205,
        13331.641938545074,
        13355.13800347894,
        13389.21255902207,
        13434.246683478648,
        13479.280807935223,
        13524.314932391804,
        13569.349056848381,
        14292.78701311324,
        14318.520798516998,
        14354.440647965173,
        14412.084327269593,
        14469.728006574012,
        14537.057268209443,
        14677.163433185458,
        14817.26959816147,
        15063.04026609338,
        15203.188319908191,
        15296.974249115498,
        15390.022349062876,
        15637.29528215357,
        15708.063192013902,
        15778.831101874235,
        15849.599011734568,
        15924.106151255684,
        15999.163025349979,
        16074.219899444275,
        16173.943820043613,
        16279.906465823793,
        16417.944937264583,
        16575.564372862606,
        17058.317208473127,
        17058.317208473127,
        17085.544863031384,
        17137.78783827022,
        17227.856087183365,
        17317.924336096516,
        17358.229102543395
    ]
}