{
    "time": [
        47.352539075472585,
        47.36253907547258,
        47.37253907547258,
        47.38253907547258,
        47.39253907547258,
        47.402539075472575,
        47.41253907547257,
        47.42253907547257,
        47.43253907547257,
        47.44253907547257,
        47.452539075472565,
        47.46253907547256,
        47.47253907547256,
        47.48253907547256,
        47.49253907547256,
        47.50121811846045
    ],
    "frequency": [
        11673.696205827046,
        11603.772579128783,
        11533.848952430519,
        11463.925325732253,
        11398.373566412254,
        11374.32575828851,
        11350.277950164766,
        11326.230142041019,
        11338.195691804072,
        11352.398928477161,
        11366.602165150247,
        11380.805401823334,
        11403.704076018143,
        11481.97969146094,
        11560.255306903735,
        11628.191050036929
    ]
}