{
    "time": [
        13.198240234635383,
        13.208240234635383,
        13.218240234635383,
        13.228240234635383,
        13.238240234635382,
        13.248240234635382,
        13.258240234635382,
        13.268240234635382,
        13.278240234635382,
        13.288240234635381,
        13.298240234635381,
        13.308240234635381,
        13.31824023463538,
        13.32824023463538,
        13.33824023463538,
        13.34824023463538,
        13.35824023463538,
        13.36824023463538,
        13.37824023463538,
        13.38824023463538,
        13.398240234635379,
        13.408240234635379,
        13.418240234635379,
        13.428240234635378,
        13.430209305425944
    ],
    "frequency": [
        7202.533087950878,
        7199.74407376676,
        7196.9550595826395,
        7211.721080639327,
        7250.47596781434,
        7289.230854989353,
        7351.272641862002,
        7417.58169371763,
        7483.199795131557,
        7546.9277616967465,
        7610.655728261935,
        7668.324322973207,
        7723.273943769469,
        7779.051602253634,
        7841.340069875768,
        7903.628537497904,
        7959.953560629705,
        8011.103632554126,
        8062.253704478549,
        8124.747234063549,
        8187.738556056908,
        8272.08782215635,
        8391.206414524526,
        8510.325006892701,
        8533.780300977243
    ]
}