{
    "time": [
        19.26659549483021,
        19.27659549483021,
        19.286595494830213,
        19.296595494830214,
        19.306595494830216,
        19.316595494830217,
        19.32659549483022,
        19.33659549483022,
        19.346595494830222,
        19.356595494830223,
        19.366595494830225,
        19.376595494830227,
        19.386595494830228,
        19.39659549483023,
        19.40659549483023,
        19.416595494830233,
        19.426595494830234,
        19.436595494830236,
        19.446595494830238,
        19.45659549483024,
        19.46659549483024,
        19.476595494830242,
        19.486595494830244,
        19.496595494830245,
        19.506595494830247,
        19.51659549483025,
        19.52659549483025,
        19.53659549483025,
        19.546595494830253,
        19.556595494830255,
        19.566595494830256,
        19.576595494830258,
        19.58659549483026,
        19.59659549483026,
        19.606595494830263,
        19.616595494830264,
        19.626595494830266,
        19.636595494830267,
        19.64659549483027,
        19.65659549483027,
        19.666595494830272,
        19.676595494830273,
        19.686595494830275,
        19.696595494830277,
        19.706595494830278,
        19.71659549483028,
        19.72659549483028,
        19.736595494830283,
        19.746595494830284,
        19.756595494830286,
        19.766595494830288,
        19.77659549483029,
        19.78659549483029,
        19.796595494830292,
        19.806595494830294,
        19.816595494830295,
        19.826595494830297,
        19.8365954948303,
        19.8465954948303,
        19.8565954948303,
        19.866595494830303,
        19.876595494830305,
        19.886595494830306,
        19.896595494830308,
        19.90659549483031,
        19.91659549483031,
        19.926595494830313,
        19.936595494830314,
        19.944876213704276
    ],
    "frequency": [
        18472.299951413457,
        18472.29995141346,
        18472.299951413457,
        18419.129090505765,
        18339.447126437237,
        18259.765162368712,
        18178.316253683042,
        18096.823335885685,
        18015.330418088328,
        17933.609052668493,
        17843.9668430914,
        17754.32463351431,
        17686.798905494903,
        17738.02302525325,
        17789.24714501159,
        17821.040675223085,
        17842.132959829454,
        17863.225244435835,
        17817.653010196897,
        17726.58790840429,
        17635.52280661169,
        17544.457704819088,
        16794.414128391843,
        16462.40594477302,
        15746.575652204203,
        14964.243641349494,
        13913.684512968182,
        12859.013540118718,
        12163.607308247865,
        11500.550214856159,
        11098.518487055895,
        10629.035648709727,
        10406.396435447425,
        10376.515698921728,
        10346.634962396032,
        10423.298888505777,
        10510.949048981165,
        10620.129550642223,
        10807.95132308943,
        10987.586976188393,
        11044.650007770286,
        11085.396466668964,
        11126.142925567645,
        11166.889384466322,
        11207.635843365002,
        11248.382302263683,
        11289.12876116236,
        11329.875220061038,
        11390.825934461836,
        11452.045004416927,
        11513.264074372013,
        11574.4831443271,
        11635.702214282188,
        11696.921284237276,
        11758.140354192365,
        11891.51203041524,
        12067.281068801694,
        12243.05010718815,
        12552.436303509472,
        12793.695523810382,
        12958.039574701725,
        13122.383625593066,
        13286.727676484406,
        13558.959032352743,
        14010.490162074344,
        14518.595538286938,
        15044.49650113927,
        15454.899865598885,
        15791.41007692488
    ]
}