{
    "time": [
        27.488619482959724,
        27.498619482959725,
        27.508619482959727,
        27.51861948295973,
        27.52861948295973,
        27.53861948295973,
        27.548619482959733,
        27.558619482959735,
        27.568619482959736,
        27.578619482959738,
        27.58861948295974,
        27.59861948295974,
        27.608619482959742,
        27.618619482959744,
        27.628619482959746,
        27.638619482959747,
        27.64861948295975,
        27.65861948295975,
        27.668619482959752,
        27.678619482959753,
        27.688619482959755,
        27.698619482959757,
        27.708619482959758,
        27.71861948295976,
        27.72861948295976,
        27.738619482959763,
        27.748619482959764,
        27.758619482959766,
        27.768619482959767,
        27.77861948295977,
        27.78861948295977,
        27.798619482959772,
        27.808619482959774,
        27.818619482959775,
        27.828619482959777,
        27.83861948295978,
        27.84861948295978,
        27.85861948295978,
        27.868619482959783,
        27.878619482959785,
        27.888619482959786,
        27.898619482959788,
        27.90861948295979,
        27.91861948295979,
        27.928619482959792,
        27.938619482959794,
        27.948619482959796,
        27.958619482959797,
        27.9686194829598,
        27.9786194829598,
        27.988619482959802,
        27.998619482959803,
        28.008619482959805,
        28.018619482959807,
        28.028619482959808,
        28.03861948295981,
        28.04861948295981,
        28.058367119842696
    ],
    "frequency": [
        9543.974925424263,
        10038.109284596685,
        10529.44751947302,
        10587.673326378928,
        10619.92451998459,
        10610.140054296806,
        10486.266151584166,
        10361.762920786965,
        10144.067363948749,
        9926.371807110532,
        9740.428799927387,
        9618.143024172592,
        9495.857248417798,
        9424.924082130216,
        9362.034254599177,
        9299.144427068139,
        9225.858463094894,
        9149.628369117885,
        9046.125942299139,
        8917.121167876494,
        8788.116393453845,
        8705.483216632267,
        8631.495184242813,
        8557.507151853357,
        8498.550690945034,
        8467.979247006337,
        8437.407803067637,
        8406.836359128938,
        8376.26491519024,
        8365.002671658516,
        8381.552626271947,
        8398.102580885377,
        8414.65253549881,
        8431.202490112242,
        8447.752444725673,
        8464.302399339103,
        8480.852353952534,
        8509.802315599813,
        8547.236736749239,
        8584.671157898665,
        8622.105579048091,
        8659.540000197518,
        8696.974421346944,
        8755.65293621165,
        8818.542763742687,
        8881.432591273726,
        8944.322418804764,
        9007.212246335803,
        9070.102073866841,
        9132.991901397878,
        9195.881728928916,
        9262.351315038364,
        9331.137063900434,
        9399.922812762508,
        9468.70856162458,
        9537.494310486654,
        9606.280059348726,
        9673.329909611197
    ]
}