{
    "time": [
        54.855955102297415,
        54.86595510229741,
        54.87595510229741,
        54.88595510229741,
        54.89595510229741,
        54.905955102297405,
        54.9159551022974,
        54.9259551022974,
        54.9359551022974,
        54.9459551022974,
        54.955955102297395,
        54.96595510229739,
        54.97595510229739,
        54.98595510229739,
        54.99595510229739,
        55.005955102297385,
        55.01595510229738,
        55.02595510229738,
        55.03595510229738,
        55.04595510229738,
        55.055955102297375,
        55.06595510229737,
        55.07595510229737,
        55.07945882447651
    ],
    "frequency": [
        10397.704119885246,
        10524.64806795192,
        10651.592016018594,
        10778.53596408527,
        10905.479912151943,
        11028.698196045774,
        11120.732558394102,
        11212.76692074243,
        11304.801283090757,
        11396.835645439085,
        11488.870007787413,
        11580.173332694922,
        11671.312577460734,
        11762.451822226547,
        11853.591066992361,
        11944.730311758176,
        12028.094822665422,
        12107.434790207084,
        12186.774757748744,
        12313.819821069017,
        12491.541348362314,
        12702.888699979025,
        12947.709171250464,
        13033.4874627606
    ]
}