{
    "time": [
        29.970506900812715,
        29.980506900812717,
        29.99050690081272,
        30.00050690081272,
        30.01050690081272,
        30.020506900812723,
        30.030506900812725,
        30.040506900812726,
        30.050506900812728,
        30.06050690081273,
        30.07050690081273,
        30.080506900812733,
        30.090506900812734,
        30.100506900812736,
        30.110506900812737,
        30.12050690081274,
        30.13050690081274,
        30.140506900812742,
        30.150506900812744,
        30.160506900812745,
        30.170506900812747,
        30.18050690081275,
        30.19050690081275,
        30.20050690081275,
        30.210506900812753,
        30.220506900812754,
        30.230506900812756,
        30.240506900812758,
        30.25050690081276,
        30.26050690081276,
        30.270506900812762,
        30.280506900812764,
        30.290506900812765,
        30.300506900812767,
        30.31050690081277,
        30.32050690081277,
        30.33050690081277,
        30.340506900812773,
        30.350506900812775,
        30.360506900812776,
        30.370506900812778,
        30.38050690081278,
        30.390059479643092
    ],
    "frequency": [
        10623.264641621816,
        10793.860548372062,
        10964.456455122307,
        11135.052361872553,
        11221.625805779224,
        11290.265570612853,
        11358.905335446483,
        11542.085115936829,
        11727.303528979966,
        11863.677355993023,
        11972.858736313192,
        12082.040116633361,
        12163.956672263164,
        12214.690411488024,
        12265.42415071288,
        12316.157889937738,
        12391.164881913091,
        12480.924574387831,
        12685.618791753239,
        12901.229474833772,
        12955.25151197136,
        12981.922735704822,
        12973.819430134185,
        12965.716124563547,
        12914.17348112673,
        12849.347036561638,
        12781.558846319893,
        12684.319179472242,
        12587.079512624594,
        12489.839845776942,
        12430.439012773191,
        12383.763972686324,
        12337.088932599454,
        12290.413892512586,
        12266.804857955562,
        12260.630910854125,
        12254.456963752687,
        12252.494388716957,
        12317.320833282054,
        12382.147277847153,
        12441.145980090567,
        12497.869119085026,
        12552.054344759756
    ]
}