{
    "time": [
        16.042714469331663,
        16.052714469331665,
        16.062714469331667,
        16.072714469331668,
        16.08271446933167,
        16.09271446933167,
        16.102714469331673,
        16.112714469331674,
        16.122714469331676,
        16.132714469331678,
        16.14271446933168,
        16.15271446933168,
        16.162714469331682,
        16.172714469331684,
        16.182714469331685,
        16.192714469331687,
        16.20271446933169,
        16.21271446933169,
        16.22271446933169,
        16.232714469331693,
        16.242714469331695,
        16.252714469331696,
        16.262714469331698,
        16.2727144693317,
        16.2827144693317,
        16.292714469331703,
        16.302714469331704,
        16.312714469331706,
        16.322714469331707,
        16.33271446933171,
        16.34271446933171,
        16.352714469331712,
        16.362714469331713,
        16.372714469331715,
        16.382714469331717,
        16.392714469331718,
        16.40271446933172,
        16.41271446933172,
        16.422714469331723,
        16.432714469331724,
        16.442714469331726,
        16.452714469331728,
        16.46271446933173,
        16.47271446933173,
        16.482714469331732,
        16.492714469331734,
        16.502714469331735,
        16.512714469331737,
        16.52271446933174,
        16.53271446933174,
        16.54271446933174,
        16.552714469331743,
        16.562714469331745,
        16.572714469331746,
        16.582714469331748,
        16.59271446933175,
        16.60271446933175,
        16.612714469331753,
        16.622714469331754,
        16.632714469331756,
        16.642714469331757,
        16.65271446933176,
        16.66271446933176,
        16.672714469331762,
        16.682714469331763,
        16.692714469331765,
        16.702714469331767,
        16.712714469331768,
        16.72271446933177,
        16.73271446933177,
        16.742714469331773,
        16.752714469331774,
        16.762714469331776,
        16.772714469331778,
        16.78271446933178,
        16.79271446933178,
        16.802714469331782,
        16.812714469331784,
        16.822714469331785,
        16.832714469331787,
        16.84271446933179,
        16.850314790112662
    ],
    "frequency": [
        9152.25348123714,
        8772.791367733398,
        8574.285404056802,
        8688.408068015211,
        9113.934627237033,
        10213.076610719645,
        10554.592512873012,
        10882.78032984423,
        11135.755072180027,
        11258.91237569179,
        11330.810460355646,
        11402.708545019499,
        11596.448144606446,
        11844.823346172505,
        12192.452278425411,
        12999.78680851971,
        13447.910513011611,
        13731.469539377636,
        13980.954548283524,
        14186.948267042664,
        14398.23409651211,
        14663.857575964677,
        14968.49593616951,
        15454.207441454295,
        15791.465803940004,
        16023.137410079104,
        16254.809016218202,
        16486.4806223573,
        16718.152228496398,
        16949.823834635496,
        17096.033931027996,
        17166.866858882022,
        17221.175571960608,
        17175.64011834016,
        17130.10466471972,
        17084.56921109928,
        16989.272660689116,
        16891.696688645305,
        16794.120716601494,
        16696.544744557683,
        16489.934411375612,
        16172.566098263424,
        15855.197785151235,
        15537.829472039048,
        15020.901681188523,
        14481.198384316087,
        13699.506430498468,
        12917.814476680851,
        12136.122522863232,
        11568.736184704252,
        11191.037524253732,
        10866.813720756869,
        10790.92129805613,
        10715.028875355389,
        10639.13645265465,
        10614.936803185252,
        10600.481103623206,
        10586.02540406116,
        10628.965599379642,
        10730.15549631396,
        10831.345393248277,
        10970.331868505276,
        11131.603266744343,
        11292.87466498341,
        11454.146063222477,
        11615.417461461544,
        11823.304915495979,
        12072.232061954423,
        12321.159208412864,
        12570.086354871308,
        12790.652534477742,
        12987.972833499665,
        13185.293132521587,
        13345.707918900964,
        13441.572031786116,
        13537.436144671266,
        13682.87290188272,
        13925.72865452506,
        14168.5844071674,
        14528.234065193334,
        14894.303398220449,
        15172.527834125065
    ]
}