{
    "time": [
        0.5336754810366152,
        0.5436754810366152,
        0.5536754810366152,
        0.5636754810366152,
        0.5736754810366153,
        0.5836754810366153,
        0.5936754810366153,
        0.6036754810366153,
        0.6136754810366153,
        0.6236754810366153,
        0.6336754810366153,
        0.6436754810366153,
        0.6536754810366153,
        0.6636754810366153,
        0.6651980245526191
    ],
    "frequency": [
        12202.145498783739,
        12256.862383735352,
        12311.579268686964,
        12366.296153638577,
        12421.013038590188,
        12486.099450317526,
        12557.652299869635,
        12629.205149421743,
        12696.046605294798,
        12749.711242458881,
        12803.375879622961,
        12857.040516787043,
        12826.52270329203,
        12787.764909784639,
        12781.863867064709
    ]
}