{
    "time": [
        22.257178846538558,
        22.26717884653856,
        22.27717884653856,
        22.287178846538563,
        22.297178846538564,
        22.307178846538566,
        22.317178846538567,
        22.32717884653857,
        22.33717884653857,
        22.347178846538572,
        22.357178846538574,
        22.367178846538575,
        22.377178846538577,
        22.38717884653858,
        22.39717884653858,
        22.40717884653858,
        22.417178846538583,
        22.427178846538585,
        22.437178846538586,
        22.447178846538588,
        22.45717884653859,
        22.46717884653859,
        22.477178846538592,
        22.487178846538594,
        22.497178846538596,
        22.507178846538597,
        22.5171788465386,
        22.5271788465386,
        22.537178846538602,
        22.547178846538603,
        22.557178846538605,
        22.567178846538607,
        22.577178846538608,
        22.58717884653861,
        22.59717884653861,
        22.607178846538613,
        22.617178846538614,
        22.627178846538616,
        22.637178846538617,
        22.64717884653862,
        22.65717884653862,
        22.667178846538622,
        22.677178846538624,
        22.687178846538625,
        22.697178846538627,
        22.70717884653863,
        22.71717884653863,
        22.72717884653863,
        22.737178846538633,
        22.747178846538635,
        22.757178846538636,
        22.75762888435061
    ],
    "frequency": [
        13099.120550441383,
        12894.381411592745,
        12689.64227274411,
        12484.90313389547,
        12280.163995046834,
        12075.424856198197,
        11870.68571734956,
        11665.94657850092,
        11461.43599076951,
        11290.804962988444,
        11120.173935207378,
        10949.542907426312,
        10778.911879645246,
        10608.28085186418,
        10475.297379352996,
        10365.396816744238,
        10255.49625413548,
        10145.59569152672,
        10035.69512891796,
        9994.539722600108,
        9958.702582618991,
        9922.865442637874,
        9887.028302656756,
        9851.19116267564,
        9815.35402269452,
        9779.516882713404,
        9743.679742732285,
        9707.84260275117,
        9697.639297000238,
        9708.857879950849,
        9720.07646290146,
        9731.295045852072,
        9705.541009807459,
        9649.304267067859,
        9593.06752432826,
        9536.830781588662,
        9480.59403884906,
        9424.357296109461,
        9368.120553369861,
        9316.165996435844,
        9265.482041319694,
        9214.798086203544,
        9164.114131087394,
        9113.430175971243,
        9105.729068026827,
        9102.503725428527,
        9099.278382830225,
        9096.053040231924,
        9092.827697633624,
        9089.602355035324,
        9086.377012437022,
        9086.231859824442
    ]
}