{
    "time": [
        27.899488394155988,
        27.90948839415599,
        27.91948839415599,
        27.929488394155992,
        27.939488394155994,
        27.949488394155996,
        27.959488394155997,
        27.969488394156,
        27.979488394156,
        27.989488394156,
        27.999488394156003,
        28.009488394156005,
        28.019488394156006,
        28.029488394156008,
        28.03948839415601,
        28.04948839415601,
        28.059488394156013,
        28.069488394156014,
        28.079488394156016,
        28.089488394156017,
        28.095056727714372
    ],
    "frequency": [
        9561.346715175087,
        11005.601940579432,
        12014.013300480896,
        13246.765068710014,
        13880.803508617548,
        14259.40263655625,
        14918.991510229467,
        15233.071375068415,
        15305.100757918528,
        15377.13014076864,
        15434.12184803879,
        15487.508331798283,
        15540.894815557773,
        15536.803957170692,
        15530.630010069257,
        15524.456062967818,
        15432.636162013101,
        15238.156828317828,
        14982.2298157308,
        14650.894654620319,
        12920.47484985352
    ]
}