{
    "time": [
        24.99961318745614,
        25.009613187456143,
        25.019613187456144,
        25.029613187456146,
        25.039613187456148,
        25.04961318745615,
        25.05961318745615,
        25.069613187456152,
        25.079613187456154,
        25.089613187456155,
        25.099613187456157,
        25.10961318745616,
        25.11961318745616,
        25.12961318745616,
        25.139613187456163,
        25.149613187456165,
        25.159613187456166,
        25.169613187456168,
        25.17961318745617,
        25.18961318745617,
        25.199613187456173,
        25.209613187456174,
        25.219613187456176,
        25.229613187456177,
        25.23961318745618,
        25.24961318745618,
        25.259613187456182,
        25.269613187456184,
        25.279613187456185,
        25.289613187456187,
        25.29961318745619,
        25.30961318745619,
        25.31961318745619,
        25.329613187456193,
        25.339613187456195,
        25.349613187456196,
        25.359613187456198,
        25.3696131874562,
        25.3796131874562,
        25.389613187456202,
        25.399613187456204,
        25.409613187456205,
        25.419613187456207,
        25.42961318745621,
        25.43961318745621,
        25.44961318745621,
        25.459613187456213,
        25.469613187456215,
        25.479613187456216,
        25.489613187456218,
        25.49961318745622,
        25.50961318745622,
        25.519613187456223,
        25.529613187456224,
        25.539613187456226,
        25.549613187456227,
        25.55961318745623,
        25.56961318745623,
        25.57163294496673
    ],
    "frequency": [
        9084.862445597679,
        9069.010669656453,
        9053.158893715225,
        9037.307117773997,
        9021.455341832769,
        9002.30040795724,
        8979.711627240995,
        8960.49336637056,
        8966.768027680628,
        8973.042688990698,
        8979.317350300766,
        8985.592011610835,
        8991.866672920905,
        9003.415969972893,
        9022.239953903103,
        9041.06393783331,
        9059.887921763517,
        9078.711905693724,
        9102.410291172491,
        9128.474268922011,
        9154.538246671527,
        9180.602224421047,
        9206.666202170563,
        9232.730179920083,
        9278.582016829068,
        9344.056743542833,
        9409.5314702566,
        9475.006196970364,
        9540.48092368413,
        9606.80932601516,
        9692.144719832095,
        9777.480113649031,
        9862.815507465966,
        9948.689344507722,
        10035.140233668675,
        10121.591122829628,
        10208.04201199058,
        10294.492901151532,
        10380.943790312484,
        10466.567269974636,
        10541.863205695468,
        10617.159141416301,
        10692.455077137132,
        10767.751012857963,
        10819.82604570746,
        10866.162006151044,
        10912.49796659463,
        10943.622834096934,
        10968.721479337211,
        10993.820124577489,
        11062.490646885835,
        11137.78658260666,
        11222.20454336043,
        11306.912471046368,
        11391.620398732302,
        11507.006281848711,
        11770.5420568716,
        12034.077831894487,
        12087.305667983255
    ]
}