{
    "time": [
        38.24444329863412,
        38.254443298634115,
        38.26444329863411,
        38.27444329863411,
        38.28444329863411,
        38.29444329863411,
        38.304443298634105,
        38.3144432986341,
        38.3244432986341,
        38.3344432986341,
        38.3444432986341,
        38.354443298634095,
        38.36444329863409,
        38.37444329863409,
        38.38444329863409,
        38.39444329863409,
        38.404443298634085,
        38.41444329863408,
        38.42444329863408,
        38.43444329863408,
        38.44444329863408,
        38.454443298634075,
        38.46444329863407,
        38.47444329863407,
        38.48444329863407,
        38.49444329863407,
        38.504443298634065,
        38.51444329863406,
        38.52444329863406,
        38.53444329863406,
        38.54444329863406,
        38.554443298634055,
        38.56444329863405,
        38.57444329863405,
        38.58444329863405,
        38.59444329863405,
        38.604443298634045,
        38.61444329863404,
        38.62444329863404,
        38.63444329863404,
        38.64444329863404,
        38.654443298634035,
        38.66444329863403,
        38.67444329863403,
        38.68444329863403,
        38.69444329863403,
        38.704443298634025,
        38.71444329863402,
        38.72444329863402,
        38.73444329863402,
        38.74444329863402,
        38.754443298634015,
        38.76444329863401,
        38.77444329863401,
        38.78444329863401,
        38.79444329863401,
        38.804443298634006,
        38.814443298634004,
        38.824443298634,
        38.834443298634,
        38.844443298634,
        38.854443298633996,
        38.864443298633994,
        38.87444329863399,
        38.88444329863399,
        38.89444329863399,
        38.904443298633986,
        38.914443298633984,
        38.92444329863398,
        38.93444329863398,
        38.94444329863398,
        38.954443298633976,
        38.964443298633974,
        38.97444329863397,
        38.98444329863397,
        38.99444329863397,
        39.004443298633966,
        39.00984424985316
    ],
    "frequency": [
        6601.845784031889,
        6547.050107140993,
        6492.254430250096,
        6437.4587533592,
        6389.478247311137,
        6383.07355780441,
        6376.66886829768,
        6387.616416311905,
        6505.812049936063,
        6624.007683560221,
        6742.20331718438,
        6860.398950808538,
        7199.258518446815,
        7839.727469119523,
        8347.598473196302,
        8844.20824417961,
        9303.299788519318,
        9521.05923174804,
        9738.818674976763,
        9959.984740568065,
        10203.36294182375,
        10446.741143079438,
        10668.61216885099,
        10748.314971601385,
        10828.01777435178,
        10907.720577102175,
        10977.560631381324,
        11021.034887426993,
        11064.509143472664,
        11107.983399518333,
        11151.457655564001,
        11194.93191160967,
        11238.40616765534,
        11276.188603778557,
        11290.785338003192,
        11305.382072227829,
        11319.978806452466,
        11334.575540677102,
        11349.172274901739,
        11363.769009126372,
        11378.365743351009,
        11392.962477575646,
        11407.559211800282,
        11410.2505796223,
        11412.67397565187,
        11415.097371681444,
        11417.520767711016,
        11419.944163740587,
        11422.36755977016,
        11424.790955799734,
        11427.582112533142,
        11438.131012897165,
        11448.67991326119,
        11459.228813625214,
        11469.777713989235,
        11480.326614353262,
        11490.875514717285,
        11501.424415081308,
        11510.024582163058,
        11517.9948624381,
        11525.96514271314,
        11533.935422988177,
        11541.905703263217,
        11549.875983538255,
        11557.846263813295,
        11565.816544088335,
        11573.786824363373,
        11580.897780677884,
        11580.897780677886,
        11580.897780677886,
        11580.897780677886,
        11580.897780677884,
        11580.897780677886,
        11580.897780677886,
        11580.897780677886,
        11580.897780677886,
        11580.897780677886,
        11580.897780677886
    ]
}