{
    "time": [
        49.001466471137185,
        49.01146647113718,
        49.02146647113718,
        49.03146647113718,
        49.04146647113718,
        49.051466471137175,
        49.06146647113717,
        49.07146647113717,
        49.08146647113717,
        49.09146647113717,
        49.101466471137165,
        49.11146647113716,
        49.12146647113716,
        49.13146647113716,
        49.14146647113716,
        49.151466471137155,
        49.16144514064792
    ],
    "frequency": [
        10962.984864543274,
        11027.81332975704,
        11092.641794970805,
        11172.932334600742,
        11284.097603728169,
        11395.262872855597,
        11535.786980863093,
        11690.943590469902,
        11846.07247455736,
        11975.232944039404,
        12104.39341352145,
        12217.786938253435,
        12299.847506273505,
        12381.908074293577,
        12424.362301680441,
        12447.171341760548,
        12469.93172904227
    ]
}