{
    "time": [
        48.345670967318156,
        48.355670967318154,
        48.36567096731815,
        48.37567096731815,
        48.38567096731815,
        48.395670967318146,
        48.405670967318144,
        48.41567096731814,
        48.42567096731814,
        48.43567096731814,
        48.44567096731814,
        48.455670967318135,
        48.46567096731813,
        48.47567096731813,
        48.48567096731813,
        48.49567096731813,
        48.505670967318125,
        48.51567096731812,
        48.52567096731812,
        48.53567096731812,
        48.54567096731812,
        48.555670967318115,
        48.56567096731811,
        48.57567096731811,
        48.58567096731811,
        48.59567096731811,
        48.605670967318105,
        48.6156709673181,
        48.6256709673181,
        48.6356709673181,
        48.6456709673181,
        48.655670967318095,
        48.66567096731809,
        48.67567096731809,
        48.68567096731809,
        48.69567096731809,
        48.705670967318085,
        48.71567096731808,
        48.72567096731808,
        48.73567096731808,
        48.74567096731808,
        48.755670967318075,
        48.76567096731807,
        48.77567096731807,
        48.78567096731807,
        48.79567096731807,
        48.805670967318065,
        48.81567096731806,
        48.82567096731806,
        48.83567096731806,
        48.84567096731806,
        48.855670967318055,
        48.86567096731805,
        48.87567096731805,
        48.88567096731805,
        48.89567096731805,
        48.905670967318045,
        48.91567096731804,
        48.92567096731804,
        48.93567096731804,
        48.94567096731804,
        48.955670967318035,
        48.96147180375951
    ],
    "frequency": [
        11023.760288435904,
        11113.176962276531,
        11202.593636117155,
        11292.01030995778,
        11381.426983798403,
        11465.468512885094,
        11543.560138485907,
        11600.5248930896,
        11644.126896709418,
        11690.708904815096,
        11748.309604229034,
        11805.910303642971,
        11872.501334793846,
        11941.157570509282,
        12006.179573751882,
        12066.047221246521,
        12125.773317941583,
        12175.411212084078,
        12225.049106226574,
        12260.269760134874,
        12286.43281424629,
        12307.412205553315,
        12309.406417111211,
        12311.400628669106,
        12300.966203497777,
        12287.706755379793,
        12272.03110696359,
        12252.951130361322,
        12234.188377367152,
        12235.658026443163,
        12237.127675519172,
        12219.790396748565,
        12190.717265829107,
        12161.64413490965,
        12132.571003990193,
        12103.497873070735,
        12055.436572727915,
        12003.104937072892,
        11953.803193681473,
        11908.742424934335,
        11862.857948608325,
        11769.448282816442,
        11676.03861702456,
        11563.238632227683,
        11438.420351133385,
        11307.960944025152,
        11157.22749978515,
        11006.494055545147,
        10869.325543457631,
        10735.175214546533,
        10616.553921177818,
        10519.526280410682,
        10422.8053410889,
        10342.234707230948,
        10261.664073372996,
        10182.073630458677,
        10103.086615109016,
        10022.194728689008,
        9934.520637517931,
        9846.846546346855,
        9763.825457492518,
        9681.828553684845,
        9634.263490915284
    ]
}