{
    "time": [
        56.66444474070124,
        56.67444474070124,
        56.68444474070124,
        56.694444740701236,
        56.704444740701234,
        56.71444474070123,
        56.72444474070123,
        56.73444474070123,
        56.744444740701226,
        56.754444740701224,
        56.76444474070122,
        56.77444474070122,
        56.78444474070122,
        56.794444740701216,
        56.804444740701214,
        56.81444474070121,
        56.82444474070121,
        56.83444474070121,
        56.844444740701206,
        56.854444740701204,
        56.8644447407012,
        56.8744447407012,
        56.8844447407012,
        56.894444740701196,
        56.904444740701194,
        56.91444474070119,
        56.92041061191841
    ],
    "frequency": [
        7734.896640502535,
        7730.1456259879415,
        7725.394611473347,
        7713.145457073525,
        7691.366423400841,
        7669.587389728155,
        7650.840111157937,
        7632.50358354393,
        7590.532783254141,
        7498.574711063001,
        7406.616638871861,
        7345.532265358186,
        7294.124642086717,
        7239.886109054929,
        7174.443684651644,
        7109.001260248359,
        7026.264488591595,
        6933.885831059366,
        6840.43768470073,
        6735.078063273255,
        6629.718441845781,
        6551.157793691516,
        6497.065476146674,
        6442.9731586018315,
        6474.618520166881,
        6509.551442240847,
        6530.3919736743
    ]
}