{
    "time": [
        58.30644129562617,
        58.31644129562617,
        58.32644129562617,
        58.336441295626166,
        58.346441295626164,
        58.35644129562616,
        58.36644129562616,
        58.37644129562616,
        58.386441295626156,
        58.396441295626154,
        58.40644129562615,
        58.41644129562615,
        58.42644129562615,
        58.436441295626146,
        58.446441295626144,
        58.45644129562614,
        58.46644129562614,
        58.47644129562614,
        58.486441295626136,
        58.496441295626134,
        58.50644129562613,
        58.51644129562613,
        58.52644129562613,
        58.536441295626126,
        58.546441295626124,
        58.55644129562612,
        58.56644129562612,
        58.57644129562612,
        58.586441295626116,
        58.596441295626114,
        58.60644129562611,
        58.61644129562611,
        58.62644129562611,
        58.636441295626106,
        58.646441295626104,
        58.6564412956261,
        58.6664412956261,
        58.6764412956261,
        58.686441295626096,
        58.696441295626094,
        58.70644129562609,
        58.71644129562609,
        58.72644129562609,
        58.736441295626086,
        58.746441295626084,
        58.75644129562608,
        58.76644129562608,
        58.77644129562608,
        58.78644129562608,
        58.796441295626074,
        58.80644129562607,
        58.81644129562607,
        58.82644129562607,
        58.83644129562607,
        58.84505582996139
    ],
    "frequency": [
        9623.228563335191,
        9536.035112229734,
        9510.23090009482,
        9506.49878742376,
        9511.580771948165,
        9536.668200412663,
        10004.562830767945,
        11330.89367581325,
        11371.033561356446,
        11405.984300002468,
        11434.207657025017,
        11377.776781903347,
        11255.674391653767,
        11202.990791878314,
        11200.63064797845,
        11205.94327988858,
        11211.255911798708,
        11221.366673760607,
        11242.137658323598,
        11281.274046728216,
        11320.410435132833,
        11366.693313394542,
        11421.885656016411,
        11469.730486617773,
        11514.379929555631,
        11533.195500904001,
        11552.011072252371,
        11556.98959090771,
        11533.070785590644,
        10469.819953759059,
        9406.56912192747,
        9512.792802425796,
        9682.412845735475,
        9759.471973557473,
        9785.758012353104,
        11314.110496062785,
        11311.100004647047,
        11308.089513231307,
        11299.738504072204,
        11288.595090473385,
        11289.42188456803,
        11307.484833062466,
        11346.256798237897,
        11404.961380844816,
        11482.831841965228,
        11573.146584437414,
        11639.927252349604,
        11703.900194934064,
        11775.67187301718,
        11852.439404118535,
        11929.206935219892,
        12005.974466321246,
        12086.368453887162,
        12167.651722112128,
        12674.273740171833
    ]
}