{
    "time": [
        56.99240101319825,
        57.002401013198245,
        57.01240101319824,
        57.02240101319824,
        57.03240101319824,
        57.04240101319824,
        57.052401013198235,
        57.06240101319823,
        57.07240101319823,
        57.08240101319823,
        57.09240101319823,
        57.102401013198225,
        57.11240101319822,
        57.12240101319822,
        57.13240101319822,
        57.14240101319822,
        57.152401013198215,
        57.16240101319821,
        57.17240101319821,
        57.18240101319821,
        57.19240101319821,
        57.202401013198205,
        57.2124010131982,
        57.2224010131982,
        57.2324010131982,
        57.2424010131982,
        57.252401013198195,
        57.26240101319819,
        57.27240101319819,
        57.28240101319819,
        57.29240101319819,
        57.302401013198185,
        57.31240101319818,
        57.32240101319818,
        57.33240101319818,
        57.34240101319818,
        57.352353019597395
    ],
    "frequency": [
        11421.954137907373,
        11374.821462736087,
        11327.688787564803,
        11276.473247438276,
        11222.539424137018,
        11164.588377346732,
        11090.632498635965,
        11016.676619925198,
        10948.094491051706,
        10880.847749745975,
        10820.660803229759,
        10771.007258175334,
        10721.363160350584,
        10677.614921119817,
        10633.86668188905,
        10595.697746788785,
        10561.218690344967,
        10528.971395217002,
        10505.527567270525,
        10482.083739324045,
        10457.052721913018,
        10431.631234801484,
        10408.484135892515,
        10388.707978333467,
        10368.942914098727,
        10352.633882612377,
        10336.32485112603,
        10316.099128570379,
        10293.30034676128,
        10270.13722630169,
        10245.551064363473,
        10220.964902425254,
        10193.857609953677,
        10166.136335261664,
        10135.59962432266,
        10100.917707808287,
        10066.402242299462
    ]
}