{
    "time": [
        53.65684575389949,
        53.66684575389949,
        53.676845753899485,
        53.68684575389948,
        53.69684575389948,
        53.70684575389948,
        53.71684575389948,
        53.726845753899475,
        53.73684575389947,
        53.74684575389947,
        53.75684575389947,
        53.76684575389947,
        53.776845753899465,
        53.78684575389946,
        53.79684575389946,
        53.80684575389946,
        53.81682442341022
    ],
    "frequency": [
        12406.288351743617,
        12502.257436684486,
        12598.226521625355,
        12688.278285395425,
        12766.514319556334,
        12844.750353717245,
        12900.473256232777,
        12944.975570762785,
        12989.492823077953,
        13048.00117844409,
        13106.509533810227,
        13160.5928368747,
        13205.882427878054,
        13251.172018881405,
        13296.06612035076,
        13340.764054594132,
        13385.366645956965
    ]
}